ISO-10303-21;
HEADER;
/* Generated by software containing ST-Developer
 * from STEP Tools, Inc. (www.steptools.com) 
 */

FILE_DESCRIPTION(
/* description */ (''),
/* implementation_level */ '2;1');

FILE_NAME(
/* name */ 'Red_Rising_bookmark.step',
/* time_stamp */ '2025-06-23T09:58:18+01:00',
/* author */ (''),
/* organization */ (''),
/* preprocessor_version */ 'ST-DEVELOPER v20.1',
/* originating_system */ 'Autodesk Translation Framework v14.10.0.0',
/* authorisation */ '');

FILE_SCHEMA (('AUTOMOTIVE_DESIGN { 1 0 10303 214 3 1 1 }'));
ENDSEC;

DATA;
#10=MECHANICAL_DESIGN_GEOMETRIC_PRESENTATION_REPRESENTATION('',(#17),#8092);
#11=ITEM_DEFINED_TRANSFORMATION($,$,#4213,#4333);
#12=(
REPRESENTATION_RELATIONSHIP($,$,#8103,#8102)
REPRESENTATION_RELATIONSHIP_WITH_TRANSFORMATION(#11)
SHAPE_REPRESENTATION_RELATIONSHIP()
);
#13=CONTEXT_DEPENDENT_SHAPE_REPRESENTATION(#12,#8101);
#14=NEXT_ASSEMBLY_USAGE_OCCURRENCE('Component1:1','Component1:1',
'Component1:1',#8105,#8106,'Component1:1');
#15=SHAPE_REPRESENTATION_RELATIONSHIP('SRR','None',#8103,#16);
#16=ADVANCED_BREP_SHAPE_REPRESENTATION('',(#18),#8091);
#17=STYLED_ITEM('',(#8116),#18);
#18=MANIFOLD_SOLID_BREP('Body1',#4199);
#19=FACE_BOUND('',#829,.T.);
#20=FACE_BOUND('',#830,.T.);
#21=FACE_BOUND('',#831,.T.);
#22=FACE_BOUND('',#832,.T.);
#23=FACE_BOUND('',#833,.T.);
#24=FACE_BOUND('',#834,.T.);
#25=FACE_BOUND('',#835,.T.);
#26=FACE_BOUND('',#836,.T.);
#27=FACE_BOUND('',#837,.T.);
#28=FACE_BOUND('',#838,.T.);
#29=FACE_BOUND('',#839,.T.);
#30=FACE_BOUND('',#840,.T.);
#31=FACE_BOUND('',#841,.T.);
#32=FACE_BOUND('',#842,.T.);
#33=FACE_BOUND('',#843,.T.);
#34=FACE_BOUND('',#844,.T.);
#35=FACE_BOUND('',#845,.T.);
#36=FACE_BOUND('',#846,.T.);
#37=FACE_BOUND('',#849,.T.);
#38=FACE_BOUND('',#850,.T.);
#39=FACE_BOUND('',#851,.T.);
#40=FACE_BOUND('',#852,.T.);
#41=FACE_BOUND('',#853,.T.);
#42=FACE_BOUND('',#854,.T.);
#43=FACE_BOUND('',#855,.T.);
#44=FACE_BOUND('',#856,.T.);
#45=FACE_BOUND('',#857,.T.);
#46=FACE_BOUND('',#858,.T.);
#47=FACE_BOUND('',#859,.T.);
#48=FACE_BOUND('',#860,.T.);
#49=FACE_BOUND('',#861,.T.);
#50=FACE_BOUND('',#862,.T.);
#51=FACE_BOUND('',#863,.T.);
#52=FACE_BOUND('',#864,.T.);
#53=B_SPLINE_SURFACE_WITH_KNOTS('',3,1,((#5116,#5117),(#5118,#5119),(#5120,
#5121),(#5122,#5123),(#5124,#5125),(#5126,#5127),(#5128,#5129),(#5130,#5131)),
 .UNSPECIFIED.,.F.,.F.,.F.,(4,3,1,4),(2,2),(-0.0165614387247028,0.,0.00505568096901691,
0.00938140685103806),(0.2,0.401),.UNSPECIFIED.);
#54=B_SPLINE_SURFACE_WITH_KNOTS('',3,1,((#5143,#5144),(#5145,#5146),(#5147,
#5148),(#5149,#5150),(#5151,#5152)),.UNSPECIFIED.,.F.,.F.,.F.,(4,1,4),(2,
2),(0.,0.0522811433911002,0.0719087684629201),(0.,0.7),.UNSPECIFIED.);
#55=B_SPLINE_SURFACE_WITH_KNOTS('',3,1,((#5185,#5186),(#5187,#5188),(#5189,
#5190),(#5191,#5192),(#5193,#5194)),.UNSPECIFIED.,.F.,.F.,.F.,(4,1,4),(2,
2),(0.,0.11316395419587,0.249013162715153),(0.,0.7),.UNSPECIFIED.);
#56=B_SPLINE_SURFACE_WITH_KNOTS('',3,1,((#5212,#5213),(#5214,#5215),(#5216,
#5217),(#5218,#5219),(#5220,#5221)),.UNSPECIFIED.,.F.,.F.,.F.,(4,1,4),(2,
2),(0.,0.0522811433911002,0.0719087684629201),(0.,0.7),.UNSPECIFIED.);
#57=B_SPLINE_SURFACE_WITH_KNOTS('',3,1,((#5251,#5252),(#5253,#5254),(#5255,
#5256),(#5257,#5258),(#5259,#5260),(#5261,#5262),(#5263,#5264),(#5265,#5266)),
 .UNSPECIFIED.,.F.,.F.,.F.,(4,1,3,4),(2,2),(0.,0.113426309260616,0.249128860641868,
0.590695507642316),(0.,0.7),.UNSPECIFIED.);
#58=B_SPLINE_SURFACE_WITH_KNOTS('',3,1,((#5305,#5306),(#5307,#5308),(#5309,
#5310),(#5311,#5312),(#5313,#5314)),.UNSPECIFIED.,.F.,.F.,.F.,(4,1,4),(2,
2),(0.,0.00505563657501794,0.0093813624570391),(0.,0.7),.UNSPECIFIED.);
#59=B_SPLINE_SURFACE_WITH_KNOTS('',3,1,((#5341,#5342),(#5343,#5344),(#5345,
#5346),(#5347,#5348),(#5349,#5350)),.UNSPECIFIED.,.F.,.F.,.F.,(4,1,4),(2,
2),(0.,0.00505516795104214,0.00938111099668522),(0.,0.7),.UNSPECIFIED.);
#60=B_SPLINE_SURFACE_WITH_KNOTS('',3,1,((#5374,#5375),(#5376,#5377),(#5378,
#5379),(#5380,#5381),(#5382,#5383)),.UNSPECIFIED.,.F.,.F.,.F.,(4,1,4),(2,
2),(0.,0.00485133930252753,0.00970275399787214),(0.,0.7),.UNSPECIFIED.);
#61=B_SPLINE_SURFACE_WITH_KNOTS('',3,1,((#5407,#5408),(#5409,#5410),(#5411,
#5412),(#5413,#5414),(#5415,#5416)),.UNSPECIFIED.,.F.,.F.,.F.,(4,1,4),(2,
2),(0.,0.00485186706279243,0.00970320636531996),(0.,0.7),.UNSPECIFIED.);
#62=B_SPLINE_SURFACE_WITH_KNOTS('',3,1,((#5440,#5441),(#5442,#5443),(#5444,
#5445),(#5446,#5447),(#5448,#5449)),.UNSPECIFIED.,.F.,.F.,.F.,(4,1,4),(2,
2),(0.,0.00494685691329598,0.00953446632072643),(0.,0.7),.UNSPECIFIED.);
#63=B_SPLINE_SURFACE_WITH_KNOTS('',3,1,((#5476,#5477),(#5478,#5479),(#5480,
#5481),(#5482,#5483),(#5484,#5485)),.UNSPECIFIED.,.F.,.F.,.F.,(4,1,4),(2,
2),(0.,0.0268956414208048,0.0458817204484243),(0.,0.7),.UNSPECIFIED.);
#64=B_SPLINE_SURFACE_WITH_KNOTS('',3,1,((#5512,#5513),(#5514,#5515),(#5516,
#5517),(#5518,#5519),(#5520,#5521)),.UNSPECIFIED.,.F.,.F.,.F.,(4,1,4),(2,
2),(0.,0.00505560204202236,0.00938137597099117),(0.,0.7),.UNSPECIFIED.);
#65=B_SPLINE_SURFACE_WITH_KNOTS('',3,1,((#5545,#5546),(#5547,#5548),(#5549,
#5550),(#5551,#5552),(#5553,#5554)),.UNSPECIFIED.,.F.,.F.,.F.,(4,1,4),(2,
2),(0.,0.00485133930252753,0.00970275399787214),(0.,0.7),.UNSPECIFIED.);
#66=B_SPLINE_SURFACE_WITH_KNOTS('',3,1,((#5578,#5579),(#5580,#5581),(#5582,
#5583),(#5584,#5585),(#5586,#5587)),.UNSPECIFIED.,.F.,.F.,.F.,(4,1,4),(2,
2),(0.,0.120056465375738,0.252623855591356),(0.,0.7),.UNSPECIFIED.);
#67=B_SPLINE_SURFACE_WITH_KNOTS('',3,1,((#5605,#5606),(#5607,#5608),(#5609,
#5610),(#5611,#5612),(#5613,#5614)),.UNSPECIFIED.,.F.,.F.,.F.,(4,1,4),(2,
2),(0.,0.0545503628875782,0.111866352628022),(0.,0.7),.UNSPECIFIED.);
#68=B_SPLINE_SURFACE_WITH_KNOTS('',3,1,((#5638,#5639),(#5640,#5641),(#5642,
#5643),(#5644,#5645),(#5646,#5647)),.UNSPECIFIED.,.F.,.F.,.F.,(4,1,4),(2,
2),(0.,0.170126628958789,0.317828639350031),(0.,0.7),.UNSPECIFIED.);
#69=B_SPLINE_SURFACE_WITH_KNOTS('',3,1,((#5695,#5696),(#5697,#5698),(#5699,
#5700),(#5701,#5702),(#5703,#5704)),.UNSPECIFIED.,.F.,.F.,.F.,(4,1,4),(2,
2),(0.,0.25746893871329,0.348651118259407),(0.,0.7),.UNSPECIFIED.);
#70=B_SPLINE_SURFACE_WITH_KNOTS('',3,1,((#5719,#5720),(#5721,#5722),(#5723,
#5724),(#5725,#5726),(#5727,#5728)),.UNSPECIFIED.,.F.,.F.,.F.,(4,1,4),(2,
2),(0.,0.00505583389587328,0.00938155977789443),(0.,0.7),.UNSPECIFIED.);
#71=B_SPLINE_SURFACE_WITH_KNOTS('',3,1,((#5755,#5756),(#5757,#5758),(#5759,
#5760),(#5761,#5762),(#5763,#5764)),.UNSPECIFIED.,.F.,.F.,.F.,(4,1,4),(2,
2),(0.,0.00505603614070401,0.00938181006967282),(0.,0.7),.UNSPECIFIED.);
#72=B_SPLINE_SURFACE_WITH_KNOTS('',3,1,((#5788,#5789),(#5790,#5791),(#5792,
#5793),(#5794,#5795),(#5796,#5797)),.UNSPECIFIED.,.F.,.F.,.F.,(4,1,4),(2,
2),(0.,0.00485149009870677,0.00970290479405138),(0.,0.7),.UNSPECIFIED.);
#73=B_SPLINE_SURFACE_WITH_KNOTS('',3,1,((#5821,#5822),(#5823,#5824),(#5825,
#5826),(#5827,#5828),(#5829,#5830)),.UNSPECIFIED.,.F.,.F.,.F.,(4,1,4),(2,
2),(0.,0.00485186706279243,0.00970320636531996),(0.,0.7),.UNSPECIFIED.);
#74=B_SPLINE_SURFACE_WITH_KNOTS('',3,1,((#5851,#5852),(#5853,#5854),(#5855,
#5856),(#5857,#5858),(#5859,#5860)),.UNSPECIFIED.,.F.,.F.,.F.,(4,1,4),(2,
2),(0.,0.00505573523078659,0.00938146111280775),(0.,0.7),.UNSPECIFIED.);
#75=B_SPLINE_SURFACE_WITH_KNOTS('',3,1,((#5887,#5888),(#5889,#5890),(#5891,
#5892),(#5893,#5894),(#5895,#5896)),.UNSPECIFIED.,.F.,.F.,.F.,(4,1,4),(2,
2),(0.,0.120056701390092,0.252624066679197),(0.,0.7),.UNSPECIFIED.);
#76=B_SPLINE_SURFACE_WITH_KNOTS('',3,1,((#5914,#5915),(#5916,#5917),(#5918,
#5919),(#5920,#5921),(#5922,#5923)),.UNSPECIFIED.,.F.,.F.,.F.,(4,1,4),(2,
2),(0.,0.0545504211014182,0.111866351375737),(0.,0.7),.UNSPECIFIED.);
#77=B_SPLINE_SURFACE_WITH_KNOTS('',3,1,((#5947,#5948),(#5949,#5950),(#5951,
#5952),(#5953,#5954),(#5955,#5956)),.UNSPECIFIED.,.F.,.F.,.F.,(4,1,4),(2,
2),(0.,0.170126574035616,0.31782877421209),(0.,0.7),.UNSPECIFIED.);
#78=B_SPLINE_SURFACE_WITH_KNOTS('',3,1,((#5974,#5975),(#5976,#5977),(#5978,
#5979),(#5980,#5981),(#5982,#5983)),.UNSPECIFIED.,.F.,.F.,.F.,(4,1,4),(2,
2),(0.,0.0268954012613384,0.0458819579762808),(0.,0.7),.UNSPECIFIED.);
#79=B_SPLINE_SURFACE_WITH_KNOTS('',3,1,((#6007,#6008),(#6009,#6010),(#6011,
#6012),(#6013,#6014),(#6015,#6016)),.UNSPECIFIED.,.F.,.F.,.F.,(4,1,4),(2,
2),(0.,0.00485141469534461,0.00970282939068922),(0.,0.7),.UNSPECIFIED.);
#80=B_SPLINE_SURFACE_WITH_KNOTS('',3,1,((#6040,#6041),(#6042,#6043),(#6044,
#6045),(#6046,#6047),(#6048,#6049)),.UNSPECIFIED.,.F.,.F.,.F.,(4,1,4),(2,
2),(0.,0.00505568096901691,0.00938140685103806),(0.,0.7),.UNSPECIFIED.);
#81=B_SPLINE_SURFACE_WITH_KNOTS('',3,1,((#6085,#6086),(#6087,#6088),(#6089,
#6090),(#6091,#6092),(#6093,#6094)),.UNSPECIFIED.,.F.,.F.,.F.,(4,1,4),(2,
2),(0.,0.00485139584615172,0.00970292363291891),(0.,0.7),.UNSPECIFIED.);
#82=B_SPLINE_SURFACE_WITH_KNOTS('',3,1,((#6115,#6116),(#6117,#6118),(#6119,
#6120),(#6121,#6122),(#6123,#6124)),.UNSPECIFIED.,.F.,.F.,.F.,(4,1,4),(2,
2),(0.,0.00505563163943835,0.00938146898177522),(0.,0.7),.UNSPECIFIED.);
#83=B_SPLINE_SURFACE_WITH_KNOTS('',3,1,((#6151,#6152),(#6153,#6154),(#6155,
#6156),(#6157,#6158),(#6159,#6160)),.UNSPECIFIED.,.F.,.F.,.F.,(4,1,4),(2,
2),(0.,0.00505560204202236,0.00938140479364739),(0.,0.7),.UNSPECIFIED.);
#84=B_SPLINE_SURFACE_WITH_KNOTS('',3,1,((#6184,#6185),(#6186,#6187),(#6188,
#6189),(#6190,#6191),(#6192,#6193)),.UNSPECIFIED.,.F.,.F.,.F.,(4,1,4),(2,
2),(0.,0.00485141469534461,0.00970282939068922),(0.,0.7),.UNSPECIFIED.);
#85=B_SPLINE_SURFACE_WITH_KNOTS('',3,1,((#6217,#6218),(#6219,#6220),(#6221,
#6222),(#6223,#6224),(#6225,#6226)),.UNSPECIFIED.,.F.,.F.,.F.,(4,1,4),(2,
2),(0.,0.00485152778676719,0.0097029047843851),(0.,0.7),.UNSPECIFIED.);
#86=B_SPLINE_SURFACE_WITH_KNOTS('',3,1,((#6247,#6248),(#6249,#6250),(#6251,
#6252),(#6253,#6254),(#6255,#6256)),.UNSPECIFIED.,.F.,.F.,.F.,(4,1,4),(2,
2),(0.,0.00505568590173748,0.00938152324407435),(0.,0.7),.UNSPECIFIED.);
#87=B_SPLINE_SURFACE_WITH_KNOTS('',3,1,((#6283,#6284),(#6285,#6286),(#6287,
#6288),(#6289,#6290),(#6291,#6292)),.UNSPECIFIED.,.F.,.F.,.F.,(4,1,4),(2,
2),(0.,0.00505560204202236,0.00938146052358456),(0.,0.7),.UNSPECIFIED.);
#88=B_SPLINE_SURFACE_WITH_KNOTS('',3,1,((#6316,#6317),(#6318,#6319),(#6320,
#6321),(#6322,#6323),(#6324,#6325)),.UNSPECIFIED.,.F.,.F.,.F.,(4,1,4),(2,
2),(0.,0.00485152778676719,0.00970292363291891),(0.,0.7),.UNSPECIFIED.);
#89=B_SPLINE_SURFACE_WITH_KNOTS('',3,1,((#6349,#6350),(#6351,#6352),(#6353,
#6354),(#6355,#6356),(#6357,#6358)),.UNSPECIFIED.,.F.,.F.,.F.,(4,1,4),(2,
2),(0.,0.00485150893801369,0.00970299902793293),(0.,0.7),.UNSPECIFIED.);
#90=B_SPLINE_SURFACE_WITH_KNOTS('',3,1,((#6379,#6380),(#6381,#6382),(#6383,
#6384),(#6385,#6386),(#6387,#6388)),.UNSPECIFIED.,.F.,.F.,.F.,(4,1,4),(2,
2),(0.,0.00505570748290982,0.00938151696012902),(0.,0.7),.UNSPECIFIED.);
#91=B_SPLINE_SURFACE_WITH_KNOTS('',3,1,((#6415,#6416),(#6417,#6418),(#6419,
#6420),(#6421,#6422),(#6423,#6424)),.UNSPECIFIED.,.F.,.F.,.F.,(4,1,4),(2,
2),(0.,0.120454703735433,0.253098635726616),(0.,0.7),.UNSPECIFIED.);
#92=B_SPLINE_SURFACE_WITH_KNOTS('',3,1,((#6442,#6443),(#6444,#6445),(#6446,
#6447),(#6448,#6449),(#6450,#6451)),.UNSPECIFIED.,.F.,.F.,.F.,(4,1,4),(2,
2),(0.,0.0545504467032872,0.111866368855248),(0.,0.7),.UNSPECIFIED.);
#93=B_SPLINE_SURFACE_WITH_KNOTS('',3,1,((#6469,#6470),(#6471,#6472),(#6473,
#6474),(#6475,#6476),(#6477,#6478)),.UNSPECIFIED.,.F.,.F.,.F.,(4,1,4),(2,
2),(0.,0.170533741561154,0.318320214266501),(0.,0.7),.UNSPECIFIED.);
#94=B_SPLINE_SURFACE_WITH_KNOTS('',3,1,((#6496,#6497),(#6498,#6499),(#6500,
#6501),(#6502,#6503),(#6504,#6505)),.UNSPECIFIED.,.F.,.F.,.F.,(4,1,4),(2,
2),(0.,0.0270345077409926,0.0464389125478586),(0.,0.7),.UNSPECIFIED.);
#95=B_SPLINE_SURFACE_WITH_KNOTS('',3,1,((#6547,#6548),(#6549,#6550),(#6551,
#6552),(#6553,#6554),(#6555,#6556)),.UNSPECIFIED.,.F.,.F.,.F.,(4,1,4),(2,
2),(0.,0.0989975450736728,0.360625869493123),(0.,0.7),.UNSPECIFIED.);
#96=B_SPLINE_SURFACE_WITH_KNOTS('',3,1,((#6586,#6587),(#6588,#6589),(#6590,
#6591),(#6592,#6593),(#6594,#6595)),.UNSPECIFIED.,.F.,.F.,.F.,(4,1,4),(2,
2),(0.,0.00485139584615172,0.0097028953600358),(0.,0.7),.UNSPECIFIED.);
#97=B_SPLINE_SURFACE_WITH_KNOTS('',3,1,((#6619,#6620),(#6621,#6622),(#6623,
#6624),(#6625,#6626),(#6627,#6628)),.UNSPECIFIED.,.F.,.F.,.F.,(4,1,4),(2,
2),(0.,0.0048514853774494,0.00970288357971418),(0.,0.7),.UNSPECIFIED.);
#98=B_SPLINE_SURFACE_WITH_KNOTS('',3,1,((#6652,#6653),(#6654,#6655),(#6656,
#6657),(#6658,#6659),(#6660,#6661)),.UNSPECIFIED.,.F.,.F.,.F.,(4,1,4),(2,
2),(0.,0.00505565322084232,0.00938146269806153),(0.,0.7),.UNSPECIFIED.);
#99=B_SPLINE_SURFACE_WITH_KNOTS('',3,1,((#6697,#6698),(#6699,#6700),(#6701,
#6702),(#6703,#6704),(#6705,#6706)),.UNSPECIFIED.,.F.,.F.,.F.,(4,1,4),(2,
2),(0.,0.00485146652853112,0.00970297782260296),(0.,0.7),.UNSPECIFIED.);
#100=B_SPLINE_SURFACE_WITH_KNOTS('',3,1,((#6727,#6728),(#6729,#6730),(#6731,
#6732),(#6733,#6734),(#6735,#6736)),.UNSPECIFIED.,.F.,.F.,.F.,(4,1,4),(2,
2),(0.,0.00505563163943835,0.00938146898177522),(0.,0.7),.UNSPECIFIED.);
#101=B_SPLINE_SURFACE_WITH_KNOTS('',3,1,((#6763,#6764),(#6765,#6766),(#6767,
#6768),(#6769,#6770),(#6771,#6772)),.UNSPECIFIED.,.F.,.F.,.F.,(4,1,4),(2,
2),(0.,0.00505557737725955,0.00938143585882175),(0.,0.7),.UNSPECIFIED.);
#102=B_SPLINE_SURFACE_WITH_KNOTS('',3,1,((#6796,#6797),(#6798,#6799),(#6800,
#6801),(#6802,#6803),(#6804,#6805)),.UNSPECIFIED.,.F.,.F.,.F.,(4,1,4),(2,
2),(0.,0.00485152778676719,0.00970292363291891),(0.,0.7),.UNSPECIFIED.);
#103=B_SPLINE_SURFACE_WITH_KNOTS('',3,1,((#6829,#6830),(#6831,#6832),(#6833,
#6834),(#6835,#6836),(#6837,#6838)),.UNSPECIFIED.,.F.,.F.,.F.,(4,1,4),(2,
2),(0.,0.00485150893801369,0.00970299902793293),(0.,0.7),.UNSPECIFIED.);
#104=B_SPLINE_SURFACE_WITH_KNOTS('',3,1,((#6859,#6860),(#6861,#6862),(#6863,
#6864),(#6865,#6866),(#6867,#6868)),.UNSPECIFIED.,.F.,.F.,.F.,(4,1,4),(2,
2),(0.,0.00505573523078659,0.00938146111280775),(0.,0.7),.UNSPECIFIED.);
#105=B_SPLINE_SURFACE_WITH_KNOTS('',3,1,((#6895,#6896),(#6897,#6898),(#6899,
#6900),(#6901,#6902),(#6903,#6904)),.UNSPECIFIED.,.F.,.F.,.F.,(4,1,4),(2,
2),(0.,0.00505560204202236,0.00938146052358456),(0.,0.7),.UNSPECIFIED.);
#106=B_SPLINE_SURFACE_WITH_KNOTS('',3,1,((#6928,#6929),(#6930,#6931),(#6932,
#6933),(#6934,#6935),(#6936,#6937)),.UNSPECIFIED.,.F.,.F.,.F.,(4,1,4),(2,
2),(0.,0.00485141469534461,0.00970282939068922),(0.,0.7),.UNSPECIFIED.);
#107=B_SPLINE_SURFACE_WITH_KNOTS('',3,1,((#6961,#6962),(#6963,#6964),(#6965,
#6966),(#6967,#6968),(#6969,#6970)),.UNSPECIFIED.,.F.,.F.,.F.,(4,1,4),(2,
2),(0.,0.00485141469534461,0.00970282939068922),(0.,0.7),.UNSPECIFIED.);
#108=B_SPLINE_SURFACE_WITH_KNOTS('',3,1,((#6991,#6992),(#6993,#6994),(#6995,
#6996),(#6997,#6998),(#6999,#7000)),.UNSPECIFIED.,.F.,.F.,.F.,(4,1,4),(2,
2),(0.,0.00505558231218938,0.00938175403795243),(0.,0.7),.UNSPECIFIED.);
#109=B_SPLINE_SURFACE_WITH_KNOTS('',3,1,((#7033,#7034),(#7035,#7036),(#7037,
#7038),(#7039,#7040),(#7041,#7042)),.UNSPECIFIED.,.F.,.F.,.F.,(4,1,4),(2,
2),(0.,0.182813925084667,0.331253325708869),(0.,0.7),.UNSPECIFIED.);
#110=B_SPLINE_SURFACE_WITH_KNOTS('',3,1,((#7066,#7067),(#7068,#7069),(#7070,
#7071),(#7072,#7073),(#7074,#7075)),.UNSPECIFIED.,.F.,.F.,.F.,(4,1,4),(2,
2),(0.,0.00485141469534461,0.00970290479405138),(0.,0.7),.UNSPECIFIED.);
#111=B_SPLINE_SURFACE_WITH_KNOTS('',3,1,((#7096,#7097),(#7098,#7099),(#7100,
#7101),(#7102,#7103),(#7104,#7105)),.UNSPECIFIED.,.F.,.F.,.F.,(4,1,4),(2,
2),(0.,0.00505563657501794,0.00938180830078099),(0.,0.7),.UNSPECIFIED.);
#112=B_SPLINE_SURFACE_WITH_KNOTS('',3,1,((#7132,#7133),(#7134,#7135),(#7136,
#7137),(#7138,#7139),(#7140,#7141)),.UNSPECIFIED.,.F.,.F.,.F.,(4,1,4),(2,
2),(0.,0.00505560204202236,0.00938154508766544),(0.,0.7),.UNSPECIFIED.);
#113=B_SPLINE_SURFACE_WITH_KNOTS('',3,1,((#7165,#7166),(#7167,#7168),(#7169,
#7170),(#7171,#7172),(#7173,#7174)),.UNSPECIFIED.,.F.,.F.,.F.,(4,1,4),(2,
2),(0.,0.00485133930252753,0.00970320636531996),(0.,0.7),.UNSPECIFIED.);
#114=B_SPLINE_SURFACE_WITH_KNOTS('',3,1,((#7198,#7199),(#7200,#7201),(#7202,
#7203),(#7204,#7205),(#7206,#7207)),.UNSPECIFIED.,.F.,.F.,.F.,(4,1,4),(2,
2),(0.,0.00485141469534461,0.00970290479405138),(0.,0.7),.UNSPECIFIED.);
#115=B_SPLINE_SURFACE_WITH_KNOTS('',3,1,((#7228,#7229),(#7230,#7231),(#7232,
#7233),(#7234,#7235),(#7236,#7237)),.UNSPECIFIED.,.F.,.F.,.F.,(4,1,4),(2,
2),(0.,0.00494673759230864,0.00953434699973909),(0.,0.7),.UNSPECIFIED.);
#116=B_SPLINE_SURFACE_WITH_KNOTS('',3,1,((#7264,#7265),(#7266,#7267),(#7268,
#7269),(#7270,#7271),(#7272,#7273)),.UNSPECIFIED.,.F.,.F.,.F.,(4,1,4),(2,
2),(0.,0.00505560204202236,0.00938137597099117),(0.,0.7),.UNSPECIFIED.);
#117=B_SPLINE_SURFACE_WITH_KNOTS('',3,1,((#7297,#7298),(#7299,#7300),(#7301,
#7302),(#7303,#7304),(#7305,#7306)),.UNSPECIFIED.,.F.,.F.,.F.,(4,1,4),(2,
2),(0.,0.00485133930252753,0.00970275399787214),(0.,0.7),.UNSPECIFIED.);
#118=B_SPLINE_SURFACE_WITH_KNOTS('',3,1,((#7330,#7331),(#7332,#7333),(#7334,
#7335),(#7336,#7337),(#7338,#7339)),.UNSPECIFIED.,.F.,.F.,.F.,(4,1,4),(2,
2),(0.,0.00485096233258397,0.00970245243129074),(0.,0.7),.UNSPECIFIED.);
#119=B_SPLINE_SURFACE_WITH_KNOTS('',3,1,((#7360,#7361),(#7362,#7363),(#7364,
#7365),(#7366,#7367),(#7368,#7369)),.UNSPECIFIED.,.F.,.F.,.F.,(4,1,4),(2,
2),(0.,0.00494691236873681,0.00953452177616726),(0.,0.7),.UNSPECIFIED.);
#120=B_SPLINE_SURFACE_WITH_KNOTS('',3,1,((#7396,#7397),(#7398,#7399),(#7400,
#7401),(#7402,#7403),(#7404,#7405)),.UNSPECIFIED.,.F.,.F.,.F.,(4,1,4),(2,
2),(0.,0.00505516795104214,0.00938111099668522),(0.,0.7),.UNSPECIFIED.);
#121=B_SPLINE_SURFACE_WITH_KNOTS('',3,1,((#7429,#7430),(#7431,#7432),(#7433,
#7434),(#7435,#7436),(#7437,#7438)),.UNSPECIFIED.,.F.,.F.,.F.,(4,1,4),(2,
2),(0.,0.00485145239570758,0.0097028482418593),(0.,0.7),.UNSPECIFIED.);
#122=B_SPLINE_SURFACE_WITH_KNOTS('',3,1,((#7462,#7463),(#7464,#7465),(#7466,
#7467),(#7468,#7469),(#7470,#7471)),.UNSPECIFIED.,.F.,.F.,.F.,(4,1,4),(2,
2),(0.,0.00485184821535697,0.00970330061106455),(0.,0.7),.UNSPECIFIED.);
#123=B_SPLINE_SURFACE_WITH_KNOTS('',3,1,((#7492,#7493),(#7494,#7495),(#7496,
#7497),(#7498,#7499),(#7500,#7501)),.UNSPECIFIED.,.F.,.F.,.F.,(4,1,4),(2,
2),(0.,0.00485149009870677,0.00970290479405138),(0.,0.7),.UNSPECIFIED.);
#124=B_SPLINE_SURFACE_WITH_KNOTS('',3,1,((#7528,#7529),(#7530,#7531),(#7532,
#7533),(#7534,#7535),(#7536,#7537)),.UNSPECIFIED.,.F.,.F.,.F.,(4,1,4),(2,
2),(0.,0.00485186706279243,0.00970320636531996),(0.,0.7),.UNSPECIFIED.);
#125=B_SPLINE_SURFACE_WITH_KNOTS('',3,1,((#7555,#7556),(#7557,#7558),(#7559,
#7560),(#7561,#7562),(#7563,#7564),(#7565,#7566),(#7567,#7568),(#7569,#7570)),
 .UNSPECIFIED.,.F.,.F.,.F.,(4,3,1,4),(2,2),(-0.281394415580597,0.,0.170533659373439,
0.318320132078786),(0.,0.7),.UNSPECIFIED.);
#126=B_SPLINE_SURFACE_WITH_KNOTS('',3,1,((#7600,#7601),(#7602,#7603),(#7604,
#7605),(#7606,#7607),(#7608,#7609)),.UNSPECIFIED.,.F.,.F.,.F.,(4,1,4),(2,
2),(0.,0.0270347451294126,0.0464390903870896),(0.,0.7),.UNSPECIFIED.);
#127=B_SPLINE_SURFACE_WITH_KNOTS('',3,1,((#7651,#7652),(#7653,#7654),(#7655,
#7656),(#7657,#7658),(#7659,#7660)),.UNSPECIFIED.,.F.,.F.,.F.,(4,1,4),(2,
2),(0.,0.0989975450736728,0.360625814253488),(0.,0.7),.UNSPECIFIED.);
#128=B_SPLINE_SURFACE_WITH_KNOTS('',3,1,((#7690,#7691),(#7692,#7693),(#7694,
#7695),(#7696,#7697),(#7698,#7699)),.UNSPECIFIED.,.F.,.F.,.F.,(4,1,4),(2,
2),(0.,0.00485141469534461,0.00970282939068922),(0.,0.7),.UNSPECIFIED.);
#129=B_SPLINE_SURFACE_WITH_KNOTS('',3,1,((#7723,#7724),(#7725,#7726),(#7727,
#7728),(#7729,#7730),(#7731,#7732)),.UNSPECIFIED.,.F.,.F.,.F.,(4,1,4),(2,
2),(0.,0.00485141469534461,0.00970282939068922),(0.,0.7),.UNSPECIFIED.);
#130=B_SPLINE_SURFACE_WITH_KNOTS('',3,1,((#7756,#7757),(#7758,#7759),(#7760,
#7761),(#7762,#7763),(#7764,#7765)),.UNSPECIFIED.,.F.,.F.,.F.,(4,1,4),(2,
2),(0.,0.00485139584615172,0.00970292363291891),(0.,0.7),.UNSPECIFIED.);
#131=B_SPLINE_SURFACE_WITH_KNOTS('',3,1,((#7789,#7790),(#7791,#7792),(#7793,
#7794),(#7795,#7796),(#7797,#7798)),.UNSPECIFIED.,.F.,.F.,.F.,(4,1,4),(2,
2),(0.,0.00505573523078659,0.00938146111280775),(0.,0.7),.UNSPECIFIED.);
#132=B_SPLINE_SURFACE_WITH_KNOTS('',3,1,((#7822,#7823),(#7824,#7825),(#7826,
#7827),(#7828,#7829),(#7830,#7831)),.UNSPECIFIED.,.F.,.F.,.F.,(4,1,4),(2,
2),(0.,0.12045487392396,0.253098871344776),(0.,0.7),.UNSPECIFIED.);
#133=B_SPLINE_SURFACE_WITH_KNOTS('',3,1,((#7849,#7850),(#7851,#7852),(#7853,
#7854),(#7855,#7856),(#7857,#7858)),.UNSPECIFIED.,.F.,.F.,.F.,(4,1,4),(2,
2),(0.,0.00505583389587328,0.00938155977789443),(0.,0.7),.UNSPECIFIED.);
#134=B_SPLINE_SURFACE_WITH_KNOTS('',3,1,((#7885,#7886),(#7887,#7888),(#7889,
#7890),(#7891,#7892),(#7893,#7894)),.UNSPECIFIED.,.F.,.F.,.F.,(4,1,4),(2,
2),(0.,0.00505603614070401,0.00938181006967282),(0.,0.7),.UNSPECIFIED.);
#135=B_SPLINE_SURFACE_WITH_KNOTS('',3,1,((#7912,#7913),(#7914,#7915),(#7916,
#7917),(#7918,#7919),(#7920,#7921)),.UNSPECIFIED.,.F.,.F.,.F.,(4,1,4),(2,
2),(0.,0.18281403640203,0.331253414176965),(0.,0.7),.UNSPECIFIED.);
#136=B_SPLINE_SURFACE_WITH_KNOTS('',3,1,((#7948,#7949),(#7950,#7951),(#7952,
#7953),(#7954,#7955),(#7956,#7957)),.UNSPECIFIED.,.F.,.F.,.F.,(4,1,4),(2,
2),(0.,0.00505560204202236,0.00938137597099117),(0.,0.7),.UNSPECIFIED.);
#137=B_SPLINE_SURFACE_WITH_KNOTS('',3,1,((#8003,#8004),(#8005,#8006),(#8007,
#8008),(#8009,#8010),(#8011,#8012)),.UNSPECIFIED.,.F.,.F.,.F.,(4,1,4),(2,
2),(0.,0.0545503186964271,0.111866248970746),(0.,0.7),.UNSPECIFIED.);
#138=B_SPLINE_SURFACE_WITH_KNOTS('',3,1,((#8051,#8052),(#8053,#8054),(#8055,
#8056),(#8057,#8058),(#8059,#8060)),.UNSPECIFIED.,.F.,.F.,.F.,(4,1,4),(2,
2),(0.,0.00485145239570758,0.0097028482418593),(0.,0.7),.UNSPECIFIED.);
#139=B_SPLINE_CURVE_WITH_KNOTS('',3,(#5040,#5041,#5042,#5043),
 .UNSPECIFIED.,.F.,.F.,(4,4),(-0.300003026016109,-0.3),.UNSPECIFIED.);
#140=B_SPLINE_CURVE_WITH_KNOTS('',3,(#5055,#5056,#5057,#5058),
 .UNSPECIFIED.,.F.,.F.,(4,4),(0.199996973983891,0.2),.UNSPECIFIED.);
#141=B_SPLINE_CURVE_WITH_KNOTS('',3,(#5099,#5100,#5101,#5102,#5103,#5104,
#5105),.UNSPECIFIED.,.F.,.F.,(4,3,4),(0.,0.00490322843709708,0.00501536564339871),
 .UNSPECIFIED.);
#142=B_SPLINE_CURVE_WITH_KNOTS('',3,(#5132,#5133,#5134,#5135),
 .UNSPECIFIED.,.F.,.F.,(4,4),(0.00501536564576746,0.0134549038128269),
 .UNSPECIFIED.);
#143=B_SPLINE_CURVE_WITH_KNOTS('',3,(#5136,#5137,#5138,#5139,#5140,#5141,
#5142),.UNSPECIFIED.,.F.,.F.,(4,3,4),(-0.0144518331740636,-0.00778815577510489,
0.),.UNSPECIFIED.);
#144=B_SPLINE_CURVE_WITH_KNOTS('',3,(#5155,#5156,#5157,#5158,#5159,#5160,
#5161),.UNSPECIFIED.,.F.,.F.,(4,3,4),(-0.0796872976948685,-0.0579365093616224,
0.),.UNSPECIFIED.);
#145=B_SPLINE_CURVE_WITH_KNOTS('',3,(#5165,#5166,#5167,#5168,#5169,#5170,
#5171),.UNSPECIFIED.,.F.,.F.,(4,3,4),(0.,0.0180418182499182,0.0660989256945879),
 .UNSPECIFIED.);
#146=B_SPLINE_CURVE_WITH_KNOTS('',3,(#5196,#5197,#5198,#5199,#5200,#5201,
#5202),.UNSPECIFIED.,.F.,.F.,(4,3,4),(-0.228113692643204,-0.103666196534579,
0.),.UNSPECIFIED.);
#147=B_SPLINE_CURVE_WITH_KNOTS('',3,(#5204,#5205,#5206,#5207,#5208,#5209,
#5210),.UNSPECIFIED.,.F.,.F.,(4,3,4),(0.,0.135436463292415,0.248256595963986),
 .UNSPECIFIED.);
#148=B_SPLINE_CURVE_WITH_KNOTS('',3,(#5223,#5224,#5225,#5226,#5227,#5228,
#5229),.UNSPECIFIED.,.F.,.F.,(4,3,4),(-0.0796872976967235,-0.0579365093629711,
0.),.UNSPECIFIED.);
#149=B_SPLINE_CURVE_WITH_KNOTS('',3,(#5231,#5232,#5233,#5234,#5235,#5236,
#5237),.UNSPECIFIED.,.F.,.F.,(4,3,4),(0.,0.0180418182491278,0.0660989256916922),
 .UNSPECIFIED.);
#150=B_SPLINE_CURVE_WITH_KNOTS('',3,(#5267,#5268,#5269,#5270,#5271,#5272,
#5273),.UNSPECIFIED.,.F.,.F.,(4,3,4),(0.00507633780384055,0.138583138682491,
0.250174140699388),.UNSPECIFIED.);
#151=B_SPLINE_CURVE_WITH_KNOTS('',3,(#5274,#5275,#5276,#5277,#5278,#5279,
#5280),.UNSPECIFIED.,.F.,.F.,(4,3,4),(-0.230360269572639,-0.104881125015324,
0.),.UNSPECIFIED.);
#152=B_SPLINE_CURVE_WITH_KNOTS('',3,(#5317,#5318,#5319,#5320,#5321,#5322,
#5323),.UNSPECIFIED.,.F.,.F.,(4,3,4),(-0.0144537298133117,-0.00778914634459917,
0.),.UNSPECIFIED.);
#153=B_SPLINE_CURVE_WITH_KNOTS('',3,(#5327,#5328,#5329,#5330,#5331,#5332,
#5333),.UNSPECIFIED.,.F.,.F.,(4,3,4),(0.,0.00620497288846033,0.0134569552695624),
 .UNSPECIFIED.);
#154=B_SPLINE_CURVE_WITH_KNOTS('',3,(#5352,#5353,#5354,#5355,#5356,#5357,
#5358),.UNSPECIFIED.,.F.,.F.,(4,3,4),(-0.014447584406219,-0.00778532155584781,
0.),.UNSPECIFIED.);
#155=B_SPLINE_CURVE_WITH_KNOTS('',3,(#5360,#5361,#5362,#5363,#5364,#5365,
#5366),.UNSPECIFIED.,.F.,.F.,(4,3,4),(0.,0.00620303783618576,0.0134517227443632),
 .UNSPECIFIED.);
#156=B_SPLINE_CURVE_WITH_KNOTS('',3,(#5385,#5386,#5387,#5388,#5389,#5390,
#5391),.UNSPECIFIED.,.F.,.F.,(4,3,4),(-0.00865933340107086,-0.00432963305794595,
0.),.UNSPECIFIED.);
#157=B_SPLINE_CURVE_WITH_KNOTS('',3,(#5393,#5394,#5395,#5396,#5397,#5398,
#5399),.UNSPECIFIED.,.F.,.F.,(4,3,4),(0.,0.00433004983514646,0.00866003237968273),
 .UNSPECIFIED.);
#158=B_SPLINE_CURVE_WITH_KNOTS('',3,(#5418,#5419,#5420,#5421,#5422,#5423,
#5424),.UNSPECIFIED.,.F.,.F.,(4,3,4),(-0.0086609428416084,-0.00433070695642595,
0.),.UNSPECIFIED.);
#159=B_SPLINE_CURVE_WITH_KNOTS('',3,(#5426,#5427,#5428,#5429,#5430,#5431,
#5432),.UNSPECIFIED.,.F.,.F.,(4,3,4),(0.,0.00432963786517116,0.00865974673652931),
 .UNSPECIFIED.);
#160=B_SPLINE_CURVE_WITH_KNOTS('',3,(#5451,#5452,#5453,#5454,#5455,#5456,
#5457),.UNSPECIFIED.,.F.,.F.,(4,3,4),(-0.0120361809907907,-0.0062448450853029,
0.),.UNSPECIFIED.);
#161=B_SPLINE_CURVE_WITH_KNOTS('',3,(#5459,#5460,#5461,#5462,#5463,#5464,
#5465),.UNSPECIFIED.,.F.,.F.,(4,3,4),(0.,0.00701553228320046,0.0145804383799119),
 .UNSPECIFIED.);
#162=B_SPLINE_CURVE_WITH_KNOTS('',3,(#5488,#5489,#5490,#5491,#5492,#5493,
#5494),.UNSPECIFIED.,.F.,.F.,(4,3,4),(-0.0469173303268668,-0.0275027108957549,
0.),.UNSPECIFIED.);
#163=B_SPLINE_CURVE_WITH_KNOTS('',3,(#5498,#5499,#5500,#5501,#5502,#5503,
#5504),.UNSPECIFIED.,.F.,.F.,(4,3,4),(0.,0.0212854705710759,0.0514384254344756),
 .UNSPECIFIED.);
#164=B_SPLINE_CURVE_WITH_KNOTS('',3,(#5523,#5524,#5525,#5526,#5527,#5528,
#5529),.UNSPECIFIED.,.F.,.F.,(4,3,4),(-0.014453998407144,-0.00778922666445746,
0.),.UNSPECIFIED.);
#165=B_SPLINE_CURVE_WITH_KNOTS('',3,(#5531,#5532,#5533,#5534,#5535,#5536,
#5537),.UNSPECIFIED.,.F.,.F.,(4,3,4),(0.,0.00620524495890651,0.0134574152296204),
 .UNSPECIFIED.);
#166=B_SPLINE_CURVE_WITH_KNOTS('',3,(#5556,#5557,#5558,#5559,#5560,#5561,
#5562),.UNSPECIFIED.,.F.,.F.,(4,3,4),(-0.00865933339992469,-0.00432963305737287,
0.),.UNSPECIFIED.);
#167=B_SPLINE_CURVE_WITH_KNOTS('',3,(#5564,#5565,#5566,#5567,#5568,#5569,
#5570),.UNSPECIFIED.,.F.,.F.,(4,3,4),(0.,0.00433009358322146,0.00866011987515287),
 .UNSPECIFIED.);
#168=B_SPLINE_CURVE_WITH_KNOTS('',3,(#5589,#5590,#5591,#5592,#5593,#5594,
#5595),.UNSPECIFIED.,.F.,.F.,(4,3,4),(-0.246755103643061,-0.117267411216819,
0.),.UNSPECIFIED.);
#169=B_SPLINE_CURVE_WITH_KNOTS('',3,(#5597,#5598,#5599,#5600,#5601,#5602,
#5603),.UNSPECIFIED.,.F.,.F.,(4,3,4),(0.,0.134957889003173,0.257179252054365),
 .UNSPECIFIED.);
#170=B_SPLINE_CURVE_WITH_KNOTS('',3,(#5616,#5617,#5618,#5619,#5620,#5621,
#5622),.UNSPECIFIED.,.F.,.F.,(4,3,4),(-0.117077880326987,-0.0570917054852269,
0.),.UNSPECIFIED.);
#171=B_SPLINE_CURVE_WITH_KNOTS('',3,(#5624,#5625,#5626,#5627,#5628,#5629,
#5630),.UNSPECIFIED.,.F.,.F.,(4,3,4),(0.,0.0575514806004525,0.112325971378491),
 .UNSPECIFIED.);
#172=B_SPLINE_CURVE_WITH_KNOTS('',3,(#5648,#5649,#5650,#5651,#5652,#5653,
#5654),.UNSPECIFIED.,.F.,.F.,(4,3,4),(-0.337936447673562,-0.180889893253749,
0.),.UNSPECIFIED.);
#173=B_SPLINE_CURVE_WITH_KNOTS('',3,(#5655,#5656,#5657,#5658,#5659,#5660,
#5661),.UNSPECIFIED.,.F.,.F.,(4,3,4),(0.,0.14697952291628,0.316273973909077),
 .UNSPECIFIED.);
#174=B_SPLINE_CURVE_WITH_KNOTS('',3,(#5705,#5706,#5707,#5708,#5709,#5710,
#5711),.UNSPECIFIED.,.F.,.F.,(4,3,4),(-0.389443998662633,-0.287593321152993,
5.55111512312578E-17),.UNSPECIFIED.);
#175=B_SPLINE_CURVE_WITH_KNOTS('',3,(#5712,#5713,#5714,#5715,#5716,#5717,
#5718),.UNSPECIFIED.,.F.,.F.,(4,3,4),(0.,0.0816979193219803,0.312386379365595),
 .UNSPECIFIED.);
#176=B_SPLINE_CURVE_WITH_KNOTS('',3,(#5731,#5732,#5733,#5734,#5735,#5736,
#5737),.UNSPECIFIED.,.F.,.F.,(4,3,4),(-0.014450528720289,-0.00778756141270623,
0.),.UNSPECIFIED.);
#177=B_SPLINE_CURVE_WITH_KNOTS('',3,(#5741,#5742,#5743,#5744,#5745,#5746,
#5747),.UNSPECIFIED.,.F.,.F.,(4,3,4),(0.,0.00620319843539992,0.0134533899102858),
 .UNSPECIFIED.);
#178=B_SPLINE_CURVE_WITH_KNOTS('',3,(#5766,#5767,#5768,#5769,#5770,#5771,
#5772),.UNSPECIFIED.,.F.,.F.,(4,3,4),(-0.0144563696468653,-0.00779081295135156,
0.),.UNSPECIFIED.);
#179=B_SPLINE_CURVE_WITH_KNOTS('',3,(#5774,#5775,#5776,#5777,#5778,#5779,
#5780),.UNSPECIFIED.,.F.,.F.,(4,3,4),(0.,0.00620578230232732,0.0134592033356794),
 .UNSPECIFIED.);
#180=B_SPLINE_CURVE_WITH_KNOTS('',3,(#5799,#5800,#5801,#5802,#5803,#5804,
#5805),.UNSPECIFIED.,.F.,.F.,(4,3,4),(-0.00865939286741087,-0.00432973008070859,
0.),.UNSPECIFIED.);
#181=B_SPLINE_CURVE_WITH_KNOTS('',3,(#5807,#5808,#5809,#5810,#5811,#5812,
#5813),.UNSPECIFIED.,.F.,.F.,(4,3,4),(0.,0.00432931419306388,0.00865869567471603),
 .UNSPECIFIED.);
#182=B_SPLINE_CURVE_WITH_KNOTS('',3,(#5832,#5833,#5834,#5835,#5836,#5837,
#5838),.UNSPECIFIED.,.F.,.F.,(4,3,4),(-0.00866032627444206,-0.00433039865607514,
0.),.UNSPECIFIED.);
#183=B_SPLINE_CURVE_WITH_KNOTS('',3,(#5840,#5841,#5842,#5843,#5844,#5845,
#5846),.UNSPECIFIED.,.F.,.F.,(4,3,4),(0.,0.00432994643223965,0.00866036390423421),
 .UNSPECIFIED.);
#184=B_SPLINE_CURVE_WITH_KNOTS('',3,(#5863,#5864,#5865,#5866,#5867,#5868,
#5869),.UNSPECIFIED.,.F.,.F.,(4,3,4),(-0.0144522294707191,-0.00778840788443654,
0.),.UNSPECIFIED.);
#185=B_SPLINE_CURVE_WITH_KNOTS('',3,(#5873,#5874,#5875,#5876,#5877,#5878,
#5879),.UNSPECIFIED.,.F.,.F.,(4,3,4),(0.,0.00620406103460672,0.0134551191927247),
 .UNSPECIFIED.);
#186=B_SPLINE_CURVE_WITH_KNOTS('',3,(#5898,#5899,#5900,#5901,#5902,#5903,
#5904),.UNSPECIFIED.,.F.,.F.,(4,3,4),(-0.246755722221098,-0.117267837733824,
0.),.UNSPECIFIED.);
#187=B_SPLINE_CURVE_WITH_KNOTS('',3,(#5906,#5907,#5908,#5909,#5910,#5911,
#5912),.UNSPECIFIED.,.F.,.F.,(4,3,4),(0.,0.134957945649228,0.257179623252119),
 .UNSPECIFIED.);
#188=B_SPLINE_CURVE_WITH_KNOTS('',3,(#5925,#5926,#5927,#5928,#5929,#5930,
#5931),.UNSPECIFIED.,.F.,.F.,(4,3,4),(-0.117077700410103,-0.0570916793156626,
0.),.UNSPECIFIED.);
#189=B_SPLINE_CURVE_WITH_KNOTS('',3,(#5933,#5934,#5935,#5936,#5937,#5938,
#5939),.UNSPECIFIED.,.F.,.F.,(4,3,4),(0.,0.057551417027915,0.112325962583233),
 .UNSPECIFIED.);
#190=B_SPLINE_CURVE_WITH_KNOTS('',3,(#5958,#5959,#5960,#5961,#5962,#5963,
#5964),.UNSPECIFIED.,.F.,.F.,(4,3,4),(-0.337939400315369,-0.180891338582639,
-5.55111512312578E-17),.UNSPECIFIED.);
#191=B_SPLINE_CURVE_WITH_KNOTS('',3,(#5966,#5967,#5968,#5969,#5970,#5971,
#5972),.UNSPECIFIED.,.F.,.F.,(4,3,4),(0.,0.146981055649031,0.316276999892458),
 .UNSPECIFIED.);
#192=B_SPLINE_CURVE_WITH_KNOTS('',3,(#5985,#5986,#5987,#5988,#5989,#5990,
#5991),.UNSPECIFIED.,.F.,.F.,(4,3,4),(-0.0469174025173485,-0.0275023652542499,
0.),.UNSPECIFIED.);
#193=B_SPLINE_CURVE_WITH_KNOTS('',3,(#5993,#5994,#5995,#5996,#5997,#5998,
#5999),.UNSPECIFIED.,.F.,.F.,(4,3,4),(0.,0.0212860599207494,0.0514388217636007),
 .UNSPECIFIED.);
#194=B_SPLINE_CURVE_WITH_KNOTS('',3,(#6018,#6019,#6020,#6021,#6022,#6023,
#6024),.UNSPECIFIED.,.F.,.F.,(4,3,4),(-0.0086590133287807,-0.00432950666439035,
0.),.UNSPECIFIED.);
#195=B_SPLINE_CURVE_WITH_KNOTS('',3,(#6026,#6027,#6028,#6029,#6030,#6031,
#6032),.UNSPECIFIED.,.F.,.F.,(4,3,4),(0.,0.0043295066637247,0.00865901332744939),
 .UNSPECIFIED.);
#196=B_SPLINE_CURVE_WITH_KNOTS('',3,(#6051,#6052,#6053,#6054,#6055,#6056,
#6057),.UNSPECIFIED.,.F.,.F.,(4,3,4),(-0.0144518331719898,-0.0077881557739873,
0.),.UNSPECIFIED.);
#197=B_SPLINE_CURVE_WITH_KNOTS('',3,(#6059,#6060,#6061,#6062,#6063,#6064,
#6065),.UNSPECIFIED.,.F.,.F.,(4,3,4),(0.,0.00620399760752987,0.0134549038118685),
 .UNSPECIFIED.);
#198=B_SPLINE_CURVE_WITH_KNOTS('',3,(#6096,#6097,#6098,#6099,#6100,#6101,
#6102),.UNSPECIFIED.,.F.,.F.,(4,3,4),(-0.00865918601986892,-0.00432953413601274,
0.),.UNSPECIFIED.);
#199=B_SPLINE_CURVE_WITH_KNOTS('',3,(#6104,#6105,#6106,#6107,#6108,#6109,
#6110),.UNSPECIFIED.,.F.,.F.,(4,3,4),(0.,0.00432972426219333,0.00865933077457483),
 .UNSPECIFIED.);
#200=B_SPLINE_CURVE_WITH_KNOTS('',3,(#6127,#6128,#6129,#6130,#6131,#6132,
#6133),.UNSPECIFIED.,.F.,.F.,(4,3,4),(-0.0144531811137286,-0.00778875460453448,
0.),.UNSPECIFIED.);
#201=B_SPLINE_CURVE_WITH_KNOTS('',3,(#6137,#6138,#6139,#6140,#6141,#6142,
#6143),.UNSPECIFIED.,.F.,.F.,(4,3,4),(0.,0.00620488723690448,0.0134565755810379),
 .UNSPECIFIED.);
#202=B_SPLINE_CURVE_WITH_KNOTS('',3,(#6162,#6163,#6164,#6165,#6166,#6167,
#6168),.UNSPECIFIED.,.F.,.F.,(4,3,4),(-0.0144517057442183,-0.00778796722647019,
0.),.UNSPECIFIED.);
#203=B_SPLINE_CURVE_WITH_KNOTS('',3,(#6170,#6171,#6172,#6173,#6174,#6175,
#6176),.UNSPECIFIED.,.F.,.F.,(4,3,4),(0.,0.00620418827342855,0.0134550752660113),
 .UNSPECIFIED.);
#204=B_SPLINE_CURVE_WITH_KNOTS('',3,(#6195,#6196,#6197,#6198,#6199,#6200,
#6201),.UNSPECIFIED.,.F.,.F.,(4,3,4),(-0.00865905556600975,-0.00432952778300487,
0.),.UNSPECIFIED.);
#205=B_SPLINE_CURVE_WITH_KNOTS('',3,(#6203,#6204,#6205,#6206,#6207,#6208,
#6209),.UNSPECIFIED.,.F.,.F.,(4,3,4),(0.,0.00432983549616223,0.00865967099232446),
 .UNSPECIFIED.);
#206=B_SPLINE_CURVE_WITH_KNOTS('',3,(#6228,#6229,#6230,#6231,#6232,#6233,
#6234),.UNSPECIFIED.,.F.,.F.,(4,3,4),(-0.00865942093553435,-0.0043297777541492,
0.),.UNSPECIFIED.);
#207=B_SPLINE_CURVE_WITH_KNOTS('',3,(#6236,#6237,#6238,#6239,#6240,#6241,
#6242),.UNSPECIFIED.,.F.,.F.,(4,3,4),(0.,0.0043295604536619,0.00865925547751654),
 .UNSPECIFIED.);
#208=B_SPLINE_CURVE_WITH_KNOTS('',3,(#6259,#6260,#6261,#6262,#6263,#6264,
#6265),.UNSPECIFIED.,.F.,.F.,(4,3,4),(-0.0144534776475402,-0.00778895295280552,
0.),.UNSPECIFIED.);
#209=B_SPLINE_CURVE_WITH_KNOTS('',3,(#6269,#6270,#6271,#6272,#6273,#6274,
#6275),.UNSPECIFIED.,.F.,.F.,(4,3,4),(0.,0.00620495064794746,0.0134567909344013),
 .UNSPECIFIED.);
#210=B_SPLINE_CURVE_WITH_KNOTS('',3,(#6294,#6295,#6296,#6297,#6298,#6299,
#6300),.UNSPECIFIED.,.F.,.F.,(4,3,4),(-0.0144519796770629,-0.00778806858302572,
0.),.UNSPECIFIED.);
#211=B_SPLINE_CURVE_WITH_KNOTS('',3,(#6302,#6303,#6304,#6305,#6306,#6307,
#6308),.UNSPECIFIED.,.F.,.F.,(4,3,4),(0.,0.00620438586156797,0.0134554103610819),
 .UNSPECIFIED.);
#212=B_SPLINE_CURVE_WITH_KNOTS('',3,(#6327,#6328,#6329,#6330,#6331,#6332,
#6333),.UNSPECIFIED.,.F.,.F.,(4,3,4),(-0.00865941826241568,-0.00432976800670859,
0.),.UNSPECIFIED.);
#213=B_SPLINE_CURVE_WITH_KNOTS('',3,(#6335,#6336,#6337,#6338,#6339,#6340,
#6341),.UNSPECIFIED.,.F.,.F.,(4,3,4),(0.,0.0043295341360637,0.00865918601997085),
 .UNSPECIFIED.);
#214=B_SPLINE_CURVE_WITH_KNOTS('',3,(#6360,#6361,#6362,#6363,#6364,#6365,
#6366),.UNSPECIFIED.,.F.,.F.,(4,3,4),(-0.00865959378911223,-0.00432980530519498,
0.),.UNSPECIFIED.);
#215=B_SPLINE_CURVE_WITH_KNOTS('',3,(#6368,#6369,#6370,#6371,#6372,#6373,
#6374),.UNSPECIFIED.,.F.,.F.,(4,3,4),(0.,0.00432982188619825,0.00865966059380401),
 .UNSPECIFIED.);
#216=B_SPLINE_CURVE_WITH_KNOTS('',3,(#6391,#6392,#6393,#6394,#6395,#6396,
#6397),.UNSPECIFIED.,.F.,.F.,(4,3,4),(-0.0144529907357642,-0.00778872902151897,
0.),.UNSPECIFIED.);
#217=B_SPLINE_CURVE_WITH_KNOTS('',3,(#6401,#6402,#6403,#6404,#6405,#6406,
#6407),.UNSPECIFIED.,.F.,.F.,(4,3,4),(0.,0.0062046427730325,0.0134562009060476),
 .UNSPECIFIED.);
#218=B_SPLINE_CURVE_WITH_KNOTS('',3,(#6426,#6427,#6428,#6429,#6430,#6431,
#6432),.UNSPECIFIED.,.F.,.F.,(4,3,4),(-0.247632223566355,-0.117853128838083,
0.),.UNSPECIFIED.);
#219=B_SPLINE_CURVE_WITH_KNOTS('',3,(#6434,#6435,#6436,#6437,#6438,#6439,
#6440),.UNSPECIFIED.,.F.,.F.,(4,3,4),(0.,0.135078361539451,0.257743784495881),
 .UNSPECIFIED.);
#220=B_SPLINE_CURVE_WITH_KNOTS('',3,(#6453,#6454,#6455,#6456,#6457,#6458,
#6459),.UNSPECIFIED.,.F.,.F.,(4,3,4),(-0.11707768924388,-0.0570916917443389,
0.),.UNSPECIFIED.);
#221=B_SPLINE_CURVE_WITH_KNOTS('',3,(#6461,#6462,#6463,#6464,#6465,#6466,
#6467),.UNSPECIFIED.,.F.,.F.,(4,3,4),(0.,0.0575514194271755,0.112326000735265),
 .UNSPECIFIED.);
#222=B_SPLINE_CURVE_WITH_KNOTS('',3,(#6480,#6481,#6482,#6483,#6484,#6485,
#6486),.UNSPECIFIED.,.F.,.F.,(4,3,4),(-0.338295915024841,-0.181235327065158,
0.),.UNSPECIFIED.);
#223=B_SPLINE_CURVE_WITH_KNOTS('',3,(#6488,#6489,#6490,#6491,#6492,#6493,
#6494),.UNSPECIFIED.,.F.,.F.,(4,3,4),(0.,0.146837868253312,0.316276996325791),
 .UNSPECIFIED.);
#224=B_SPLINE_CURVE_WITH_KNOTS('',3,(#6507,#6508,#6509,#6510,#6511,#6512,
#6513),.UNSPECIFIED.,.F.,.F.,(4,3,4),(-0.0474046177451508,-0.0275966949930047,
0.),.UNSPECIFIED.);
#225=B_SPLINE_CURVE_WITH_KNOTS('',3,(#6515,#6516,#6517,#6518,#6519,#6520,
#6521),.UNSPECIFIED.,.F.,.F.,(4,3,4),(0.,0.0217773302325889,0.0521178332581059),
 .UNSPECIFIED.);
#226=B_SPLINE_CURVE_WITH_KNOTS('',3,(#6558,#6559,#6560,#6561,#6562,#6563,
#6564),.UNSPECIFIED.,.F.,.F.,(4,3,4),(-0.332620776004461,-0.0913097008576352,
0.),.UNSPECIFIED.);
#227=B_SPLINE_CURVE_WITH_KNOTS('',3,(#6566,#6567,#6568,#6569,#6570,#6571,
#6572),.UNSPECIFIED.,.F.,.F.,(4,3,4),(0.,0.289613632216358,0.399200538270624),
 .UNSPECIFIED.);
#228=B_SPLINE_CURVE_WITH_KNOTS('',3,(#6597,#6598,#6599,#6600,#6601,#6602,
#6603),.UNSPECIFIED.,.F.,.F.,(4,3,4),(-0.00865924767973408,-0.00432957758127424,
0.),.UNSPECIFIED.);
#229=B_SPLINE_CURVE_WITH_KNOTS('',3,(#6605,#6606,#6607,#6608,#6609,#6610,
#6611),.UNSPECIFIED.,.F.,.F.,(4,3,4),(0.,0.00432968322379138,0.0086592739301167),
 .UNSPECIFIED.);
#230=B_SPLINE_CURVE_WITH_KNOTS('',3,(#6630,#6631,#6632,#6633,#6634,#6635,
#6636),.UNSPECIFIED.,.F.,.F.,(4,3,4),(-0.00865923424122418,-0.00432965601989071,
0.),.UNSPECIFIED.);
#231=B_SPLINE_CURVE_WITH_KNOTS('',3,(#6638,#6639,#6640,#6641,#6642,#6643,
#6644),.UNSPECIFIED.,.F.,.F.,(4,3,4),(0.,0.00432953040532058,0.00865913860833918),
 .UNSPECIFIED.);
#232=B_SPLINE_CURVE_WITH_KNOTS('',3,(#6663,#6664,#6665,#6666,#6667,#6668,
#6669),.UNSPECIFIED.,.F.,.F.,(4,3,4),(-0.0144526941619687,-0.00778853065257127,
0.),.UNSPECIFIED.);
#233=B_SPLINE_CURVE_WITH_KNOTS('',3,(#6671,#6672,#6673,#6674,#6675,#6676,
#6677),.UNSPECIFIED.,.F.,.F.,(4,3,4),(0.,0.00620457935597786,0.0134559855425457),
 .UNSPECIFIED.);
#234=B_SPLINE_CURVE_WITH_KNOTS('',3,(#6708,#6709,#6710,#6711,#6712,#6713,
#6714),.UNSPECIFIED.,.F.,.F.,(4,3,4),(-0.00865940701417618,-0.00432968353162054,
0.),.UNSPECIFIED.);
#235=B_SPLINE_CURVE_WITH_KNOTS('',3,(#6716,#6717,#6718,#6719,#6720,#6721,
#6722),.UNSPECIFIED.,.F.,.F.,(4,3,4),(0.,0.00432979178991126,0.00865954362825714),
 .UNSPECIFIED.);
#236=B_SPLINE_CURVE_WITH_KNOTS('',3,(#6739,#6740,#6741,#6742,#6743,#6744,
#6745),.UNSPECIFIED.,.F.,.F.,(4,3,4),(-0.0144531811130662,-0.00778875460417751,
0.),.UNSPECIFIED.);
#237=B_SPLINE_CURVE_WITH_KNOTS('',3,(#6749,#6750,#6751,#6752,#6753,#6754,
#6755),.UNSPECIFIED.,.F.,.F.,(4,3,4),(0.,0.00620488723723349,0.0134565755817515),
 .UNSPECIFIED.);
#238=B_SPLINE_CURVE_WITH_KNOTS('',3,(#6774,#6775,#6776,#6777,#6778,#6779,
#6780),.UNSPECIFIED.,.F.,.F.,(4,3,4),(-0.014452379812764,-0.007788266692701,
0.),.UNSPECIFIED.);
#239=B_SPLINE_CURVE_WITH_KNOTS('',3,(#6782,#6783,#6784,#6785,#6786,#6787,
#6788),.UNSPECIFIED.,.F.,.F.,(4,3,4),(0.,0.0062046331089555,0.0134559111878683),
 .UNSPECIFIED.);
#240=B_SPLINE_CURVE_WITH_KNOTS('',3,(#6807,#6808,#6809,#6810,#6811,#6812,
#6813),.UNSPECIFIED.,.F.,.F.,(4,3,4),(-0.00865933077115999,-0.00432972426048589,
0.),.UNSPECIFIED.);
#241=B_SPLINE_CURVE_WITH_KNOTS('',3,(#6815,#6816,#6817,#6818,#6819,#6820,
#6821),.UNSPECIFIED.,.F.,.F.,(4,3,4),(0.,0.00432953413527594,0.00865918601839531),
 .UNSPECIFIED.);
#242=B_SPLINE_CURVE_WITH_KNOTS('',3,(#6840,#6841,#6842,#6843,#6844,#6845,
#6846),.UNSPECIFIED.,.F.,.F.,(4,3,4),(-0.00865959378686879,-0.00432980530407326,
0.),.UNSPECIFIED.);
#243=B_SPLINE_CURVE_WITH_KNOTS('',3,(#6848,#6849,#6850,#6851,#6852,#6853,
#6854),.UNSPECIFIED.,.F.,.F.,(4,3,4),(0.,0.00432977814019392,0.0086595731016254),
 .UNSPECIFIED.);
#244=B_SPLINE_CURVE_WITH_KNOTS('',3,(#6871,#6872,#6873,#6874,#6875,#6876,
#6877),.UNSPECIFIED.,.F.,.F.,(4,3,4),(-0.0144522775384815,-0.00778843378849105,
0.),.UNSPECIFIED.);
#245=B_SPLINE_CURVE_WITH_KNOTS('',3,(#6881,#6882,#6883,#6884,#6885,#6886,
#6887),.UNSPECIFIED.,.F.,.F.,(4,3,4),(0.,0.006204061033855,0.0134551191910944),
 .UNSPECIFIED.);
#246=B_SPLINE_CURVE_WITH_KNOTS('',3,(#6906,#6907,#6908,#6909,#6910,#6911,
#6912),.UNSPECIFIED.,.F.,.F.,(4,3,4),(-0.0144519796764437,-0.00778806858269204,
0.),.UNSPECIFIED.);
#247=B_SPLINE_CURVE_WITH_KNOTS('',3,(#6914,#6915,#6916,#6917,#6918,#6919,
#6920),.UNSPECIFIED.,.F.,.F.,(4,3,4),(0.,0.00620440511827514,0.0134554521229747),
 .UNSPECIFIED.);
#248=B_SPLINE_CURVE_WITH_KNOTS('',3,(#6939,#6940,#6941,#6942,#6943,#6944,
#6945),.UNSPECIFIED.,.F.,.F.,(4,3,4),(-0.00865905556922365,-0.00432952778461183,
0.),.UNSPECIFIED.);
#249=B_SPLINE_CURVE_WITH_KNOTS('',3,(#6947,#6948,#6949,#6950,#6951,#6952,
#6953),.UNSPECIFIED.,.F.,.F.,(4,3,4),(0.,0.00432983549556111,0.00865967099112223),
 .UNSPECIFIED.);
#250=B_SPLINE_CURVE_WITH_KNOTS('',3,(#6972,#6973,#6974,#6975,#6976,#6977,
#6978),.UNSPECIFIED.,.F.,.F.,(4,3,4),(-0.00865901332788815,-0.00432950666394408,
0.),.UNSPECIFIED.);
#251=B_SPLINE_CURVE_WITH_KNOTS('',3,(#6980,#6981,#6982,#6983,#6984,#6985,
#6986),.UNSPECIFIED.,.F.,.F.,(4,3,4),(0.,0.00432950666441706,0.00865901332883412),
 .UNSPECIFIED.);
#252=B_SPLINE_CURVE_WITH_KNOTS('',3,(#7003,#7004,#7005,#7006,#7007,#7008,
#7009),.UNSPECIFIED.,.F.,.F.,(4,3,4),(-0.0144557711661815,-0.00778983767013727,
0.),.UNSPECIFIED.);
#253=B_SPLINE_CURVE_WITH_KNOTS('',3,(#7013,#7014,#7015,#7016,#7017,#7018,
#7019),.UNSPECIFIED.,.F.,.F.,(4,3,4),(0.,0.00620664382851714,0.0134597536786529),
 .UNSPECIFIED.);
#254=B_SPLINE_CURVE_WITH_KNOTS('',3,(#7044,#7045,#7046,#7047,#7048,#7049,
#7050),.UNSPECIFIED.,.F.,.F.,(4,3,4),(-0.526452249857674,-0.290541391426574,
0.),.UNSPECIFIED.);
#255=B_SPLINE_CURVE_WITH_KNOTS('',3,(#7052,#7053,#7054,#7055,#7056,#7057,
#7058),.UNSPECIFIED.,.F.,.F.,(4,3,4),(0.,0.225792033348561,0.503871355251779),
 .UNSPECIFIED.);
#256=B_SPLINE_CURVE_WITH_KNOTS('',3,(#7077,#7078,#7079,#7080,#7081,#7082,
#7083),.UNSPECIFIED.,.F.,.F.,(4,3,4),(-0.00865865344133249,-0.00432929307653621,
0.),.UNSPECIFIED.);
#257=B_SPLINE_CURVE_WITH_KNOTS('',3,(#7085,#7086,#7087,#7088,#7089,#7090,
#7091),.UNSPECIFIED.,.F.,.F.,(4,3,4),(0.,0.00432944543146747,0.00865882357335274),
 .UNSPECIFIED.);
#258=B_SPLINE_CURVE_WITH_KNOTS('',3,(#7108,#7109,#7110,#7111,#7112,#7113,
#7114),.UNSPECIFIED.,.F.,.F.,(4,3,4),(-0.0144560675675648,-0.00779003594855238,
0.),.UNSPECIFIED.);
#259=B_SPLINE_CURVE_WITH_KNOTS('',3,(#7118,#7119,#7120,#7121,#7122,#7123,
#7124),.UNSPECIFIED.,.F.,.F.,(4,3,4),(0.,0.00620672648795021,0.0134600107847217),
 .UNSPECIFIED.);
#260=B_SPLINE_CURVE_WITH_KNOTS('',3,(#7143,#7144,#7145,#7146,#7147,#7148,
#7149),.UNSPECIFIED.,.F.,.F.,(4,3,4),(-0.0144499593524027,-0.00778690965363428,
0.),.UNSPECIFIED.);
#261=B_SPLINE_CURVE_WITH_KNOTS('',3,(#7151,#7152,#7153,#7154,#7155,#7156,
#7157),.UNSPECIFIED.,.F.,.F.,(4,3,4),(0.,0.00620359522027818,0.0134535539766945),
 .UNSPECIFIED.);
#262=B_SPLINE_CURVE_WITH_KNOTS('',3,(#7176,#7177,#7178,#7179,#7180,#7181,
#7182),.UNSPECIFIED.,.F.,.F.,(4,3,4),(-0.00865974674884391,-0.00432963787132813,
0.),.UNSPECIFIED.);
#263=B_SPLINE_CURVE_WITH_KNOTS('',3,(#7184,#7185,#7186,#7187,#7188,#7189,
#7190),.UNSPECIFIED.,.F.,.F.,(4,3,4),(0.,0.00433070695345833,0.0086609428356735),
 .UNSPECIFIED.);
#264=B_SPLINE_CURVE_WITH_KNOTS('',3,(#7209,#7210,#7211,#7212,#7213,#7214,
#7215),.UNSPECIFIED.,.F.,.F.,(4,3,4),(-0.00865869567416915,-0.00432931419279044,
0.),.UNSPECIFIED.);
#265=B_SPLINE_CURVE_WITH_KNOTS('',3,(#7217,#7218,#7219,#7220,#7221,#7222,
#7223),.UNSPECIFIED.,.F.,.F.,(4,3,4),(0.,0.00432977382205361,0.00865948034942106),
 .UNSPECIFIED.);
#266=B_SPLINE_CURVE_WITH_KNOTS('',3,(#7240,#7241,#7242,#7243,#7244,#7245,
#7246),.UNSPECIFIED.,.F.,.F.,(4,3,4),(-0.0120022177316769,-0.00622715133464141,
0.),.UNSPECIFIED.);
#267=B_SPLINE_CURVE_WITH_KNOTS('',3,(#7250,#7251,#7252,#7253,#7254,#7255,
#7256),.UNSPECIFIED.,.F.,.F.,(4,3,4),(0.,0.00701136279624076,0.0145715905395405),
 .UNSPECIFIED.);
#268=B_SPLINE_CURVE_WITH_KNOTS('',3,(#7275,#7276,#7277,#7278,#7279,#7280,
#7281),.UNSPECIFIED.,.F.,.F.,(4,3,4),(-0.0144539983994475,-0.00778922666030987,
0.),.UNSPECIFIED.);
#269=B_SPLINE_CURVE_WITH_KNOTS('',3,(#7283,#7284,#7285,#7286,#7287,#7288,
#7289),.UNSPECIFIED.,.F.,.F.,(4,3,4),(0.,0.00620522569993911,0.0134573734623859),
 .UNSPECIFIED.);
#270=B_SPLINE_CURVE_WITH_KNOTS('',3,(#7308,#7309,#7310,#7311,#7312,#7313,
#7314),.UNSPECIFIED.,.F.,.F.,(4,3,4),(-0.00865933340575584,-0.00432963306028842,
0.),.UNSPECIFIED.);
#271=B_SPLINE_CURVE_WITH_KNOTS('',3,(#7316,#7317,#7318,#7319,#7320,#7321,
#7322),.UNSPECIFIED.,.F.,.F.,(4,3,4),(0.,0.00433009358141059,0.00866011987153116),
 .UNSPECIFIED.);
#272=B_SPLINE_CURVE_WITH_KNOTS('',3,(#7341,#7342,#7343,#7344,#7345,#7346,
#7347),.UNSPECIFIED.,.F.,.F.,(4,3,4),(-0.00865774503937905,-0.00432863705012325,
0.),.UNSPECIFIED.);
#273=B_SPLINE_CURVE_WITH_KNOTS('',3,(#7349,#7350,#7351,#7352,#7353,#7354,
#7355),.UNSPECIFIED.,.F.,.F.,(4,3,4),(0.,0.00432939713420996,0.00865832329783293),
 .UNSPECIFIED.);
#274=B_SPLINE_CURVE_WITH_KNOTS('',3,(#7372,#7373,#7374,#7375,#7376,#7377,
#7378),.UNSPECIFIED.,.F.,.F.,(4,3,4),(-0.012034285659656,-0.00624389539153118,
0.),.UNSPECIFIED.);
#275=B_SPLINE_CURVE_WITH_KNOTS('',3,(#7382,#7383,#7384,#7385,#7386,#7387,
#7388),.UNSPECIFIED.,.F.,.F.,(4,3,4),(0.,0.00701538920853445,0.0145802258293225),
 .UNSPECIFIED.);
#276=B_SPLINE_CURVE_WITH_KNOTS('',3,(#7407,#7408,#7409,#7410,#7411,#7412,
#7413),.UNSPECIFIED.,.F.,.F.,(4,3,4),(-0.014447584407251,-0.00778532155640395,
0.),.UNSPECIFIED.);
#277=B_SPLINE_CURVE_WITH_KNOTS('',3,(#7415,#7416,#7417,#7418,#7419,#7420,
#7421),.UNSPECIFIED.,.F.,.F.,(4,3,4),(0.,0.00620303783754441,0.0134517227473095),
 .UNSPECIFIED.);
#278=B_SPLINE_CURVE_WITH_KNOTS('',3,(#7440,#7441,#7442,#7443,#7444,#7445,
#7446),.UNSPECIFIED.,.F.,.F.,(4,3,4),(-0.00865969638991999,-0.00432987342992052,
0.),.UNSPECIFIED.);
#279=B_SPLINE_CURVE_WITH_KNOTS('',3,(#7448,#7449,#7450,#7451,#7452,#7453,
#7454),.UNSPECIFIED.,.F.,.F.,(4,3,4),(0.,0.00432974817278197,0.00865954681461326),
 .UNSPECIFIED.);
#280=B_SPLINE_CURVE_WITH_KNOTS('',3,(#7473,#7474,#7475,#7476,#7477,#7478,
#7479),.UNSPECIFIED.,.F.,.F.,(4,3,4),(-0.00866111638443433,-0.00433073484551216,
0.),.UNSPECIFIED.);
#281=B_SPLINE_CURVE_WITH_KNOTS('',3,(#7481,#7482,#7483,#7484,#7485,#7486,
#7487),.UNSPECIFIED.,.F.,.F.,(4,3,4),(0.,0.00432985568414733,0.00866006463198128),
 .UNSPECIFIED.);
#282=B_SPLINE_CURVE_WITH_KNOTS('',3,(#7504,#7505,#7506,#7507,#7508,#7509,
#7510),.UNSPECIFIED.,.F.,.F.,(4,3,4),(-0.00865882357194404,-0.00432944543076311,
0.),.UNSPECIFIED.);
#283=B_SPLINE_CURVE_WITH_KNOTS('',3,(#7514,#7515,#7516,#7517,#7518,#7519,
#7520),.UNSPECIFIED.,.F.,.F.,(4,3,4),(0.,0.00432929307574966,0.00865865343975939),
 .UNSPECIFIED.);
#284=B_SPLINE_CURVE_WITH_KNOTS('',3,(#7539,#7540,#7541,#7542,#7543,#7544,
#7545),.UNSPECIFIED.,.F.,.F.,(4,3,4),(-0.00866032627463943,-0.00433039865617383,
0.),.UNSPECIFIED.);
#285=B_SPLINE_CURVE_WITH_KNOTS('',3,(#7547,#7548,#7549,#7550,#7551,#7552,
#7553),.UNSPECIFIED.,.F.,.F.,(4,3,4),(0.,0.00432994643641861,0.00866036391259259),
 .UNSPECIFIED.);
#286=B_SPLINE_CURVE_WITH_KNOTS('',3,(#7575,#7576,#7577,#7578),
 .UNSPECIFIED.,.F.,.F.,(4,4),(-0.286238325286459,-0.284365853954921),
 .UNSPECIFIED.);
#287=B_SPLINE_CURVE_WITH_KNOTS('',3,(#7579,#7580,#7581,#7582),
 .UNSPECIFIED.,.F.,.F.,(4,4),(-0.284365853954921,-0.268265606890994),
 .UNSPECIFIED.);
#288=B_SPLINE_CURVE_WITH_KNOTS('',3,(#7584,#7585,#7586,#7587,#7588,#7589,
#7590),.UNSPECIFIED.,.F.,.F.,(4,3,4),(0.,0.158974989188805,0.316572528625806),
 .UNSPECIFIED.);
#289=B_SPLINE_CURVE_WITH_KNOTS('',3,(#7593,#7594,#7595,#7596,#7597,#7598,
#7599),.UNSPECIFIED.,.F.,.F.,(4,3,4),(-0.338298305066193,-0.181236566930335,
0.),.UNSPECIFIED.);
#290=B_SPLINE_CURVE_WITH_KNOTS('',3,(#7611,#7612,#7613,#7614,#7615,#7616,
#7617),.UNSPECIFIED.,.F.,.F.,(4,3,4),(-0.0474048566274713,-0.0275969707015691,
0.),.UNSPECIFIED.);
#291=B_SPLINE_CURVE_WITH_KNOTS('',3,(#7619,#7620,#7621,#7622,#7623,#7624,
#7625),.UNSPECIFIED.,.F.,.F.,(4,3,4),(0.,0.0217772500081113,0.0521180007920554),
 .UNSPECIFIED.);
#292=B_SPLINE_CURVE_WITH_KNOTS('',3,(#7662,#7663,#7664,#7665,#7666,#7667,
#7668),.UNSPECIFIED.,.F.,.F.,(4,3,4),(-0.332620755773242,-0.0913097092904024,
0.),.UNSPECIFIED.);
#293=B_SPLINE_CURVE_WITH_KNOTS('',3,(#7670,#7671,#7672,#7673,#7674,#7675,
#7676),.UNSPECIFIED.,.F.,.F.,(4,3,4),(0.,0.289613563549904,0.399200466759408),
 .UNSPECIFIED.);
#294=B_SPLINE_CURVE_WITH_KNOTS('',3,(#7701,#7702,#7703,#7704,#7705,#7706,
#7707),.UNSPECIFIED.,.F.,.F.,(4,3,4),(-0.00865901332829425,-0.00432950666414712,
0.),.UNSPECIFIED.);
#295=B_SPLINE_CURVE_WITH_KNOTS('',3,(#7709,#7710,#7711,#7712,#7713,#7714,
#7715),.UNSPECIFIED.,.F.,.F.,(4,3,4),(0.,0.004329506664404,0.008659013328808),
 .UNSPECIFIED.);
#296=B_SPLINE_CURVE_WITH_KNOTS('',3,(#7733,#7734,#7735,#7736,#7737,#7738,
#7739),.UNSPECIFIED.,.F.,.F.,(4,3,4),(-0.00865967099339185,-0.00432983549669592,
0.),.UNSPECIFIED.);
#297=B_SPLINE_CURVE_WITH_KNOTS('',3,(#7740,#7741,#7742,#7743,#7744,#7745,
#7746),.UNSPECIFIED.,.F.,.F.,(4,3,4),(0.,0.00432952778533413,0.00865905557066826),
 .UNSPECIFIED.);
#298=B_SPLINE_CURVE_WITH_KNOTS('',3,(#7767,#7768,#7769,#7770,#7771,#7772,
#7773),.UNSPECIFIED.,.F.,.F.,(4,3,4),(-0.00865918601961667,-0.00432953413588661,
0.),.UNSPECIFIED.);
#299=B_SPLINE_CURVE_WITH_KNOTS('',3,(#7775,#7776,#7777,#7778,#7779,#7780,
#7781),.UNSPECIFIED.,.F.,.F.,(4,3,4),(0.,0.00432972426196974,0.00865933077412766),
 .UNSPECIFIED.);
#300=B_SPLINE_CURVE_WITH_KNOTS('',3,(#7800,#7801,#7802,#7803,#7804,#7805,
#7806),.UNSPECIFIED.,.F.,.F.,(4,3,4),(-0.0144522294707275,-0.00778840788444111,
1.73472347597681E-18),.UNSPECIFIED.);
#301=B_SPLINE_CURVE_WITH_KNOTS('',3,(#7808,#7809,#7810,#7811,#7812,#7813,
#7814),.UNSPECIFIED.,.F.,.F.,(4,3,4),(0.,0.00620408028831,0.0134551609493855),
 .UNSPECIFIED.);
#302=B_SPLINE_CURVE_WITH_KNOTS('',3,(#7833,#7834,#7835,#7836,#7837,#7838,
#7839),.UNSPECIFIED.,.F.,.F.,(4,3,4),(-0.247632289036094,-0.117853216795705,
0.),.UNSPECIFIED.);
#303=B_SPLINE_CURVE_WITH_KNOTS('',3,(#7841,#7842,#7843,#7844,#7845,#7846,
#7847),.UNSPECIFIED.,.F.,.F.,(4,3,4),(0.,0.1350782729917,0.257743728341796),
 .UNSPECIFIED.);
#304=B_SPLINE_CURVE_WITH_KNOTS('',3,(#7861,#7862,#7863,#7864,#7865,#7866,
#7867),.UNSPECIFIED.,.F.,.F.,(4,3,4),(-0.0144505287201987,-0.00778756141265753,
0.),.UNSPECIFIED.);
#305=B_SPLINE_CURVE_WITH_KNOTS('',3,(#7871,#7872,#7873,#7874,#7875,#7876,
#7877),.UNSPECIFIED.,.F.,.F.,(4,3,4),(0.,0.00620314892270795,0.0134532825280124),
 .UNSPECIFIED.);
#306=B_SPLINE_CURVE_WITH_KNOTS('',3,(#7896,#7897,#7898,#7899,#7900,#7901,
#7902),.UNSPECIFIED.,.F.,.F.,(4,3,4),(-0.0144563696428238,-0.00779081294917353,
0.),.UNSPECIFIED.);
#307=B_SPLINE_CURVE_WITH_KNOTS('',3,(#7904,#7905,#7906,#7907,#7908,#7909,
#7910),.UNSPECIFIED.,.F.,.F.,(4,3,4),(0.,0.00620578230446166,0.0134592033403084),
 .UNSPECIFIED.);
#308=B_SPLINE_CURVE_WITH_KNOTS('',3,(#7924,#7925,#7926,#7927,#7928,#7929,
#7930),.UNSPECIFIED.,.F.,.F.,(4,3,4),(-0.526452215096041,-0.290541471560747,
0.),.UNSPECIFIED.);
#309=B_SPLINE_CURVE_WITH_KNOTS('',3,(#7934,#7935,#7936,#7937,#7938,#7939,
#7940),.UNSPECIFIED.,.F.,.F.,(4,3,4),(0.,0.22579224577683,0.503872041431374),
 .UNSPECIFIED.);
#310=B_SPLINE_CURVE_WITH_KNOTS('',3,(#7959,#7960,#7961,#7962,#7963,#7964,
#7965),.UNSPECIFIED.,.F.,.F.,(4,3,4),(-0.0144539984002069,-0.00778922666071911,
0.),.UNSPECIFIED.);
#311=B_SPLINE_CURVE_WITH_KNOTS('',3,(#7967,#7968,#7969,#7970,#7971,#7972,
#7973),.UNSPECIFIED.,.F.,.F.,(4,3,4),(0.,0.00620522569948806,0.0134573734614077),
 .UNSPECIFIED.);
#312=B_SPLINE_CURVE_WITH_KNOTS('',3,(#8015,#8016,#8017,#8018),
 .UNSPECIFIED.,.F.,.F.,(4,4),(-0.2,-0.199996973983891),.UNSPECIFIED.);
#313=B_SPLINE_CURVE_WITH_KNOTS('',3,(#8019,#8020,#8021,#8022),
 .UNSPECIFIED.,.F.,.F.,(4,4),(0.,0.024337396224016),.UNSPECIFIED.);
#314=B_SPLINE_CURVE_WITH_KNOTS('',3,(#8023,#8024,#8025,#8026,#8027,#8028,
#8029),.UNSPECIFIED.,.F.,.F.,(4,3,4),(-0.117077706642449,-0.057091627442184,
0.),.UNSPECIFIED.);
#315=B_SPLINE_CURVE_WITH_KNOTS('',3,(#8030,#8031,#8032,#8033,#8034,#8035,
#8036),.UNSPECIFIED.,.F.,.F.,(4,3,4),(0.0243373962240161,0.0575425714148406,
0.112325819771533),.UNSPECIFIED.);
#316=B_SPLINE_CURVE_WITH_KNOTS('',3,(#8061,#8062,#8063,#8064,#8065,#8066,
#8067),.UNSPECIFIED.,.F.,.F.,(4,3,4),(-0.00865969639432156,-0.00432987343212132,
0.),.UNSPECIFIED.);
#317=B_SPLINE_CURVE_WITH_KNOTS('',3,(#8068,#8069,#8070,#8071,#8072,#8073,
#8074),.UNSPECIFIED.,.F.,.F.,(4,3,4),(0.,0.00432974817383187,0.00865954681671306),
 .UNSPECIFIED.);
#318=PLANE('',#4217);
#319=PLANE('',#4219);
#320=PLANE('',#4222);
#321=PLANE('',#4223);
#322=PLANE('',#4224);
#323=PLANE('',#4225);
#324=PLANE('',#4226);
#325=PLANE('',#4227);
#326=PLANE('',#4228);
#327=PLANE('',#4229);
#328=PLANE('',#4230);
#329=PLANE('',#4231);
#330=PLANE('',#4232);
#331=PLANE('',#4233);
#332=PLANE('',#4234);
#333=PLANE('',#4235);
#334=PLANE('',#4236);
#335=PLANE('',#4237);
#336=PLANE('',#4238);
#337=PLANE('',#4239);
#338=PLANE('',#4240);
#339=PLANE('',#4241);
#340=PLANE('',#4242);
#341=PLANE('',#4243);
#342=PLANE('',#4244);
#343=PLANE('',#4245);
#344=PLANE('',#4246);
#345=PLANE('',#4247);
#346=PLANE('',#4248);
#347=PLANE('',#4249);
#348=PLANE('',#4250);
#349=PLANE('',#4251);
#350=PLANE('',#4252);
#351=PLANE('',#4253);
#352=PLANE('',#4254);
#353=PLANE('',#4255);
#354=PLANE('',#4256);
#355=PLANE('',#4257);
#356=PLANE('',#4258);
#357=PLANE('',#4259);
#358=PLANE('',#4260);
#359=PLANE('',#4261);
#360=PLANE('',#4262);
#361=PLANE('',#4263);
#362=PLANE('',#4264);
#363=PLANE('',#4265);
#364=PLANE('',#4266);
#365=PLANE('',#4267);
#366=PLANE('',#4268);
#367=PLANE('',#4269);
#368=PLANE('',#4270);
#369=PLANE('',#4271);
#370=PLANE('',#4272);
#371=PLANE('',#4273);
#372=PLANE('',#4274);
#373=PLANE('',#4275);
#374=PLANE('',#4276);
#375=PLANE('',#4277);
#376=PLANE('',#4278);
#377=PLANE('',#4279);
#378=PLANE('',#4280);
#379=PLANE('',#4281);
#380=PLANE('',#4282);
#381=PLANE('',#4283);
#382=PLANE('',#4284);
#383=PLANE('',#4285);
#384=PLANE('',#4286);
#385=PLANE('',#4287);
#386=PLANE('',#4288);
#387=PLANE('',#4289);
#388=PLANE('',#4290);
#389=PLANE('',#4291);
#390=PLANE('',#4292);
#391=PLANE('',#4293);
#392=PLANE('',#4294);
#393=PLANE('',#4295);
#394=PLANE('',#4296);
#395=PLANE('',#4297);
#396=PLANE('',#4298);
#397=PLANE('',#4299);
#398=PLANE('',#4300);
#399=PLANE('',#4301);
#400=PLANE('',#4302);
#401=PLANE('',#4303);
#402=PLANE('',#4304);
#403=PLANE('',#4305);
#404=PLANE('',#4306);
#405=PLANE('',#4307);
#406=PLANE('',#4308);
#407=PLANE('',#4309);
#408=PLANE('',#4310);
#409=PLANE('',#4311);
#410=PLANE('',#4312);
#411=PLANE('',#4313);
#412=PLANE('',#4314);
#413=PLANE('',#4315);
#414=PLANE('',#4316);
#415=PLANE('',#4317);
#416=PLANE('',#4318);
#417=PLANE('',#4319);
#418=PLANE('',#4320);
#419=PLANE('',#4321);
#420=PLANE('',#4322);
#421=PLANE('',#4323);
#422=PLANE('',#4324);
#423=PLANE('',#4325);
#424=PLANE('',#4326);
#425=PLANE('',#4327);
#426=PLANE('',#4328);
#427=PLANE('',#4329);
#428=PLANE('',#4330);
#429=PLANE('',#4331);
#430=PLANE('',#4332);
#431=FACE_OUTER_BOUND('',#632,.T.);
#432=FACE_OUTER_BOUND('',#633,.T.);
#433=FACE_OUTER_BOUND('',#634,.T.);
#434=FACE_OUTER_BOUND('',#635,.T.);
#435=FACE_OUTER_BOUND('',#636,.T.);
#436=FACE_OUTER_BOUND('',#637,.T.);
#437=FACE_OUTER_BOUND('',#638,.T.);
#438=FACE_OUTER_BOUND('',#639,.T.);
#439=FACE_OUTER_BOUND('',#640,.T.);
#440=FACE_OUTER_BOUND('',#641,.T.);
#441=FACE_OUTER_BOUND('',#642,.T.);
#442=FACE_OUTER_BOUND('',#643,.T.);
#443=FACE_OUTER_BOUND('',#644,.T.);
#444=FACE_OUTER_BOUND('',#645,.T.);
#445=FACE_OUTER_BOUND('',#646,.T.);
#446=FACE_OUTER_BOUND('',#647,.T.);
#447=FACE_OUTER_BOUND('',#648,.T.);
#448=FACE_OUTER_BOUND('',#649,.T.);
#449=FACE_OUTER_BOUND('',#650,.T.);
#450=FACE_OUTER_BOUND('',#651,.T.);
#451=FACE_OUTER_BOUND('',#652,.T.);
#452=FACE_OUTER_BOUND('',#653,.T.);
#453=FACE_OUTER_BOUND('',#654,.T.);
#454=FACE_OUTER_BOUND('',#655,.T.);
#455=FACE_OUTER_BOUND('',#656,.T.);
#456=FACE_OUTER_BOUND('',#657,.T.);
#457=FACE_OUTER_BOUND('',#658,.T.);
#458=FACE_OUTER_BOUND('',#659,.T.);
#459=FACE_OUTER_BOUND('',#660,.T.);
#460=FACE_OUTER_BOUND('',#661,.T.);
#461=FACE_OUTER_BOUND('',#662,.T.);
#462=FACE_OUTER_BOUND('',#663,.T.);
#463=FACE_OUTER_BOUND('',#664,.T.);
#464=FACE_OUTER_BOUND('',#665,.T.);
#465=FACE_OUTER_BOUND('',#666,.T.);
#466=FACE_OUTER_BOUND('',#667,.T.);
#467=FACE_OUTER_BOUND('',#668,.T.);
#468=FACE_OUTER_BOUND('',#669,.T.);
#469=FACE_OUTER_BOUND('',#670,.T.);
#470=FACE_OUTER_BOUND('',#671,.T.);
#471=FACE_OUTER_BOUND('',#672,.T.);
#472=FACE_OUTER_BOUND('',#673,.T.);
#473=FACE_OUTER_BOUND('',#674,.T.);
#474=FACE_OUTER_BOUND('',#675,.T.);
#475=FACE_OUTER_BOUND('',#676,.T.);
#476=FACE_OUTER_BOUND('',#677,.T.);
#477=FACE_OUTER_BOUND('',#678,.T.);
#478=FACE_OUTER_BOUND('',#679,.T.);
#479=FACE_OUTER_BOUND('',#680,.T.);
#480=FACE_OUTER_BOUND('',#681,.T.);
#481=FACE_OUTER_BOUND('',#682,.T.);
#482=FACE_OUTER_BOUND('',#683,.T.);
#483=FACE_OUTER_BOUND('',#684,.T.);
#484=FACE_OUTER_BOUND('',#685,.T.);
#485=FACE_OUTER_BOUND('',#686,.T.);
#486=FACE_OUTER_BOUND('',#687,.T.);
#487=FACE_OUTER_BOUND('',#688,.T.);
#488=FACE_OUTER_BOUND('',#689,.T.);
#489=FACE_OUTER_BOUND('',#690,.T.);
#490=FACE_OUTER_BOUND('',#691,.T.);
#491=FACE_OUTER_BOUND('',#692,.T.);
#492=FACE_OUTER_BOUND('',#693,.T.);
#493=FACE_OUTER_BOUND('',#694,.T.);
#494=FACE_OUTER_BOUND('',#695,.T.);
#495=FACE_OUTER_BOUND('',#696,.T.);
#496=FACE_OUTER_BOUND('',#697,.T.);
#497=FACE_OUTER_BOUND('',#698,.T.);
#498=FACE_OUTER_BOUND('',#699,.T.);
#499=FACE_OUTER_BOUND('',#700,.T.);
#500=FACE_OUTER_BOUND('',#701,.T.);
#501=FACE_OUTER_BOUND('',#702,.T.);
#502=FACE_OUTER_BOUND('',#703,.T.);
#503=FACE_OUTER_BOUND('',#704,.T.);
#504=FACE_OUTER_BOUND('',#705,.T.);
#505=FACE_OUTER_BOUND('',#706,.T.);
#506=FACE_OUTER_BOUND('',#707,.T.);
#507=FACE_OUTER_BOUND('',#708,.T.);
#508=FACE_OUTER_BOUND('',#709,.T.);
#509=FACE_OUTER_BOUND('',#710,.T.);
#510=FACE_OUTER_BOUND('',#711,.T.);
#511=FACE_OUTER_BOUND('',#712,.T.);
#512=FACE_OUTER_BOUND('',#713,.T.);
#513=FACE_OUTER_BOUND('',#714,.T.);
#514=FACE_OUTER_BOUND('',#715,.T.);
#515=FACE_OUTER_BOUND('',#716,.T.);
#516=FACE_OUTER_BOUND('',#717,.T.);
#517=FACE_OUTER_BOUND('',#718,.T.);
#518=FACE_OUTER_BOUND('',#719,.T.);
#519=FACE_OUTER_BOUND('',#720,.T.);
#520=FACE_OUTER_BOUND('',#721,.T.);
#521=FACE_OUTER_BOUND('',#722,.T.);
#522=FACE_OUTER_BOUND('',#723,.T.);
#523=FACE_OUTER_BOUND('',#724,.T.);
#524=FACE_OUTER_BOUND('',#725,.T.);
#525=FACE_OUTER_BOUND('',#726,.T.);
#526=FACE_OUTER_BOUND('',#727,.T.);
#527=FACE_OUTER_BOUND('',#728,.T.);
#528=FACE_OUTER_BOUND('',#729,.T.);
#529=FACE_OUTER_BOUND('',#730,.T.);
#530=FACE_OUTER_BOUND('',#731,.T.);
#531=FACE_OUTER_BOUND('',#732,.T.);
#532=FACE_OUTER_BOUND('',#733,.T.);
#533=FACE_OUTER_BOUND('',#734,.T.);
#534=FACE_OUTER_BOUND('',#735,.T.);
#535=FACE_OUTER_BOUND('',#736,.T.);
#536=FACE_OUTER_BOUND('',#737,.T.);
#537=FACE_OUTER_BOUND('',#738,.T.);
#538=FACE_OUTER_BOUND('',#739,.T.);
#539=FACE_OUTER_BOUND('',#740,.T.);
#540=FACE_OUTER_BOUND('',#741,.T.);
#541=FACE_OUTER_BOUND('',#742,.T.);
#542=FACE_OUTER_BOUND('',#743,.T.);
#543=FACE_OUTER_BOUND('',#744,.T.);
#544=FACE_OUTER_BOUND('',#745,.T.);
#545=FACE_OUTER_BOUND('',#746,.T.);
#546=FACE_OUTER_BOUND('',#747,.T.);
#547=FACE_OUTER_BOUND('',#748,.T.);
#548=FACE_OUTER_BOUND('',#749,.T.);
#549=FACE_OUTER_BOUND('',#750,.T.);
#550=FACE_OUTER_BOUND('',#751,.T.);
#551=FACE_OUTER_BOUND('',#752,.T.);
#552=FACE_OUTER_BOUND('',#753,.T.);
#553=FACE_OUTER_BOUND('',#754,.T.);
#554=FACE_OUTER_BOUND('',#755,.T.);
#555=FACE_OUTER_BOUND('',#756,.T.);
#556=FACE_OUTER_BOUND('',#757,.T.);
#557=FACE_OUTER_BOUND('',#758,.T.);
#558=FACE_OUTER_BOUND('',#759,.T.);
#559=FACE_OUTER_BOUND('',#760,.T.);
#560=FACE_OUTER_BOUND('',#761,.T.);
#561=FACE_OUTER_BOUND('',#762,.T.);
#562=FACE_OUTER_BOUND('',#763,.T.);
#563=FACE_OUTER_BOUND('',#764,.T.);
#564=FACE_OUTER_BOUND('',#765,.T.);
#565=FACE_OUTER_BOUND('',#766,.T.);
#566=FACE_OUTER_BOUND('',#767,.T.);
#567=FACE_OUTER_BOUND('',#768,.T.);
#568=FACE_OUTER_BOUND('',#769,.T.);
#569=FACE_OUTER_BOUND('',#770,.T.);
#570=FACE_OUTER_BOUND('',#771,.T.);
#571=FACE_OUTER_BOUND('',#772,.T.);
#572=FACE_OUTER_BOUND('',#773,.T.);
#573=FACE_OUTER_BOUND('',#774,.T.);
#574=FACE_OUTER_BOUND('',#775,.T.);
#575=FACE_OUTER_BOUND('',#776,.T.);
#576=FACE_OUTER_BOUND('',#777,.T.);
#577=FACE_OUTER_BOUND('',#778,.T.);
#578=FACE_OUTER_BOUND('',#779,.T.);
#579=FACE_OUTER_BOUND('',#780,.T.);
#580=FACE_OUTER_BOUND('',#781,.T.);
#581=FACE_OUTER_BOUND('',#782,.T.);
#582=FACE_OUTER_BOUND('',#783,.T.);
#583=FACE_OUTER_BOUND('',#784,.T.);
#584=FACE_OUTER_BOUND('',#785,.T.);
#585=FACE_OUTER_BOUND('',#786,.T.);
#586=FACE_OUTER_BOUND('',#787,.T.);
#587=FACE_OUTER_BOUND('',#788,.T.);
#588=FACE_OUTER_BOUND('',#789,.T.);
#589=FACE_OUTER_BOUND('',#790,.T.);
#590=FACE_OUTER_BOUND('',#791,.T.);
#591=FACE_OUTER_BOUND('',#792,.T.);
#592=FACE_OUTER_BOUND('',#793,.T.);
#593=FACE_OUTER_BOUND('',#794,.T.);
#594=FACE_OUTER_BOUND('',#795,.T.);
#595=FACE_OUTER_BOUND('',#796,.T.);
#596=FACE_OUTER_BOUND('',#797,.T.);
#597=FACE_OUTER_BOUND('',#798,.T.);
#598=FACE_OUTER_BOUND('',#799,.T.);
#599=FACE_OUTER_BOUND('',#800,.T.);
#600=FACE_OUTER_BOUND('',#801,.T.);
#601=FACE_OUTER_BOUND('',#802,.T.);
#602=FACE_OUTER_BOUND('',#803,.T.);
#603=FACE_OUTER_BOUND('',#804,.T.);
#604=FACE_OUTER_BOUND('',#805,.T.);
#605=FACE_OUTER_BOUND('',#806,.T.);
#606=FACE_OUTER_BOUND('',#807,.T.);
#607=FACE_OUTER_BOUND('',#808,.T.);
#608=FACE_OUTER_BOUND('',#809,.T.);
#609=FACE_OUTER_BOUND('',#810,.T.);
#610=FACE_OUTER_BOUND('',#811,.T.);
#611=FACE_OUTER_BOUND('',#812,.T.);
#612=FACE_OUTER_BOUND('',#813,.T.);
#613=FACE_OUTER_BOUND('',#814,.T.);
#614=FACE_OUTER_BOUND('',#815,.T.);
#615=FACE_OUTER_BOUND('',#816,.T.);
#616=FACE_OUTER_BOUND('',#817,.T.);
#617=FACE_OUTER_BOUND('',#818,.T.);
#618=FACE_OUTER_BOUND('',#819,.T.);
#619=FACE_OUTER_BOUND('',#820,.T.);
#620=FACE_OUTER_BOUND('',#821,.T.);
#621=FACE_OUTER_BOUND('',#822,.T.);
#622=FACE_OUTER_BOUND('',#823,.T.);
#623=FACE_OUTER_BOUND('',#824,.T.);
#624=FACE_OUTER_BOUND('',#825,.T.);
#625=FACE_OUTER_BOUND('',#826,.T.);
#626=FACE_OUTER_BOUND('',#827,.T.);
#627=FACE_OUTER_BOUND('',#828,.T.);
#628=FACE_OUTER_BOUND('',#847,.T.);
#629=FACE_OUTER_BOUND('',#848,.T.);
#630=FACE_OUTER_BOUND('',#865,.T.);
#631=FACE_OUTER_BOUND('',#866,.T.);
#632=EDGE_LOOP('',(#2764,#2765,#2766,#2767));
#633=EDGE_LOOP('',(#2768,#2769,#2770,#2771,#2772,#2773,#2774,#2775,#2776,
#2777,#2778,#2779,#2780,#2781,#2782,#2783,#2784,#2785));
#634=EDGE_LOOP('',(#2786,#2787,#2788,#2789));
#635=EDGE_LOOP('',(#2790,#2791,#2792,#2793));
#636=EDGE_LOOP('',(#2794,#2795,#2796,#2797));
#637=EDGE_LOOP('',(#2798,#2799,#2800,#2801,#2802,#2803,#2804,#2805));
#638=EDGE_LOOP('',(#2806,#2807,#2808));
#639=EDGE_LOOP('',(#2809,#2810,#2811));
#640=EDGE_LOOP('',(#2812,#2813,#2814,#2815,#2816,#2817));
#641=EDGE_LOOP('',(#2818,#2819,#2820,#2821,#2822,#2823));
#642=EDGE_LOOP('',(#2824,#2825,#2826,#2827));
#643=EDGE_LOOP('',(#2828,#2829,#2830,#2831));
#644=EDGE_LOOP('',(#2832,#2833,#2834,#2835));
#645=EDGE_LOOP('',(#2836,#2837,#2838,#2839));
#646=EDGE_LOOP('',(#2840,#2841,#2842,#2843));
#647=EDGE_LOOP('',(#2844,#2845,#2846,#2847));
#648=EDGE_LOOP('',(#2848,#2849,#2850,#2851));
#649=EDGE_LOOP('',(#2852,#2853,#2854,#2855));
#650=EDGE_LOOP('',(#2856,#2857,#2858,#2859));
#651=EDGE_LOOP('',(#2860,#2861,#2862,#2863));
#652=EDGE_LOOP('',(#2864,#2865,#2866,#2867));
#653=EDGE_LOOP('',(#2868,#2869,#2870,#2871));
#654=EDGE_LOOP('',(#2872,#2873,#2874,#2875));
#655=EDGE_LOOP('',(#2876,#2877,#2878,#2879));
#656=EDGE_LOOP('',(#2880,#2881,#2882,#2883));
#657=EDGE_LOOP('',(#2884,#2885,#2886,#2887));
#658=EDGE_LOOP('',(#2888,#2889,#2890,#2891));
#659=EDGE_LOOP('',(#2892,#2893,#2894,#2895));
#660=EDGE_LOOP('',(#2896,#2897,#2898,#2899));
#661=EDGE_LOOP('',(#2900,#2901,#2902,#2903));
#662=EDGE_LOOP('',(#2904,#2905,#2906,#2907));
#663=EDGE_LOOP('',(#2908,#2909,#2910,#2911));
#664=EDGE_LOOP('',(#2912,#2913,#2914,#2915));
#665=EDGE_LOOP('',(#2916,#2917,#2918,#2919));
#666=EDGE_LOOP('',(#2920,#2921,#2922,#2923));
#667=EDGE_LOOP('',(#2924,#2925,#2926,#2927));
#668=EDGE_LOOP('',(#2928,#2929,#2930,#2931));
#669=EDGE_LOOP('',(#2932,#2933,#2934,#2935));
#670=EDGE_LOOP('',(#2936,#2937,#2938,#2939));
#671=EDGE_LOOP('',(#2940,#2941,#2942,#2943));
#672=EDGE_LOOP('',(#2944,#2945,#2946,#2947));
#673=EDGE_LOOP('',(#2948,#2949,#2950,#2951));
#674=EDGE_LOOP('',(#2952,#2953,#2954,#2955));
#675=EDGE_LOOP('',(#2956,#2957,#2958,#2959));
#676=EDGE_LOOP('',(#2960,#2961,#2962,#2963));
#677=EDGE_LOOP('',(#2964,#2965,#2966,#2967));
#678=EDGE_LOOP('',(#2968,#2969,#2970,#2971));
#679=EDGE_LOOP('',(#2972,#2973,#2974,#2975));
#680=EDGE_LOOP('',(#2976,#2977,#2978,#2979));
#681=EDGE_LOOP('',(#2980,#2981,#2982,#2983));
#682=EDGE_LOOP('',(#2984,#2985,#2986,#2987));
#683=EDGE_LOOP('',(#2988,#2989,#2990,#2991));
#684=EDGE_LOOP('',(#2992,#2993,#2994,#2995));
#685=EDGE_LOOP('',(#2996,#2997,#2998,#2999));
#686=EDGE_LOOP('',(#3000,#3001,#3002,#3003));
#687=EDGE_LOOP('',(#3004,#3005,#3006,#3007));
#688=EDGE_LOOP('',(#3008,#3009,#3010,#3011));
#689=EDGE_LOOP('',(#3012,#3013,#3014,#3015));
#690=EDGE_LOOP('',(#3016,#3017,#3018,#3019));
#691=EDGE_LOOP('',(#3020,#3021,#3022,#3023));
#692=EDGE_LOOP('',(#3024,#3025,#3026,#3027));
#693=EDGE_LOOP('',(#3028,#3029,#3030,#3031));
#694=EDGE_LOOP('',(#3032,#3033,#3034,#3035));
#695=EDGE_LOOP('',(#3036,#3037,#3038,#3039));
#696=EDGE_LOOP('',(#3040,#3041,#3042,#3043));
#697=EDGE_LOOP('',(#3044,#3045,#3046,#3047));
#698=EDGE_LOOP('',(#3048,#3049,#3050,#3051));
#699=EDGE_LOOP('',(#3052,#3053,#3054,#3055));
#700=EDGE_LOOP('',(#3056,#3057,#3058,#3059));
#701=EDGE_LOOP('',(#3060,#3061,#3062,#3063));
#702=EDGE_LOOP('',(#3064,#3065,#3066,#3067));
#703=EDGE_LOOP('',(#3068,#3069,#3070,#3071));
#704=EDGE_LOOP('',(#3072,#3073,#3074,#3075));
#705=EDGE_LOOP('',(#3076,#3077,#3078,#3079));
#706=EDGE_LOOP('',(#3080,#3081,#3082,#3083));
#707=EDGE_LOOP('',(#3084,#3085,#3086,#3087));
#708=EDGE_LOOP('',(#3088,#3089,#3090,#3091));
#709=EDGE_LOOP('',(#3092,#3093,#3094,#3095));
#710=EDGE_LOOP('',(#3096,#3097,#3098,#3099));
#711=EDGE_LOOP('',(#3100,#3101,#3102,#3103));
#712=EDGE_LOOP('',(#3104,#3105,#3106,#3107));
#713=EDGE_LOOP('',(#3108,#3109,#3110,#3111));
#714=EDGE_LOOP('',(#3112,#3113,#3114,#3115));
#715=EDGE_LOOP('',(#3116,#3117,#3118,#3119));
#716=EDGE_LOOP('',(#3120,#3121,#3122,#3123));
#717=EDGE_LOOP('',(#3124,#3125,#3126,#3127));
#718=EDGE_LOOP('',(#3128,#3129,#3130,#3131));
#719=EDGE_LOOP('',(#3132,#3133,#3134,#3135));
#720=EDGE_LOOP('',(#3136,#3137,#3138,#3139));
#721=EDGE_LOOP('',(#3140,#3141,#3142,#3143));
#722=EDGE_LOOP('',(#3144,#3145,#3146,#3147));
#723=EDGE_LOOP('',(#3148,#3149,#3150,#3151));
#724=EDGE_LOOP('',(#3152,#3153,#3154,#3155));
#725=EDGE_LOOP('',(#3156,#3157,#3158,#3159));
#726=EDGE_LOOP('',(#3160,#3161,#3162,#3163));
#727=EDGE_LOOP('',(#3164,#3165,#3166,#3167));
#728=EDGE_LOOP('',(#3168,#3169,#3170,#3171));
#729=EDGE_LOOP('',(#3172,#3173,#3174,#3175));
#730=EDGE_LOOP('',(#3176,#3177,#3178,#3179));
#731=EDGE_LOOP('',(#3180,#3181,#3182,#3183));
#732=EDGE_LOOP('',(#3184,#3185,#3186,#3187));
#733=EDGE_LOOP('',(#3188,#3189,#3190,#3191));
#734=EDGE_LOOP('',(#3192,#3193,#3194,#3195));
#735=EDGE_LOOP('',(#3196,#3197,#3198,#3199));
#736=EDGE_LOOP('',(#3200,#3201,#3202,#3203));
#737=EDGE_LOOP('',(#3204,#3205,#3206,#3207));
#738=EDGE_LOOP('',(#3208,#3209,#3210,#3211));
#739=EDGE_LOOP('',(#3212,#3213,#3214,#3215));
#740=EDGE_LOOP('',(#3216,#3217,#3218,#3219));
#741=EDGE_LOOP('',(#3220,#3221,#3222,#3223));
#742=EDGE_LOOP('',(#3224,#3225,#3226,#3227));
#743=EDGE_LOOP('',(#3228,#3229,#3230,#3231));
#744=EDGE_LOOP('',(#3232,#3233,#3234,#3235));
#745=EDGE_LOOP('',(#3236,#3237,#3238,#3239));
#746=EDGE_LOOP('',(#3240,#3241,#3242,#3243));
#747=EDGE_LOOP('',(#3244,#3245,#3246,#3247));
#748=EDGE_LOOP('',(#3248,#3249,#3250,#3251));
#749=EDGE_LOOP('',(#3252,#3253,#3254,#3255));
#750=EDGE_LOOP('',(#3256,#3257,#3258,#3259));
#751=EDGE_LOOP('',(#3260,#3261,#3262,#3263));
#752=EDGE_LOOP('',(#3264,#3265,#3266,#3267));
#753=EDGE_LOOP('',(#3268,#3269,#3270,#3271));
#754=EDGE_LOOP('',(#3272,#3273,#3274,#3275));
#755=EDGE_LOOP('',(#3276,#3277,#3278,#3279));
#756=EDGE_LOOP('',(#3280,#3281,#3282,#3283));
#757=EDGE_LOOP('',(#3284,#3285,#3286,#3287));
#758=EDGE_LOOP('',(#3288,#3289,#3290,#3291));
#759=EDGE_LOOP('',(#3292,#3293,#3294,#3295));
#760=EDGE_LOOP('',(#3296,#3297,#3298,#3299));
#761=EDGE_LOOP('',(#3300,#3301,#3302,#3303));
#762=EDGE_LOOP('',(#3304,#3305,#3306,#3307));
#763=EDGE_LOOP('',(#3308,#3309,#3310,#3311));
#764=EDGE_LOOP('',(#3312,#3313,#3314,#3315));
#765=EDGE_LOOP('',(#3316,#3317,#3318,#3319));
#766=EDGE_LOOP('',(#3320,#3321,#3322,#3323));
#767=EDGE_LOOP('',(#3324,#3325,#3326,#3327));
#768=EDGE_LOOP('',(#3328,#3329,#3330,#3331));
#769=EDGE_LOOP('',(#3332,#3333,#3334,#3335));
#770=EDGE_LOOP('',(#3336,#3337,#3338,#3339));
#771=EDGE_LOOP('',(#3340,#3341,#3342,#3343));
#772=EDGE_LOOP('',(#3344,#3345,#3346,#3347));
#773=EDGE_LOOP('',(#3348,#3349,#3350,#3351));
#774=EDGE_LOOP('',(#3352,#3353,#3354,#3355));
#775=EDGE_LOOP('',(#3356,#3357,#3358,#3359));
#776=EDGE_LOOP('',(#3360,#3361,#3362,#3363));
#777=EDGE_LOOP('',(#3364,#3365,#3366,#3367));
#778=EDGE_LOOP('',(#3368,#3369,#3370,#3371));
#779=EDGE_LOOP('',(#3372,#3373,#3374,#3375));
#780=EDGE_LOOP('',(#3376,#3377,#3378,#3379));
#781=EDGE_LOOP('',(#3380,#3381,#3382,#3383));
#782=EDGE_LOOP('',(#3384,#3385,#3386,#3387));
#783=EDGE_LOOP('',(#3388,#3389,#3390,#3391));
#784=EDGE_LOOP('',(#3392,#3393,#3394,#3395));
#785=EDGE_LOOP('',(#3396,#3397,#3398,#3399));
#786=EDGE_LOOP('',(#3400,#3401,#3402,#3403));
#787=EDGE_LOOP('',(#3404,#3405,#3406,#3407));
#788=EDGE_LOOP('',(#3408,#3409,#3410,#3411));
#789=EDGE_LOOP('',(#3412,#3413,#3414,#3415));
#790=EDGE_LOOP('',(#3416,#3417,#3418,#3419));
#791=EDGE_LOOP('',(#3420,#3421,#3422,#3423));
#792=EDGE_LOOP('',(#3424,#3425,#3426,#3427));
#793=EDGE_LOOP('',(#3428,#3429,#3430,#3431));
#794=EDGE_LOOP('',(#3432,#3433,#3434,#3435,#3436,#3437,#3438));
#795=EDGE_LOOP('',(#3439,#3440,#3441,#3442));
#796=EDGE_LOOP('',(#3443,#3444,#3445,#3446));
#797=EDGE_LOOP('',(#3447,#3448,#3449,#3450));
#798=EDGE_LOOP('',(#3451,#3452,#3453,#3454));
#799=EDGE_LOOP('',(#3455,#3456,#3457,#3458));
#800=EDGE_LOOP('',(#3459,#3460,#3461,#3462));
#801=EDGE_LOOP('',(#3463,#3464,#3465,#3466));
#802=EDGE_LOOP('',(#3467,#3468,#3469,#3470));
#803=EDGE_LOOP('',(#3471,#3472,#3473,#3474));
#804=EDGE_LOOP('',(#3475,#3476,#3477,#3478));
#805=EDGE_LOOP('',(#3479,#3480,#3481,#3482));
#806=EDGE_LOOP('',(#3483,#3484,#3485,#3486));
#807=EDGE_LOOP('',(#3487,#3488,#3489,#3490));
#808=EDGE_LOOP('',(#3491,#3492,#3493,#3494));
#809=EDGE_LOOP('',(#3495,#3496,#3497,#3498));
#810=EDGE_LOOP('',(#3499,#3500,#3501,#3502));
#811=EDGE_LOOP('',(#3503,#3504,#3505,#3506));
#812=EDGE_LOOP('',(#3507,#3508,#3509,#3510));
#813=EDGE_LOOP('',(#3511,#3512,#3513,#3514));
#814=EDGE_LOOP('',(#3515,#3516,#3517,#3518));
#815=EDGE_LOOP('',(#3519,#3520,#3521,#3522));
#816=EDGE_LOOP('',(#3523,#3524,#3525,#3526));
#817=EDGE_LOOP('',(#3527,#3528,#3529,#3530));
#818=EDGE_LOOP('',(#3531,#3532,#3533,#3534));
#819=EDGE_LOOP('',(#3535,#3536,#3537,#3538));
#820=EDGE_LOOP('',(#3539,#3540,#3541,#3542,#3543,#3544,#3545,#3546));
#821=EDGE_LOOP('',(#3547,#3548,#3549,#3550));
#822=EDGE_LOOP('',(#3551,#3552,#3553,#3554,#3555,#3556,#3557,#3558));
#823=EDGE_LOOP('',(#3559,#3560,#3561,#3562,#3563,#3564));
#824=EDGE_LOOP('',(#3565,#3566,#3567,#3568,#3569,#3570));
#825=EDGE_LOOP('',(#3571,#3572,#3573,#3574,#3575,#3576,#3577,#3578));
#826=EDGE_LOOP('',(#3579,#3580,#3581,#3582,#3583,#3584));
#827=EDGE_LOOP('',(#3585,#3586,#3587,#3588));
#828=EDGE_LOOP('',(#3589,#3590,#3591,#3592));
#829=EDGE_LOOP('',(#3593,#3594,#3595,#3596,#3597,#3598,#3599,#3600));
#830=EDGE_LOOP('',(#3601,#3602,#3603,#3604,#3605,#3606,#3607,#3608,#3609,
#3610,#3611,#3612,#3613,#3614,#3615,#3616,#3617,#3618,#3619,#3620,#3621,
#3622,#3623));
#831=EDGE_LOOP('',(#3624,#3625,#3626,#3627,#3628,#3629,#3630,#3631));
#832=EDGE_LOOP('',(#3632,#3633,#3634,#3635,#3636,#3637,#3638,#3639));
#833=EDGE_LOOP('',(#3640,#3641,#3642,#3643,#3644,#3645,#3646,#3647));
#834=EDGE_LOOP('',(#3648,#3649,#3650,#3651,#3652,#3653,#3654,#3655));
#835=EDGE_LOOP('',(#3656,#3657,#3658,#3659,#3660,#3661,#3662,#3663,#3664,
#3665,#3666));
#836=EDGE_LOOP('',(#3667,#3668,#3669,#3670,#3671,#3672,#3673,#3674,#3675,
#3676,#3677,#3678,#3679,#3680,#3681,#3682));
#837=EDGE_LOOP('',(#3683,#3684,#3685,#3686,#3687,#3688,#3689,#3690));
#838=EDGE_LOOP('',(#3691,#3692,#3693,#3694,#3695,#3696,#3697,#3698));
#839=EDGE_LOOP('',(#3699,#3700,#3701,#3702,#3703,#3704,#3705,#3706));
#840=EDGE_LOOP('',(#3707,#3708,#3709,#3710,#3711,#3712,#3713));
#841=EDGE_LOOP('',(#3714,#3715,#3716,#3717,#3718,#3719));
#842=EDGE_LOOP('',(#3720,#3721,#3722,#3723,#3724,#3725,#3726,#3727,#3728,
#3729));
#843=EDGE_LOOP('',(#3730,#3731,#3732,#3733,#3734,#3735,#3736,#3737));
#844=EDGE_LOOP('',(#3738,#3739,#3740,#3741,#3742,#3743,#3744));
#845=EDGE_LOOP('',(#3745,#3746,#3747,#3748,#3749,#3750,#3751,#3752));
#846=EDGE_LOOP('',(#3753,#3754,#3755,#3756,#3757,#3758,#3759,#3760,#3761,
#3762,#3763,#3764,#3765,#3766,#3767,#3768,#3769,#3770,#3771,#3772,#3773,
#3774,#3775));
#847=EDGE_LOOP('',(#3776,#3777,#3778,#3779));
#848=EDGE_LOOP('',(#3780,#3781,#3782,#3783));
#849=EDGE_LOOP('',(#3784,#3785,#3786,#3787,#3788,#3789,#3790,#3791));
#850=EDGE_LOOP('',(#3792,#3793,#3794,#3795,#3796,#3797,#3798,#3799));
#851=EDGE_LOOP('',(#3800,#3801,#3802,#3803,#3804,#3805,#3806,#3807));
#852=EDGE_LOOP('',(#3808,#3809,#3810,#3811,#3812,#3813,#3814));
#853=EDGE_LOOP('',(#3815,#3816,#3817,#3818,#3819,#3820,#3821,#3822));
#854=EDGE_LOOP('',(#3823,#3824,#3825,#3826,#3827,#3828,#3829,#3830));
#855=EDGE_LOOP('',(#3831,#3832,#3833,#3834,#3835,#3836,#3837,#3838,#3839,
#3840,#3841,#3842,#3843,#3844,#3845,#3846,#3847,#3848,#3849,#3850,#3851,
#3852,#3853));
#856=EDGE_LOOP('',(#3854,#3855,#3856,#3857,#3858,#3859,#3860,#3861));
#857=EDGE_LOOP('',(#3862,#3863,#3864,#3865,#3866,#3867,#3868,#3869));
#858=EDGE_LOOP('',(#3870,#3871,#3872,#3873,#3874,#3875,#3876,#3877,#3878,
#3879,#3880,#3881,#3882,#3883,#3884,#3885));
#859=EDGE_LOOP('',(#3886,#3887,#3888,#3889,#3890,#3891,#3892,#3893));
#860=EDGE_LOOP('',(#3894,#3895,#3896,#3897,#3898,#3899));
#861=EDGE_LOOP('',(#3900,#3901,#3902,#3903,#3904,#3905,#3906,#3907,#3908,
#3909));
#862=EDGE_LOOP('',(#3910,#3911,#3912,#3913,#3914,#3915,#3916,#3917,#3918,
#3919,#3920));
#863=EDGE_LOOP('',(#3921,#3922,#3923,#3924,#3925,#3926,#3927,#3928));
#864=EDGE_LOOP('',(#3929,#3930,#3931,#3932,#3933,#3934,#3935,#3936,#3937,
#3938,#3939,#3940,#3941,#3942,#3943,#3944,#3945,#3946,#3947,#3948,#3949,
#3950,#3951,#3952,#3953,#3954,#3955,#3956,#3957,#3958,#3959,#3960,#3961,
#3962,#3963,#3964,#3965,#3966,#3967,#3968,#3969,#3970,#3971,#3972,#3973,
#3974,#3975,#3976));
#865=EDGE_LOOP('',(#3977,#3978,#3979,#3980,#3981,#3982,#3983,#3984,#3985,
#3986,#3987,#3988,#3989,#3990,#3991,#3992));
#866=EDGE_LOOP('',(#3993,#3994,#3995));
#867=LINE('',#5018,#1300);
#868=LINE('',#5021,#1301);
#869=LINE('',#5024,#1302);
#870=LINE('',#5028,#1303);
#871=LINE('',#5030,#1304);
#872=LINE('',#5032,#1305);
#873=LINE('',#5034,#1306);
#874=LINE('',#5036,#1307);
#875=LINE('',#5038,#1308);
#876=LINE('',#5045,#1309);
#877=LINE('',#5047,#1310);
#878=LINE('',#5049,#1311);
#879=LINE('',#5051,#1312);
#880=LINE('',#5053,#1313);
#881=LINE('',#5060,#1314);
#882=LINE('',#5061,#1315);
#883=LINE('',#5064,#1316);
#884=LINE('',#5065,#1317);
#885=LINE('',#5069,#1318);
#886=LINE('',#5073,#1319);
#887=LINE('',#5075,#1320);
#888=LINE('',#5077,#1321);
#889=LINE('',#5078,#1322);
#890=LINE('',#5082,#1323);
#891=LINE('',#5084,#1324);
#892=LINE('',#5086,#1325);
#893=LINE('',#5088,#1326);
#894=LINE('',#5090,#1327);
#895=LINE('',#5092,#1328);
#896=LINE('',#5094,#1329);
#897=LINE('',#5095,#1330);
#898=LINE('',#5098,#1331);
#899=LINE('',#5108,#1332);
#900=LINE('',#5109,#1333);
#901=LINE('',#5112,#1334);
#902=LINE('',#5114,#1335);
#903=LINE('',#5115,#1336);
#904=LINE('',#5163,#1337);
#905=LINE('',#5172,#1338);
#906=LINE('',#5175,#1339);
#907=LINE('',#5177,#1340);
#908=LINE('',#5178,#1341);
#909=LINE('',#5181,#1342);
#910=LINE('',#5183,#1343);
#911=LINE('',#5184,#1344);
#912=LINE('',#5211,#1345);
#913=LINE('',#5238,#1346);
#914=LINE('',#5241,#1347);
#915=LINE('',#5243,#1348);
#916=LINE('',#5244,#1349);
#917=LINE('',#5247,#1350);
#918=LINE('',#5249,#1351);
#919=LINE('',#5250,#1352);
#920=LINE('',#5284,#1353);
#921=LINE('',#5286,#1354);
#922=LINE('',#5288,#1355);
#923=LINE('',#5289,#1356);
#924=LINE('',#5292,#1357);
#925=LINE('',#5294,#1358);
#926=LINE('',#5295,#1359);
#927=LINE('',#5298,#1360);
#928=LINE('',#5300,#1361);
#929=LINE('',#5301,#1362);
#930=LINE('',#5303,#1363);
#931=LINE('',#5304,#1364);
#932=LINE('',#5325,#1365);
#933=LINE('',#5334,#1366);
#934=LINE('',#5337,#1367);
#935=LINE('',#5339,#1368);
#936=LINE('',#5340,#1369);
#937=LINE('',#5367,#1370);
#938=LINE('',#5370,#1371);
#939=LINE('',#5372,#1372);
#940=LINE('',#5373,#1373);
#941=LINE('',#5400,#1374);
#942=LINE('',#5403,#1375);
#943=LINE('',#5405,#1376);
#944=LINE('',#5406,#1377);
#945=LINE('',#5433,#1378);
#946=LINE('',#5436,#1379);
#947=LINE('',#5438,#1380);
#948=LINE('',#5439,#1381);
#949=LINE('',#5466,#1382);
#950=LINE('',#5469,#1383);
#951=LINE('',#5471,#1384);
#952=LINE('',#5472,#1385);
#953=LINE('',#5474,#1386);
#954=LINE('',#5475,#1387);
#955=LINE('',#5496,#1388);
#956=LINE('',#5505,#1389);
#957=LINE('',#5508,#1390);
#958=LINE('',#5510,#1391);
#959=LINE('',#5511,#1392);
#960=LINE('',#5538,#1393);
#961=LINE('',#5541,#1394);
#962=LINE('',#5543,#1395);
#963=LINE('',#5544,#1396);
#964=LINE('',#5571,#1397);
#965=LINE('',#5574,#1398);
#966=LINE('',#5576,#1399);
#967=LINE('',#5577,#1400);
#968=LINE('',#5604,#1401);
#969=LINE('',#5631,#1402);
#970=LINE('',#5634,#1403);
#971=LINE('',#5636,#1404);
#972=LINE('',#5637,#1405);
#973=LINE('',#5665,#1406);
#974=LINE('',#5667,#1407);
#975=LINE('',#5669,#1408);
#976=LINE('',#5670,#1409);
#977=LINE('',#5673,#1410);
#978=LINE('',#5675,#1411);
#979=LINE('',#5676,#1412);
#980=LINE('',#5679,#1413);
#981=LINE('',#5681,#1414);
#982=LINE('',#5682,#1415);
#983=LINE('',#5685,#1416);
#984=LINE('',#5687,#1417);
#985=LINE('',#5688,#1418);
#986=LINE('',#5691,#1419);
#987=LINE('',#5693,#1420);
#988=LINE('',#5694,#1421);
#989=LINE('',#5739,#1422);
#990=LINE('',#5748,#1423);
#991=LINE('',#5751,#1424);
#992=LINE('',#5753,#1425);
#993=LINE('',#5754,#1426);
#994=LINE('',#5781,#1427);
#995=LINE('',#5784,#1428);
#996=LINE('',#5786,#1429);
#997=LINE('',#5787,#1430);
#998=LINE('',#5814,#1431);
#999=LINE('',#5817,#1432);
#1000=LINE('',#5819,#1433);
#1001=LINE('',#5820,#1434);
#1002=LINE('',#5847,#1435);
#1003=LINE('',#5849,#1436);
#1004=LINE('',#5850,#1437);
#1005=LINE('',#5871,#1438);
#1006=LINE('',#5880,#1439);
#1007=LINE('',#5883,#1440);
#1008=LINE('',#5885,#1441);
#1009=LINE('',#5886,#1442);
#1010=LINE('',#5913,#1443);
#1011=LINE('',#5940,#1444);
#1012=LINE('',#5943,#1445);
#1013=LINE('',#5945,#1446);
#1014=LINE('',#5946,#1447);
#1015=LINE('',#5973,#1448);
#1016=LINE('',#6000,#1449);
#1017=LINE('',#6003,#1450);
#1018=LINE('',#6005,#1451);
#1019=LINE('',#6006,#1452);
#1020=LINE('',#6033,#1453);
#1021=LINE('',#6036,#1454);
#1022=LINE('',#6038,#1455);
#1023=LINE('',#6039,#1456);
#1024=LINE('',#6066,#1457);
#1025=LINE('',#6069,#1458);
#1026=LINE('',#6071,#1459);
#1027=LINE('',#6072,#1460);
#1028=LINE('',#6075,#1461);
#1029=LINE('',#6077,#1462);
#1030=LINE('',#6078,#1463);
#1031=LINE('',#6081,#1464);
#1032=LINE('',#6083,#1465);
#1033=LINE('',#6084,#1466);
#1034=LINE('',#6111,#1467);
#1035=LINE('',#6113,#1468);
#1036=LINE('',#6114,#1469);
#1037=LINE('',#6135,#1470);
#1038=LINE('',#6144,#1471);
#1039=LINE('',#6147,#1472);
#1040=LINE('',#6149,#1473);
#1041=LINE('',#6150,#1474);
#1042=LINE('',#6177,#1475);
#1043=LINE('',#6180,#1476);
#1044=LINE('',#6182,#1477);
#1045=LINE('',#6183,#1478);
#1046=LINE('',#6210,#1479);
#1047=LINE('',#6213,#1480);
#1048=LINE('',#6215,#1481);
#1049=LINE('',#6216,#1482);
#1050=LINE('',#6243,#1483);
#1051=LINE('',#6245,#1484);
#1052=LINE('',#6246,#1485);
#1053=LINE('',#6267,#1486);
#1054=LINE('',#6276,#1487);
#1055=LINE('',#6279,#1488);
#1056=LINE('',#6281,#1489);
#1057=LINE('',#6282,#1490);
#1058=LINE('',#6309,#1491);
#1059=LINE('',#6312,#1492);
#1060=LINE('',#6314,#1493);
#1061=LINE('',#6315,#1494);
#1062=LINE('',#6342,#1495);
#1063=LINE('',#6345,#1496);
#1064=LINE('',#6347,#1497);
#1065=LINE('',#6348,#1498);
#1066=LINE('',#6375,#1499);
#1067=LINE('',#6377,#1500);
#1068=LINE('',#6378,#1501);
#1069=LINE('',#6399,#1502);
#1070=LINE('',#6408,#1503);
#1071=LINE('',#6411,#1504);
#1072=LINE('',#6413,#1505);
#1073=LINE('',#6414,#1506);
#1074=LINE('',#6441,#1507);
#1075=LINE('',#6468,#1508);
#1076=LINE('',#6495,#1509);
#1077=LINE('',#6522,#1510);
#1078=LINE('',#6525,#1511);
#1079=LINE('',#6527,#1512);
#1080=LINE('',#6528,#1513);
#1081=LINE('',#6531,#1514);
#1082=LINE('',#6533,#1515);
#1083=LINE('',#6534,#1516);
#1084=LINE('',#6537,#1517);
#1085=LINE('',#6539,#1518);
#1086=LINE('',#6540,#1519);
#1087=LINE('',#6543,#1520);
#1088=LINE('',#6545,#1521);
#1089=LINE('',#6546,#1522);
#1090=LINE('',#6573,#1523);
#1091=LINE('',#6576,#1524);
#1092=LINE('',#6578,#1525);
#1093=LINE('',#6579,#1526);
#1094=LINE('',#6582,#1527);
#1095=LINE('',#6584,#1528);
#1096=LINE('',#6585,#1529);
#1097=LINE('',#6612,#1530);
#1098=LINE('',#6615,#1531);
#1099=LINE('',#6617,#1532);
#1100=LINE('',#6618,#1533);
#1101=LINE('',#6645,#1534);
#1102=LINE('',#6648,#1535);
#1103=LINE('',#6650,#1536);
#1104=LINE('',#6651,#1537);
#1105=LINE('',#6678,#1538);
#1106=LINE('',#6681,#1539);
#1107=LINE('',#6683,#1540);
#1108=LINE('',#6684,#1541);
#1109=LINE('',#6687,#1542);
#1110=LINE('',#6689,#1543);
#1111=LINE('',#6690,#1544);
#1112=LINE('',#6693,#1545);
#1113=LINE('',#6695,#1546);
#1114=LINE('',#6696,#1547);
#1115=LINE('',#6723,#1548);
#1116=LINE('',#6725,#1549);
#1117=LINE('',#6726,#1550);
#1118=LINE('',#6747,#1551);
#1119=LINE('',#6756,#1552);
#1120=LINE('',#6759,#1553);
#1121=LINE('',#6761,#1554);
#1122=LINE('',#6762,#1555);
#1123=LINE('',#6789,#1556);
#1124=LINE('',#6792,#1557);
#1125=LINE('',#6794,#1558);
#1126=LINE('',#6795,#1559);
#1127=LINE('',#6822,#1560);
#1128=LINE('',#6825,#1561);
#1129=LINE('',#6827,#1562);
#1130=LINE('',#6828,#1563);
#1131=LINE('',#6855,#1564);
#1132=LINE('',#6857,#1565);
#1133=LINE('',#6858,#1566);
#1134=LINE('',#6879,#1567);
#1135=LINE('',#6888,#1568);
#1136=LINE('',#6891,#1569);
#1137=LINE('',#6893,#1570);
#1138=LINE('',#6894,#1571);
#1139=LINE('',#6921,#1572);
#1140=LINE('',#6924,#1573);
#1141=LINE('',#6926,#1574);
#1142=LINE('',#6927,#1575);
#1143=LINE('',#6954,#1576);
#1144=LINE('',#6957,#1577);
#1145=LINE('',#6959,#1578);
#1146=LINE('',#6960,#1579);
#1147=LINE('',#6987,#1580);
#1148=LINE('',#6989,#1581);
#1149=LINE('',#6990,#1582);
#1150=LINE('',#7011,#1583);
#1151=LINE('',#7020,#1584);
#1152=LINE('',#7023,#1585);
#1153=LINE('',#7025,#1586);
#1154=LINE('',#7026,#1587);
#1155=LINE('',#7029,#1588);
#1156=LINE('',#7031,#1589);
#1157=LINE('',#7032,#1590);
#1158=LINE('',#7059,#1591);
#1159=LINE('',#7062,#1592);
#1160=LINE('',#7064,#1593);
#1161=LINE('',#7065,#1594);
#1162=LINE('',#7092,#1595);
#1163=LINE('',#7094,#1596);
#1164=LINE('',#7095,#1597);
#1165=LINE('',#7116,#1598);
#1166=LINE('',#7125,#1599);
#1167=LINE('',#7128,#1600);
#1168=LINE('',#7130,#1601);
#1169=LINE('',#7131,#1602);
#1170=LINE('',#7158,#1603);
#1171=LINE('',#7161,#1604);
#1172=LINE('',#7163,#1605);
#1173=LINE('',#7164,#1606);
#1174=LINE('',#7191,#1607);
#1175=LINE('',#7194,#1608);
#1176=LINE('',#7196,#1609);
#1177=LINE('',#7197,#1610);
#1178=LINE('',#7224,#1611);
#1179=LINE('',#7226,#1612);
#1180=LINE('',#7227,#1613);
#1181=LINE('',#7248,#1614);
#1182=LINE('',#7257,#1615);
#1183=LINE('',#7260,#1616);
#1184=LINE('',#7262,#1617);
#1185=LINE('',#7263,#1618);
#1186=LINE('',#7290,#1619);
#1187=LINE('',#7293,#1620);
#1188=LINE('',#7295,#1621);
#1189=LINE('',#7296,#1622);
#1190=LINE('',#7323,#1623);
#1191=LINE('',#7326,#1624);
#1192=LINE('',#7328,#1625);
#1193=LINE('',#7329,#1626);
#1194=LINE('',#7356,#1627);
#1195=LINE('',#7358,#1628);
#1196=LINE('',#7359,#1629);
#1197=LINE('',#7380,#1630);
#1198=LINE('',#7389,#1631);
#1199=LINE('',#7392,#1632);
#1200=LINE('',#7394,#1633);
#1201=LINE('',#7395,#1634);
#1202=LINE('',#7422,#1635);
#1203=LINE('',#7425,#1636);
#1204=LINE('',#7427,#1637);
#1205=LINE('',#7428,#1638);
#1206=LINE('',#7455,#1639);
#1207=LINE('',#7458,#1640);
#1208=LINE('',#7460,#1641);
#1209=LINE('',#7461,#1642);
#1210=LINE('',#7488,#1643);
#1211=LINE('',#7490,#1644);
#1212=LINE('',#7491,#1645);
#1213=LINE('',#7512,#1646);
#1214=LINE('',#7521,#1647);
#1215=LINE('',#7524,#1648);
#1216=LINE('',#7526,#1649);
#1217=LINE('',#7527,#1650);
#1218=LINE('',#7554,#1651);
#1219=LINE('',#7573,#1652);
#1220=LINE('',#7592,#1653);
#1221=LINE('',#7626,#1654);
#1222=LINE('',#7629,#1655);
#1223=LINE('',#7631,#1656);
#1224=LINE('',#7632,#1657);
#1225=LINE('',#7635,#1658);
#1226=LINE('',#7637,#1659);
#1227=LINE('',#7638,#1660);
#1228=LINE('',#7641,#1661);
#1229=LINE('',#7643,#1662);
#1230=LINE('',#7644,#1663);
#1231=LINE('',#7647,#1664);
#1232=LINE('',#7649,#1665);
#1233=LINE('',#7650,#1666);
#1234=LINE('',#7677,#1667);
#1235=LINE('',#7680,#1668);
#1236=LINE('',#7682,#1669);
#1237=LINE('',#7683,#1670);
#1238=LINE('',#7686,#1671);
#1239=LINE('',#7688,#1672);
#1240=LINE('',#7689,#1673);
#1241=LINE('',#7716,#1674);
#1242=LINE('',#7719,#1675);
#1243=LINE('',#7721,#1676);
#1244=LINE('',#7722,#1677);
#1245=LINE('',#7750,#1678);
#1246=LINE('',#7752,#1679);
#1247=LINE('',#7754,#1680);
#1248=LINE('',#7755,#1681);
#1249=LINE('',#7782,#1682);
#1250=LINE('',#7785,#1683);
#1251=LINE('',#7787,#1684);
#1252=LINE('',#7788,#1685);
#1253=LINE('',#7815,#1686);
#1254=LINE('',#7818,#1687);
#1255=LINE('',#7820,#1688);
#1256=LINE('',#7821,#1689);
#1257=LINE('',#7848,#1690);
#1258=LINE('',#7869,#1691);
#1259=LINE('',#7878,#1692);
#1260=LINE('',#7881,#1693);
#1261=LINE('',#7883,#1694);
#1262=LINE('',#7884,#1695);
#1263=LINE('',#7911,#1696);
#1264=LINE('',#7932,#1697);
#1265=LINE('',#7941,#1698);
#1266=LINE('',#7944,#1699);
#1267=LINE('',#7946,#1700);
#1268=LINE('',#7947,#1701);
#1269=LINE('',#7974,#1702);
#1270=LINE('',#7977,#1703);
#1271=LINE('',#7979,#1704);
#1272=LINE('',#7980,#1705);
#1273=LINE('',#7983,#1706);
#1274=LINE('',#7984,#1707);
#1275=LINE('',#7986,#1708);
#1276=LINE('',#7987,#1709);
#1277=LINE('',#7989,#1710);
#1278=LINE('',#7991,#1711);
#1279=LINE('',#7992,#1712);
#1280=LINE('',#7995,#1713);
#1281=LINE('',#7996,#1714);
#1282=LINE('',#7998,#1715);
#1283=LINE('',#8000,#1716);
#1284=LINE('',#8001,#1717);
#1285=LINE('',#8002,#1718);
#1286=LINE('',#8039,#1719);
#1287=LINE('',#8040,#1720);
#1288=LINE('',#8043,#1721);
#1289=LINE('',#8044,#1722);
#1290=LINE('',#8045,#1723);
#1291=LINE('',#8048,#1724);
#1292=LINE('',#8049,#1725);
#1293=LINE('',#8050,#1726);
#1294=LINE('',#8076,#1727);
#1295=LINE('',#8078,#1728);
#1296=LINE('',#8080,#1729);
#1297=LINE('',#8081,#1730);
#1298=LINE('',#8082,#1731);
#1299=LINE('',#8084,#1732);
#1300=VECTOR('',#4342,10.);
#1301=VECTOR('',#4345,10.);
#1302=VECTOR('',#4348,10.);
#1303=VECTOR('',#4351,10.);
#1304=VECTOR('',#4352,10.);
#1305=VECTOR('',#4353,10.);
#1306=VECTOR('',#4354,10.);
#1307=VECTOR('',#4355,10.);
#1308=VECTOR('',#4356,10.);
#1309=VECTOR('',#4357,10.);
#1310=VECTOR('',#4358,10.);
#1311=VECTOR('',#4359,10.);
#1312=VECTOR('',#4360,10.);
#1313=VECTOR('',#4361,10.);
#1314=VECTOR('',#4362,10.);
#1315=VECTOR('',#4363,10.);
#1316=VECTOR('',#4366,10.);
#1317=VECTOR('',#4367,10.);
#1318=VECTOR('',#4372,10.);
#1319=VECTOR('',#4375,10.);
#1320=VECTOR('',#4376,10.);
#1321=VECTOR('',#4377,10.);
#1322=VECTOR('',#4378,10.);
#1323=VECTOR('',#4381,10.);
#1324=VECTOR('',#4382,10.);
#1325=VECTOR('',#4383,10.);
#1326=VECTOR('',#4384,10.);
#1327=VECTOR('',#4385,10.);
#1328=VECTOR('',#4386,10.);
#1329=VECTOR('',#4387,10.);
#1330=VECTOR('',#4388,10.);
#1331=VECTOR('',#4391,10.);
#1332=VECTOR('',#4394,10.);
#1333=VECTOR('',#4395,10.);
#1334=VECTOR('',#4398,10.);
#1335=VECTOR('',#4399,10.);
#1336=VECTOR('',#4400,10.);
#1337=VECTOR('',#4401,10.);
#1338=VECTOR('',#4402,10.);
#1339=VECTOR('',#4405,10.);
#1340=VECTOR('',#4406,10.);
#1341=VECTOR('',#4407,10.);
#1342=VECTOR('',#4410,10.);
#1343=VECTOR('',#4411,10.);
#1344=VECTOR('',#4412,10.);
#1345=VECTOR('',#4413,10.);
#1346=VECTOR('',#4414,10.);
#1347=VECTOR('',#4417,10.);
#1348=VECTOR('',#4418,10.);
#1349=VECTOR('',#4419,10.);
#1350=VECTOR('',#4422,10.);
#1351=VECTOR('',#4423,10.);
#1352=VECTOR('',#4424,10.);
#1353=VECTOR('',#4427,10.);
#1354=VECTOR('',#4428,10.);
#1355=VECTOR('',#4429,10.);
#1356=VECTOR('',#4430,10.);
#1357=VECTOR('',#4433,10.);
#1358=VECTOR('',#4434,10.);
#1359=VECTOR('',#4435,10.);
#1360=VECTOR('',#4438,10.);
#1361=VECTOR('',#4439,10.);
#1362=VECTOR('',#4440,10.);
#1363=VECTOR('',#4443,10.);
#1364=VECTOR('',#4444,10.);
#1365=VECTOR('',#4445,10.);
#1366=VECTOR('',#4446,10.);
#1367=VECTOR('',#4449,10.);
#1368=VECTOR('',#4450,10.);
#1369=VECTOR('',#4451,10.);
#1370=VECTOR('',#4452,10.);
#1371=VECTOR('',#4455,10.);
#1372=VECTOR('',#4456,10.);
#1373=VECTOR('',#4457,10.);
#1374=VECTOR('',#4458,10.);
#1375=VECTOR('',#4461,10.);
#1376=VECTOR('',#4462,10.);
#1377=VECTOR('',#4463,10.);
#1378=VECTOR('',#4464,10.);
#1379=VECTOR('',#4467,10.);
#1380=VECTOR('',#4468,10.);
#1381=VECTOR('',#4469,10.);
#1382=VECTOR('',#4470,10.);
#1383=VECTOR('',#4473,10.);
#1384=VECTOR('',#4474,10.);
#1385=VECTOR('',#4475,10.);
#1386=VECTOR('',#4478,10.);
#1387=VECTOR('',#4479,10.);
#1388=VECTOR('',#4480,10.);
#1389=VECTOR('',#4481,10.);
#1390=VECTOR('',#4484,10.);
#1391=VECTOR('',#4485,10.);
#1392=VECTOR('',#4486,10.);
#1393=VECTOR('',#4487,10.);
#1394=VECTOR('',#4490,10.);
#1395=VECTOR('',#4491,10.);
#1396=VECTOR('',#4492,10.);
#1397=VECTOR('',#4493,10.);
#1398=VECTOR('',#4496,10.);
#1399=VECTOR('',#4497,10.);
#1400=VECTOR('',#4498,10.);
#1401=VECTOR('',#4499,10.);
#1402=VECTOR('',#4500,10.);
#1403=VECTOR('',#4503,10.);
#1404=VECTOR('',#4504,10.);
#1405=VECTOR('',#4505,10.);
#1406=VECTOR('',#4508,10.);
#1407=VECTOR('',#4509,10.);
#1408=VECTOR('',#4510,10.);
#1409=VECTOR('',#4511,10.);
#1410=VECTOR('',#4514,10.);
#1411=VECTOR('',#4515,10.);
#1412=VECTOR('',#4516,10.);
#1413=VECTOR('',#4519,10.);
#1414=VECTOR('',#4520,10.);
#1415=VECTOR('',#4521,10.);
#1416=VECTOR('',#4524,10.);
#1417=VECTOR('',#4525,10.);
#1418=VECTOR('',#4526,10.);
#1419=VECTOR('',#4529,10.);
#1420=VECTOR('',#4530,10.);
#1421=VECTOR('',#4531,10.);
#1422=VECTOR('',#4532,10.);
#1423=VECTOR('',#4533,10.);
#1424=VECTOR('',#4536,10.);
#1425=VECTOR('',#4537,10.);
#1426=VECTOR('',#4538,10.);
#1427=VECTOR('',#4539,10.);
#1428=VECTOR('',#4542,10.);
#1429=VECTOR('',#4543,10.);
#1430=VECTOR('',#4544,10.);
#1431=VECTOR('',#4545,10.);
#1432=VECTOR('',#4548,10.);
#1433=VECTOR('',#4549,10.);
#1434=VECTOR('',#4550,10.);
#1435=VECTOR('',#4551,10.);
#1436=VECTOR('',#4554,10.);
#1437=VECTOR('',#4555,10.);
#1438=VECTOR('',#4556,10.);
#1439=VECTOR('',#4557,10.);
#1440=VECTOR('',#4560,10.);
#1441=VECTOR('',#4561,10.);
#1442=VECTOR('',#4562,10.);
#1443=VECTOR('',#4563,10.);
#1444=VECTOR('',#4564,10.);
#1445=VECTOR('',#4567,10.);
#1446=VECTOR('',#4568,10.);
#1447=VECTOR('',#4569,10.);
#1448=VECTOR('',#4570,10.);
#1449=VECTOR('',#4571,10.);
#1450=VECTOR('',#4574,10.);
#1451=VECTOR('',#4575,10.);
#1452=VECTOR('',#4576,10.);
#1453=VECTOR('',#4577,10.);
#1454=VECTOR('',#4580,10.);
#1455=VECTOR('',#4581,10.);
#1456=VECTOR('',#4582,10.);
#1457=VECTOR('',#4583,10.);
#1458=VECTOR('',#4586,10.);
#1459=VECTOR('',#4587,10.);
#1460=VECTOR('',#4588,10.);
#1461=VECTOR('',#4591,10.);
#1462=VECTOR('',#4592,10.);
#1463=VECTOR('',#4593,10.);
#1464=VECTOR('',#4596,10.);
#1465=VECTOR('',#4597,10.);
#1466=VECTOR('',#4598,10.);
#1467=VECTOR('',#4599,10.);
#1468=VECTOR('',#4602,10.);
#1469=VECTOR('',#4603,10.);
#1470=VECTOR('',#4604,10.);
#1471=VECTOR('',#4605,10.);
#1472=VECTOR('',#4608,10.);
#1473=VECTOR('',#4609,10.);
#1474=VECTOR('',#4610,10.);
#1475=VECTOR('',#4611,10.);
#1476=VECTOR('',#4614,10.);
#1477=VECTOR('',#4615,10.);
#1478=VECTOR('',#4616,10.);
#1479=VECTOR('',#4617,10.);
#1480=VECTOR('',#4620,10.);
#1481=VECTOR('',#4621,10.);
#1482=VECTOR('',#4622,10.);
#1483=VECTOR('',#4623,10.);
#1484=VECTOR('',#4626,10.);
#1485=VECTOR('',#4627,10.);
#1486=VECTOR('',#4628,10.);
#1487=VECTOR('',#4629,10.);
#1488=VECTOR('',#4632,10.);
#1489=VECTOR('',#4633,10.);
#1490=VECTOR('',#4634,10.);
#1491=VECTOR('',#4635,10.);
#1492=VECTOR('',#4638,10.);
#1493=VECTOR('',#4639,10.);
#1494=VECTOR('',#4640,10.);
#1495=VECTOR('',#4641,10.);
#1496=VECTOR('',#4644,10.);
#1497=VECTOR('',#4645,10.);
#1498=VECTOR('',#4646,10.);
#1499=VECTOR('',#4647,10.);
#1500=VECTOR('',#4650,10.);
#1501=VECTOR('',#4651,10.);
#1502=VECTOR('',#4652,10.);
#1503=VECTOR('',#4653,10.);
#1504=VECTOR('',#4656,10.);
#1505=VECTOR('',#4657,10.);
#1506=VECTOR('',#4658,10.);
#1507=VECTOR('',#4659,10.);
#1508=VECTOR('',#4660,10.);
#1509=VECTOR('',#4661,10.);
#1510=VECTOR('',#4662,10.);
#1511=VECTOR('',#4665,10.);
#1512=VECTOR('',#4666,10.);
#1513=VECTOR('',#4667,10.);
#1514=VECTOR('',#4670,10.);
#1515=VECTOR('',#4671,10.);
#1516=VECTOR('',#4672,10.);
#1517=VECTOR('',#4675,10.);
#1518=VECTOR('',#4676,10.);
#1519=VECTOR('',#4677,10.);
#1520=VECTOR('',#4680,10.);
#1521=VECTOR('',#4681,10.);
#1522=VECTOR('',#4682,10.);
#1523=VECTOR('',#4683,10.);
#1524=VECTOR('',#4686,10.);
#1525=VECTOR('',#4687,10.);
#1526=VECTOR('',#4688,10.);
#1527=VECTOR('',#4691,10.);
#1528=VECTOR('',#4692,10.);
#1529=VECTOR('',#4693,10.);
#1530=VECTOR('',#4694,10.);
#1531=VECTOR('',#4697,10.);
#1532=VECTOR('',#4698,10.);
#1533=VECTOR('',#4699,10.);
#1534=VECTOR('',#4700,10.);
#1535=VECTOR('',#4703,10.);
#1536=VECTOR('',#4704,10.);
#1537=VECTOR('',#4705,10.);
#1538=VECTOR('',#4706,10.);
#1539=VECTOR('',#4709,10.);
#1540=VECTOR('',#4710,10.);
#1541=VECTOR('',#4711,10.);
#1542=VECTOR('',#4714,10.);
#1543=VECTOR('',#4715,10.);
#1544=VECTOR('',#4716,10.);
#1545=VECTOR('',#4719,10.);
#1546=VECTOR('',#4720,10.);
#1547=VECTOR('',#4721,10.);
#1548=VECTOR('',#4722,10.);
#1549=VECTOR('',#4725,10.);
#1550=VECTOR('',#4726,10.);
#1551=VECTOR('',#4727,10.);
#1552=VECTOR('',#4728,10.);
#1553=VECTOR('',#4731,10.);
#1554=VECTOR('',#4732,10.);
#1555=VECTOR('',#4733,10.);
#1556=VECTOR('',#4734,10.);
#1557=VECTOR('',#4737,10.);
#1558=VECTOR('',#4738,10.);
#1559=VECTOR('',#4739,10.);
#1560=VECTOR('',#4740,10.);
#1561=VECTOR('',#4743,10.);
#1562=VECTOR('',#4744,10.);
#1563=VECTOR('',#4745,10.);
#1564=VECTOR('',#4746,10.);
#1565=VECTOR('',#4749,10.);
#1566=VECTOR('',#4750,10.);
#1567=VECTOR('',#4751,10.);
#1568=VECTOR('',#4752,10.);
#1569=VECTOR('',#4755,10.);
#1570=VECTOR('',#4756,10.);
#1571=VECTOR('',#4757,10.);
#1572=VECTOR('',#4758,10.);
#1573=VECTOR('',#4761,10.);
#1574=VECTOR('',#4762,10.);
#1575=VECTOR('',#4763,10.);
#1576=VECTOR('',#4764,10.);
#1577=VECTOR('',#4767,10.);
#1578=VECTOR('',#4768,10.);
#1579=VECTOR('',#4769,10.);
#1580=VECTOR('',#4770,10.);
#1581=VECTOR('',#4773,10.);
#1582=VECTOR('',#4774,10.);
#1583=VECTOR('',#4775,10.);
#1584=VECTOR('',#4776,10.);
#1585=VECTOR('',#4779,10.);
#1586=VECTOR('',#4780,10.);
#1587=VECTOR('',#4781,10.);
#1588=VECTOR('',#4784,10.);
#1589=VECTOR('',#4785,10.);
#1590=VECTOR('',#4786,10.);
#1591=VECTOR('',#4787,10.);
#1592=VECTOR('',#4790,10.);
#1593=VECTOR('',#4791,10.);
#1594=VECTOR('',#4792,10.);
#1595=VECTOR('',#4793,10.);
#1596=VECTOR('',#4796,10.);
#1597=VECTOR('',#4797,10.);
#1598=VECTOR('',#4798,10.);
#1599=VECTOR('',#4799,10.);
#1600=VECTOR('',#4802,10.);
#1601=VECTOR('',#4803,10.);
#1602=VECTOR('',#4804,10.);
#1603=VECTOR('',#4805,10.);
#1604=VECTOR('',#4808,10.);
#1605=VECTOR('',#4809,10.);
#1606=VECTOR('',#4810,10.);
#1607=VECTOR('',#4811,10.);
#1608=VECTOR('',#4814,10.);
#1609=VECTOR('',#4815,10.);
#1610=VECTOR('',#4816,10.);
#1611=VECTOR('',#4817,10.);
#1612=VECTOR('',#4820,10.);
#1613=VECTOR('',#4821,10.);
#1614=VECTOR('',#4822,10.);
#1615=VECTOR('',#4823,10.);
#1616=VECTOR('',#4826,10.);
#1617=VECTOR('',#4827,10.);
#1618=VECTOR('',#4828,10.);
#1619=VECTOR('',#4829,10.);
#1620=VECTOR('',#4832,10.);
#1621=VECTOR('',#4833,10.);
#1622=VECTOR('',#4834,10.);
#1623=VECTOR('',#4835,10.);
#1624=VECTOR('',#4838,10.);
#1625=VECTOR('',#4839,10.);
#1626=VECTOR('',#4840,10.);
#1627=VECTOR('',#4841,10.);
#1628=VECTOR('',#4844,10.);
#1629=VECTOR('',#4845,10.);
#1630=VECTOR('',#4846,10.);
#1631=VECTOR('',#4847,10.);
#1632=VECTOR('',#4850,10.);
#1633=VECTOR('',#4851,10.);
#1634=VECTOR('',#4852,10.);
#1635=VECTOR('',#4853,10.);
#1636=VECTOR('',#4856,10.);
#1637=VECTOR('',#4857,10.);
#1638=VECTOR('',#4858,10.);
#1639=VECTOR('',#4859,10.);
#1640=VECTOR('',#4862,10.);
#1641=VECTOR('',#4863,10.);
#1642=VECTOR('',#4864,10.);
#1643=VECTOR('',#4865,10.);
#1644=VECTOR('',#4868,10.);
#1645=VECTOR('',#4869,10.);
#1646=VECTOR('',#4870,10.);
#1647=VECTOR('',#4871,10.);
#1648=VECTOR('',#4874,10.);
#1649=VECTOR('',#4875,10.);
#1650=VECTOR('',#4876,10.);
#1651=VECTOR('',#4877,10.);
#1652=VECTOR('',#4878,10.);
#1653=VECTOR('',#4879,10.);
#1654=VECTOR('',#4880,10.);
#1655=VECTOR('',#4883,10.);
#1656=VECTOR('',#4884,10.);
#1657=VECTOR('',#4885,10.);
#1658=VECTOR('',#4888,10.);
#1659=VECTOR('',#4889,10.);
#1660=VECTOR('',#4890,10.);
#1661=VECTOR('',#4893,10.);
#1662=VECTOR('',#4894,10.);
#1663=VECTOR('',#4895,10.);
#1664=VECTOR('',#4898,10.);
#1665=VECTOR('',#4899,10.);
#1666=VECTOR('',#4900,10.);
#1667=VECTOR('',#4901,10.);
#1668=VECTOR('',#4904,10.);
#1669=VECTOR('',#4905,10.);
#1670=VECTOR('',#4906,10.);
#1671=VECTOR('',#4909,10.);
#1672=VECTOR('',#4910,10.);
#1673=VECTOR('',#4911,10.);
#1674=VECTOR('',#4912,10.);
#1675=VECTOR('',#4915,10.);
#1676=VECTOR('',#4916,10.);
#1677=VECTOR('',#4917,10.);
#1678=VECTOR('',#4920,10.);
#1679=VECTOR('',#4921,10.);
#1680=VECTOR('',#4922,10.);
#1681=VECTOR('',#4923,10.);
#1682=VECTOR('',#4924,10.);
#1683=VECTOR('',#4927,10.);
#1684=VECTOR('',#4928,10.);
#1685=VECTOR('',#4929,10.);
#1686=VECTOR('',#4930,10.);
#1687=VECTOR('',#4933,10.);
#1688=VECTOR('',#4934,10.);
#1689=VECTOR('',#4935,10.);
#1690=VECTOR('',#4936,10.);
#1691=VECTOR('',#4937,10.);
#1692=VECTOR('',#4938,10.);
#1693=VECTOR('',#4941,10.);
#1694=VECTOR('',#4942,10.);
#1695=VECTOR('',#4943,10.);
#1696=VECTOR('',#4944,10.);
#1697=VECTOR('',#4945,10.);
#1698=VECTOR('',#4946,10.);
#1699=VECTOR('',#4949,10.);
#1700=VECTOR('',#4950,10.);
#1701=VECTOR('',#4951,10.);
#1702=VECTOR('',#4952,10.);
#1703=VECTOR('',#4955,10.);
#1704=VECTOR('',#4956,10.);
#1705=VECTOR('',#4957,10.);
#1706=VECTOR('',#4960,10.);
#1707=VECTOR('',#4961,10.);
#1708=VECTOR('',#4964,10.);
#1709=VECTOR('',#4965,10.);
#1710=VECTOR('',#4966,10.);
#1711=VECTOR('',#4967,10.);
#1712=VECTOR('',#4968,10.);
#1713=VECTOR('',#4971,10.);
#1714=VECTOR('',#4972,10.);
#1715=VECTOR('',#4975,10.);
#1716=VECTOR('',#4976,10.);
#1717=VECTOR('',#4977,10.);
#1718=VECTOR('',#4978,10.);
#1719=VECTOR('',#4981,10.);
#1720=VECTOR('',#4982,10.);
#1721=VECTOR('',#4985,10.);
#1722=VECTOR('',#4986,10.);
#1723=VECTOR('',#4987,10.);
#1724=VECTOR('',#4990,10.);
#1725=VECTOR('',#4991,10.);
#1726=VECTOR('',#4992,10.);
#1727=VECTOR('',#4995,10.);
#1728=VECTOR('',#4998,10.);
#1729=VECTOR('',#5001,10.);
#1730=VECTOR('',#5002,10.);
#1731=VECTOR('',#5003,10.);
#1732=VECTOR('',#5006,10.);
#1733=CIRCLE('',#4215,6.);
#1734=CIRCLE('',#4216,6.);
#1735=CIRCLE('',#4218,6.);
#1736=CIRCLE('',#4221,6.);
#1737=VERTEX_POINT('',#5014);
#1738=VERTEX_POINT('',#5015);
#1739=VERTEX_POINT('',#5017);
#1740=VERTEX_POINT('',#5019);
#1741=VERTEX_POINT('',#5023);
#1742=VERTEX_POINT('',#5025);
#1743=VERTEX_POINT('',#5027);
#1744=VERTEX_POINT('',#5029);
#1745=VERTEX_POINT('',#5031);
#1746=VERTEX_POINT('',#5033);
#1747=VERTEX_POINT('',#5035);
#1748=VERTEX_POINT('',#5037);
#1749=VERTEX_POINT('',#5039);
#1750=VERTEX_POINT('',#5044);
#1751=VERTEX_POINT('',#5046);
#1752=VERTEX_POINT('',#5048);
#1753=VERTEX_POINT('',#5050);
#1754=VERTEX_POINT('',#5052);
#1755=VERTEX_POINT('',#5054);
#1756=VERTEX_POINT('',#5059);
#1757=VERTEX_POINT('',#5063);
#1758=VERTEX_POINT('',#5067);
#1759=VERTEX_POINT('',#5071);
#1760=VERTEX_POINT('',#5072);
#1761=VERTEX_POINT('',#5074);
#1762=VERTEX_POINT('',#5076);
#1763=VERTEX_POINT('',#5080);
#1764=VERTEX_POINT('',#5081);
#1765=VERTEX_POINT('',#5083);
#1766=VERTEX_POINT('',#5085);
#1767=VERTEX_POINT('',#5087);
#1768=VERTEX_POINT('',#5089);
#1769=VERTEX_POINT('',#5091);
#1770=VERTEX_POINT('',#5093);
#1771=VERTEX_POINT('',#5097);
#1772=VERTEX_POINT('',#5107);
#1773=VERTEX_POINT('',#5111);
#1774=VERTEX_POINT('',#5113);
#1775=VERTEX_POINT('',#5153);
#1776=VERTEX_POINT('',#5154);
#1777=VERTEX_POINT('',#5162);
#1778=VERTEX_POINT('',#5164);
#1779=VERTEX_POINT('',#5174);
#1780=VERTEX_POINT('',#5176);
#1781=VERTEX_POINT('',#5180);
#1782=VERTEX_POINT('',#5182);
#1783=VERTEX_POINT('',#5195);
#1784=VERTEX_POINT('',#5203);
#1785=VERTEX_POINT('',#5222);
#1786=VERTEX_POINT('',#5230);
#1787=VERTEX_POINT('',#5240);
#1788=VERTEX_POINT('',#5242);
#1789=VERTEX_POINT('',#5246);
#1790=VERTEX_POINT('',#5248);
#1791=VERTEX_POINT('',#5282);
#1792=VERTEX_POINT('',#5283);
#1793=VERTEX_POINT('',#5285);
#1794=VERTEX_POINT('',#5287);
#1795=VERTEX_POINT('',#5291);
#1796=VERTEX_POINT('',#5293);
#1797=VERTEX_POINT('',#5297);
#1798=VERTEX_POINT('',#5299);
#1799=VERTEX_POINT('',#5315);
#1800=VERTEX_POINT('',#5316);
#1801=VERTEX_POINT('',#5324);
#1802=VERTEX_POINT('',#5326);
#1803=VERTEX_POINT('',#5336);
#1804=VERTEX_POINT('',#5338);
#1805=VERTEX_POINT('',#5351);
#1806=VERTEX_POINT('',#5359);
#1807=VERTEX_POINT('',#5369);
#1808=VERTEX_POINT('',#5371);
#1809=VERTEX_POINT('',#5384);
#1810=VERTEX_POINT('',#5392);
#1811=VERTEX_POINT('',#5402);
#1812=VERTEX_POINT('',#5404);
#1813=VERTEX_POINT('',#5417);
#1814=VERTEX_POINT('',#5425);
#1815=VERTEX_POINT('',#5435);
#1816=VERTEX_POINT('',#5437);
#1817=VERTEX_POINT('',#5450);
#1818=VERTEX_POINT('',#5458);
#1819=VERTEX_POINT('',#5468);
#1820=VERTEX_POINT('',#5470);
#1821=VERTEX_POINT('',#5486);
#1822=VERTEX_POINT('',#5487);
#1823=VERTEX_POINT('',#5495);
#1824=VERTEX_POINT('',#5497);
#1825=VERTEX_POINT('',#5507);
#1826=VERTEX_POINT('',#5509);
#1827=VERTEX_POINT('',#5522);
#1828=VERTEX_POINT('',#5530);
#1829=VERTEX_POINT('',#5540);
#1830=VERTEX_POINT('',#5542);
#1831=VERTEX_POINT('',#5555);
#1832=VERTEX_POINT('',#5563);
#1833=VERTEX_POINT('',#5573);
#1834=VERTEX_POINT('',#5575);
#1835=VERTEX_POINT('',#5588);
#1836=VERTEX_POINT('',#5596);
#1837=VERTEX_POINT('',#5615);
#1838=VERTEX_POINT('',#5623);
#1839=VERTEX_POINT('',#5633);
#1840=VERTEX_POINT('',#5635);
#1841=VERTEX_POINT('',#5663);
#1842=VERTEX_POINT('',#5664);
#1843=VERTEX_POINT('',#5666);
#1844=VERTEX_POINT('',#5668);
#1845=VERTEX_POINT('',#5672);
#1846=VERTEX_POINT('',#5674);
#1847=VERTEX_POINT('',#5678);
#1848=VERTEX_POINT('',#5680);
#1849=VERTEX_POINT('',#5684);
#1850=VERTEX_POINT('',#5686);
#1851=VERTEX_POINT('',#5690);
#1852=VERTEX_POINT('',#5692);
#1853=VERTEX_POINT('',#5729);
#1854=VERTEX_POINT('',#5730);
#1855=VERTEX_POINT('',#5738);
#1856=VERTEX_POINT('',#5740);
#1857=VERTEX_POINT('',#5750);
#1858=VERTEX_POINT('',#5752);
#1859=VERTEX_POINT('',#5765);
#1860=VERTEX_POINT('',#5773);
#1861=VERTEX_POINT('',#5783);
#1862=VERTEX_POINT('',#5785);
#1863=VERTEX_POINT('',#5798);
#1864=VERTEX_POINT('',#5806);
#1865=VERTEX_POINT('',#5816);
#1866=VERTEX_POINT('',#5818);
#1867=VERTEX_POINT('',#5831);
#1868=VERTEX_POINT('',#5839);
#1869=VERTEX_POINT('',#5861);
#1870=VERTEX_POINT('',#5862);
#1871=VERTEX_POINT('',#5870);
#1872=VERTEX_POINT('',#5872);
#1873=VERTEX_POINT('',#5882);
#1874=VERTEX_POINT('',#5884);
#1875=VERTEX_POINT('',#5897);
#1876=VERTEX_POINT('',#5905);
#1877=VERTEX_POINT('',#5924);
#1878=VERTEX_POINT('',#5932);
#1879=VERTEX_POINT('',#5942);
#1880=VERTEX_POINT('',#5944);
#1881=VERTEX_POINT('',#5957);
#1882=VERTEX_POINT('',#5965);
#1883=VERTEX_POINT('',#5984);
#1884=VERTEX_POINT('',#5992);
#1885=VERTEX_POINT('',#6002);
#1886=VERTEX_POINT('',#6004);
#1887=VERTEX_POINT('',#6017);
#1888=VERTEX_POINT('',#6025);
#1889=VERTEX_POINT('',#6035);
#1890=VERTEX_POINT('',#6037);
#1891=VERTEX_POINT('',#6050);
#1892=VERTEX_POINT('',#6058);
#1893=VERTEX_POINT('',#6068);
#1894=VERTEX_POINT('',#6070);
#1895=VERTEX_POINT('',#6074);
#1896=VERTEX_POINT('',#6076);
#1897=VERTEX_POINT('',#6080);
#1898=VERTEX_POINT('',#6082);
#1899=VERTEX_POINT('',#6095);
#1900=VERTEX_POINT('',#6103);
#1901=VERTEX_POINT('',#6125);
#1902=VERTEX_POINT('',#6126);
#1903=VERTEX_POINT('',#6134);
#1904=VERTEX_POINT('',#6136);
#1905=VERTEX_POINT('',#6146);
#1906=VERTEX_POINT('',#6148);
#1907=VERTEX_POINT('',#6161);
#1908=VERTEX_POINT('',#6169);
#1909=VERTEX_POINT('',#6179);
#1910=VERTEX_POINT('',#6181);
#1911=VERTEX_POINT('',#6194);
#1912=VERTEX_POINT('',#6202);
#1913=VERTEX_POINT('',#6212);
#1914=VERTEX_POINT('',#6214);
#1915=VERTEX_POINT('',#6227);
#1916=VERTEX_POINT('',#6235);
#1917=VERTEX_POINT('',#6257);
#1918=VERTEX_POINT('',#6258);
#1919=VERTEX_POINT('',#6266);
#1920=VERTEX_POINT('',#6268);
#1921=VERTEX_POINT('',#6278);
#1922=VERTEX_POINT('',#6280);
#1923=VERTEX_POINT('',#6293);
#1924=VERTEX_POINT('',#6301);
#1925=VERTEX_POINT('',#6311);
#1926=VERTEX_POINT('',#6313);
#1927=VERTEX_POINT('',#6326);
#1928=VERTEX_POINT('',#6334);
#1929=VERTEX_POINT('',#6344);
#1930=VERTEX_POINT('',#6346);
#1931=VERTEX_POINT('',#6359);
#1932=VERTEX_POINT('',#6367);
#1933=VERTEX_POINT('',#6389);
#1934=VERTEX_POINT('',#6390);
#1935=VERTEX_POINT('',#6398);
#1936=VERTEX_POINT('',#6400);
#1937=VERTEX_POINT('',#6410);
#1938=VERTEX_POINT('',#6412);
#1939=VERTEX_POINT('',#6425);
#1940=VERTEX_POINT('',#6433);
#1941=VERTEX_POINT('',#6452);
#1942=VERTEX_POINT('',#6460);
#1943=VERTEX_POINT('',#6479);
#1944=VERTEX_POINT('',#6487);
#1945=VERTEX_POINT('',#6506);
#1946=VERTEX_POINT('',#6514);
#1947=VERTEX_POINT('',#6524);
#1948=VERTEX_POINT('',#6526);
#1949=VERTEX_POINT('',#6530);
#1950=VERTEX_POINT('',#6532);
#1951=VERTEX_POINT('',#6536);
#1952=VERTEX_POINT('',#6538);
#1953=VERTEX_POINT('',#6542);
#1954=VERTEX_POINT('',#6544);
#1955=VERTEX_POINT('',#6557);
#1956=VERTEX_POINT('',#6565);
#1957=VERTEX_POINT('',#6575);
#1958=VERTEX_POINT('',#6577);
#1959=VERTEX_POINT('',#6581);
#1960=VERTEX_POINT('',#6583);
#1961=VERTEX_POINT('',#6596);
#1962=VERTEX_POINT('',#6604);
#1963=VERTEX_POINT('',#6614);
#1964=VERTEX_POINT('',#6616);
#1965=VERTEX_POINT('',#6629);
#1966=VERTEX_POINT('',#6637);
#1967=VERTEX_POINT('',#6647);
#1968=VERTEX_POINT('',#6649);
#1969=VERTEX_POINT('',#6662);
#1970=VERTEX_POINT('',#6670);
#1971=VERTEX_POINT('',#6680);
#1972=VERTEX_POINT('',#6682);
#1973=VERTEX_POINT('',#6686);
#1974=VERTEX_POINT('',#6688);
#1975=VERTEX_POINT('',#6692);
#1976=VERTEX_POINT('',#6694);
#1977=VERTEX_POINT('',#6707);
#1978=VERTEX_POINT('',#6715);
#1979=VERTEX_POINT('',#6737);
#1980=VERTEX_POINT('',#6738);
#1981=VERTEX_POINT('',#6746);
#1982=VERTEX_POINT('',#6748);
#1983=VERTEX_POINT('',#6758);
#1984=VERTEX_POINT('',#6760);
#1985=VERTEX_POINT('',#6773);
#1986=VERTEX_POINT('',#6781);
#1987=VERTEX_POINT('',#6791);
#1988=VERTEX_POINT('',#6793);
#1989=VERTEX_POINT('',#6806);
#1990=VERTEX_POINT('',#6814);
#1991=VERTEX_POINT('',#6824);
#1992=VERTEX_POINT('',#6826);
#1993=VERTEX_POINT('',#6839);
#1994=VERTEX_POINT('',#6847);
#1995=VERTEX_POINT('',#6869);
#1996=VERTEX_POINT('',#6870);
#1997=VERTEX_POINT('',#6878);
#1998=VERTEX_POINT('',#6880);
#1999=VERTEX_POINT('',#6890);
#2000=VERTEX_POINT('',#6892);
#2001=VERTEX_POINT('',#6905);
#2002=VERTEX_POINT('',#6913);
#2003=VERTEX_POINT('',#6923);
#2004=VERTEX_POINT('',#6925);
#2005=VERTEX_POINT('',#6938);
#2006=VERTEX_POINT('',#6946);
#2007=VERTEX_POINT('',#6956);
#2008=VERTEX_POINT('',#6958);
#2009=VERTEX_POINT('',#6971);
#2010=VERTEX_POINT('',#6979);
#2011=VERTEX_POINT('',#7001);
#2012=VERTEX_POINT('',#7002);
#2013=VERTEX_POINT('',#7010);
#2014=VERTEX_POINT('',#7012);
#2015=VERTEX_POINT('',#7022);
#2016=VERTEX_POINT('',#7024);
#2017=VERTEX_POINT('',#7028);
#2018=VERTEX_POINT('',#7030);
#2019=VERTEX_POINT('',#7043);
#2020=VERTEX_POINT('',#7051);
#2021=VERTEX_POINT('',#7061);
#2022=VERTEX_POINT('',#7063);
#2023=VERTEX_POINT('',#7076);
#2024=VERTEX_POINT('',#7084);
#2025=VERTEX_POINT('',#7106);
#2026=VERTEX_POINT('',#7107);
#2027=VERTEX_POINT('',#7115);
#2028=VERTEX_POINT('',#7117);
#2029=VERTEX_POINT('',#7127);
#2030=VERTEX_POINT('',#7129);
#2031=VERTEX_POINT('',#7142);
#2032=VERTEX_POINT('',#7150);
#2033=VERTEX_POINT('',#7160);
#2034=VERTEX_POINT('',#7162);
#2035=VERTEX_POINT('',#7175);
#2036=VERTEX_POINT('',#7183);
#2037=VERTEX_POINT('',#7193);
#2038=VERTEX_POINT('',#7195);
#2039=VERTEX_POINT('',#7208);
#2040=VERTEX_POINT('',#7216);
#2041=VERTEX_POINT('',#7238);
#2042=VERTEX_POINT('',#7239);
#2043=VERTEX_POINT('',#7247);
#2044=VERTEX_POINT('',#7249);
#2045=VERTEX_POINT('',#7259);
#2046=VERTEX_POINT('',#7261);
#2047=VERTEX_POINT('',#7274);
#2048=VERTEX_POINT('',#7282);
#2049=VERTEX_POINT('',#7292);
#2050=VERTEX_POINT('',#7294);
#2051=VERTEX_POINT('',#7307);
#2052=VERTEX_POINT('',#7315);
#2053=VERTEX_POINT('',#7325);
#2054=VERTEX_POINT('',#7327);
#2055=VERTEX_POINT('',#7340);
#2056=VERTEX_POINT('',#7348);
#2057=VERTEX_POINT('',#7370);
#2058=VERTEX_POINT('',#7371);
#2059=VERTEX_POINT('',#7379);
#2060=VERTEX_POINT('',#7381);
#2061=VERTEX_POINT('',#7391);
#2062=VERTEX_POINT('',#7393);
#2063=VERTEX_POINT('',#7406);
#2064=VERTEX_POINT('',#7414);
#2065=VERTEX_POINT('',#7424);
#2066=VERTEX_POINT('',#7426);
#2067=VERTEX_POINT('',#7439);
#2068=VERTEX_POINT('',#7447);
#2069=VERTEX_POINT('',#7457);
#2070=VERTEX_POINT('',#7459);
#2071=VERTEX_POINT('',#7472);
#2072=VERTEX_POINT('',#7480);
#2073=VERTEX_POINT('',#7502);
#2074=VERTEX_POINT('',#7503);
#2075=VERTEX_POINT('',#7511);
#2076=VERTEX_POINT('',#7513);
#2077=VERTEX_POINT('',#7523);
#2078=VERTEX_POINT('',#7525);
#2079=VERTEX_POINT('',#7538);
#2080=VERTEX_POINT('',#7546);
#2081=VERTEX_POINT('',#7571);
#2082=VERTEX_POINT('',#7572);
#2083=VERTEX_POINT('',#7574);
#2084=VERTEX_POINT('',#7583);
#2085=VERTEX_POINT('',#7591);
#2086=VERTEX_POINT('',#7610);
#2087=VERTEX_POINT('',#7618);
#2088=VERTEX_POINT('',#7628);
#2089=VERTEX_POINT('',#7630);
#2090=VERTEX_POINT('',#7634);
#2091=VERTEX_POINT('',#7636);
#2092=VERTEX_POINT('',#7640);
#2093=VERTEX_POINT('',#7642);
#2094=VERTEX_POINT('',#7646);
#2095=VERTEX_POINT('',#7648);
#2096=VERTEX_POINT('',#7661);
#2097=VERTEX_POINT('',#7669);
#2098=VERTEX_POINT('',#7679);
#2099=VERTEX_POINT('',#7681);
#2100=VERTEX_POINT('',#7685);
#2101=VERTEX_POINT('',#7687);
#2102=VERTEX_POINT('',#7700);
#2103=VERTEX_POINT('',#7708);
#2104=VERTEX_POINT('',#7718);
#2105=VERTEX_POINT('',#7720);
#2106=VERTEX_POINT('',#7748);
#2107=VERTEX_POINT('',#7749);
#2108=VERTEX_POINT('',#7751);
#2109=VERTEX_POINT('',#7753);
#2110=VERTEX_POINT('',#7766);
#2111=VERTEX_POINT('',#7774);
#2112=VERTEX_POINT('',#7784);
#2113=VERTEX_POINT('',#7786);
#2114=VERTEX_POINT('',#7799);
#2115=VERTEX_POINT('',#7807);
#2116=VERTEX_POINT('',#7817);
#2117=VERTEX_POINT('',#7819);
#2118=VERTEX_POINT('',#7832);
#2119=VERTEX_POINT('',#7840);
#2120=VERTEX_POINT('',#7859);
#2121=VERTEX_POINT('',#7860);
#2122=VERTEX_POINT('',#7868);
#2123=VERTEX_POINT('',#7870);
#2124=VERTEX_POINT('',#7880);
#2125=VERTEX_POINT('',#7882);
#2126=VERTEX_POINT('',#7895);
#2127=VERTEX_POINT('',#7903);
#2128=VERTEX_POINT('',#7922);
#2129=VERTEX_POINT('',#7923);
#2130=VERTEX_POINT('',#7931);
#2131=VERTEX_POINT('',#7933);
#2132=VERTEX_POINT('',#7943);
#2133=VERTEX_POINT('',#7945);
#2134=VERTEX_POINT('',#7958);
#2135=VERTEX_POINT('',#7966);
#2136=VERTEX_POINT('',#7976);
#2137=VERTEX_POINT('',#7978);
#2138=VERTEX_POINT('',#7982);
#2139=VERTEX_POINT('',#7988);
#2140=VERTEX_POINT('',#7990);
#2141=VERTEX_POINT('',#7994);
#2142=VERTEX_POINT('',#7999);
#2143=VERTEX_POINT('',#8013);
#2144=VERTEX_POINT('',#8014);
#2145=VERTEX_POINT('',#8038);
#2146=VERTEX_POINT('',#8042);
#2147=VERTEX_POINT('',#8047);
#2148=EDGE_CURVE('',#1737,#1738,#1733,.T.);
#2149=EDGE_CURVE('',#1738,#1739,#867,.T.);
#2150=EDGE_CURVE('',#1739,#1740,#1734,.T.);
#2151=EDGE_CURVE('',#1740,#1737,#868,.T.);
#2152=EDGE_CURVE('',#1739,#1741,#869,.T.);
#2153=EDGE_CURVE('',#1742,#1741,#1735,.T.);
#2154=EDGE_CURVE('',#1742,#1743,#870,.T.);
#2155=EDGE_CURVE('',#1743,#1744,#871,.T.);
#2156=EDGE_CURVE('',#1745,#1744,#872,.T.);
#2157=EDGE_CURVE('',#1745,#1746,#873,.T.);
#2158=EDGE_CURVE('',#1747,#1746,#874,.T.);
#2159=EDGE_CURVE('',#1748,#1747,#875,.T.);
#2160=EDGE_CURVE('',#1749,#1748,#139,.T.);
#2161=EDGE_CURVE('',#1749,#1750,#876,.T.);
#2162=EDGE_CURVE('',#1750,#1751,#877,.T.);
#2163=EDGE_CURVE('',#1752,#1751,#878,.T.);
#2164=EDGE_CURVE('',#1752,#1753,#879,.T.);
#2165=EDGE_CURVE('',#1753,#1754,#880,.T.);
#2166=EDGE_CURVE('',#1754,#1755,#140,.T.);
#2167=EDGE_CURVE('',#1756,#1755,#881,.T.);
#2168=EDGE_CURVE('',#1756,#1740,#882,.T.);
#2169=EDGE_CURVE('',#1757,#1738,#883,.T.);
#2170=EDGE_CURVE('',#1741,#1757,#884,.T.);
#2171=EDGE_CURVE('',#1757,#1758,#1736,.T.);
#2172=EDGE_CURVE('',#1758,#1742,#885,.T.);
#2173=EDGE_CURVE('',#1759,#1760,#886,.T.);
#2174=EDGE_CURVE('',#1759,#1761,#887,.T.);
#2175=EDGE_CURVE('',#1761,#1762,#888,.T.);
#2176=EDGE_CURVE('',#1760,#1762,#889,.T.);
#2177=EDGE_CURVE('',#1763,#1764,#890,.T.);
#2178=EDGE_CURVE('',#1765,#1763,#891,.T.);
#2179=EDGE_CURVE('',#1766,#1765,#892,.T.);
#2180=EDGE_CURVE('',#1767,#1766,#893,.T.);
#2181=EDGE_CURVE('',#1767,#1768,#894,.T.);
#2182=EDGE_CURVE('',#1768,#1769,#895,.T.);
#2183=EDGE_CURVE('',#1770,#1769,#896,.T.);
#2184=EDGE_CURVE('',#1764,#1770,#897,.T.);
#2185=EDGE_CURVE('',#1753,#1771,#898,.T.);
#2186=EDGE_CURVE('',#1771,#1754,#141,.T.);
#2187=EDGE_CURVE('',#1751,#1772,#899,.T.);
#2188=EDGE_CURVE('',#1772,#1752,#900,.T.);
#2189=EDGE_CURVE('',#1773,#1772,#901,.T.);
#2190=EDGE_CURVE('',#1773,#1774,#902,.T.);
#2191=EDGE_CURVE('',#1774,#1771,#903,.T.);
#2192=EDGE_CURVE('',#1755,#1760,#142,.T.);
#2193=EDGE_CURVE('',#1774,#1759,#143,.T.);
#2194=EDGE_CURVE('',#1775,#1776,#144,.T.);
#2195=EDGE_CURVE('',#1776,#1777,#904,.T.);
#2196=EDGE_CURVE('',#1778,#1777,#145,.T.);
#2197=EDGE_CURVE('',#1775,#1778,#905,.T.);
#2198=EDGE_CURVE('',#1779,#1775,#906,.T.);
#2199=EDGE_CURVE('',#1780,#1778,#907,.T.);
#2200=EDGE_CURVE('',#1779,#1780,#908,.T.);
#2201=EDGE_CURVE('',#1781,#1779,#909,.T.);
#2202=EDGE_CURVE('',#1782,#1780,#910,.T.);
#2203=EDGE_CURVE('',#1781,#1782,#911,.T.);
#2204=EDGE_CURVE('',#1783,#1781,#146,.T.);
#2205=EDGE_CURVE('',#1784,#1782,#147,.T.);
#2206=EDGE_CURVE('',#1783,#1784,#912,.T.);
#2207=EDGE_CURVE('',#1785,#1783,#148,.T.);
#2208=EDGE_CURVE('',#1786,#1784,#149,.T.);
#2209=EDGE_CURVE('',#1785,#1786,#913,.T.);
#2210=EDGE_CURVE('',#1787,#1785,#914,.T.);
#2211=EDGE_CURVE('',#1788,#1786,#915,.T.);
#2212=EDGE_CURVE('',#1787,#1788,#916,.T.);
#2213=EDGE_CURVE('',#1789,#1787,#917,.T.);
#2214=EDGE_CURVE('',#1790,#1788,#918,.T.);
#2215=EDGE_CURVE('',#1789,#1790,#919,.T.);
#2216=EDGE_CURVE('',#1777,#1790,#150,.T.);
#2217=EDGE_CURVE('',#1776,#1789,#151,.T.);
#2218=EDGE_CURVE('',#1791,#1792,#920,.T.);
#2219=EDGE_CURVE('',#1793,#1792,#921,.T.);
#2220=EDGE_CURVE('',#1794,#1793,#922,.T.);
#2221=EDGE_CURVE('',#1794,#1791,#923,.T.);
#2222=EDGE_CURVE('',#1795,#1791,#924,.T.);
#2223=EDGE_CURVE('',#1796,#1794,#925,.T.);
#2224=EDGE_CURVE('',#1796,#1795,#926,.T.);
#2225=EDGE_CURVE('',#1797,#1795,#927,.T.);
#2226=EDGE_CURVE('',#1798,#1796,#928,.T.);
#2227=EDGE_CURVE('',#1798,#1797,#929,.T.);
#2228=EDGE_CURVE('',#1792,#1797,#930,.T.);
#2229=EDGE_CURVE('',#1793,#1798,#931,.T.);
#2230=EDGE_CURVE('',#1799,#1800,#152,.T.);
#2231=EDGE_CURVE('',#1800,#1801,#932,.T.);
#2232=EDGE_CURVE('',#1802,#1801,#153,.T.);
#2233=EDGE_CURVE('',#1799,#1802,#933,.T.);
#2234=EDGE_CURVE('',#1803,#1799,#934,.T.);
#2235=EDGE_CURVE('',#1804,#1802,#935,.T.);
#2236=EDGE_CURVE('',#1803,#1804,#936,.T.);
#2237=EDGE_CURVE('',#1805,#1803,#154,.T.);
#2238=EDGE_CURVE('',#1806,#1804,#155,.T.);
#2239=EDGE_CURVE('',#1805,#1806,#937,.T.);
#2240=EDGE_CURVE('',#1807,#1805,#938,.T.);
#2241=EDGE_CURVE('',#1808,#1806,#939,.T.);
#2242=EDGE_CURVE('',#1807,#1808,#940,.T.);
#2243=EDGE_CURVE('',#1809,#1807,#156,.T.);
#2244=EDGE_CURVE('',#1810,#1808,#157,.T.);
#2245=EDGE_CURVE('',#1809,#1810,#941,.T.);
#2246=EDGE_CURVE('',#1811,#1809,#942,.T.);
#2247=EDGE_CURVE('',#1812,#1810,#943,.T.);
#2248=EDGE_CURVE('',#1811,#1812,#944,.T.);
#2249=EDGE_CURVE('',#1813,#1811,#158,.T.);
#2250=EDGE_CURVE('',#1814,#1812,#159,.T.);
#2251=EDGE_CURVE('',#1813,#1814,#945,.T.);
#2252=EDGE_CURVE('',#1815,#1813,#946,.T.);
#2253=EDGE_CURVE('',#1816,#1814,#947,.T.);
#2254=EDGE_CURVE('',#1815,#1816,#948,.T.);
#2255=EDGE_CURVE('',#1817,#1815,#160,.T.);
#2256=EDGE_CURVE('',#1818,#1816,#161,.T.);
#2257=EDGE_CURVE('',#1817,#1818,#949,.T.);
#2258=EDGE_CURVE('',#1819,#1817,#950,.T.);
#2259=EDGE_CURVE('',#1820,#1818,#951,.T.);
#2260=EDGE_CURVE('',#1819,#1820,#952,.T.);
#2261=EDGE_CURVE('',#1800,#1819,#953,.T.);
#2262=EDGE_CURVE('',#1801,#1820,#954,.T.);
#2263=EDGE_CURVE('',#1821,#1822,#162,.T.);
#2264=EDGE_CURVE('',#1822,#1823,#955,.T.);
#2265=EDGE_CURVE('',#1824,#1823,#163,.T.);
#2266=EDGE_CURVE('',#1821,#1824,#956,.T.);
#2267=EDGE_CURVE('',#1825,#1821,#957,.T.);
#2268=EDGE_CURVE('',#1826,#1824,#958,.T.);
#2269=EDGE_CURVE('',#1825,#1826,#959,.T.);
#2270=EDGE_CURVE('',#1827,#1825,#164,.T.);
#2271=EDGE_CURVE('',#1828,#1826,#165,.T.);
#2272=EDGE_CURVE('',#1827,#1828,#960,.T.);
#2273=EDGE_CURVE('',#1829,#1827,#961,.T.);
#2274=EDGE_CURVE('',#1830,#1828,#962,.T.);
#2275=EDGE_CURVE('',#1829,#1830,#963,.T.);
#2276=EDGE_CURVE('',#1831,#1829,#166,.T.);
#2277=EDGE_CURVE('',#1832,#1830,#167,.T.);
#2278=EDGE_CURVE('',#1831,#1832,#964,.T.);
#2279=EDGE_CURVE('',#1833,#1831,#965,.T.);
#2280=EDGE_CURVE('',#1834,#1832,#966,.T.);
#2281=EDGE_CURVE('',#1833,#1834,#967,.T.);
#2282=EDGE_CURVE('',#1835,#1833,#168,.T.);
#2283=EDGE_CURVE('',#1836,#1834,#169,.T.);
#2284=EDGE_CURVE('',#1835,#1836,#968,.T.);
#2285=EDGE_CURVE('',#1837,#1835,#170,.T.);
#2286=EDGE_CURVE('',#1838,#1836,#171,.T.);
#2287=EDGE_CURVE('',#1837,#1838,#969,.T.);
#2288=EDGE_CURVE('',#1839,#1837,#970,.T.);
#2289=EDGE_CURVE('',#1840,#1838,#971,.T.);
#2290=EDGE_CURVE('',#1839,#1840,#972,.T.);
#2291=EDGE_CURVE('',#1822,#1839,#172,.T.);
#2292=EDGE_CURVE('',#1823,#1840,#173,.T.);
#2293=EDGE_CURVE('',#1841,#1842,#973,.T.);
#2294=EDGE_CURVE('',#1842,#1843,#974,.T.);
#2295=EDGE_CURVE('',#1844,#1843,#975,.T.);
#2296=EDGE_CURVE('',#1841,#1844,#976,.T.);
#2297=EDGE_CURVE('',#1845,#1841,#977,.T.);
#2298=EDGE_CURVE('',#1846,#1844,#978,.T.);
#2299=EDGE_CURVE('',#1845,#1846,#979,.T.);
#2300=EDGE_CURVE('',#1847,#1845,#980,.T.);
#2301=EDGE_CURVE('',#1848,#1846,#981,.T.);
#2302=EDGE_CURVE('',#1847,#1848,#982,.T.);
#2303=EDGE_CURVE('',#1849,#1847,#983,.T.);
#2304=EDGE_CURVE('',#1850,#1848,#984,.T.);
#2305=EDGE_CURVE('',#1849,#1850,#985,.T.);
#2306=EDGE_CURVE('',#1851,#1849,#986,.T.);
#2307=EDGE_CURVE('',#1852,#1850,#987,.T.);
#2308=EDGE_CURVE('',#1851,#1852,#988,.T.);
#2309=EDGE_CURVE('',#1842,#1851,#174,.T.);
#2310=EDGE_CURVE('',#1843,#1852,#175,.T.);
#2311=EDGE_CURVE('',#1853,#1854,#176,.T.);
#2312=EDGE_CURVE('',#1854,#1855,#989,.T.);
#2313=EDGE_CURVE('',#1856,#1855,#177,.T.);
#2314=EDGE_CURVE('',#1853,#1856,#990,.T.);
#2315=EDGE_CURVE('',#1857,#1853,#991,.T.);
#2316=EDGE_CURVE('',#1858,#1856,#992,.T.);
#2317=EDGE_CURVE('',#1857,#1858,#993,.T.);
#2318=EDGE_CURVE('',#1859,#1857,#178,.T.);
#2319=EDGE_CURVE('',#1860,#1858,#179,.T.);
#2320=EDGE_CURVE('',#1859,#1860,#994,.T.);
#2321=EDGE_CURVE('',#1861,#1859,#995,.T.);
#2322=EDGE_CURVE('',#1862,#1860,#996,.T.);
#2323=EDGE_CURVE('',#1861,#1862,#997,.T.);
#2324=EDGE_CURVE('',#1863,#1861,#180,.T.);
#2325=EDGE_CURVE('',#1864,#1862,#181,.T.);
#2326=EDGE_CURVE('',#1863,#1864,#998,.T.);
#2327=EDGE_CURVE('',#1865,#1863,#999,.T.);
#2328=EDGE_CURVE('',#1866,#1864,#1000,.T.);
#2329=EDGE_CURVE('',#1865,#1866,#1001,.T.);
#2330=EDGE_CURVE('',#1867,#1865,#182,.T.);
#2331=EDGE_CURVE('',#1868,#1866,#183,.T.);
#2332=EDGE_CURVE('',#1867,#1868,#1002,.T.);
#2333=EDGE_CURVE('',#1854,#1867,#1003,.T.);
#2334=EDGE_CURVE('',#1855,#1868,#1004,.T.);
#2335=EDGE_CURVE('',#1869,#1870,#184,.T.);
#2336=EDGE_CURVE('',#1870,#1871,#1005,.T.);
#2337=EDGE_CURVE('',#1872,#1871,#185,.T.);
#2338=EDGE_CURVE('',#1869,#1872,#1006,.T.);
#2339=EDGE_CURVE('',#1873,#1869,#1007,.T.);
#2340=EDGE_CURVE('',#1874,#1872,#1008,.T.);
#2341=EDGE_CURVE('',#1873,#1874,#1009,.T.);
#2342=EDGE_CURVE('',#1875,#1873,#186,.T.);
#2343=EDGE_CURVE('',#1876,#1874,#187,.T.);
#2344=EDGE_CURVE('',#1875,#1876,#1010,.T.);
#2345=EDGE_CURVE('',#1877,#1875,#188,.T.);
#2346=EDGE_CURVE('',#1878,#1876,#189,.T.);
#2347=EDGE_CURVE('',#1877,#1878,#1011,.T.);
#2348=EDGE_CURVE('',#1879,#1877,#1012,.T.);
#2349=EDGE_CURVE('',#1880,#1878,#1013,.T.);
#2350=EDGE_CURVE('',#1879,#1880,#1014,.T.);
#2351=EDGE_CURVE('',#1881,#1879,#190,.T.);
#2352=EDGE_CURVE('',#1882,#1880,#191,.T.);
#2353=EDGE_CURVE('',#1881,#1882,#1015,.T.);
#2354=EDGE_CURVE('',#1883,#1881,#192,.T.);
#2355=EDGE_CURVE('',#1884,#1882,#193,.T.);
#2356=EDGE_CURVE('',#1883,#1884,#1016,.T.);
#2357=EDGE_CURVE('',#1885,#1883,#1017,.T.);
#2358=EDGE_CURVE('',#1886,#1884,#1018,.T.);
#2359=EDGE_CURVE('',#1885,#1886,#1019,.T.);
#2360=EDGE_CURVE('',#1887,#1885,#194,.T.);
#2361=EDGE_CURVE('',#1888,#1886,#195,.T.);
#2362=EDGE_CURVE('',#1887,#1888,#1020,.T.);
#2363=EDGE_CURVE('',#1889,#1887,#1021,.T.);
#2364=EDGE_CURVE('',#1890,#1888,#1022,.T.);
#2365=EDGE_CURVE('',#1889,#1890,#1023,.T.);
#2366=EDGE_CURVE('',#1891,#1889,#196,.T.);
#2367=EDGE_CURVE('',#1892,#1890,#197,.T.);
#2368=EDGE_CURVE('',#1891,#1892,#1024,.T.);
#2369=EDGE_CURVE('',#1893,#1891,#1025,.T.);
#2370=EDGE_CURVE('',#1894,#1892,#1026,.T.);
#2371=EDGE_CURVE('',#1893,#1894,#1027,.T.);
#2372=EDGE_CURVE('',#1895,#1893,#1028,.T.);
#2373=EDGE_CURVE('',#1896,#1894,#1029,.T.);
#2374=EDGE_CURVE('',#1895,#1896,#1030,.T.);
#2375=EDGE_CURVE('',#1897,#1895,#1031,.T.);
#2376=EDGE_CURVE('',#1898,#1896,#1032,.T.);
#2377=EDGE_CURVE('',#1897,#1898,#1033,.T.);
#2378=EDGE_CURVE('',#1899,#1897,#198,.T.);
#2379=EDGE_CURVE('',#1900,#1898,#199,.T.);
#2380=EDGE_CURVE('',#1899,#1900,#1034,.T.);
#2381=EDGE_CURVE('',#1870,#1899,#1035,.T.);
#2382=EDGE_CURVE('',#1871,#1900,#1036,.T.);
#2383=EDGE_CURVE('',#1901,#1902,#200,.T.);
#2384=EDGE_CURVE('',#1902,#1903,#1037,.T.);
#2385=EDGE_CURVE('',#1904,#1903,#201,.T.);
#2386=EDGE_CURVE('',#1901,#1904,#1038,.T.);
#2387=EDGE_CURVE('',#1905,#1901,#1039,.T.);
#2388=EDGE_CURVE('',#1906,#1904,#1040,.T.);
#2389=EDGE_CURVE('',#1905,#1906,#1041,.T.);
#2390=EDGE_CURVE('',#1907,#1905,#202,.T.);
#2391=EDGE_CURVE('',#1908,#1906,#203,.T.);
#2392=EDGE_CURVE('',#1907,#1908,#1042,.T.);
#2393=EDGE_CURVE('',#1909,#1907,#1043,.T.);
#2394=EDGE_CURVE('',#1910,#1908,#1044,.T.);
#2395=EDGE_CURVE('',#1909,#1910,#1045,.T.);
#2396=EDGE_CURVE('',#1911,#1909,#204,.T.);
#2397=EDGE_CURVE('',#1912,#1910,#205,.T.);
#2398=EDGE_CURVE('',#1911,#1912,#1046,.T.);
#2399=EDGE_CURVE('',#1913,#1911,#1047,.T.);
#2400=EDGE_CURVE('',#1914,#1912,#1048,.T.);
#2401=EDGE_CURVE('',#1913,#1914,#1049,.T.);
#2402=EDGE_CURVE('',#1915,#1913,#206,.T.);
#2403=EDGE_CURVE('',#1916,#1914,#207,.T.);
#2404=EDGE_CURVE('',#1915,#1916,#1050,.T.);
#2405=EDGE_CURVE('',#1902,#1915,#1051,.T.);
#2406=EDGE_CURVE('',#1903,#1916,#1052,.T.);
#2407=EDGE_CURVE('',#1917,#1918,#208,.T.);
#2408=EDGE_CURVE('',#1918,#1919,#1053,.T.);
#2409=EDGE_CURVE('',#1920,#1919,#209,.T.);
#2410=EDGE_CURVE('',#1917,#1920,#1054,.T.);
#2411=EDGE_CURVE('',#1921,#1917,#1055,.T.);
#2412=EDGE_CURVE('',#1922,#1920,#1056,.T.);
#2413=EDGE_CURVE('',#1921,#1922,#1057,.T.);
#2414=EDGE_CURVE('',#1923,#1921,#210,.T.);
#2415=EDGE_CURVE('',#1924,#1922,#211,.T.);
#2416=EDGE_CURVE('',#1923,#1924,#1058,.T.);
#2417=EDGE_CURVE('',#1925,#1923,#1059,.T.);
#2418=EDGE_CURVE('',#1926,#1924,#1060,.T.);
#2419=EDGE_CURVE('',#1925,#1926,#1061,.T.);
#2420=EDGE_CURVE('',#1927,#1925,#212,.T.);
#2421=EDGE_CURVE('',#1928,#1926,#213,.T.);
#2422=EDGE_CURVE('',#1927,#1928,#1062,.T.);
#2423=EDGE_CURVE('',#1929,#1927,#1063,.T.);
#2424=EDGE_CURVE('',#1930,#1928,#1064,.T.);
#2425=EDGE_CURVE('',#1929,#1930,#1065,.T.);
#2426=EDGE_CURVE('',#1931,#1929,#214,.T.);
#2427=EDGE_CURVE('',#1932,#1930,#215,.T.);
#2428=EDGE_CURVE('',#1931,#1932,#1066,.T.);
#2429=EDGE_CURVE('',#1918,#1931,#1067,.T.);
#2430=EDGE_CURVE('',#1919,#1932,#1068,.T.);
#2431=EDGE_CURVE('',#1933,#1934,#216,.T.);
#2432=EDGE_CURVE('',#1934,#1935,#1069,.T.);
#2433=EDGE_CURVE('',#1936,#1935,#217,.T.);
#2434=EDGE_CURVE('',#1933,#1936,#1070,.T.);
#2435=EDGE_CURVE('',#1937,#1933,#1071,.T.);
#2436=EDGE_CURVE('',#1938,#1936,#1072,.T.);
#2437=EDGE_CURVE('',#1937,#1938,#1073,.T.);
#2438=EDGE_CURVE('',#1939,#1937,#218,.T.);
#2439=EDGE_CURVE('',#1940,#1938,#219,.T.);
#2440=EDGE_CURVE('',#1939,#1940,#1074,.T.);
#2441=EDGE_CURVE('',#1941,#1939,#220,.T.);
#2442=EDGE_CURVE('',#1942,#1940,#221,.T.);
#2443=EDGE_CURVE('',#1941,#1942,#1075,.T.);
#2444=EDGE_CURVE('',#1943,#1941,#222,.T.);
#2445=EDGE_CURVE('',#1944,#1942,#223,.T.);
#2446=EDGE_CURVE('',#1943,#1944,#1076,.T.);
#2447=EDGE_CURVE('',#1945,#1943,#224,.T.);
#2448=EDGE_CURVE('',#1946,#1944,#225,.T.);
#2449=EDGE_CURVE('',#1945,#1946,#1077,.T.);
#2450=EDGE_CURVE('',#1947,#1945,#1078,.T.);
#2451=EDGE_CURVE('',#1948,#1946,#1079,.T.);
#2452=EDGE_CURVE('',#1947,#1948,#1080,.T.);
#2453=EDGE_CURVE('',#1949,#1947,#1081,.T.);
#2454=EDGE_CURVE('',#1950,#1948,#1082,.T.);
#2455=EDGE_CURVE('',#1949,#1950,#1083,.T.);
#2456=EDGE_CURVE('',#1951,#1949,#1084,.T.);
#2457=EDGE_CURVE('',#1952,#1950,#1085,.T.);
#2458=EDGE_CURVE('',#1951,#1952,#1086,.T.);
#2459=EDGE_CURVE('',#1953,#1951,#1087,.T.);
#2460=EDGE_CURVE('',#1954,#1952,#1088,.T.);
#2461=EDGE_CURVE('',#1953,#1954,#1089,.T.);
#2462=EDGE_CURVE('',#1955,#1953,#226,.T.);
#2463=EDGE_CURVE('',#1956,#1954,#227,.T.);
#2464=EDGE_CURVE('',#1955,#1956,#1090,.T.);
#2465=EDGE_CURVE('',#1957,#1955,#1091,.T.);
#2466=EDGE_CURVE('',#1958,#1956,#1092,.T.);
#2467=EDGE_CURVE('',#1957,#1958,#1093,.T.);
#2468=EDGE_CURVE('',#1959,#1957,#1094,.T.);
#2469=EDGE_CURVE('',#1960,#1958,#1095,.T.);
#2470=EDGE_CURVE('',#1959,#1960,#1096,.T.);
#2471=EDGE_CURVE('',#1961,#1959,#228,.T.);
#2472=EDGE_CURVE('',#1962,#1960,#229,.T.);
#2473=EDGE_CURVE('',#1961,#1962,#1097,.T.);
#2474=EDGE_CURVE('',#1963,#1961,#1098,.T.);
#2475=EDGE_CURVE('',#1964,#1962,#1099,.T.);
#2476=EDGE_CURVE('',#1963,#1964,#1100,.T.);
#2477=EDGE_CURVE('',#1965,#1963,#230,.T.);
#2478=EDGE_CURVE('',#1966,#1964,#231,.T.);
#2479=EDGE_CURVE('',#1965,#1966,#1101,.T.);
#2480=EDGE_CURVE('',#1967,#1965,#1102,.T.);
#2481=EDGE_CURVE('',#1968,#1966,#1103,.T.);
#2482=EDGE_CURVE('',#1967,#1968,#1104,.T.);
#2483=EDGE_CURVE('',#1969,#1967,#232,.T.);
#2484=EDGE_CURVE('',#1970,#1968,#233,.T.);
#2485=EDGE_CURVE('',#1969,#1970,#1105,.T.);
#2486=EDGE_CURVE('',#1971,#1969,#1106,.T.);
#2487=EDGE_CURVE('',#1972,#1970,#1107,.T.);
#2488=EDGE_CURVE('',#1971,#1972,#1108,.T.);
#2489=EDGE_CURVE('',#1973,#1971,#1109,.T.);
#2490=EDGE_CURVE('',#1974,#1972,#1110,.T.);
#2491=EDGE_CURVE('',#1973,#1974,#1111,.T.);
#2492=EDGE_CURVE('',#1975,#1973,#1112,.T.);
#2493=EDGE_CURVE('',#1976,#1974,#1113,.T.);
#2494=EDGE_CURVE('',#1975,#1976,#1114,.T.);
#2495=EDGE_CURVE('',#1977,#1975,#234,.T.);
#2496=EDGE_CURVE('',#1978,#1976,#235,.T.);
#2497=EDGE_CURVE('',#1977,#1978,#1115,.T.);
#2498=EDGE_CURVE('',#1934,#1977,#1116,.T.);
#2499=EDGE_CURVE('',#1935,#1978,#1117,.T.);
#2500=EDGE_CURVE('',#1979,#1980,#236,.T.);
#2501=EDGE_CURVE('',#1980,#1981,#1118,.T.);
#2502=EDGE_CURVE('',#1982,#1981,#237,.T.);
#2503=EDGE_CURVE('',#1979,#1982,#1119,.T.);
#2504=EDGE_CURVE('',#1983,#1979,#1120,.T.);
#2505=EDGE_CURVE('',#1984,#1982,#1121,.T.);
#2506=EDGE_CURVE('',#1983,#1984,#1122,.T.);
#2507=EDGE_CURVE('',#1985,#1983,#238,.T.);
#2508=EDGE_CURVE('',#1986,#1984,#239,.T.);
#2509=EDGE_CURVE('',#1985,#1986,#1123,.T.);
#2510=EDGE_CURVE('',#1987,#1985,#1124,.T.);
#2511=EDGE_CURVE('',#1988,#1986,#1125,.T.);
#2512=EDGE_CURVE('',#1987,#1988,#1126,.T.);
#2513=EDGE_CURVE('',#1989,#1987,#240,.T.);
#2514=EDGE_CURVE('',#1990,#1988,#241,.T.);
#2515=EDGE_CURVE('',#1989,#1990,#1127,.T.);
#2516=EDGE_CURVE('',#1991,#1989,#1128,.T.);
#2517=EDGE_CURVE('',#1992,#1990,#1129,.T.);
#2518=EDGE_CURVE('',#1991,#1992,#1130,.T.);
#2519=EDGE_CURVE('',#1993,#1991,#242,.T.);
#2520=EDGE_CURVE('',#1994,#1992,#243,.T.);
#2521=EDGE_CURVE('',#1993,#1994,#1131,.T.);
#2522=EDGE_CURVE('',#1980,#1993,#1132,.T.);
#2523=EDGE_CURVE('',#1981,#1994,#1133,.T.);
#2524=EDGE_CURVE('',#1995,#1996,#244,.T.);
#2525=EDGE_CURVE('',#1996,#1997,#1134,.T.);
#2526=EDGE_CURVE('',#1998,#1997,#245,.T.);
#2527=EDGE_CURVE('',#1995,#1998,#1135,.T.);
#2528=EDGE_CURVE('',#1999,#1995,#1136,.T.);
#2529=EDGE_CURVE('',#2000,#1998,#1137,.T.);
#2530=EDGE_CURVE('',#1999,#2000,#1138,.T.);
#2531=EDGE_CURVE('',#2001,#1999,#246,.T.);
#2532=EDGE_CURVE('',#2002,#2000,#247,.T.);
#2533=EDGE_CURVE('',#2001,#2002,#1139,.T.);
#2534=EDGE_CURVE('',#2003,#2001,#1140,.T.);
#2535=EDGE_CURVE('',#2004,#2002,#1141,.T.);
#2536=EDGE_CURVE('',#2003,#2004,#1142,.T.);
#2537=EDGE_CURVE('',#2005,#2003,#248,.T.);
#2538=EDGE_CURVE('',#2006,#2004,#249,.T.);
#2539=EDGE_CURVE('',#2005,#2006,#1143,.T.);
#2540=EDGE_CURVE('',#2007,#2005,#1144,.T.);
#2541=EDGE_CURVE('',#2008,#2006,#1145,.T.);
#2542=EDGE_CURVE('',#2007,#2008,#1146,.T.);
#2543=EDGE_CURVE('',#2009,#2007,#250,.T.);
#2544=EDGE_CURVE('',#2010,#2008,#251,.T.);
#2545=EDGE_CURVE('',#2009,#2010,#1147,.T.);
#2546=EDGE_CURVE('',#1996,#2009,#1148,.T.);
#2547=EDGE_CURVE('',#1997,#2010,#1149,.T.);
#2548=EDGE_CURVE('',#2011,#2012,#252,.T.);
#2549=EDGE_CURVE('',#2012,#2013,#1150,.T.);
#2550=EDGE_CURVE('',#2014,#2013,#253,.T.);
#2551=EDGE_CURVE('',#2011,#2014,#1151,.T.);
#2552=EDGE_CURVE('',#2015,#2011,#1152,.T.);
#2553=EDGE_CURVE('',#2016,#2014,#1153,.T.);
#2554=EDGE_CURVE('',#2015,#2016,#1154,.T.);
#2555=EDGE_CURVE('',#2017,#2015,#1155,.T.);
#2556=EDGE_CURVE('',#2018,#2016,#1156,.T.);
#2557=EDGE_CURVE('',#2017,#2018,#1157,.T.);
#2558=EDGE_CURVE('',#2019,#2017,#254,.T.);
#2559=EDGE_CURVE('',#2020,#2018,#255,.T.);
#2560=EDGE_CURVE('',#2019,#2020,#1158,.T.);
#2561=EDGE_CURVE('',#2021,#2019,#1159,.T.);
#2562=EDGE_CURVE('',#2022,#2020,#1160,.T.);
#2563=EDGE_CURVE('',#2021,#2022,#1161,.T.);
#2564=EDGE_CURVE('',#2023,#2021,#256,.T.);
#2565=EDGE_CURVE('',#2024,#2022,#257,.T.);
#2566=EDGE_CURVE('',#2023,#2024,#1162,.T.);
#2567=EDGE_CURVE('',#2012,#2023,#1163,.T.);
#2568=EDGE_CURVE('',#2013,#2024,#1164,.T.);
#2569=EDGE_CURVE('',#2025,#2026,#258,.T.);
#2570=EDGE_CURVE('',#2026,#2027,#1165,.T.);
#2571=EDGE_CURVE('',#2028,#2027,#259,.T.);
#2572=EDGE_CURVE('',#2025,#2028,#1166,.T.);
#2573=EDGE_CURVE('',#2029,#2025,#1167,.T.);
#2574=EDGE_CURVE('',#2030,#2028,#1168,.T.);
#2575=EDGE_CURVE('',#2029,#2030,#1169,.T.);
#2576=EDGE_CURVE('',#2031,#2029,#260,.T.);
#2577=EDGE_CURVE('',#2032,#2030,#261,.T.);
#2578=EDGE_CURVE('',#2031,#2032,#1170,.T.);
#2579=EDGE_CURVE('',#2033,#2031,#1171,.T.);
#2580=EDGE_CURVE('',#2034,#2032,#1172,.T.);
#2581=EDGE_CURVE('',#2033,#2034,#1173,.T.);
#2582=EDGE_CURVE('',#2035,#2033,#262,.T.);
#2583=EDGE_CURVE('',#2036,#2034,#263,.T.);
#2584=EDGE_CURVE('',#2035,#2036,#1174,.T.);
#2585=EDGE_CURVE('',#2037,#2035,#1175,.T.);
#2586=EDGE_CURVE('',#2038,#2036,#1176,.T.);
#2587=EDGE_CURVE('',#2037,#2038,#1177,.T.);
#2588=EDGE_CURVE('',#2039,#2037,#264,.T.);
#2589=EDGE_CURVE('',#2040,#2038,#265,.T.);
#2590=EDGE_CURVE('',#2039,#2040,#1178,.T.);
#2591=EDGE_CURVE('',#2026,#2039,#1179,.T.);
#2592=EDGE_CURVE('',#2027,#2040,#1180,.T.);
#2593=EDGE_CURVE('',#2041,#2042,#266,.T.);
#2594=EDGE_CURVE('',#2042,#2043,#1181,.T.);
#2595=EDGE_CURVE('',#2044,#2043,#267,.T.);
#2596=EDGE_CURVE('',#2041,#2044,#1182,.T.);
#2597=EDGE_CURVE('',#2045,#2041,#1183,.T.);
#2598=EDGE_CURVE('',#2046,#2044,#1184,.T.);
#2599=EDGE_CURVE('',#2045,#2046,#1185,.T.);
#2600=EDGE_CURVE('',#2047,#2045,#268,.T.);
#2601=EDGE_CURVE('',#2048,#2046,#269,.T.);
#2602=EDGE_CURVE('',#2047,#2048,#1186,.T.);
#2603=EDGE_CURVE('',#2049,#2047,#1187,.T.);
#2604=EDGE_CURVE('',#2050,#2048,#1188,.T.);
#2605=EDGE_CURVE('',#2049,#2050,#1189,.T.);
#2606=EDGE_CURVE('',#2051,#2049,#270,.T.);
#2607=EDGE_CURVE('',#2052,#2050,#271,.T.);
#2608=EDGE_CURVE('',#2051,#2052,#1190,.T.);
#2609=EDGE_CURVE('',#2053,#2051,#1191,.T.);
#2610=EDGE_CURVE('',#2054,#2052,#1192,.T.);
#2611=EDGE_CURVE('',#2053,#2054,#1193,.T.);
#2612=EDGE_CURVE('',#2055,#2053,#272,.T.);
#2613=EDGE_CURVE('',#2056,#2054,#273,.T.);
#2614=EDGE_CURVE('',#2055,#2056,#1194,.T.);
#2615=EDGE_CURVE('',#2042,#2055,#1195,.T.);
#2616=EDGE_CURVE('',#2043,#2056,#1196,.T.);
#2617=EDGE_CURVE('',#2057,#2058,#274,.T.);
#2618=EDGE_CURVE('',#2058,#2059,#1197,.T.);
#2619=EDGE_CURVE('',#2060,#2059,#275,.T.);
#2620=EDGE_CURVE('',#2057,#2060,#1198,.T.);
#2621=EDGE_CURVE('',#2061,#2057,#1199,.T.);
#2622=EDGE_CURVE('',#2062,#2060,#1200,.T.);
#2623=EDGE_CURVE('',#2061,#2062,#1201,.T.);
#2624=EDGE_CURVE('',#2063,#2061,#276,.T.);
#2625=EDGE_CURVE('',#2064,#2062,#277,.T.);
#2626=EDGE_CURVE('',#2063,#2064,#1202,.T.);
#2627=EDGE_CURVE('',#2065,#2063,#1203,.T.);
#2628=EDGE_CURVE('',#2066,#2064,#1204,.T.);
#2629=EDGE_CURVE('',#2065,#2066,#1205,.T.);
#2630=EDGE_CURVE('',#2067,#2065,#278,.T.);
#2631=EDGE_CURVE('',#2068,#2066,#279,.T.);
#2632=EDGE_CURVE('',#2067,#2068,#1206,.T.);
#2633=EDGE_CURVE('',#2069,#2067,#1207,.T.);
#2634=EDGE_CURVE('',#2070,#2068,#1208,.T.);
#2635=EDGE_CURVE('',#2069,#2070,#1209,.T.);
#2636=EDGE_CURVE('',#2071,#2069,#280,.T.);
#2637=EDGE_CURVE('',#2072,#2070,#281,.T.);
#2638=EDGE_CURVE('',#2071,#2072,#1210,.T.);
#2639=EDGE_CURVE('',#2058,#2071,#1211,.T.);
#2640=EDGE_CURVE('',#2059,#2072,#1212,.T.);
#2641=EDGE_CURVE('',#2073,#2074,#282,.T.);
#2642=EDGE_CURVE('',#2074,#2075,#1213,.T.);
#2643=EDGE_CURVE('',#2076,#2075,#283,.T.);
#2644=EDGE_CURVE('',#2073,#2076,#1214,.T.);
#2645=EDGE_CURVE('',#2077,#2073,#1215,.T.);
#2646=EDGE_CURVE('',#2078,#2076,#1216,.T.);
#2647=EDGE_CURVE('',#2077,#2078,#1217,.T.);
#2648=EDGE_CURVE('',#2079,#2077,#284,.T.);
#2649=EDGE_CURVE('',#2080,#2078,#285,.T.);
#2650=EDGE_CURVE('',#2079,#2080,#1218,.T.);
#2651=EDGE_CURVE('',#2081,#2082,#1219,.T.);
#2652=EDGE_CURVE('',#2082,#2083,#286,.T.);
#2653=EDGE_CURVE('',#2083,#1749,#287,.T.);
#2654=EDGE_CURVE('',#2084,#1748,#288,.T.);
#2655=EDGE_CURVE('',#2085,#2084,#1220,.T.);
#2656=EDGE_CURVE('',#2085,#2081,#289,.T.);
#2657=EDGE_CURVE('',#2086,#2085,#290,.T.);
#2658=EDGE_CURVE('',#2087,#2084,#291,.T.);
#2659=EDGE_CURVE('',#2086,#2087,#1221,.T.);
#2660=EDGE_CURVE('',#2088,#2086,#1222,.T.);
#2661=EDGE_CURVE('',#2089,#2087,#1223,.T.);
#2662=EDGE_CURVE('',#2088,#2089,#1224,.T.);
#2663=EDGE_CURVE('',#2090,#2088,#1225,.T.);
#2664=EDGE_CURVE('',#2091,#2089,#1226,.T.);
#2665=EDGE_CURVE('',#2090,#2091,#1227,.T.);
#2666=EDGE_CURVE('',#2092,#2090,#1228,.T.);
#2667=EDGE_CURVE('',#2093,#2091,#1229,.T.);
#2668=EDGE_CURVE('',#2092,#2093,#1230,.T.);
#2669=EDGE_CURVE('',#2094,#2092,#1231,.T.);
#2670=EDGE_CURVE('',#2095,#2093,#1232,.T.);
#2671=EDGE_CURVE('',#2094,#2095,#1233,.T.);
#2672=EDGE_CURVE('',#2096,#2094,#292,.T.);
#2673=EDGE_CURVE('',#2097,#2095,#293,.T.);
#2674=EDGE_CURVE('',#2096,#2097,#1234,.T.);
#2675=EDGE_CURVE('',#2098,#2096,#1235,.T.);
#2676=EDGE_CURVE('',#2099,#2097,#1236,.T.);
#2677=EDGE_CURVE('',#2098,#2099,#1237,.T.);
#2678=EDGE_CURVE('',#2100,#2098,#1238,.T.);
#2679=EDGE_CURVE('',#2101,#2099,#1239,.T.);
#2680=EDGE_CURVE('',#2100,#2101,#1240,.T.);
#2681=EDGE_CURVE('',#2102,#2100,#294,.T.);
#2682=EDGE_CURVE('',#2103,#2101,#295,.T.);
#2683=EDGE_CURVE('',#2102,#2103,#1241,.T.);
#2684=EDGE_CURVE('',#2104,#2102,#1242,.T.);
#2685=EDGE_CURVE('',#2105,#2103,#1243,.T.);
#2686=EDGE_CURVE('',#2104,#2105,#1244,.T.);
#2687=EDGE_CURVE('',#1761,#2104,#296,.T.);
#2688=EDGE_CURVE('',#1762,#2105,#297,.T.);
#2689=EDGE_CURVE('',#2106,#2107,#1245,.T.);
#2690=EDGE_CURVE('',#2107,#2108,#1246,.T.);
#2691=EDGE_CURVE('',#2109,#2108,#1247,.T.);
#2692=EDGE_CURVE('',#2106,#2109,#1248,.T.);
#2693=EDGE_CURVE('',#2110,#2106,#298,.T.);
#2694=EDGE_CURVE('',#2111,#2109,#299,.T.);
#2695=EDGE_CURVE('',#2110,#2111,#1249,.T.);
#2696=EDGE_CURVE('',#2112,#2110,#1250,.T.);
#2697=EDGE_CURVE('',#2113,#2111,#1251,.T.);
#2698=EDGE_CURVE('',#2112,#2113,#1252,.T.);
#2699=EDGE_CURVE('',#2114,#2112,#300,.T.);
#2700=EDGE_CURVE('',#2115,#2113,#301,.T.);
#2701=EDGE_CURVE('',#2114,#2115,#1253,.T.);
#2702=EDGE_CURVE('',#2116,#2114,#1254,.T.);
#2703=EDGE_CURVE('',#2117,#2115,#1255,.T.);
#2704=EDGE_CURVE('',#2116,#2117,#1256,.T.);
#2705=EDGE_CURVE('',#2118,#2116,#302,.T.);
#2706=EDGE_CURVE('',#2119,#2117,#303,.T.);
#2707=EDGE_CURVE('',#2118,#2119,#1257,.T.);
#2708=EDGE_CURVE('',#2120,#2121,#304,.T.);
#2709=EDGE_CURVE('',#2121,#2122,#1258,.T.);
#2710=EDGE_CURVE('',#2123,#2122,#305,.T.);
#2711=EDGE_CURVE('',#2120,#2123,#1259,.T.);
#2712=EDGE_CURVE('',#2124,#2120,#1260,.T.);
#2713=EDGE_CURVE('',#2125,#2123,#1261,.T.);
#2714=EDGE_CURVE('',#2124,#2125,#1262,.T.);
#2715=EDGE_CURVE('',#2126,#2124,#306,.T.);
#2716=EDGE_CURVE('',#2127,#2125,#307,.T.);
#2717=EDGE_CURVE('',#2126,#2127,#1263,.T.);
#2718=EDGE_CURVE('',#2128,#2129,#308,.T.);
#2719=EDGE_CURVE('',#2129,#2130,#1264,.T.);
#2720=EDGE_CURVE('',#2131,#2130,#309,.T.);
#2721=EDGE_CURVE('',#2128,#2131,#1265,.T.);
#2722=EDGE_CURVE('',#2132,#2128,#1266,.T.);
#2723=EDGE_CURVE('',#2133,#2131,#1267,.T.);
#2724=EDGE_CURVE('',#2132,#2133,#1268,.T.);
#2725=EDGE_CURVE('',#2134,#2132,#310,.T.);
#2726=EDGE_CURVE('',#2135,#2133,#311,.T.);
#2727=EDGE_CURVE('',#2134,#2135,#1269,.T.);
#2728=EDGE_CURVE('',#2136,#2134,#1270,.T.);
#2729=EDGE_CURVE('',#2137,#2135,#1271,.T.);
#2730=EDGE_CURVE('',#2136,#2137,#1272,.T.);
#2731=EDGE_CURVE('',#2138,#1756,#1273,.T.);
#2732=EDGE_CURVE('',#1737,#2138,#1274,.T.);
#2733=EDGE_CURVE('',#2075,#1744,#1275,.T.);
#2734=EDGE_CURVE('',#2074,#2126,#1276,.T.);
#2735=EDGE_CURVE('',#2139,#2127,#1277,.T.);
#2736=EDGE_CURVE('',#2139,#2140,#1278,.F.);
#2737=EDGE_CURVE('',#2140,#1745,#1279,.F.);
#2738=EDGE_CURVE('',#1746,#2141,#1280,.F.);
#2739=EDGE_CURVE('',#2141,#2140,#1281,.T.);
#2740=EDGE_CURVE('',#1747,#2080,#1282,.T.);
#2741=EDGE_CURVE('',#2141,#2142,#1283,.F.);
#2742=EDGE_CURVE('',#2122,#2142,#1284,.T.);
#2743=EDGE_CURVE('',#2121,#2079,#1285,.T.);
#2744=EDGE_CURVE('',#2143,#2144,#312,.T.);
#2745=EDGE_CURVE('',#2082,#2144,#313,.T.);
#2746=EDGE_CURVE('',#2081,#2118,#314,.T.);
#2747=EDGE_CURVE('',#2143,#2119,#315,.T.);
#2748=EDGE_CURVE('',#2145,#1750,#1286,.T.);
#2749=EDGE_CURVE('',#2145,#2144,#1287,.T.);
#2750=EDGE_CURVE('',#2146,#2145,#1288,.T.);
#2751=EDGE_CURVE('',#2108,#2146,#1289,.T.);
#2752=EDGE_CURVE('',#2107,#1773,#1290,.T.);
#2753=EDGE_CURVE('',#2147,#1758,#1291,.T.);
#2754=EDGE_CURVE('',#1764,#2147,#1292,.T.);
#2755=EDGE_CURVE('',#1770,#1743,#1293,.T.);
#2756=EDGE_CURVE('',#1768,#2136,#316,.T.);
#2757=EDGE_CURVE('',#1769,#2137,#317,.T.);
#2758=EDGE_CURVE('',#2129,#1767,#1294,.T.);
#2759=EDGE_CURVE('',#2130,#1766,#1295,.T.);
#2760=EDGE_CURVE('',#2138,#2146,#1296,.T.);
#2761=EDGE_CURVE('',#2139,#1765,#1297,.T.);
#2762=EDGE_CURVE('',#2143,#2142,#1298,.T.);
#2763=EDGE_CURVE('',#1763,#2147,#1299,.T.);
#2764=ORIENTED_EDGE('',*,*,#2148,.T.);
#2765=ORIENTED_EDGE('',*,*,#2149,.T.);
#2766=ORIENTED_EDGE('',*,*,#2150,.T.);
#2767=ORIENTED_EDGE('',*,*,#2151,.T.);
#2768=ORIENTED_EDGE('',*,*,#2150,.F.);
#2769=ORIENTED_EDGE('',*,*,#2152,.T.);
#2770=ORIENTED_EDGE('',*,*,#2153,.F.);
#2771=ORIENTED_EDGE('',*,*,#2154,.T.);
#2772=ORIENTED_EDGE('',*,*,#2155,.T.);
#2773=ORIENTED_EDGE('',*,*,#2156,.F.);
#2774=ORIENTED_EDGE('',*,*,#2157,.T.);
#2775=ORIENTED_EDGE('',*,*,#2158,.F.);
#2776=ORIENTED_EDGE('',*,*,#2159,.F.);
#2777=ORIENTED_EDGE('',*,*,#2160,.F.);
#2778=ORIENTED_EDGE('',*,*,#2161,.T.);
#2779=ORIENTED_EDGE('',*,*,#2162,.T.);
#2780=ORIENTED_EDGE('',*,*,#2163,.F.);
#2781=ORIENTED_EDGE('',*,*,#2164,.T.);
#2782=ORIENTED_EDGE('',*,*,#2165,.T.);
#2783=ORIENTED_EDGE('',*,*,#2166,.T.);
#2784=ORIENTED_EDGE('',*,*,#2167,.F.);
#2785=ORIENTED_EDGE('',*,*,#2168,.T.);
#2786=ORIENTED_EDGE('',*,*,#2149,.F.);
#2787=ORIENTED_EDGE('',*,*,#2169,.F.);
#2788=ORIENTED_EDGE('',*,*,#2170,.F.);
#2789=ORIENTED_EDGE('',*,*,#2152,.F.);
#2790=ORIENTED_EDGE('',*,*,#2171,.T.);
#2791=ORIENTED_EDGE('',*,*,#2172,.T.);
#2792=ORIENTED_EDGE('',*,*,#2153,.T.);
#2793=ORIENTED_EDGE('',*,*,#2170,.T.);
#2794=ORIENTED_EDGE('',*,*,#2173,.F.);
#2795=ORIENTED_EDGE('',*,*,#2174,.T.);
#2796=ORIENTED_EDGE('',*,*,#2175,.T.);
#2797=ORIENTED_EDGE('',*,*,#2176,.F.);
#2798=ORIENTED_EDGE('',*,*,#2177,.F.);
#2799=ORIENTED_EDGE('',*,*,#2178,.F.);
#2800=ORIENTED_EDGE('',*,*,#2179,.F.);
#2801=ORIENTED_EDGE('',*,*,#2180,.F.);
#2802=ORIENTED_EDGE('',*,*,#2181,.T.);
#2803=ORIENTED_EDGE('',*,*,#2182,.T.);
#2804=ORIENTED_EDGE('',*,*,#2183,.F.);
#2805=ORIENTED_EDGE('',*,*,#2184,.F.);
#2806=ORIENTED_EDGE('',*,*,#2185,.T.);
#2807=ORIENTED_EDGE('',*,*,#2186,.T.);
#2808=ORIENTED_EDGE('',*,*,#2165,.F.);
#2809=ORIENTED_EDGE('',*,*,#2163,.T.);
#2810=ORIENTED_EDGE('',*,*,#2187,.T.);
#2811=ORIENTED_EDGE('',*,*,#2188,.T.);
#2812=ORIENTED_EDGE('',*,*,#2164,.F.);
#2813=ORIENTED_EDGE('',*,*,#2188,.F.);
#2814=ORIENTED_EDGE('',*,*,#2189,.F.);
#2815=ORIENTED_EDGE('',*,*,#2190,.T.);
#2816=ORIENTED_EDGE('',*,*,#2191,.T.);
#2817=ORIENTED_EDGE('',*,*,#2185,.F.);
#2818=ORIENTED_EDGE('',*,*,#2173,.T.);
#2819=ORIENTED_EDGE('',*,*,#2192,.F.);
#2820=ORIENTED_EDGE('',*,*,#2166,.F.);
#2821=ORIENTED_EDGE('',*,*,#2186,.F.);
#2822=ORIENTED_EDGE('',*,*,#2191,.F.);
#2823=ORIENTED_EDGE('',*,*,#2193,.T.);
#2824=ORIENTED_EDGE('',*,*,#2194,.T.);
#2825=ORIENTED_EDGE('',*,*,#2195,.T.);
#2826=ORIENTED_EDGE('',*,*,#2196,.F.);
#2827=ORIENTED_EDGE('',*,*,#2197,.F.);
#2828=ORIENTED_EDGE('',*,*,#2198,.T.);
#2829=ORIENTED_EDGE('',*,*,#2197,.T.);
#2830=ORIENTED_EDGE('',*,*,#2199,.F.);
#2831=ORIENTED_EDGE('',*,*,#2200,.F.);
#2832=ORIENTED_EDGE('',*,*,#2201,.T.);
#2833=ORIENTED_EDGE('',*,*,#2200,.T.);
#2834=ORIENTED_EDGE('',*,*,#2202,.F.);
#2835=ORIENTED_EDGE('',*,*,#2203,.F.);
#2836=ORIENTED_EDGE('',*,*,#2204,.T.);
#2837=ORIENTED_EDGE('',*,*,#2203,.T.);
#2838=ORIENTED_EDGE('',*,*,#2205,.F.);
#2839=ORIENTED_EDGE('',*,*,#2206,.F.);
#2840=ORIENTED_EDGE('',*,*,#2207,.T.);
#2841=ORIENTED_EDGE('',*,*,#2206,.T.);
#2842=ORIENTED_EDGE('',*,*,#2208,.F.);
#2843=ORIENTED_EDGE('',*,*,#2209,.F.);
#2844=ORIENTED_EDGE('',*,*,#2210,.T.);
#2845=ORIENTED_EDGE('',*,*,#2209,.T.);
#2846=ORIENTED_EDGE('',*,*,#2211,.F.);
#2847=ORIENTED_EDGE('',*,*,#2212,.F.);
#2848=ORIENTED_EDGE('',*,*,#2213,.T.);
#2849=ORIENTED_EDGE('',*,*,#2212,.T.);
#2850=ORIENTED_EDGE('',*,*,#2214,.F.);
#2851=ORIENTED_EDGE('',*,*,#2215,.F.);
#2852=ORIENTED_EDGE('',*,*,#2216,.F.);
#2853=ORIENTED_EDGE('',*,*,#2195,.F.);
#2854=ORIENTED_EDGE('',*,*,#2217,.T.);
#2855=ORIENTED_EDGE('',*,*,#2215,.T.);
#2856=ORIENTED_EDGE('',*,*,#2218,.T.);
#2857=ORIENTED_EDGE('',*,*,#2219,.F.);
#2858=ORIENTED_EDGE('',*,*,#2220,.F.);
#2859=ORIENTED_EDGE('',*,*,#2221,.T.);
#2860=ORIENTED_EDGE('',*,*,#2222,.T.);
#2861=ORIENTED_EDGE('',*,*,#2221,.F.);
#2862=ORIENTED_EDGE('',*,*,#2223,.F.);
#2863=ORIENTED_EDGE('',*,*,#2224,.T.);
#2864=ORIENTED_EDGE('',*,*,#2225,.T.);
#2865=ORIENTED_EDGE('',*,*,#2224,.F.);
#2866=ORIENTED_EDGE('',*,*,#2226,.F.);
#2867=ORIENTED_EDGE('',*,*,#2227,.T.);
#2868=ORIENTED_EDGE('',*,*,#2228,.T.);
#2869=ORIENTED_EDGE('',*,*,#2227,.F.);
#2870=ORIENTED_EDGE('',*,*,#2229,.F.);
#2871=ORIENTED_EDGE('',*,*,#2219,.T.);
#2872=ORIENTED_EDGE('',*,*,#2230,.T.);
#2873=ORIENTED_EDGE('',*,*,#2231,.T.);
#2874=ORIENTED_EDGE('',*,*,#2232,.F.);
#2875=ORIENTED_EDGE('',*,*,#2233,.F.);
#2876=ORIENTED_EDGE('',*,*,#2234,.T.);
#2877=ORIENTED_EDGE('',*,*,#2233,.T.);
#2878=ORIENTED_EDGE('',*,*,#2235,.F.);
#2879=ORIENTED_EDGE('',*,*,#2236,.F.);
#2880=ORIENTED_EDGE('',*,*,#2237,.T.);
#2881=ORIENTED_EDGE('',*,*,#2236,.T.);
#2882=ORIENTED_EDGE('',*,*,#2238,.F.);
#2883=ORIENTED_EDGE('',*,*,#2239,.F.);
#2884=ORIENTED_EDGE('',*,*,#2240,.T.);
#2885=ORIENTED_EDGE('',*,*,#2239,.T.);
#2886=ORIENTED_EDGE('',*,*,#2241,.F.);
#2887=ORIENTED_EDGE('',*,*,#2242,.F.);
#2888=ORIENTED_EDGE('',*,*,#2243,.T.);
#2889=ORIENTED_EDGE('',*,*,#2242,.T.);
#2890=ORIENTED_EDGE('',*,*,#2244,.F.);
#2891=ORIENTED_EDGE('',*,*,#2245,.F.);
#2892=ORIENTED_EDGE('',*,*,#2246,.T.);
#2893=ORIENTED_EDGE('',*,*,#2245,.T.);
#2894=ORIENTED_EDGE('',*,*,#2247,.F.);
#2895=ORIENTED_EDGE('',*,*,#2248,.F.);
#2896=ORIENTED_EDGE('',*,*,#2249,.T.);
#2897=ORIENTED_EDGE('',*,*,#2248,.T.);
#2898=ORIENTED_EDGE('',*,*,#2250,.F.);
#2899=ORIENTED_EDGE('',*,*,#2251,.F.);
#2900=ORIENTED_EDGE('',*,*,#2252,.T.);
#2901=ORIENTED_EDGE('',*,*,#2251,.T.);
#2902=ORIENTED_EDGE('',*,*,#2253,.F.);
#2903=ORIENTED_EDGE('',*,*,#2254,.F.);
#2904=ORIENTED_EDGE('',*,*,#2255,.T.);
#2905=ORIENTED_EDGE('',*,*,#2254,.T.);
#2906=ORIENTED_EDGE('',*,*,#2256,.F.);
#2907=ORIENTED_EDGE('',*,*,#2257,.F.);
#2908=ORIENTED_EDGE('',*,*,#2258,.T.);
#2909=ORIENTED_EDGE('',*,*,#2257,.T.);
#2910=ORIENTED_EDGE('',*,*,#2259,.F.);
#2911=ORIENTED_EDGE('',*,*,#2260,.F.);
#2912=ORIENTED_EDGE('',*,*,#2261,.T.);
#2913=ORIENTED_EDGE('',*,*,#2260,.T.);
#2914=ORIENTED_EDGE('',*,*,#2262,.F.);
#2915=ORIENTED_EDGE('',*,*,#2231,.F.);
#2916=ORIENTED_EDGE('',*,*,#2263,.T.);
#2917=ORIENTED_EDGE('',*,*,#2264,.T.);
#2918=ORIENTED_EDGE('',*,*,#2265,.F.);
#2919=ORIENTED_EDGE('',*,*,#2266,.F.);
#2920=ORIENTED_EDGE('',*,*,#2267,.T.);
#2921=ORIENTED_EDGE('',*,*,#2266,.T.);
#2922=ORIENTED_EDGE('',*,*,#2268,.F.);
#2923=ORIENTED_EDGE('',*,*,#2269,.F.);
#2924=ORIENTED_EDGE('',*,*,#2270,.T.);
#2925=ORIENTED_EDGE('',*,*,#2269,.T.);
#2926=ORIENTED_EDGE('',*,*,#2271,.F.);
#2927=ORIENTED_EDGE('',*,*,#2272,.F.);
#2928=ORIENTED_EDGE('',*,*,#2273,.T.);
#2929=ORIENTED_EDGE('',*,*,#2272,.T.);
#2930=ORIENTED_EDGE('',*,*,#2274,.F.);
#2931=ORIENTED_EDGE('',*,*,#2275,.F.);
#2932=ORIENTED_EDGE('',*,*,#2276,.T.);
#2933=ORIENTED_EDGE('',*,*,#2275,.T.);
#2934=ORIENTED_EDGE('',*,*,#2277,.F.);
#2935=ORIENTED_EDGE('',*,*,#2278,.F.);
#2936=ORIENTED_EDGE('',*,*,#2279,.T.);
#2937=ORIENTED_EDGE('',*,*,#2278,.T.);
#2938=ORIENTED_EDGE('',*,*,#2280,.F.);
#2939=ORIENTED_EDGE('',*,*,#2281,.F.);
#2940=ORIENTED_EDGE('',*,*,#2282,.T.);
#2941=ORIENTED_EDGE('',*,*,#2281,.T.);
#2942=ORIENTED_EDGE('',*,*,#2283,.F.);
#2943=ORIENTED_EDGE('',*,*,#2284,.F.);
#2944=ORIENTED_EDGE('',*,*,#2285,.T.);
#2945=ORIENTED_EDGE('',*,*,#2284,.T.);
#2946=ORIENTED_EDGE('',*,*,#2286,.F.);
#2947=ORIENTED_EDGE('',*,*,#2287,.F.);
#2948=ORIENTED_EDGE('',*,*,#2288,.T.);
#2949=ORIENTED_EDGE('',*,*,#2287,.T.);
#2950=ORIENTED_EDGE('',*,*,#2289,.F.);
#2951=ORIENTED_EDGE('',*,*,#2290,.F.);
#2952=ORIENTED_EDGE('',*,*,#2291,.T.);
#2953=ORIENTED_EDGE('',*,*,#2290,.T.);
#2954=ORIENTED_EDGE('',*,*,#2292,.F.);
#2955=ORIENTED_EDGE('',*,*,#2264,.F.);
#2956=ORIENTED_EDGE('',*,*,#2293,.T.);
#2957=ORIENTED_EDGE('',*,*,#2294,.T.);
#2958=ORIENTED_EDGE('',*,*,#2295,.F.);
#2959=ORIENTED_EDGE('',*,*,#2296,.F.);
#2960=ORIENTED_EDGE('',*,*,#2297,.T.);
#2961=ORIENTED_EDGE('',*,*,#2296,.T.);
#2962=ORIENTED_EDGE('',*,*,#2298,.F.);
#2963=ORIENTED_EDGE('',*,*,#2299,.F.);
#2964=ORIENTED_EDGE('',*,*,#2300,.T.);
#2965=ORIENTED_EDGE('',*,*,#2299,.T.);
#2966=ORIENTED_EDGE('',*,*,#2301,.F.);
#2967=ORIENTED_EDGE('',*,*,#2302,.F.);
#2968=ORIENTED_EDGE('',*,*,#2303,.T.);
#2969=ORIENTED_EDGE('',*,*,#2302,.T.);
#2970=ORIENTED_EDGE('',*,*,#2304,.F.);
#2971=ORIENTED_EDGE('',*,*,#2305,.F.);
#2972=ORIENTED_EDGE('',*,*,#2306,.T.);
#2973=ORIENTED_EDGE('',*,*,#2305,.T.);
#2974=ORIENTED_EDGE('',*,*,#2307,.F.);
#2975=ORIENTED_EDGE('',*,*,#2308,.F.);
#2976=ORIENTED_EDGE('',*,*,#2309,.T.);
#2977=ORIENTED_EDGE('',*,*,#2308,.T.);
#2978=ORIENTED_EDGE('',*,*,#2310,.F.);
#2979=ORIENTED_EDGE('',*,*,#2294,.F.);
#2980=ORIENTED_EDGE('',*,*,#2311,.T.);
#2981=ORIENTED_EDGE('',*,*,#2312,.T.);
#2982=ORIENTED_EDGE('',*,*,#2313,.F.);
#2983=ORIENTED_EDGE('',*,*,#2314,.F.);
#2984=ORIENTED_EDGE('',*,*,#2315,.T.);
#2985=ORIENTED_EDGE('',*,*,#2314,.T.);
#2986=ORIENTED_EDGE('',*,*,#2316,.F.);
#2987=ORIENTED_EDGE('',*,*,#2317,.F.);
#2988=ORIENTED_EDGE('',*,*,#2318,.T.);
#2989=ORIENTED_EDGE('',*,*,#2317,.T.);
#2990=ORIENTED_EDGE('',*,*,#2319,.F.);
#2991=ORIENTED_EDGE('',*,*,#2320,.F.);
#2992=ORIENTED_EDGE('',*,*,#2321,.T.);
#2993=ORIENTED_EDGE('',*,*,#2320,.T.);
#2994=ORIENTED_EDGE('',*,*,#2322,.F.);
#2995=ORIENTED_EDGE('',*,*,#2323,.F.);
#2996=ORIENTED_EDGE('',*,*,#2324,.T.);
#2997=ORIENTED_EDGE('',*,*,#2323,.T.);
#2998=ORIENTED_EDGE('',*,*,#2325,.F.);
#2999=ORIENTED_EDGE('',*,*,#2326,.F.);
#3000=ORIENTED_EDGE('',*,*,#2327,.T.);
#3001=ORIENTED_EDGE('',*,*,#2326,.T.);
#3002=ORIENTED_EDGE('',*,*,#2328,.F.);
#3003=ORIENTED_EDGE('',*,*,#2329,.F.);
#3004=ORIENTED_EDGE('',*,*,#2330,.T.);
#3005=ORIENTED_EDGE('',*,*,#2329,.T.);
#3006=ORIENTED_EDGE('',*,*,#2331,.F.);
#3007=ORIENTED_EDGE('',*,*,#2332,.F.);
#3008=ORIENTED_EDGE('',*,*,#2333,.T.);
#3009=ORIENTED_EDGE('',*,*,#2332,.T.);
#3010=ORIENTED_EDGE('',*,*,#2334,.F.);
#3011=ORIENTED_EDGE('',*,*,#2312,.F.);
#3012=ORIENTED_EDGE('',*,*,#2335,.T.);
#3013=ORIENTED_EDGE('',*,*,#2336,.T.);
#3014=ORIENTED_EDGE('',*,*,#2337,.F.);
#3015=ORIENTED_EDGE('',*,*,#2338,.F.);
#3016=ORIENTED_EDGE('',*,*,#2339,.T.);
#3017=ORIENTED_EDGE('',*,*,#2338,.T.);
#3018=ORIENTED_EDGE('',*,*,#2340,.F.);
#3019=ORIENTED_EDGE('',*,*,#2341,.F.);
#3020=ORIENTED_EDGE('',*,*,#2342,.T.);
#3021=ORIENTED_EDGE('',*,*,#2341,.T.);
#3022=ORIENTED_EDGE('',*,*,#2343,.F.);
#3023=ORIENTED_EDGE('',*,*,#2344,.F.);
#3024=ORIENTED_EDGE('',*,*,#2345,.T.);
#3025=ORIENTED_EDGE('',*,*,#2344,.T.);
#3026=ORIENTED_EDGE('',*,*,#2346,.F.);
#3027=ORIENTED_EDGE('',*,*,#2347,.F.);
#3028=ORIENTED_EDGE('',*,*,#2348,.T.);
#3029=ORIENTED_EDGE('',*,*,#2347,.T.);
#3030=ORIENTED_EDGE('',*,*,#2349,.F.);
#3031=ORIENTED_EDGE('',*,*,#2350,.F.);
#3032=ORIENTED_EDGE('',*,*,#2351,.T.);
#3033=ORIENTED_EDGE('',*,*,#2350,.T.);
#3034=ORIENTED_EDGE('',*,*,#2352,.F.);
#3035=ORIENTED_EDGE('',*,*,#2353,.F.);
#3036=ORIENTED_EDGE('',*,*,#2354,.T.);
#3037=ORIENTED_EDGE('',*,*,#2353,.T.);
#3038=ORIENTED_EDGE('',*,*,#2355,.F.);
#3039=ORIENTED_EDGE('',*,*,#2356,.F.);
#3040=ORIENTED_EDGE('',*,*,#2357,.T.);
#3041=ORIENTED_EDGE('',*,*,#2356,.T.);
#3042=ORIENTED_EDGE('',*,*,#2358,.F.);
#3043=ORIENTED_EDGE('',*,*,#2359,.F.);
#3044=ORIENTED_EDGE('',*,*,#2360,.T.);
#3045=ORIENTED_EDGE('',*,*,#2359,.T.);
#3046=ORIENTED_EDGE('',*,*,#2361,.F.);
#3047=ORIENTED_EDGE('',*,*,#2362,.F.);
#3048=ORIENTED_EDGE('',*,*,#2363,.T.);
#3049=ORIENTED_EDGE('',*,*,#2362,.T.);
#3050=ORIENTED_EDGE('',*,*,#2364,.F.);
#3051=ORIENTED_EDGE('',*,*,#2365,.F.);
#3052=ORIENTED_EDGE('',*,*,#2366,.T.);
#3053=ORIENTED_EDGE('',*,*,#2365,.T.);
#3054=ORIENTED_EDGE('',*,*,#2367,.F.);
#3055=ORIENTED_EDGE('',*,*,#2368,.F.);
#3056=ORIENTED_EDGE('',*,*,#2369,.T.);
#3057=ORIENTED_EDGE('',*,*,#2368,.T.);
#3058=ORIENTED_EDGE('',*,*,#2370,.F.);
#3059=ORIENTED_EDGE('',*,*,#2371,.F.);
#3060=ORIENTED_EDGE('',*,*,#2372,.T.);
#3061=ORIENTED_EDGE('',*,*,#2371,.T.);
#3062=ORIENTED_EDGE('',*,*,#2373,.F.);
#3063=ORIENTED_EDGE('',*,*,#2374,.F.);
#3064=ORIENTED_EDGE('',*,*,#2375,.T.);
#3065=ORIENTED_EDGE('',*,*,#2374,.T.);
#3066=ORIENTED_EDGE('',*,*,#2376,.F.);
#3067=ORIENTED_EDGE('',*,*,#2377,.F.);
#3068=ORIENTED_EDGE('',*,*,#2378,.T.);
#3069=ORIENTED_EDGE('',*,*,#2377,.T.);
#3070=ORIENTED_EDGE('',*,*,#2379,.F.);
#3071=ORIENTED_EDGE('',*,*,#2380,.F.);
#3072=ORIENTED_EDGE('',*,*,#2381,.T.);
#3073=ORIENTED_EDGE('',*,*,#2380,.T.);
#3074=ORIENTED_EDGE('',*,*,#2382,.F.);
#3075=ORIENTED_EDGE('',*,*,#2336,.F.);
#3076=ORIENTED_EDGE('',*,*,#2383,.T.);
#3077=ORIENTED_EDGE('',*,*,#2384,.T.);
#3078=ORIENTED_EDGE('',*,*,#2385,.F.);
#3079=ORIENTED_EDGE('',*,*,#2386,.F.);
#3080=ORIENTED_EDGE('',*,*,#2387,.T.);
#3081=ORIENTED_EDGE('',*,*,#2386,.T.);
#3082=ORIENTED_EDGE('',*,*,#2388,.F.);
#3083=ORIENTED_EDGE('',*,*,#2389,.F.);
#3084=ORIENTED_EDGE('',*,*,#2390,.T.);
#3085=ORIENTED_EDGE('',*,*,#2389,.T.);
#3086=ORIENTED_EDGE('',*,*,#2391,.F.);
#3087=ORIENTED_EDGE('',*,*,#2392,.F.);
#3088=ORIENTED_EDGE('',*,*,#2393,.T.);
#3089=ORIENTED_EDGE('',*,*,#2392,.T.);
#3090=ORIENTED_EDGE('',*,*,#2394,.F.);
#3091=ORIENTED_EDGE('',*,*,#2395,.F.);
#3092=ORIENTED_EDGE('',*,*,#2396,.T.);
#3093=ORIENTED_EDGE('',*,*,#2395,.T.);
#3094=ORIENTED_EDGE('',*,*,#2397,.F.);
#3095=ORIENTED_EDGE('',*,*,#2398,.F.);
#3096=ORIENTED_EDGE('',*,*,#2399,.T.);
#3097=ORIENTED_EDGE('',*,*,#2398,.T.);
#3098=ORIENTED_EDGE('',*,*,#2400,.F.);
#3099=ORIENTED_EDGE('',*,*,#2401,.F.);
#3100=ORIENTED_EDGE('',*,*,#2402,.T.);
#3101=ORIENTED_EDGE('',*,*,#2401,.T.);
#3102=ORIENTED_EDGE('',*,*,#2403,.F.);
#3103=ORIENTED_EDGE('',*,*,#2404,.F.);
#3104=ORIENTED_EDGE('',*,*,#2405,.T.);
#3105=ORIENTED_EDGE('',*,*,#2404,.T.);
#3106=ORIENTED_EDGE('',*,*,#2406,.F.);
#3107=ORIENTED_EDGE('',*,*,#2384,.F.);
#3108=ORIENTED_EDGE('',*,*,#2407,.T.);
#3109=ORIENTED_EDGE('',*,*,#2408,.T.);
#3110=ORIENTED_EDGE('',*,*,#2409,.F.);
#3111=ORIENTED_EDGE('',*,*,#2410,.F.);
#3112=ORIENTED_EDGE('',*,*,#2411,.T.);
#3113=ORIENTED_EDGE('',*,*,#2410,.T.);
#3114=ORIENTED_EDGE('',*,*,#2412,.F.);
#3115=ORIENTED_EDGE('',*,*,#2413,.F.);
#3116=ORIENTED_EDGE('',*,*,#2414,.T.);
#3117=ORIENTED_EDGE('',*,*,#2413,.T.);
#3118=ORIENTED_EDGE('',*,*,#2415,.F.);
#3119=ORIENTED_EDGE('',*,*,#2416,.F.);
#3120=ORIENTED_EDGE('',*,*,#2417,.T.);
#3121=ORIENTED_EDGE('',*,*,#2416,.T.);
#3122=ORIENTED_EDGE('',*,*,#2418,.F.);
#3123=ORIENTED_EDGE('',*,*,#2419,.F.);
#3124=ORIENTED_EDGE('',*,*,#2420,.T.);
#3125=ORIENTED_EDGE('',*,*,#2419,.T.);
#3126=ORIENTED_EDGE('',*,*,#2421,.F.);
#3127=ORIENTED_EDGE('',*,*,#2422,.F.);
#3128=ORIENTED_EDGE('',*,*,#2423,.T.);
#3129=ORIENTED_EDGE('',*,*,#2422,.T.);
#3130=ORIENTED_EDGE('',*,*,#2424,.F.);
#3131=ORIENTED_EDGE('',*,*,#2425,.F.);
#3132=ORIENTED_EDGE('',*,*,#2426,.T.);
#3133=ORIENTED_EDGE('',*,*,#2425,.T.);
#3134=ORIENTED_EDGE('',*,*,#2427,.F.);
#3135=ORIENTED_EDGE('',*,*,#2428,.F.);
#3136=ORIENTED_EDGE('',*,*,#2429,.T.);
#3137=ORIENTED_EDGE('',*,*,#2428,.T.);
#3138=ORIENTED_EDGE('',*,*,#2430,.F.);
#3139=ORIENTED_EDGE('',*,*,#2408,.F.);
#3140=ORIENTED_EDGE('',*,*,#2431,.T.);
#3141=ORIENTED_EDGE('',*,*,#2432,.T.);
#3142=ORIENTED_EDGE('',*,*,#2433,.F.);
#3143=ORIENTED_EDGE('',*,*,#2434,.F.);
#3144=ORIENTED_EDGE('',*,*,#2435,.T.);
#3145=ORIENTED_EDGE('',*,*,#2434,.T.);
#3146=ORIENTED_EDGE('',*,*,#2436,.F.);
#3147=ORIENTED_EDGE('',*,*,#2437,.F.);
#3148=ORIENTED_EDGE('',*,*,#2438,.T.);
#3149=ORIENTED_EDGE('',*,*,#2437,.T.);
#3150=ORIENTED_EDGE('',*,*,#2439,.F.);
#3151=ORIENTED_EDGE('',*,*,#2440,.F.);
#3152=ORIENTED_EDGE('',*,*,#2441,.T.);
#3153=ORIENTED_EDGE('',*,*,#2440,.T.);
#3154=ORIENTED_EDGE('',*,*,#2442,.F.);
#3155=ORIENTED_EDGE('',*,*,#2443,.F.);
#3156=ORIENTED_EDGE('',*,*,#2444,.T.);
#3157=ORIENTED_EDGE('',*,*,#2443,.T.);
#3158=ORIENTED_EDGE('',*,*,#2445,.F.);
#3159=ORIENTED_EDGE('',*,*,#2446,.F.);
#3160=ORIENTED_EDGE('',*,*,#2447,.T.);
#3161=ORIENTED_EDGE('',*,*,#2446,.T.);
#3162=ORIENTED_EDGE('',*,*,#2448,.F.);
#3163=ORIENTED_EDGE('',*,*,#2449,.F.);
#3164=ORIENTED_EDGE('',*,*,#2450,.T.);
#3165=ORIENTED_EDGE('',*,*,#2449,.T.);
#3166=ORIENTED_EDGE('',*,*,#2451,.F.);
#3167=ORIENTED_EDGE('',*,*,#2452,.F.);
#3168=ORIENTED_EDGE('',*,*,#2453,.T.);
#3169=ORIENTED_EDGE('',*,*,#2452,.T.);
#3170=ORIENTED_EDGE('',*,*,#2454,.F.);
#3171=ORIENTED_EDGE('',*,*,#2455,.F.);
#3172=ORIENTED_EDGE('',*,*,#2456,.T.);
#3173=ORIENTED_EDGE('',*,*,#2455,.T.);
#3174=ORIENTED_EDGE('',*,*,#2457,.F.);
#3175=ORIENTED_EDGE('',*,*,#2458,.F.);
#3176=ORIENTED_EDGE('',*,*,#2459,.T.);
#3177=ORIENTED_EDGE('',*,*,#2458,.T.);
#3178=ORIENTED_EDGE('',*,*,#2460,.F.);
#3179=ORIENTED_EDGE('',*,*,#2461,.F.);
#3180=ORIENTED_EDGE('',*,*,#2462,.T.);
#3181=ORIENTED_EDGE('',*,*,#2461,.T.);
#3182=ORIENTED_EDGE('',*,*,#2463,.F.);
#3183=ORIENTED_EDGE('',*,*,#2464,.F.);
#3184=ORIENTED_EDGE('',*,*,#2465,.T.);
#3185=ORIENTED_EDGE('',*,*,#2464,.T.);
#3186=ORIENTED_EDGE('',*,*,#2466,.F.);
#3187=ORIENTED_EDGE('',*,*,#2467,.F.);
#3188=ORIENTED_EDGE('',*,*,#2468,.T.);
#3189=ORIENTED_EDGE('',*,*,#2467,.T.);
#3190=ORIENTED_EDGE('',*,*,#2469,.F.);
#3191=ORIENTED_EDGE('',*,*,#2470,.F.);
#3192=ORIENTED_EDGE('',*,*,#2471,.T.);
#3193=ORIENTED_EDGE('',*,*,#2470,.T.);
#3194=ORIENTED_EDGE('',*,*,#2472,.F.);
#3195=ORIENTED_EDGE('',*,*,#2473,.F.);
#3196=ORIENTED_EDGE('',*,*,#2474,.T.);
#3197=ORIENTED_EDGE('',*,*,#2473,.T.);
#3198=ORIENTED_EDGE('',*,*,#2475,.F.);
#3199=ORIENTED_EDGE('',*,*,#2476,.F.);
#3200=ORIENTED_EDGE('',*,*,#2477,.T.);
#3201=ORIENTED_EDGE('',*,*,#2476,.T.);
#3202=ORIENTED_EDGE('',*,*,#2478,.F.);
#3203=ORIENTED_EDGE('',*,*,#2479,.F.);
#3204=ORIENTED_EDGE('',*,*,#2480,.T.);
#3205=ORIENTED_EDGE('',*,*,#2479,.T.);
#3206=ORIENTED_EDGE('',*,*,#2481,.F.);
#3207=ORIENTED_EDGE('',*,*,#2482,.F.);
#3208=ORIENTED_EDGE('',*,*,#2483,.T.);
#3209=ORIENTED_EDGE('',*,*,#2482,.T.);
#3210=ORIENTED_EDGE('',*,*,#2484,.F.);
#3211=ORIENTED_EDGE('',*,*,#2485,.F.);
#3212=ORIENTED_EDGE('',*,*,#2486,.T.);
#3213=ORIENTED_EDGE('',*,*,#2485,.T.);
#3214=ORIENTED_EDGE('',*,*,#2487,.F.);
#3215=ORIENTED_EDGE('',*,*,#2488,.F.);
#3216=ORIENTED_EDGE('',*,*,#2489,.T.);
#3217=ORIENTED_EDGE('',*,*,#2488,.T.);
#3218=ORIENTED_EDGE('',*,*,#2490,.F.);
#3219=ORIENTED_EDGE('',*,*,#2491,.F.);
#3220=ORIENTED_EDGE('',*,*,#2492,.T.);
#3221=ORIENTED_EDGE('',*,*,#2491,.T.);
#3222=ORIENTED_EDGE('',*,*,#2493,.F.);
#3223=ORIENTED_EDGE('',*,*,#2494,.F.);
#3224=ORIENTED_EDGE('',*,*,#2495,.T.);
#3225=ORIENTED_EDGE('',*,*,#2494,.T.);
#3226=ORIENTED_EDGE('',*,*,#2496,.F.);
#3227=ORIENTED_EDGE('',*,*,#2497,.F.);
#3228=ORIENTED_EDGE('',*,*,#2498,.T.);
#3229=ORIENTED_EDGE('',*,*,#2497,.T.);
#3230=ORIENTED_EDGE('',*,*,#2499,.F.);
#3231=ORIENTED_EDGE('',*,*,#2432,.F.);
#3232=ORIENTED_EDGE('',*,*,#2500,.T.);
#3233=ORIENTED_EDGE('',*,*,#2501,.T.);
#3234=ORIENTED_EDGE('',*,*,#2502,.F.);
#3235=ORIENTED_EDGE('',*,*,#2503,.F.);
#3236=ORIENTED_EDGE('',*,*,#2504,.T.);
#3237=ORIENTED_EDGE('',*,*,#2503,.T.);
#3238=ORIENTED_EDGE('',*,*,#2505,.F.);
#3239=ORIENTED_EDGE('',*,*,#2506,.F.);
#3240=ORIENTED_EDGE('',*,*,#2507,.T.);
#3241=ORIENTED_EDGE('',*,*,#2506,.T.);
#3242=ORIENTED_EDGE('',*,*,#2508,.F.);
#3243=ORIENTED_EDGE('',*,*,#2509,.F.);
#3244=ORIENTED_EDGE('',*,*,#2510,.T.);
#3245=ORIENTED_EDGE('',*,*,#2509,.T.);
#3246=ORIENTED_EDGE('',*,*,#2511,.F.);
#3247=ORIENTED_EDGE('',*,*,#2512,.F.);
#3248=ORIENTED_EDGE('',*,*,#2513,.T.);
#3249=ORIENTED_EDGE('',*,*,#2512,.T.);
#3250=ORIENTED_EDGE('',*,*,#2514,.F.);
#3251=ORIENTED_EDGE('',*,*,#2515,.F.);
#3252=ORIENTED_EDGE('',*,*,#2516,.T.);
#3253=ORIENTED_EDGE('',*,*,#2515,.T.);
#3254=ORIENTED_EDGE('',*,*,#2517,.F.);
#3255=ORIENTED_EDGE('',*,*,#2518,.F.);
#3256=ORIENTED_EDGE('',*,*,#2519,.T.);
#3257=ORIENTED_EDGE('',*,*,#2518,.T.);
#3258=ORIENTED_EDGE('',*,*,#2520,.F.);
#3259=ORIENTED_EDGE('',*,*,#2521,.F.);
#3260=ORIENTED_EDGE('',*,*,#2522,.T.);
#3261=ORIENTED_EDGE('',*,*,#2521,.T.);
#3262=ORIENTED_EDGE('',*,*,#2523,.F.);
#3263=ORIENTED_EDGE('',*,*,#2501,.F.);
#3264=ORIENTED_EDGE('',*,*,#2524,.T.);
#3265=ORIENTED_EDGE('',*,*,#2525,.T.);
#3266=ORIENTED_EDGE('',*,*,#2526,.F.);
#3267=ORIENTED_EDGE('',*,*,#2527,.F.);
#3268=ORIENTED_EDGE('',*,*,#2528,.T.);
#3269=ORIENTED_EDGE('',*,*,#2527,.T.);
#3270=ORIENTED_EDGE('',*,*,#2529,.F.);
#3271=ORIENTED_EDGE('',*,*,#2530,.F.);
#3272=ORIENTED_EDGE('',*,*,#2531,.T.);
#3273=ORIENTED_EDGE('',*,*,#2530,.T.);
#3274=ORIENTED_EDGE('',*,*,#2532,.F.);
#3275=ORIENTED_EDGE('',*,*,#2533,.F.);
#3276=ORIENTED_EDGE('',*,*,#2534,.T.);
#3277=ORIENTED_EDGE('',*,*,#2533,.T.);
#3278=ORIENTED_EDGE('',*,*,#2535,.F.);
#3279=ORIENTED_EDGE('',*,*,#2536,.F.);
#3280=ORIENTED_EDGE('',*,*,#2537,.T.);
#3281=ORIENTED_EDGE('',*,*,#2536,.T.);
#3282=ORIENTED_EDGE('',*,*,#2538,.F.);
#3283=ORIENTED_EDGE('',*,*,#2539,.F.);
#3284=ORIENTED_EDGE('',*,*,#2540,.T.);
#3285=ORIENTED_EDGE('',*,*,#2539,.T.);
#3286=ORIENTED_EDGE('',*,*,#2541,.F.);
#3287=ORIENTED_EDGE('',*,*,#2542,.F.);
#3288=ORIENTED_EDGE('',*,*,#2543,.T.);
#3289=ORIENTED_EDGE('',*,*,#2542,.T.);
#3290=ORIENTED_EDGE('',*,*,#2544,.F.);
#3291=ORIENTED_EDGE('',*,*,#2545,.F.);
#3292=ORIENTED_EDGE('',*,*,#2546,.T.);
#3293=ORIENTED_EDGE('',*,*,#2545,.T.);
#3294=ORIENTED_EDGE('',*,*,#2547,.F.);
#3295=ORIENTED_EDGE('',*,*,#2525,.F.);
#3296=ORIENTED_EDGE('',*,*,#2548,.T.);
#3297=ORIENTED_EDGE('',*,*,#2549,.T.);
#3298=ORIENTED_EDGE('',*,*,#2550,.F.);
#3299=ORIENTED_EDGE('',*,*,#2551,.F.);
#3300=ORIENTED_EDGE('',*,*,#2552,.T.);
#3301=ORIENTED_EDGE('',*,*,#2551,.T.);
#3302=ORIENTED_EDGE('',*,*,#2553,.F.);
#3303=ORIENTED_EDGE('',*,*,#2554,.F.);
#3304=ORIENTED_EDGE('',*,*,#2555,.T.);
#3305=ORIENTED_EDGE('',*,*,#2554,.T.);
#3306=ORIENTED_EDGE('',*,*,#2556,.F.);
#3307=ORIENTED_EDGE('',*,*,#2557,.F.);
#3308=ORIENTED_EDGE('',*,*,#2558,.T.);
#3309=ORIENTED_EDGE('',*,*,#2557,.T.);
#3310=ORIENTED_EDGE('',*,*,#2559,.F.);
#3311=ORIENTED_EDGE('',*,*,#2560,.F.);
#3312=ORIENTED_EDGE('',*,*,#2561,.T.);
#3313=ORIENTED_EDGE('',*,*,#2560,.T.);
#3314=ORIENTED_EDGE('',*,*,#2562,.F.);
#3315=ORIENTED_EDGE('',*,*,#2563,.F.);
#3316=ORIENTED_EDGE('',*,*,#2564,.T.);
#3317=ORIENTED_EDGE('',*,*,#2563,.T.);
#3318=ORIENTED_EDGE('',*,*,#2565,.F.);
#3319=ORIENTED_EDGE('',*,*,#2566,.F.);
#3320=ORIENTED_EDGE('',*,*,#2567,.T.);
#3321=ORIENTED_EDGE('',*,*,#2566,.T.);
#3322=ORIENTED_EDGE('',*,*,#2568,.F.);
#3323=ORIENTED_EDGE('',*,*,#2549,.F.);
#3324=ORIENTED_EDGE('',*,*,#2569,.T.);
#3325=ORIENTED_EDGE('',*,*,#2570,.T.);
#3326=ORIENTED_EDGE('',*,*,#2571,.F.);
#3327=ORIENTED_EDGE('',*,*,#2572,.F.);
#3328=ORIENTED_EDGE('',*,*,#2573,.T.);
#3329=ORIENTED_EDGE('',*,*,#2572,.T.);
#3330=ORIENTED_EDGE('',*,*,#2574,.F.);
#3331=ORIENTED_EDGE('',*,*,#2575,.F.);
#3332=ORIENTED_EDGE('',*,*,#2576,.T.);
#3333=ORIENTED_EDGE('',*,*,#2575,.T.);
#3334=ORIENTED_EDGE('',*,*,#2577,.F.);
#3335=ORIENTED_EDGE('',*,*,#2578,.F.);
#3336=ORIENTED_EDGE('',*,*,#2579,.T.);
#3337=ORIENTED_EDGE('',*,*,#2578,.T.);
#3338=ORIENTED_EDGE('',*,*,#2580,.F.);
#3339=ORIENTED_EDGE('',*,*,#2581,.F.);
#3340=ORIENTED_EDGE('',*,*,#2582,.T.);
#3341=ORIENTED_EDGE('',*,*,#2581,.T.);
#3342=ORIENTED_EDGE('',*,*,#2583,.F.);
#3343=ORIENTED_EDGE('',*,*,#2584,.F.);
#3344=ORIENTED_EDGE('',*,*,#2585,.T.);
#3345=ORIENTED_EDGE('',*,*,#2584,.T.);
#3346=ORIENTED_EDGE('',*,*,#2586,.F.);
#3347=ORIENTED_EDGE('',*,*,#2587,.F.);
#3348=ORIENTED_EDGE('',*,*,#2588,.T.);
#3349=ORIENTED_EDGE('',*,*,#2587,.T.);
#3350=ORIENTED_EDGE('',*,*,#2589,.F.);
#3351=ORIENTED_EDGE('',*,*,#2590,.F.);
#3352=ORIENTED_EDGE('',*,*,#2591,.T.);
#3353=ORIENTED_EDGE('',*,*,#2590,.T.);
#3354=ORIENTED_EDGE('',*,*,#2592,.F.);
#3355=ORIENTED_EDGE('',*,*,#2570,.F.);
#3356=ORIENTED_EDGE('',*,*,#2593,.T.);
#3357=ORIENTED_EDGE('',*,*,#2594,.T.);
#3358=ORIENTED_EDGE('',*,*,#2595,.F.);
#3359=ORIENTED_EDGE('',*,*,#2596,.F.);
#3360=ORIENTED_EDGE('',*,*,#2597,.T.);
#3361=ORIENTED_EDGE('',*,*,#2596,.T.);
#3362=ORIENTED_EDGE('',*,*,#2598,.F.);
#3363=ORIENTED_EDGE('',*,*,#2599,.F.);
#3364=ORIENTED_EDGE('',*,*,#2600,.T.);
#3365=ORIENTED_EDGE('',*,*,#2599,.T.);
#3366=ORIENTED_EDGE('',*,*,#2601,.F.);
#3367=ORIENTED_EDGE('',*,*,#2602,.F.);
#3368=ORIENTED_EDGE('',*,*,#2603,.T.);
#3369=ORIENTED_EDGE('',*,*,#2602,.T.);
#3370=ORIENTED_EDGE('',*,*,#2604,.F.);
#3371=ORIENTED_EDGE('',*,*,#2605,.F.);
#3372=ORIENTED_EDGE('',*,*,#2606,.T.);
#3373=ORIENTED_EDGE('',*,*,#2605,.T.);
#3374=ORIENTED_EDGE('',*,*,#2607,.F.);
#3375=ORIENTED_EDGE('',*,*,#2608,.F.);
#3376=ORIENTED_EDGE('',*,*,#2609,.T.);
#3377=ORIENTED_EDGE('',*,*,#2608,.T.);
#3378=ORIENTED_EDGE('',*,*,#2610,.F.);
#3379=ORIENTED_EDGE('',*,*,#2611,.F.);
#3380=ORIENTED_EDGE('',*,*,#2612,.T.);
#3381=ORIENTED_EDGE('',*,*,#2611,.T.);
#3382=ORIENTED_EDGE('',*,*,#2613,.F.);
#3383=ORIENTED_EDGE('',*,*,#2614,.F.);
#3384=ORIENTED_EDGE('',*,*,#2615,.T.);
#3385=ORIENTED_EDGE('',*,*,#2614,.T.);
#3386=ORIENTED_EDGE('',*,*,#2616,.F.);
#3387=ORIENTED_EDGE('',*,*,#2594,.F.);
#3388=ORIENTED_EDGE('',*,*,#2617,.T.);
#3389=ORIENTED_EDGE('',*,*,#2618,.T.);
#3390=ORIENTED_EDGE('',*,*,#2619,.F.);
#3391=ORIENTED_EDGE('',*,*,#2620,.F.);
#3392=ORIENTED_EDGE('',*,*,#2621,.T.);
#3393=ORIENTED_EDGE('',*,*,#2620,.T.);
#3394=ORIENTED_EDGE('',*,*,#2622,.F.);
#3395=ORIENTED_EDGE('',*,*,#2623,.F.);
#3396=ORIENTED_EDGE('',*,*,#2624,.T.);
#3397=ORIENTED_EDGE('',*,*,#2623,.T.);
#3398=ORIENTED_EDGE('',*,*,#2625,.F.);
#3399=ORIENTED_EDGE('',*,*,#2626,.F.);
#3400=ORIENTED_EDGE('',*,*,#2627,.T.);
#3401=ORIENTED_EDGE('',*,*,#2626,.T.);
#3402=ORIENTED_EDGE('',*,*,#2628,.F.);
#3403=ORIENTED_EDGE('',*,*,#2629,.F.);
#3404=ORIENTED_EDGE('',*,*,#2630,.T.);
#3405=ORIENTED_EDGE('',*,*,#2629,.T.);
#3406=ORIENTED_EDGE('',*,*,#2631,.F.);
#3407=ORIENTED_EDGE('',*,*,#2632,.F.);
#3408=ORIENTED_EDGE('',*,*,#2633,.T.);
#3409=ORIENTED_EDGE('',*,*,#2632,.T.);
#3410=ORIENTED_EDGE('',*,*,#2634,.F.);
#3411=ORIENTED_EDGE('',*,*,#2635,.F.);
#3412=ORIENTED_EDGE('',*,*,#2636,.T.);
#3413=ORIENTED_EDGE('',*,*,#2635,.T.);
#3414=ORIENTED_EDGE('',*,*,#2637,.F.);
#3415=ORIENTED_EDGE('',*,*,#2638,.F.);
#3416=ORIENTED_EDGE('',*,*,#2639,.T.);
#3417=ORIENTED_EDGE('',*,*,#2638,.T.);
#3418=ORIENTED_EDGE('',*,*,#2640,.F.);
#3419=ORIENTED_EDGE('',*,*,#2618,.F.);
#3420=ORIENTED_EDGE('',*,*,#2641,.T.);
#3421=ORIENTED_EDGE('',*,*,#2642,.T.);
#3422=ORIENTED_EDGE('',*,*,#2643,.F.);
#3423=ORIENTED_EDGE('',*,*,#2644,.F.);
#3424=ORIENTED_EDGE('',*,*,#2645,.T.);
#3425=ORIENTED_EDGE('',*,*,#2644,.T.);
#3426=ORIENTED_EDGE('',*,*,#2646,.F.);
#3427=ORIENTED_EDGE('',*,*,#2647,.F.);
#3428=ORIENTED_EDGE('',*,*,#2648,.T.);
#3429=ORIENTED_EDGE('',*,*,#2647,.T.);
#3430=ORIENTED_EDGE('',*,*,#2649,.F.);
#3431=ORIENTED_EDGE('',*,*,#2650,.F.);
#3432=ORIENTED_EDGE('',*,*,#2651,.T.);
#3433=ORIENTED_EDGE('',*,*,#2652,.T.);
#3434=ORIENTED_EDGE('',*,*,#2653,.T.);
#3435=ORIENTED_EDGE('',*,*,#2160,.T.);
#3436=ORIENTED_EDGE('',*,*,#2654,.F.);
#3437=ORIENTED_EDGE('',*,*,#2655,.F.);
#3438=ORIENTED_EDGE('',*,*,#2656,.T.);
#3439=ORIENTED_EDGE('',*,*,#2657,.T.);
#3440=ORIENTED_EDGE('',*,*,#2655,.T.);
#3441=ORIENTED_EDGE('',*,*,#2658,.F.);
#3442=ORIENTED_EDGE('',*,*,#2659,.F.);
#3443=ORIENTED_EDGE('',*,*,#2660,.T.);
#3444=ORIENTED_EDGE('',*,*,#2659,.T.);
#3445=ORIENTED_EDGE('',*,*,#2661,.F.);
#3446=ORIENTED_EDGE('',*,*,#2662,.F.);
#3447=ORIENTED_EDGE('',*,*,#2663,.T.);
#3448=ORIENTED_EDGE('',*,*,#2662,.T.);
#3449=ORIENTED_EDGE('',*,*,#2664,.F.);
#3450=ORIENTED_EDGE('',*,*,#2665,.F.);
#3451=ORIENTED_EDGE('',*,*,#2666,.T.);
#3452=ORIENTED_EDGE('',*,*,#2665,.T.);
#3453=ORIENTED_EDGE('',*,*,#2667,.F.);
#3454=ORIENTED_EDGE('',*,*,#2668,.F.);
#3455=ORIENTED_EDGE('',*,*,#2669,.T.);
#3456=ORIENTED_EDGE('',*,*,#2668,.T.);
#3457=ORIENTED_EDGE('',*,*,#2670,.F.);
#3458=ORIENTED_EDGE('',*,*,#2671,.F.);
#3459=ORIENTED_EDGE('',*,*,#2672,.T.);
#3460=ORIENTED_EDGE('',*,*,#2671,.T.);
#3461=ORIENTED_EDGE('',*,*,#2673,.F.);
#3462=ORIENTED_EDGE('',*,*,#2674,.F.);
#3463=ORIENTED_EDGE('',*,*,#2675,.T.);
#3464=ORIENTED_EDGE('',*,*,#2674,.T.);
#3465=ORIENTED_EDGE('',*,*,#2676,.F.);
#3466=ORIENTED_EDGE('',*,*,#2677,.F.);
#3467=ORIENTED_EDGE('',*,*,#2678,.T.);
#3468=ORIENTED_EDGE('',*,*,#2677,.T.);
#3469=ORIENTED_EDGE('',*,*,#2679,.F.);
#3470=ORIENTED_EDGE('',*,*,#2680,.F.);
#3471=ORIENTED_EDGE('',*,*,#2681,.T.);
#3472=ORIENTED_EDGE('',*,*,#2680,.T.);
#3473=ORIENTED_EDGE('',*,*,#2682,.F.);
#3474=ORIENTED_EDGE('',*,*,#2683,.F.);
#3475=ORIENTED_EDGE('',*,*,#2684,.T.);
#3476=ORIENTED_EDGE('',*,*,#2683,.T.);
#3477=ORIENTED_EDGE('',*,*,#2685,.F.);
#3478=ORIENTED_EDGE('',*,*,#2686,.F.);
#3479=ORIENTED_EDGE('',*,*,#2687,.T.);
#3480=ORIENTED_EDGE('',*,*,#2686,.T.);
#3481=ORIENTED_EDGE('',*,*,#2688,.F.);
#3482=ORIENTED_EDGE('',*,*,#2175,.F.);
#3483=ORIENTED_EDGE('',*,*,#2689,.T.);
#3484=ORIENTED_EDGE('',*,*,#2690,.T.);
#3485=ORIENTED_EDGE('',*,*,#2691,.F.);
#3486=ORIENTED_EDGE('',*,*,#2692,.F.);
#3487=ORIENTED_EDGE('',*,*,#2693,.T.);
#3488=ORIENTED_EDGE('',*,*,#2692,.T.);
#3489=ORIENTED_EDGE('',*,*,#2694,.F.);
#3490=ORIENTED_EDGE('',*,*,#2695,.F.);
#3491=ORIENTED_EDGE('',*,*,#2696,.T.);
#3492=ORIENTED_EDGE('',*,*,#2695,.T.);
#3493=ORIENTED_EDGE('',*,*,#2697,.F.);
#3494=ORIENTED_EDGE('',*,*,#2698,.F.);
#3495=ORIENTED_EDGE('',*,*,#2699,.T.);
#3496=ORIENTED_EDGE('',*,*,#2698,.T.);
#3497=ORIENTED_EDGE('',*,*,#2700,.F.);
#3498=ORIENTED_EDGE('',*,*,#2701,.F.);
#3499=ORIENTED_EDGE('',*,*,#2702,.T.);
#3500=ORIENTED_EDGE('',*,*,#2701,.T.);
#3501=ORIENTED_EDGE('',*,*,#2703,.F.);
#3502=ORIENTED_EDGE('',*,*,#2704,.F.);
#3503=ORIENTED_EDGE('',*,*,#2705,.T.);
#3504=ORIENTED_EDGE('',*,*,#2704,.T.);
#3505=ORIENTED_EDGE('',*,*,#2706,.F.);
#3506=ORIENTED_EDGE('',*,*,#2707,.F.);
#3507=ORIENTED_EDGE('',*,*,#2708,.T.);
#3508=ORIENTED_EDGE('',*,*,#2709,.T.);
#3509=ORIENTED_EDGE('',*,*,#2710,.F.);
#3510=ORIENTED_EDGE('',*,*,#2711,.F.);
#3511=ORIENTED_EDGE('',*,*,#2712,.T.);
#3512=ORIENTED_EDGE('',*,*,#2711,.T.);
#3513=ORIENTED_EDGE('',*,*,#2713,.F.);
#3514=ORIENTED_EDGE('',*,*,#2714,.F.);
#3515=ORIENTED_EDGE('',*,*,#2715,.T.);
#3516=ORIENTED_EDGE('',*,*,#2714,.T.);
#3517=ORIENTED_EDGE('',*,*,#2716,.F.);
#3518=ORIENTED_EDGE('',*,*,#2717,.F.);
#3519=ORIENTED_EDGE('',*,*,#2718,.T.);
#3520=ORIENTED_EDGE('',*,*,#2719,.T.);
#3521=ORIENTED_EDGE('',*,*,#2720,.F.);
#3522=ORIENTED_EDGE('',*,*,#2721,.F.);
#3523=ORIENTED_EDGE('',*,*,#2722,.T.);
#3524=ORIENTED_EDGE('',*,*,#2721,.T.);
#3525=ORIENTED_EDGE('',*,*,#2723,.F.);
#3526=ORIENTED_EDGE('',*,*,#2724,.F.);
#3527=ORIENTED_EDGE('',*,*,#2725,.T.);
#3528=ORIENTED_EDGE('',*,*,#2724,.T.);
#3529=ORIENTED_EDGE('',*,*,#2726,.F.);
#3530=ORIENTED_EDGE('',*,*,#2727,.F.);
#3531=ORIENTED_EDGE('',*,*,#2728,.T.);
#3532=ORIENTED_EDGE('',*,*,#2727,.T.);
#3533=ORIENTED_EDGE('',*,*,#2729,.F.);
#3534=ORIENTED_EDGE('',*,*,#2730,.F.);
#3535=ORIENTED_EDGE('',*,*,#2151,.F.);
#3536=ORIENTED_EDGE('',*,*,#2168,.F.);
#3537=ORIENTED_EDGE('',*,*,#2731,.F.);
#3538=ORIENTED_EDGE('',*,*,#2732,.F.);
#3539=ORIENTED_EDGE('',*,*,#2156,.T.);
#3540=ORIENTED_EDGE('',*,*,#2733,.F.);
#3541=ORIENTED_EDGE('',*,*,#2642,.F.);
#3542=ORIENTED_EDGE('',*,*,#2734,.T.);
#3543=ORIENTED_EDGE('',*,*,#2717,.T.);
#3544=ORIENTED_EDGE('',*,*,#2735,.F.);
#3545=ORIENTED_EDGE('',*,*,#2736,.T.);
#3546=ORIENTED_EDGE('',*,*,#2737,.T.);
#3547=ORIENTED_EDGE('',*,*,#2738,.F.);
#3548=ORIENTED_EDGE('',*,*,#2157,.F.);
#3549=ORIENTED_EDGE('',*,*,#2737,.F.);
#3550=ORIENTED_EDGE('',*,*,#2739,.F.);
#3551=ORIENTED_EDGE('',*,*,#2740,.F.);
#3552=ORIENTED_EDGE('',*,*,#2158,.T.);
#3553=ORIENTED_EDGE('',*,*,#2738,.T.);
#3554=ORIENTED_EDGE('',*,*,#2741,.T.);
#3555=ORIENTED_EDGE('',*,*,#2742,.F.);
#3556=ORIENTED_EDGE('',*,*,#2709,.F.);
#3557=ORIENTED_EDGE('',*,*,#2743,.T.);
#3558=ORIENTED_EDGE('',*,*,#2650,.T.);
#3559=ORIENTED_EDGE('',*,*,#2744,.T.);
#3560=ORIENTED_EDGE('',*,*,#2745,.F.);
#3561=ORIENTED_EDGE('',*,*,#2651,.F.);
#3562=ORIENTED_EDGE('',*,*,#2746,.T.);
#3563=ORIENTED_EDGE('',*,*,#2707,.T.);
#3564=ORIENTED_EDGE('',*,*,#2747,.F.);
#3565=ORIENTED_EDGE('',*,*,#2748,.T.);
#3566=ORIENTED_EDGE('',*,*,#2161,.F.);
#3567=ORIENTED_EDGE('',*,*,#2653,.F.);
#3568=ORIENTED_EDGE('',*,*,#2652,.F.);
#3569=ORIENTED_EDGE('',*,*,#2745,.T.);
#3570=ORIENTED_EDGE('',*,*,#2749,.F.);
#3571=ORIENTED_EDGE('',*,*,#2748,.F.);
#3572=ORIENTED_EDGE('',*,*,#2750,.F.);
#3573=ORIENTED_EDGE('',*,*,#2751,.F.);
#3574=ORIENTED_EDGE('',*,*,#2690,.F.);
#3575=ORIENTED_EDGE('',*,*,#2752,.T.);
#3576=ORIENTED_EDGE('',*,*,#2189,.T.);
#3577=ORIENTED_EDGE('',*,*,#2187,.F.);
#3578=ORIENTED_EDGE('',*,*,#2162,.F.);
#3579=ORIENTED_EDGE('',*,*,#2172,.F.);
#3580=ORIENTED_EDGE('',*,*,#2753,.F.);
#3581=ORIENTED_EDGE('',*,*,#2754,.F.);
#3582=ORIENTED_EDGE('',*,*,#2184,.T.);
#3583=ORIENTED_EDGE('',*,*,#2755,.T.);
#3584=ORIENTED_EDGE('',*,*,#2154,.F.);
#3585=ORIENTED_EDGE('',*,*,#2756,.T.);
#3586=ORIENTED_EDGE('',*,*,#2730,.T.);
#3587=ORIENTED_EDGE('',*,*,#2757,.F.);
#3588=ORIENTED_EDGE('',*,*,#2182,.F.);
#3589=ORIENTED_EDGE('',*,*,#2228,.F.);
#3590=ORIENTED_EDGE('',*,*,#2218,.F.);
#3591=ORIENTED_EDGE('',*,*,#2222,.F.);
#3592=ORIENTED_EDGE('',*,*,#2225,.F.);
#3593=ORIENTED_EDGE('',*,*,#2504,.F.);
#3594=ORIENTED_EDGE('',*,*,#2507,.F.);
#3595=ORIENTED_EDGE('',*,*,#2510,.F.);
#3596=ORIENTED_EDGE('',*,*,#2513,.F.);
#3597=ORIENTED_EDGE('',*,*,#2516,.F.);
#3598=ORIENTED_EDGE('',*,*,#2519,.F.);
#3599=ORIENTED_EDGE('',*,*,#2522,.F.);
#3600=ORIENTED_EDGE('',*,*,#2500,.F.);
#3601=ORIENTED_EDGE('',*,*,#2702,.F.);
#3602=ORIENTED_EDGE('',*,*,#2705,.F.);
#3603=ORIENTED_EDGE('',*,*,#2746,.F.);
#3604=ORIENTED_EDGE('',*,*,#2656,.F.);
#3605=ORIENTED_EDGE('',*,*,#2657,.F.);
#3606=ORIENTED_EDGE('',*,*,#2660,.F.);
#3607=ORIENTED_EDGE('',*,*,#2663,.F.);
#3608=ORIENTED_EDGE('',*,*,#2666,.F.);
#3609=ORIENTED_EDGE('',*,*,#2669,.F.);
#3610=ORIENTED_EDGE('',*,*,#2672,.F.);
#3611=ORIENTED_EDGE('',*,*,#2675,.F.);
#3612=ORIENTED_EDGE('',*,*,#2678,.F.);
#3613=ORIENTED_EDGE('',*,*,#2681,.F.);
#3614=ORIENTED_EDGE('',*,*,#2684,.F.);
#3615=ORIENTED_EDGE('',*,*,#2687,.F.);
#3616=ORIENTED_EDGE('',*,*,#2174,.F.);
#3617=ORIENTED_EDGE('',*,*,#2193,.F.);
#3618=ORIENTED_EDGE('',*,*,#2190,.F.);
#3619=ORIENTED_EDGE('',*,*,#2752,.F.);
#3620=ORIENTED_EDGE('',*,*,#2689,.F.);
#3621=ORIENTED_EDGE('',*,*,#2693,.F.);
#3622=ORIENTED_EDGE('',*,*,#2696,.F.);
#3623=ORIENTED_EDGE('',*,*,#2699,.F.);
#3624=ORIENTED_EDGE('',*,*,#2201,.F.);
#3625=ORIENTED_EDGE('',*,*,#2204,.F.);
#3626=ORIENTED_EDGE('',*,*,#2207,.F.);
#3627=ORIENTED_EDGE('',*,*,#2210,.F.);
#3628=ORIENTED_EDGE('',*,*,#2213,.F.);
#3629=ORIENTED_EDGE('',*,*,#2217,.F.);
#3630=ORIENTED_EDGE('',*,*,#2194,.F.);
#3631=ORIENTED_EDGE('',*,*,#2198,.F.);
#3632=ORIENTED_EDGE('',*,*,#2597,.F.);
#3633=ORIENTED_EDGE('',*,*,#2600,.F.);
#3634=ORIENTED_EDGE('',*,*,#2603,.F.);
#3635=ORIENTED_EDGE('',*,*,#2606,.F.);
#3636=ORIENTED_EDGE('',*,*,#2609,.F.);
#3637=ORIENTED_EDGE('',*,*,#2612,.F.);
#3638=ORIENTED_EDGE('',*,*,#2615,.F.);
#3639=ORIENTED_EDGE('',*,*,#2593,.F.);
#3640=ORIENTED_EDGE('',*,*,#2621,.F.);
#3641=ORIENTED_EDGE('',*,*,#2624,.F.);
#3642=ORIENTED_EDGE('',*,*,#2627,.F.);
#3643=ORIENTED_EDGE('',*,*,#2630,.F.);
#3644=ORIENTED_EDGE('',*,*,#2633,.F.);
#3645=ORIENTED_EDGE('',*,*,#2636,.F.);
#3646=ORIENTED_EDGE('',*,*,#2639,.F.);
#3647=ORIENTED_EDGE('',*,*,#2617,.F.);
#3648=ORIENTED_EDGE('',*,*,#2573,.F.);
#3649=ORIENTED_EDGE('',*,*,#2576,.F.);
#3650=ORIENTED_EDGE('',*,*,#2579,.F.);
#3651=ORIENTED_EDGE('',*,*,#2582,.F.);
#3652=ORIENTED_EDGE('',*,*,#2585,.F.);
#3653=ORIENTED_EDGE('',*,*,#2588,.F.);
#3654=ORIENTED_EDGE('',*,*,#2591,.F.);
#3655=ORIENTED_EDGE('',*,*,#2569,.F.);
#3656=ORIENTED_EDGE('',*,*,#2234,.F.);
#3657=ORIENTED_EDGE('',*,*,#2237,.F.);
#3658=ORIENTED_EDGE('',*,*,#2240,.F.);
#3659=ORIENTED_EDGE('',*,*,#2243,.F.);
#3660=ORIENTED_EDGE('',*,*,#2246,.F.);
#3661=ORIENTED_EDGE('',*,*,#2249,.F.);
#3662=ORIENTED_EDGE('',*,*,#2252,.F.);
#3663=ORIENTED_EDGE('',*,*,#2255,.F.);
#3664=ORIENTED_EDGE('',*,*,#2258,.F.);
#3665=ORIENTED_EDGE('',*,*,#2261,.F.);
#3666=ORIENTED_EDGE('',*,*,#2230,.F.);
#3667=ORIENTED_EDGE('',*,*,#2339,.F.);
#3668=ORIENTED_EDGE('',*,*,#2342,.F.);
#3669=ORIENTED_EDGE('',*,*,#2345,.F.);
#3670=ORIENTED_EDGE('',*,*,#2348,.F.);
#3671=ORIENTED_EDGE('',*,*,#2351,.F.);
#3672=ORIENTED_EDGE('',*,*,#2354,.F.);
#3673=ORIENTED_EDGE('',*,*,#2357,.F.);
#3674=ORIENTED_EDGE('',*,*,#2360,.F.);
#3675=ORIENTED_EDGE('',*,*,#2363,.F.);
#3676=ORIENTED_EDGE('',*,*,#2366,.F.);
#3677=ORIENTED_EDGE('',*,*,#2369,.F.);
#3678=ORIENTED_EDGE('',*,*,#2372,.F.);
#3679=ORIENTED_EDGE('',*,*,#2375,.F.);
#3680=ORIENTED_EDGE('',*,*,#2378,.F.);
#3681=ORIENTED_EDGE('',*,*,#2381,.F.);
#3682=ORIENTED_EDGE('',*,*,#2335,.F.);
#3683=ORIENTED_EDGE('',*,*,#2411,.F.);
#3684=ORIENTED_EDGE('',*,*,#2414,.F.);
#3685=ORIENTED_EDGE('',*,*,#2417,.F.);
#3686=ORIENTED_EDGE('',*,*,#2420,.F.);
#3687=ORIENTED_EDGE('',*,*,#2423,.F.);
#3688=ORIENTED_EDGE('',*,*,#2426,.F.);
#3689=ORIENTED_EDGE('',*,*,#2429,.F.);
#3690=ORIENTED_EDGE('',*,*,#2407,.F.);
#3691=ORIENTED_EDGE('',*,*,#2387,.F.);
#3692=ORIENTED_EDGE('',*,*,#2390,.F.);
#3693=ORIENTED_EDGE('',*,*,#2393,.F.);
#3694=ORIENTED_EDGE('',*,*,#2396,.F.);
#3695=ORIENTED_EDGE('',*,*,#2399,.F.);
#3696=ORIENTED_EDGE('',*,*,#2402,.F.);
#3697=ORIENTED_EDGE('',*,*,#2405,.F.);
#3698=ORIENTED_EDGE('',*,*,#2383,.F.);
#3699=ORIENTED_EDGE('',*,*,#2712,.F.);
#3700=ORIENTED_EDGE('',*,*,#2715,.F.);
#3701=ORIENTED_EDGE('',*,*,#2734,.F.);
#3702=ORIENTED_EDGE('',*,*,#2641,.F.);
#3703=ORIENTED_EDGE('',*,*,#2645,.F.);
#3704=ORIENTED_EDGE('',*,*,#2648,.F.);
#3705=ORIENTED_EDGE('',*,*,#2743,.F.);
#3706=ORIENTED_EDGE('',*,*,#2708,.F.);
#3707=ORIENTED_EDGE('',*,*,#2552,.F.);
#3708=ORIENTED_EDGE('',*,*,#2555,.F.);
#3709=ORIENTED_EDGE('',*,*,#2558,.F.);
#3710=ORIENTED_EDGE('',*,*,#2561,.F.);
#3711=ORIENTED_EDGE('',*,*,#2564,.F.);
#3712=ORIENTED_EDGE('',*,*,#2567,.F.);
#3713=ORIENTED_EDGE('',*,*,#2548,.F.);
#3714=ORIENTED_EDGE('',*,*,#2297,.F.);
#3715=ORIENTED_EDGE('',*,*,#2300,.F.);
#3716=ORIENTED_EDGE('',*,*,#2303,.F.);
#3717=ORIENTED_EDGE('',*,*,#2306,.F.);
#3718=ORIENTED_EDGE('',*,*,#2309,.F.);
#3719=ORIENTED_EDGE('',*,*,#2293,.F.);
#3720=ORIENTED_EDGE('',*,*,#2267,.F.);
#3721=ORIENTED_EDGE('',*,*,#2270,.F.);
#3722=ORIENTED_EDGE('',*,*,#2273,.F.);
#3723=ORIENTED_EDGE('',*,*,#2276,.F.);
#3724=ORIENTED_EDGE('',*,*,#2279,.F.);
#3725=ORIENTED_EDGE('',*,*,#2282,.F.);
#3726=ORIENTED_EDGE('',*,*,#2285,.F.);
#3727=ORIENTED_EDGE('',*,*,#2288,.F.);
#3728=ORIENTED_EDGE('',*,*,#2291,.F.);
#3729=ORIENTED_EDGE('',*,*,#2263,.F.);
#3730=ORIENTED_EDGE('',*,*,#2315,.F.);
#3731=ORIENTED_EDGE('',*,*,#2318,.F.);
#3732=ORIENTED_EDGE('',*,*,#2321,.F.);
#3733=ORIENTED_EDGE('',*,*,#2324,.F.);
#3734=ORIENTED_EDGE('',*,*,#2327,.F.);
#3735=ORIENTED_EDGE('',*,*,#2330,.F.);
#3736=ORIENTED_EDGE('',*,*,#2333,.F.);
#3737=ORIENTED_EDGE('',*,*,#2311,.F.);
#3738=ORIENTED_EDGE('',*,*,#2722,.F.);
#3739=ORIENTED_EDGE('',*,*,#2725,.F.);
#3740=ORIENTED_EDGE('',*,*,#2728,.F.);
#3741=ORIENTED_EDGE('',*,*,#2756,.F.);
#3742=ORIENTED_EDGE('',*,*,#2181,.F.);
#3743=ORIENTED_EDGE('',*,*,#2758,.F.);
#3744=ORIENTED_EDGE('',*,*,#2718,.F.);
#3745=ORIENTED_EDGE('',*,*,#2528,.F.);
#3746=ORIENTED_EDGE('',*,*,#2531,.F.);
#3747=ORIENTED_EDGE('',*,*,#2534,.F.);
#3748=ORIENTED_EDGE('',*,*,#2537,.F.);
#3749=ORIENTED_EDGE('',*,*,#2540,.F.);
#3750=ORIENTED_EDGE('',*,*,#2543,.F.);
#3751=ORIENTED_EDGE('',*,*,#2546,.F.);
#3752=ORIENTED_EDGE('',*,*,#2524,.F.);
#3753=ORIENTED_EDGE('',*,*,#2435,.F.);
#3754=ORIENTED_EDGE('',*,*,#2438,.F.);
#3755=ORIENTED_EDGE('',*,*,#2441,.F.);
#3756=ORIENTED_EDGE('',*,*,#2444,.F.);
#3757=ORIENTED_EDGE('',*,*,#2447,.F.);
#3758=ORIENTED_EDGE('',*,*,#2450,.F.);
#3759=ORIENTED_EDGE('',*,*,#2453,.F.);
#3760=ORIENTED_EDGE('',*,*,#2456,.F.);
#3761=ORIENTED_EDGE('',*,*,#2459,.F.);
#3762=ORIENTED_EDGE('',*,*,#2462,.F.);
#3763=ORIENTED_EDGE('',*,*,#2465,.F.);
#3764=ORIENTED_EDGE('',*,*,#2468,.F.);
#3765=ORIENTED_EDGE('',*,*,#2471,.F.);
#3766=ORIENTED_EDGE('',*,*,#2474,.F.);
#3767=ORIENTED_EDGE('',*,*,#2477,.F.);
#3768=ORIENTED_EDGE('',*,*,#2480,.F.);
#3769=ORIENTED_EDGE('',*,*,#2483,.F.);
#3770=ORIENTED_EDGE('',*,*,#2486,.F.);
#3771=ORIENTED_EDGE('',*,*,#2489,.F.);
#3772=ORIENTED_EDGE('',*,*,#2492,.F.);
#3773=ORIENTED_EDGE('',*,*,#2495,.F.);
#3774=ORIENTED_EDGE('',*,*,#2498,.F.);
#3775=ORIENTED_EDGE('',*,*,#2431,.F.);
#3776=ORIENTED_EDGE('',*,*,#2758,.T.);
#3777=ORIENTED_EDGE('',*,*,#2180,.T.);
#3778=ORIENTED_EDGE('',*,*,#2759,.F.);
#3779=ORIENTED_EDGE('',*,*,#2719,.F.);
#3780=ORIENTED_EDGE('',*,*,#2229,.T.);
#3781=ORIENTED_EDGE('',*,*,#2226,.T.);
#3782=ORIENTED_EDGE('',*,*,#2223,.T.);
#3783=ORIENTED_EDGE('',*,*,#2220,.T.);
#3784=ORIENTED_EDGE('',*,*,#2640,.T.);
#3785=ORIENTED_EDGE('',*,*,#2637,.T.);
#3786=ORIENTED_EDGE('',*,*,#2634,.T.);
#3787=ORIENTED_EDGE('',*,*,#2631,.T.);
#3788=ORIENTED_EDGE('',*,*,#2628,.T.);
#3789=ORIENTED_EDGE('',*,*,#2625,.T.);
#3790=ORIENTED_EDGE('',*,*,#2622,.T.);
#3791=ORIENTED_EDGE('',*,*,#2619,.T.);
#3792=ORIENTED_EDGE('',*,*,#2616,.T.);
#3793=ORIENTED_EDGE('',*,*,#2613,.T.);
#3794=ORIENTED_EDGE('',*,*,#2610,.T.);
#3795=ORIENTED_EDGE('',*,*,#2607,.T.);
#3796=ORIENTED_EDGE('',*,*,#2604,.T.);
#3797=ORIENTED_EDGE('',*,*,#2601,.T.);
#3798=ORIENTED_EDGE('',*,*,#2598,.T.);
#3799=ORIENTED_EDGE('',*,*,#2595,.T.);
#3800=ORIENTED_EDGE('',*,*,#2592,.T.);
#3801=ORIENTED_EDGE('',*,*,#2589,.T.);
#3802=ORIENTED_EDGE('',*,*,#2586,.T.);
#3803=ORIENTED_EDGE('',*,*,#2583,.T.);
#3804=ORIENTED_EDGE('',*,*,#2580,.T.);
#3805=ORIENTED_EDGE('',*,*,#2577,.T.);
#3806=ORIENTED_EDGE('',*,*,#2574,.T.);
#3807=ORIENTED_EDGE('',*,*,#2571,.T.);
#3808=ORIENTED_EDGE('',*,*,#2568,.T.);
#3809=ORIENTED_EDGE('',*,*,#2565,.T.);
#3810=ORIENTED_EDGE('',*,*,#2562,.T.);
#3811=ORIENTED_EDGE('',*,*,#2559,.T.);
#3812=ORIENTED_EDGE('',*,*,#2556,.T.);
#3813=ORIENTED_EDGE('',*,*,#2553,.T.);
#3814=ORIENTED_EDGE('',*,*,#2550,.T.);
#3815=ORIENTED_EDGE('',*,*,#2547,.T.);
#3816=ORIENTED_EDGE('',*,*,#2544,.T.);
#3817=ORIENTED_EDGE('',*,*,#2541,.T.);
#3818=ORIENTED_EDGE('',*,*,#2538,.T.);
#3819=ORIENTED_EDGE('',*,*,#2535,.T.);
#3820=ORIENTED_EDGE('',*,*,#2532,.T.);
#3821=ORIENTED_EDGE('',*,*,#2529,.T.);
#3822=ORIENTED_EDGE('',*,*,#2526,.T.);
#3823=ORIENTED_EDGE('',*,*,#2523,.T.);
#3824=ORIENTED_EDGE('',*,*,#2520,.T.);
#3825=ORIENTED_EDGE('',*,*,#2517,.T.);
#3826=ORIENTED_EDGE('',*,*,#2514,.T.);
#3827=ORIENTED_EDGE('',*,*,#2511,.T.);
#3828=ORIENTED_EDGE('',*,*,#2508,.T.);
#3829=ORIENTED_EDGE('',*,*,#2505,.T.);
#3830=ORIENTED_EDGE('',*,*,#2502,.T.);
#3831=ORIENTED_EDGE('',*,*,#2499,.T.);
#3832=ORIENTED_EDGE('',*,*,#2496,.T.);
#3833=ORIENTED_EDGE('',*,*,#2493,.T.);
#3834=ORIENTED_EDGE('',*,*,#2490,.T.);
#3835=ORIENTED_EDGE('',*,*,#2487,.T.);
#3836=ORIENTED_EDGE('',*,*,#2484,.T.);
#3837=ORIENTED_EDGE('',*,*,#2481,.T.);
#3838=ORIENTED_EDGE('',*,*,#2478,.T.);
#3839=ORIENTED_EDGE('',*,*,#2475,.T.);
#3840=ORIENTED_EDGE('',*,*,#2472,.T.);
#3841=ORIENTED_EDGE('',*,*,#2469,.T.);
#3842=ORIENTED_EDGE('',*,*,#2466,.T.);
#3843=ORIENTED_EDGE('',*,*,#2463,.T.);
#3844=ORIENTED_EDGE('',*,*,#2460,.T.);
#3845=ORIENTED_EDGE('',*,*,#2457,.T.);
#3846=ORIENTED_EDGE('',*,*,#2454,.T.);
#3847=ORIENTED_EDGE('',*,*,#2451,.T.);
#3848=ORIENTED_EDGE('',*,*,#2448,.T.);
#3849=ORIENTED_EDGE('',*,*,#2445,.T.);
#3850=ORIENTED_EDGE('',*,*,#2442,.T.);
#3851=ORIENTED_EDGE('',*,*,#2439,.T.);
#3852=ORIENTED_EDGE('',*,*,#2436,.T.);
#3853=ORIENTED_EDGE('',*,*,#2433,.T.);
#3854=ORIENTED_EDGE('',*,*,#2430,.T.);
#3855=ORIENTED_EDGE('',*,*,#2427,.T.);
#3856=ORIENTED_EDGE('',*,*,#2424,.T.);
#3857=ORIENTED_EDGE('',*,*,#2421,.T.);
#3858=ORIENTED_EDGE('',*,*,#2418,.T.);
#3859=ORIENTED_EDGE('',*,*,#2415,.T.);
#3860=ORIENTED_EDGE('',*,*,#2412,.T.);
#3861=ORIENTED_EDGE('',*,*,#2409,.T.);
#3862=ORIENTED_EDGE('',*,*,#2406,.T.);
#3863=ORIENTED_EDGE('',*,*,#2403,.T.);
#3864=ORIENTED_EDGE('',*,*,#2400,.T.);
#3865=ORIENTED_EDGE('',*,*,#2397,.T.);
#3866=ORIENTED_EDGE('',*,*,#2394,.T.);
#3867=ORIENTED_EDGE('',*,*,#2391,.T.);
#3868=ORIENTED_EDGE('',*,*,#2388,.T.);
#3869=ORIENTED_EDGE('',*,*,#2385,.T.);
#3870=ORIENTED_EDGE('',*,*,#2382,.T.);
#3871=ORIENTED_EDGE('',*,*,#2379,.T.);
#3872=ORIENTED_EDGE('',*,*,#2376,.T.);
#3873=ORIENTED_EDGE('',*,*,#2373,.T.);
#3874=ORIENTED_EDGE('',*,*,#2370,.T.);
#3875=ORIENTED_EDGE('',*,*,#2367,.T.);
#3876=ORIENTED_EDGE('',*,*,#2364,.T.);
#3877=ORIENTED_EDGE('',*,*,#2361,.T.);
#3878=ORIENTED_EDGE('',*,*,#2358,.T.);
#3879=ORIENTED_EDGE('',*,*,#2355,.T.);
#3880=ORIENTED_EDGE('',*,*,#2352,.T.);
#3881=ORIENTED_EDGE('',*,*,#2349,.T.);
#3882=ORIENTED_EDGE('',*,*,#2346,.T.);
#3883=ORIENTED_EDGE('',*,*,#2343,.T.);
#3884=ORIENTED_EDGE('',*,*,#2340,.T.);
#3885=ORIENTED_EDGE('',*,*,#2337,.T.);
#3886=ORIENTED_EDGE('',*,*,#2334,.T.);
#3887=ORIENTED_EDGE('',*,*,#2331,.T.);
#3888=ORIENTED_EDGE('',*,*,#2328,.T.);
#3889=ORIENTED_EDGE('',*,*,#2325,.T.);
#3890=ORIENTED_EDGE('',*,*,#2322,.T.);
#3891=ORIENTED_EDGE('',*,*,#2319,.T.);
#3892=ORIENTED_EDGE('',*,*,#2316,.T.);
#3893=ORIENTED_EDGE('',*,*,#2313,.T.);
#3894=ORIENTED_EDGE('',*,*,#2310,.T.);
#3895=ORIENTED_EDGE('',*,*,#2307,.T.);
#3896=ORIENTED_EDGE('',*,*,#2304,.T.);
#3897=ORIENTED_EDGE('',*,*,#2301,.T.);
#3898=ORIENTED_EDGE('',*,*,#2298,.T.);
#3899=ORIENTED_EDGE('',*,*,#2295,.T.);
#3900=ORIENTED_EDGE('',*,*,#2292,.T.);
#3901=ORIENTED_EDGE('',*,*,#2289,.T.);
#3902=ORIENTED_EDGE('',*,*,#2286,.T.);
#3903=ORIENTED_EDGE('',*,*,#2283,.T.);
#3904=ORIENTED_EDGE('',*,*,#2280,.T.);
#3905=ORIENTED_EDGE('',*,*,#2277,.T.);
#3906=ORIENTED_EDGE('',*,*,#2274,.T.);
#3907=ORIENTED_EDGE('',*,*,#2271,.T.);
#3908=ORIENTED_EDGE('',*,*,#2268,.T.);
#3909=ORIENTED_EDGE('',*,*,#2265,.T.);
#3910=ORIENTED_EDGE('',*,*,#2262,.T.);
#3911=ORIENTED_EDGE('',*,*,#2259,.T.);
#3912=ORIENTED_EDGE('',*,*,#2256,.T.);
#3913=ORIENTED_EDGE('',*,*,#2253,.T.);
#3914=ORIENTED_EDGE('',*,*,#2250,.T.);
#3915=ORIENTED_EDGE('',*,*,#2247,.T.);
#3916=ORIENTED_EDGE('',*,*,#2244,.T.);
#3917=ORIENTED_EDGE('',*,*,#2241,.T.);
#3918=ORIENTED_EDGE('',*,*,#2238,.T.);
#3919=ORIENTED_EDGE('',*,*,#2235,.T.);
#3920=ORIENTED_EDGE('',*,*,#2232,.T.);
#3921=ORIENTED_EDGE('',*,*,#2216,.T.);
#3922=ORIENTED_EDGE('',*,*,#2214,.T.);
#3923=ORIENTED_EDGE('',*,*,#2211,.T.);
#3924=ORIENTED_EDGE('',*,*,#2208,.T.);
#3925=ORIENTED_EDGE('',*,*,#2205,.T.);
#3926=ORIENTED_EDGE('',*,*,#2202,.T.);
#3927=ORIENTED_EDGE('',*,*,#2199,.T.);
#3928=ORIENTED_EDGE('',*,*,#2196,.T.);
#3929=ORIENTED_EDGE('',*,*,#2694,.T.);
#3930=ORIENTED_EDGE('',*,*,#2691,.T.);
#3931=ORIENTED_EDGE('',*,*,#2751,.T.);
#3932=ORIENTED_EDGE('',*,*,#2760,.F.);
#3933=ORIENTED_EDGE('',*,*,#2731,.T.);
#3934=ORIENTED_EDGE('',*,*,#2167,.T.);
#3935=ORIENTED_EDGE('',*,*,#2192,.T.);
#3936=ORIENTED_EDGE('',*,*,#2176,.T.);
#3937=ORIENTED_EDGE('',*,*,#2688,.T.);
#3938=ORIENTED_EDGE('',*,*,#2685,.T.);
#3939=ORIENTED_EDGE('',*,*,#2682,.T.);
#3940=ORIENTED_EDGE('',*,*,#2679,.T.);
#3941=ORIENTED_EDGE('',*,*,#2676,.T.);
#3942=ORIENTED_EDGE('',*,*,#2673,.T.);
#3943=ORIENTED_EDGE('',*,*,#2670,.T.);
#3944=ORIENTED_EDGE('',*,*,#2667,.T.);
#3945=ORIENTED_EDGE('',*,*,#2664,.T.);
#3946=ORIENTED_EDGE('',*,*,#2661,.T.);
#3947=ORIENTED_EDGE('',*,*,#2658,.T.);
#3948=ORIENTED_EDGE('',*,*,#2654,.T.);
#3949=ORIENTED_EDGE('',*,*,#2159,.T.);
#3950=ORIENTED_EDGE('',*,*,#2740,.T.);
#3951=ORIENTED_EDGE('',*,*,#2649,.T.);
#3952=ORIENTED_EDGE('',*,*,#2646,.T.);
#3953=ORIENTED_EDGE('',*,*,#2643,.T.);
#3954=ORIENTED_EDGE('',*,*,#2733,.T.);
#3955=ORIENTED_EDGE('',*,*,#2155,.F.);
#3956=ORIENTED_EDGE('',*,*,#2755,.F.);
#3957=ORIENTED_EDGE('',*,*,#2183,.T.);
#3958=ORIENTED_EDGE('',*,*,#2757,.T.);
#3959=ORIENTED_EDGE('',*,*,#2729,.T.);
#3960=ORIENTED_EDGE('',*,*,#2726,.T.);
#3961=ORIENTED_EDGE('',*,*,#2723,.T.);
#3962=ORIENTED_EDGE('',*,*,#2720,.T.);
#3963=ORIENTED_EDGE('',*,*,#2759,.T.);
#3964=ORIENTED_EDGE('',*,*,#2179,.T.);
#3965=ORIENTED_EDGE('',*,*,#2761,.F.);
#3966=ORIENTED_EDGE('',*,*,#2735,.T.);
#3967=ORIENTED_EDGE('',*,*,#2716,.T.);
#3968=ORIENTED_EDGE('',*,*,#2713,.T.);
#3969=ORIENTED_EDGE('',*,*,#2710,.T.);
#3970=ORIENTED_EDGE('',*,*,#2742,.T.);
#3971=ORIENTED_EDGE('',*,*,#2762,.F.);
#3972=ORIENTED_EDGE('',*,*,#2747,.T.);
#3973=ORIENTED_EDGE('',*,*,#2706,.T.);
#3974=ORIENTED_EDGE('',*,*,#2703,.T.);
#3975=ORIENTED_EDGE('',*,*,#2700,.T.);
#3976=ORIENTED_EDGE('',*,*,#2697,.T.);
#3977=ORIENTED_EDGE('',*,*,#2148,.F.);
#3978=ORIENTED_EDGE('',*,*,#2732,.T.);
#3979=ORIENTED_EDGE('',*,*,#2760,.T.);
#3980=ORIENTED_EDGE('',*,*,#2750,.T.);
#3981=ORIENTED_EDGE('',*,*,#2749,.T.);
#3982=ORIENTED_EDGE('',*,*,#2744,.F.);
#3983=ORIENTED_EDGE('',*,*,#2762,.T.);
#3984=ORIENTED_EDGE('',*,*,#2741,.F.);
#3985=ORIENTED_EDGE('',*,*,#2739,.T.);
#3986=ORIENTED_EDGE('',*,*,#2736,.F.);
#3987=ORIENTED_EDGE('',*,*,#2761,.T.);
#3988=ORIENTED_EDGE('',*,*,#2178,.T.);
#3989=ORIENTED_EDGE('',*,*,#2763,.T.);
#3990=ORIENTED_EDGE('',*,*,#2753,.T.);
#3991=ORIENTED_EDGE('',*,*,#2171,.F.);
#3992=ORIENTED_EDGE('',*,*,#2169,.T.);
#3993=ORIENTED_EDGE('',*,*,#2177,.T.);
#3994=ORIENTED_EDGE('',*,*,#2754,.T.);
#3995=ORIENTED_EDGE('',*,*,#2763,.F.);
#3996=CYLINDRICAL_SURFACE('',#4214,6.);
#3997=CYLINDRICAL_SURFACE('',#4220,6.);
#3998=ADVANCED_FACE('',(#431),#3996,.T.);
#3999=ADVANCED_FACE('',(#432),#318,.F.);
#4000=ADVANCED_FACE('',(#433),#319,.T.);
#4001=ADVANCED_FACE('',(#434),#3997,.T.);
#4002=ADVANCED_FACE('',(#435),#320,.F.);
#4003=ADVANCED_FACE('',(#436),#321,.F.);
#4004=ADVANCED_FACE('',(#437),#322,.T.);
#4005=ADVANCED_FACE('',(#438),#323,.F.);
#4006=ADVANCED_FACE('',(#439),#324,.F.);
#4007=ADVANCED_FACE('',(#440),#53,.F.);
#4008=ADVANCED_FACE('',(#441),#54,.F.);
#4009=ADVANCED_FACE('',(#442),#325,.F.);
#4010=ADVANCED_FACE('',(#443),#326,.F.);
#4011=ADVANCED_FACE('',(#444),#55,.F.);
#4012=ADVANCED_FACE('',(#445),#56,.F.);
#4013=ADVANCED_FACE('',(#446),#327,.F.);
#4014=ADVANCED_FACE('',(#447),#328,.F.);
#4015=ADVANCED_FACE('',(#448),#57,.F.);
#4016=ADVANCED_FACE('',(#449),#329,.T.);
#4017=ADVANCED_FACE('',(#450),#330,.T.);
#4018=ADVANCED_FACE('',(#451),#331,.T.);
#4019=ADVANCED_FACE('',(#452),#332,.T.);
#4020=ADVANCED_FACE('',(#453),#58,.F.);
#4021=ADVANCED_FACE('',(#454),#333,.F.);
#4022=ADVANCED_FACE('',(#455),#59,.F.);
#4023=ADVANCED_FACE('',(#456),#334,.F.);
#4024=ADVANCED_FACE('',(#457),#60,.F.);
#4025=ADVANCED_FACE('',(#458),#335,.F.);
#4026=ADVANCED_FACE('',(#459),#61,.F.);
#4027=ADVANCED_FACE('',(#460),#336,.F.);
#4028=ADVANCED_FACE('',(#461),#62,.F.);
#4029=ADVANCED_FACE('',(#462),#337,.F.);
#4030=ADVANCED_FACE('',(#463),#338,.F.);
#4031=ADVANCED_FACE('',(#464),#63,.F.);
#4032=ADVANCED_FACE('',(#465),#339,.F.);
#4033=ADVANCED_FACE('',(#466),#64,.F.);
#4034=ADVANCED_FACE('',(#467),#340,.F.);
#4035=ADVANCED_FACE('',(#468),#65,.F.);
#4036=ADVANCED_FACE('',(#469),#341,.F.);
#4037=ADVANCED_FACE('',(#470),#66,.F.);
#4038=ADVANCED_FACE('',(#471),#67,.F.);
#4039=ADVANCED_FACE('',(#472),#342,.F.);
#4040=ADVANCED_FACE('',(#473),#68,.F.);
#4041=ADVANCED_FACE('',(#474),#343,.F.);
#4042=ADVANCED_FACE('',(#475),#344,.F.);
#4043=ADVANCED_FACE('',(#476),#345,.F.);
#4044=ADVANCED_FACE('',(#477),#346,.F.);
#4045=ADVANCED_FACE('',(#478),#347,.F.);
#4046=ADVANCED_FACE('',(#479),#69,.F.);
#4047=ADVANCED_FACE('',(#480),#70,.F.);
#4048=ADVANCED_FACE('',(#481),#348,.F.);
#4049=ADVANCED_FACE('',(#482),#71,.F.);
#4050=ADVANCED_FACE('',(#483),#349,.F.);
#4051=ADVANCED_FACE('',(#484),#72,.F.);
#4052=ADVANCED_FACE('',(#485),#350,.F.);
#4053=ADVANCED_FACE('',(#486),#73,.F.);
#4054=ADVANCED_FACE('',(#487),#351,.F.);
#4055=ADVANCED_FACE('',(#488),#74,.F.);
#4056=ADVANCED_FACE('',(#489),#352,.F.);
#4057=ADVANCED_FACE('',(#490),#75,.F.);
#4058=ADVANCED_FACE('',(#491),#76,.F.);
#4059=ADVANCED_FACE('',(#492),#353,.F.);
#4060=ADVANCED_FACE('',(#493),#77,.F.);
#4061=ADVANCED_FACE('',(#494),#78,.F.);
#4062=ADVANCED_FACE('',(#495),#354,.F.);
#4063=ADVANCED_FACE('',(#496),#79,.F.);
#4064=ADVANCED_FACE('',(#497),#355,.F.);
#4065=ADVANCED_FACE('',(#498),#80,.F.);
#4066=ADVANCED_FACE('',(#499),#356,.F.);
#4067=ADVANCED_FACE('',(#500),#357,.F.);
#4068=ADVANCED_FACE('',(#501),#358,.F.);
#4069=ADVANCED_FACE('',(#502),#81,.F.);
#4070=ADVANCED_FACE('',(#503),#359,.F.);
#4071=ADVANCED_FACE('',(#504),#82,.F.);
#4072=ADVANCED_FACE('',(#505),#360,.F.);
#4073=ADVANCED_FACE('',(#506),#83,.F.);
#4074=ADVANCED_FACE('',(#507),#361,.F.);
#4075=ADVANCED_FACE('',(#508),#84,.F.);
#4076=ADVANCED_FACE('',(#509),#362,.F.);
#4077=ADVANCED_FACE('',(#510),#85,.F.);
#4078=ADVANCED_FACE('',(#511),#363,.F.);
#4079=ADVANCED_FACE('',(#512),#86,.F.);
#4080=ADVANCED_FACE('',(#513),#364,.F.);
#4081=ADVANCED_FACE('',(#514),#87,.F.);
#4082=ADVANCED_FACE('',(#515),#365,.F.);
#4083=ADVANCED_FACE('',(#516),#88,.F.);
#4084=ADVANCED_FACE('',(#517),#366,.F.);
#4085=ADVANCED_FACE('',(#518),#89,.F.);
#4086=ADVANCED_FACE('',(#519),#367,.F.);
#4087=ADVANCED_FACE('',(#520),#90,.F.);
#4088=ADVANCED_FACE('',(#521),#368,.F.);
#4089=ADVANCED_FACE('',(#522),#91,.F.);
#4090=ADVANCED_FACE('',(#523),#92,.F.);
#4091=ADVANCED_FACE('',(#524),#93,.F.);
#4092=ADVANCED_FACE('',(#525),#94,.F.);
#4093=ADVANCED_FACE('',(#526),#369,.F.);
#4094=ADVANCED_FACE('',(#527),#370,.F.);
#4095=ADVANCED_FACE('',(#528),#371,.F.);
#4096=ADVANCED_FACE('',(#529),#372,.F.);
#4097=ADVANCED_FACE('',(#530),#95,.F.);
#4098=ADVANCED_FACE('',(#531),#373,.F.);
#4099=ADVANCED_FACE('',(#532),#374,.F.);
#4100=ADVANCED_FACE('',(#533),#96,.F.);
#4101=ADVANCED_FACE('',(#534),#375,.F.);
#4102=ADVANCED_FACE('',(#535),#97,.F.);
#4103=ADVANCED_FACE('',(#536),#376,.F.);
#4104=ADVANCED_FACE('',(#537),#98,.F.);
#4105=ADVANCED_FACE('',(#538),#377,.F.);
#4106=ADVANCED_FACE('',(#539),#378,.F.);
#4107=ADVANCED_FACE('',(#540),#379,.F.);
#4108=ADVANCED_FACE('',(#541),#99,.F.);
#4109=ADVANCED_FACE('',(#542),#380,.F.);
#4110=ADVANCED_FACE('',(#543),#100,.F.);
#4111=ADVANCED_FACE('',(#544),#381,.F.);
#4112=ADVANCED_FACE('',(#545),#101,.F.);
#4113=ADVANCED_FACE('',(#546),#382,.F.);
#4114=ADVANCED_FACE('',(#547),#102,.F.);
#4115=ADVANCED_FACE('',(#548),#383,.F.);
#4116=ADVANCED_FACE('',(#549),#103,.F.);
#4117=ADVANCED_FACE('',(#550),#384,.F.);
#4118=ADVANCED_FACE('',(#551),#104,.F.);
#4119=ADVANCED_FACE('',(#552),#385,.F.);
#4120=ADVANCED_FACE('',(#553),#105,.F.);
#4121=ADVANCED_FACE('',(#554),#386,.F.);
#4122=ADVANCED_FACE('',(#555),#106,.F.);
#4123=ADVANCED_FACE('',(#556),#387,.F.);
#4124=ADVANCED_FACE('',(#557),#107,.F.);
#4125=ADVANCED_FACE('',(#558),#388,.F.);
#4126=ADVANCED_FACE('',(#559),#108,.F.);
#4127=ADVANCED_FACE('',(#560),#389,.F.);
#4128=ADVANCED_FACE('',(#561),#390,.F.);
#4129=ADVANCED_FACE('',(#562),#109,.F.);
#4130=ADVANCED_FACE('',(#563),#391,.F.);
#4131=ADVANCED_FACE('',(#564),#110,.F.);
#4132=ADVANCED_FACE('',(#565),#392,.F.);
#4133=ADVANCED_FACE('',(#566),#111,.F.);
#4134=ADVANCED_FACE('',(#567),#393,.F.);
#4135=ADVANCED_FACE('',(#568),#112,.F.);
#4136=ADVANCED_FACE('',(#569),#394,.F.);
#4137=ADVANCED_FACE('',(#570),#113,.F.);
#4138=ADVANCED_FACE('',(#571),#395,.F.);
#4139=ADVANCED_FACE('',(#572),#114,.F.);
#4140=ADVANCED_FACE('',(#573),#396,.F.);
#4141=ADVANCED_FACE('',(#574),#115,.F.);
#4142=ADVANCED_FACE('',(#575),#397,.F.);
#4143=ADVANCED_FACE('',(#576),#116,.F.);
#4144=ADVANCED_FACE('',(#577),#398,.F.);
#4145=ADVANCED_FACE('',(#578),#117,.F.);
#4146=ADVANCED_FACE('',(#579),#399,.F.);
#4147=ADVANCED_FACE('',(#580),#118,.F.);
#4148=ADVANCED_FACE('',(#581),#400,.F.);
#4149=ADVANCED_FACE('',(#582),#119,.F.);
#4150=ADVANCED_FACE('',(#583),#401,.F.);
#4151=ADVANCED_FACE('',(#584),#120,.F.);
#4152=ADVANCED_FACE('',(#585),#402,.F.);
#4153=ADVANCED_FACE('',(#586),#121,.F.);
#4154=ADVANCED_FACE('',(#587),#403,.F.);
#4155=ADVANCED_FACE('',(#588),#122,.F.);
#4156=ADVANCED_FACE('',(#589),#404,.F.);
#4157=ADVANCED_FACE('',(#590),#123,.F.);
#4158=ADVANCED_FACE('',(#591),#405,.F.);
#4159=ADVANCED_FACE('',(#592),#124,.F.);
#4160=ADVANCED_FACE('',(#593),#125,.F.);
#4161=ADVANCED_FACE('',(#594),#126,.F.);
#4162=ADVANCED_FACE('',(#595),#406,.F.);
#4163=ADVANCED_FACE('',(#596),#407,.F.);
#4164=ADVANCED_FACE('',(#597),#408,.F.);
#4165=ADVANCED_FACE('',(#598),#409,.F.);
#4166=ADVANCED_FACE('',(#599),#127,.F.);
#4167=ADVANCED_FACE('',(#600),#410,.F.);
#4168=ADVANCED_FACE('',(#601),#411,.F.);
#4169=ADVANCED_FACE('',(#602),#128,.F.);
#4170=ADVANCED_FACE('',(#603),#412,.F.);
#4171=ADVANCED_FACE('',(#604),#129,.F.);
#4172=ADVANCED_FACE('',(#605),#413,.F.);
#4173=ADVANCED_FACE('',(#606),#130,.F.);
#4174=ADVANCED_FACE('',(#607),#414,.F.);
#4175=ADVANCED_FACE('',(#608),#131,.F.);
#4176=ADVANCED_FACE('',(#609),#415,.F.);
#4177=ADVANCED_FACE('',(#610),#132,.F.);
#4178=ADVANCED_FACE('',(#611),#133,.F.);
#4179=ADVANCED_FACE('',(#612),#416,.F.);
#4180=ADVANCED_FACE('',(#613),#134,.F.);
#4181=ADVANCED_FACE('',(#614),#135,.F.);
#4182=ADVANCED_FACE('',(#615),#417,.F.);
#4183=ADVANCED_FACE('',(#616),#136,.F.);
#4184=ADVANCED_FACE('',(#617),#418,.F.);
#4185=ADVANCED_FACE('',(#618),#419,.T.);
#4186=ADVANCED_FACE('',(#619),#420,.F.);
#4187=ADVANCED_FACE('',(#620),#421,.T.);
#4188=ADVANCED_FACE('',(#621),#422,.F.);
#4189=ADVANCED_FACE('',(#622),#137,.F.);
#4190=ADVANCED_FACE('',(#623),#423,.T.);
#4191=ADVANCED_FACE('',(#624),#424,.F.);
#4192=ADVANCED_FACE('',(#625),#425,.T.);
#4193=ADVANCED_FACE('',(#626),#138,.F.);
#4194=ADVANCED_FACE('',(#627,#19,#20,#21,#22,#23,#24,#25,#26,#27,#28,#29,
#30,#31,#32,#33,#34,#35,#36),#426,.T.);
#4195=ADVANCED_FACE('',(#628),#427,.F.);
#4196=ADVANCED_FACE('',(#629,#37,#38,#39,#40,#41,#42,#43,#44,#45,#46,#47,
#48,#49,#50,#51,#52),#428,.F.);
#4197=ADVANCED_FACE('',(#630),#429,.T.);
#4198=ADVANCED_FACE('',(#631),#430,.T.);
#4199=CLOSED_SHELL('',(#3998,#3999,#4000,#4001,#4002,#4003,#4004,#4005,
#4006,#4007,#4008,#4009,#4010,#4011,#4012,#4013,#4014,#4015,#4016,#4017,
#4018,#4019,#4020,#4021,#4022,#4023,#4024,#4025,#4026,#4027,#4028,#4029,
#4030,#4031,#4032,#4033,#4034,#4035,#4036,#4037,#4038,#4039,#4040,#4041,
#4042,#4043,#4044,#4045,#4046,#4047,#4048,#4049,#4050,#4051,#4052,#4053,
#4054,#4055,#4056,#4057,#4058,#4059,#4060,#4061,#4062,#4063,#4064,#4065,
#4066,#4067,#4068,#4069,#4070,#4071,#4072,#4073,#4074,#4075,#4076,#4077,
#4078,#4079,#4080,#4081,#4082,#4083,#4084,#4085,#4086,#4087,#4088,#4089,
#4090,#4091,#4092,#4093,#4094,#4095,#4096,#4097,#4098,#4099,#4100,#4101,
#4102,#4103,#4104,#4105,#4106,#4107,#4108,#4109,#4110,#4111,#4112,#4113,
#4114,#4115,#4116,#4117,#4118,#4119,#4120,#4121,#4122,#4123,#4124,#4125,
#4126,#4127,#4128,#4129,#4130,#4131,#4132,#4133,#4134,#4135,#4136,#4137,
#4138,#4139,#4140,#4141,#4142,#4143,#4144,#4145,#4146,#4147,#4148,#4149,
#4150,#4151,#4152,#4153,#4154,#4155,#4156,#4157,#4158,#4159,#4160,#4161,
#4162,#4163,#4164,#4165,#4166,#4167,#4168,#4169,#4170,#4171,#4172,#4173,
#4174,#4175,#4176,#4177,#4178,#4179,#4180,#4181,#4182,#4183,#4184,#4185,
#4186,#4187,#4188,#4189,#4190,#4191,#4192,#4193,#4194,#4195,#4196,#4197,
#4198));
#4200=DERIVED_UNIT_ELEMENT(#4202,1.);
#4201=DERIVED_UNIT_ELEMENT(#8094,-3.);
#4202=(
MASS_UNIT()
NAMED_UNIT(*)
SI_UNIT(.KILO.,.GRAM.)
);
#4203=DERIVED_UNIT((#4200,#4201));
#4204=MEASURE_REPRESENTATION_ITEM('density measure',
POSITIVE_RATIO_MEASURE(7850.),#4203);
#4205=PROPERTY_DEFINITION_REPRESENTATION(#4210,#4207);
#4206=PROPERTY_DEFINITION_REPRESENTATION(#4211,#4208);
#4207=REPRESENTATION('material name',(#4209),#8091);
#4208=REPRESENTATION('density',(#4204),#8091);
#4209=DESCRIPTIVE_REPRESENTATION_ITEM('Steel','Steel');
#4210=PROPERTY_DEFINITION('material property','material name',#8106);
#4211=PROPERTY_DEFINITION('material property','density of part',#8106);
#4212=AXIS2_PLACEMENT_3D('',#5011,#4334,#4335);
#4213=AXIS2_PLACEMENT_3D('',#5012,#4336,#4337);
#4214=AXIS2_PLACEMENT_3D('',#5013,#4338,#4339);
#4215=AXIS2_PLACEMENT_3D('',#5016,#4340,#4341);
#4216=AXIS2_PLACEMENT_3D('',#5020,#4343,#4344);
#4217=AXIS2_PLACEMENT_3D('',#5022,#4346,#4347);
#4218=AXIS2_PLACEMENT_3D('',#5026,#4349,#4350);
#4219=AXIS2_PLACEMENT_3D('',#5062,#4364,#4365);
#4220=AXIS2_PLACEMENT_3D('',#5066,#4368,#4369);
#4221=AXIS2_PLACEMENT_3D('',#5068,#4370,#4371);
#4222=AXIS2_PLACEMENT_3D('',#5070,#4373,#4374);
#4223=AXIS2_PLACEMENT_3D('',#5079,#4379,#4380);
#4224=AXIS2_PLACEMENT_3D('',#5096,#4389,#4390);
#4225=AXIS2_PLACEMENT_3D('',#5106,#4392,#4393);
#4226=AXIS2_PLACEMENT_3D('',#5110,#4396,#4397);
#4227=AXIS2_PLACEMENT_3D('',#5173,#4403,#4404);
#4228=AXIS2_PLACEMENT_3D('',#5179,#4408,#4409);
#4229=AXIS2_PLACEMENT_3D('',#5239,#4415,#4416);
#4230=AXIS2_PLACEMENT_3D('',#5245,#4420,#4421);
#4231=AXIS2_PLACEMENT_3D('',#5281,#4425,#4426);
#4232=AXIS2_PLACEMENT_3D('',#5290,#4431,#4432);
#4233=AXIS2_PLACEMENT_3D('',#5296,#4436,#4437);
#4234=AXIS2_PLACEMENT_3D('',#5302,#4441,#4442);
#4235=AXIS2_PLACEMENT_3D('',#5335,#4447,#4448);
#4236=AXIS2_PLACEMENT_3D('',#5368,#4453,#4454);
#4237=AXIS2_PLACEMENT_3D('',#5401,#4459,#4460);
#4238=AXIS2_PLACEMENT_3D('',#5434,#4465,#4466);
#4239=AXIS2_PLACEMENT_3D('',#5467,#4471,#4472);
#4240=AXIS2_PLACEMENT_3D('',#5473,#4476,#4477);
#4241=AXIS2_PLACEMENT_3D('',#5506,#4482,#4483);
#4242=AXIS2_PLACEMENT_3D('',#5539,#4488,#4489);
#4243=AXIS2_PLACEMENT_3D('',#5572,#4494,#4495);
#4244=AXIS2_PLACEMENT_3D('',#5632,#4501,#4502);
#4245=AXIS2_PLACEMENT_3D('',#5662,#4506,#4507);
#4246=AXIS2_PLACEMENT_3D('',#5671,#4512,#4513);
#4247=AXIS2_PLACEMENT_3D('',#5677,#4517,#4518);
#4248=AXIS2_PLACEMENT_3D('',#5683,#4522,#4523);
#4249=AXIS2_PLACEMENT_3D('',#5689,#4527,#4528);
#4250=AXIS2_PLACEMENT_3D('',#5749,#4534,#4535);
#4251=AXIS2_PLACEMENT_3D('',#5782,#4540,#4541);
#4252=AXIS2_PLACEMENT_3D('',#5815,#4546,#4547);
#4253=AXIS2_PLACEMENT_3D('',#5848,#4552,#4553);
#4254=AXIS2_PLACEMENT_3D('',#5881,#4558,#4559);
#4255=AXIS2_PLACEMENT_3D('',#5941,#4565,#4566);
#4256=AXIS2_PLACEMENT_3D('',#6001,#4572,#4573);
#4257=AXIS2_PLACEMENT_3D('',#6034,#4578,#4579);
#4258=AXIS2_PLACEMENT_3D('',#6067,#4584,#4585);
#4259=AXIS2_PLACEMENT_3D('',#6073,#4589,#4590);
#4260=AXIS2_PLACEMENT_3D('',#6079,#4594,#4595);
#4261=AXIS2_PLACEMENT_3D('',#6112,#4600,#4601);
#4262=AXIS2_PLACEMENT_3D('',#6145,#4606,#4607);
#4263=AXIS2_PLACEMENT_3D('',#6178,#4612,#4613);
#4264=AXIS2_PLACEMENT_3D('',#6211,#4618,#4619);
#4265=AXIS2_PLACEMENT_3D('',#6244,#4624,#4625);
#4266=AXIS2_PLACEMENT_3D('',#6277,#4630,#4631);
#4267=AXIS2_PLACEMENT_3D('',#6310,#4636,#4637);
#4268=AXIS2_PLACEMENT_3D('',#6343,#4642,#4643);
#4269=AXIS2_PLACEMENT_3D('',#6376,#4648,#4649);
#4270=AXIS2_PLACEMENT_3D('',#6409,#4654,#4655);
#4271=AXIS2_PLACEMENT_3D('',#6523,#4663,#4664);
#4272=AXIS2_PLACEMENT_3D('',#6529,#4668,#4669);
#4273=AXIS2_PLACEMENT_3D('',#6535,#4673,#4674);
#4274=AXIS2_PLACEMENT_3D('',#6541,#4678,#4679);
#4275=AXIS2_PLACEMENT_3D('',#6574,#4684,#4685);
#4276=AXIS2_PLACEMENT_3D('',#6580,#4689,#4690);
#4277=AXIS2_PLACEMENT_3D('',#6613,#4695,#4696);
#4278=AXIS2_PLACEMENT_3D('',#6646,#4701,#4702);
#4279=AXIS2_PLACEMENT_3D('',#6679,#4707,#4708);
#4280=AXIS2_PLACEMENT_3D('',#6685,#4712,#4713);
#4281=AXIS2_PLACEMENT_3D('',#6691,#4717,#4718);
#4282=AXIS2_PLACEMENT_3D('',#6724,#4723,#4724);
#4283=AXIS2_PLACEMENT_3D('',#6757,#4729,#4730);
#4284=AXIS2_PLACEMENT_3D('',#6790,#4735,#4736);
#4285=AXIS2_PLACEMENT_3D('',#6823,#4741,#4742);
#4286=AXIS2_PLACEMENT_3D('',#6856,#4747,#4748);
#4287=AXIS2_PLACEMENT_3D('',#6889,#4753,#4754);
#4288=AXIS2_PLACEMENT_3D('',#6922,#4759,#4760);
#4289=AXIS2_PLACEMENT_3D('',#6955,#4765,#4766);
#4290=AXIS2_PLACEMENT_3D('',#6988,#4771,#4772);
#4291=AXIS2_PLACEMENT_3D('',#7021,#4777,#4778);
#4292=AXIS2_PLACEMENT_3D('',#7027,#4782,#4783);
#4293=AXIS2_PLACEMENT_3D('',#7060,#4788,#4789);
#4294=AXIS2_PLACEMENT_3D('',#7093,#4794,#4795);
#4295=AXIS2_PLACEMENT_3D('',#7126,#4800,#4801);
#4296=AXIS2_PLACEMENT_3D('',#7159,#4806,#4807);
#4297=AXIS2_PLACEMENT_3D('',#7192,#4812,#4813);
#4298=AXIS2_PLACEMENT_3D('',#7225,#4818,#4819);
#4299=AXIS2_PLACEMENT_3D('',#7258,#4824,#4825);
#4300=AXIS2_PLACEMENT_3D('',#7291,#4830,#4831);
#4301=AXIS2_PLACEMENT_3D('',#7324,#4836,#4837);
#4302=AXIS2_PLACEMENT_3D('',#7357,#4842,#4843);
#4303=AXIS2_PLACEMENT_3D('',#7390,#4848,#4849);
#4304=AXIS2_PLACEMENT_3D('',#7423,#4854,#4855);
#4305=AXIS2_PLACEMENT_3D('',#7456,#4860,#4861);
#4306=AXIS2_PLACEMENT_3D('',#7489,#4866,#4867);
#4307=AXIS2_PLACEMENT_3D('',#7522,#4872,#4873);
#4308=AXIS2_PLACEMENT_3D('',#7627,#4881,#4882);
#4309=AXIS2_PLACEMENT_3D('',#7633,#4886,#4887);
#4310=AXIS2_PLACEMENT_3D('',#7639,#4891,#4892);
#4311=AXIS2_PLACEMENT_3D('',#7645,#4896,#4897);
#4312=AXIS2_PLACEMENT_3D('',#7678,#4902,#4903);
#4313=AXIS2_PLACEMENT_3D('',#7684,#4907,#4908);
#4314=AXIS2_PLACEMENT_3D('',#7717,#4913,#4914);
#4315=AXIS2_PLACEMENT_3D('',#7747,#4918,#4919);
#4316=AXIS2_PLACEMENT_3D('',#7783,#4925,#4926);
#4317=AXIS2_PLACEMENT_3D('',#7816,#4931,#4932);
#4318=AXIS2_PLACEMENT_3D('',#7879,#4939,#4940);
#4319=AXIS2_PLACEMENT_3D('',#7942,#4947,#4948);
#4320=AXIS2_PLACEMENT_3D('',#7975,#4953,#4954);
#4321=AXIS2_PLACEMENT_3D('',#7981,#4958,#4959);
#4322=AXIS2_PLACEMENT_3D('',#7985,#4962,#4963);
#4323=AXIS2_PLACEMENT_3D('',#7993,#4969,#4970);
#4324=AXIS2_PLACEMENT_3D('',#7997,#4973,#4974);
#4325=AXIS2_PLACEMENT_3D('',#8037,#4979,#4980);
#4326=AXIS2_PLACEMENT_3D('',#8041,#4983,#4984);
#4327=AXIS2_PLACEMENT_3D('',#8046,#4988,#4989);
#4328=AXIS2_PLACEMENT_3D('',#8075,#4993,#4994);
#4329=AXIS2_PLACEMENT_3D('',#8077,#4996,#4997);
#4330=AXIS2_PLACEMENT_3D('',#8079,#4999,#5000);
#4331=AXIS2_PLACEMENT_3D('',#8083,#5004,#5005);
#4332=AXIS2_PLACEMENT_3D('',#8085,#5007,#5008);
#4333=AXIS2_PLACEMENT_3D('',#8086,#5009,#5010);
#4334=DIRECTION('axis',(0.,0.,1.));
#4335=DIRECTION('refdir',(1.,0.,0.));
#4336=DIRECTION('axis',(0.,0.,1.));
#4337=DIRECTION('refdir',(1.,0.,0.));
#4338=DIRECTION('center_axis',(0.,0.,1.));
#4339=DIRECTION('ref_axis',(-0.707106781186546,0.707106781186549,0.));
#4340=DIRECTION('center_axis',(0.,0.,-1.));
#4341=DIRECTION('ref_axis',(-0.707106781186546,0.707106781186549,0.));
#4342=DIRECTION('',(0.,0.,-1.));
#4343=DIRECTION('center_axis',(0.,0.,1.));
#4344=DIRECTION('ref_axis',(-0.707106781186546,0.707106781186549,0.));
#4345=DIRECTION('',(0.,0.,1.));
#4346=DIRECTION('center_axis',(0.,0.,1.));
#4347=DIRECTION('ref_axis',(1.,0.,0.));
#4348=DIRECTION('',(1.,0.,0.));
#4349=DIRECTION('center_axis',(0.,0.,1.));
#4350=DIRECTION('ref_axis',(0.707106781186548,0.707106781186548,0.));
#4351=DIRECTION('',(0.,-1.,0.));
#4352=DIRECTION('',(-1.,0.,0.));
#4353=DIRECTION('',(-9.23190336111193E-19,1.,0.));
#4354=DIRECTION('',(-1.,0.,0.));
#4355=DIRECTION('',(9.23190336111193E-19,-1.,0.));
#4356=DIRECTION('',(1.,0.,0.));
#4357=DIRECTION('',(-1.,0.,0.));
#4358=DIRECTION('',(-9.2319033611132E-19,1.,0.));
#4359=DIRECTION('',(1.,0.,0.));
#4360=DIRECTION('',(-5.34058954559614E-14,-1.,0.));
#4361=DIRECTION('',(-1.,0.,0.));
#4362=DIRECTION('',(1.,0.,0.));
#4363=DIRECTION('',(0.,1.,0.));
#4364=DIRECTION('center_axis',(0.,1.,0.));
#4365=DIRECTION('ref_axis',(-1.,0.,0.));
#4366=DIRECTION('',(-1.,0.,0.));
#4367=DIRECTION('',(0.,0.,1.));
#4368=DIRECTION('center_axis',(0.,0.,1.));
#4369=DIRECTION('ref_axis',(0.707106781186548,0.707106781186548,0.));
#4370=DIRECTION('center_axis',(0.,0.,-1.));
#4371=DIRECTION('ref_axis',(0.707106781186548,0.707106781186548,0.));
#4372=DIRECTION('',(0.,0.,-1.));
#4373=DIRECTION('center_axis',(-0.999991356962003,-9.23182356942013E-19,
0.00415764371871907));
#4374=DIRECTION('ref_axis',(0.00415764371871907,-2.22042685785074E-16,0.999991356962003));
#4375=DIRECTION('',(0.,1.,2.22044604925031E-16));
#4376=DIRECTION('',(-0.00415764371871907,2.22042685785074E-16,-0.999991356962003));
#4377=DIRECTION('',(0.,1.,2.22044604925031E-16));
#4378=DIRECTION('',(-0.00415764371871907,2.22042685785074E-16,-0.999991356962003));
#4379=DIRECTION('center_axis',(-0.00415764371871961,2.22042685785074E-16,
-0.999991356962003));
#4380=DIRECTION('ref_axis',(-0.999991356962003,-9.23182356942134E-19,0.00415764371871961));
#4381=DIRECTION('',(0.999991356962003,0.,-0.00415764371871961));
#4382=DIRECTION('',(-5.34058954559613E-14,-1.,0.));
#4383=DIRECTION('',(0.999991356962003,9.23182356942134E-19,-0.00415764371871961));
#4384=DIRECTION('',(0.,1.,2.22044604925031E-16));
#4385=DIRECTION('',(0.999991356962003,9.23182356942134E-19,-0.00415764371871961));
#4386=DIRECTION('',(0.,1.,2.22044604925031E-16));
#4387=DIRECTION('',(0.999991356962003,9.23182356942134E-19,-0.00415764371871961));
#4388=DIRECTION('',(0.,1.,2.22044604925031E-16));
#4389=DIRECTION('center_axis',(0.,-1.,0.));
#4390=DIRECTION('ref_axis',(1.,0.,0.));
#4391=DIRECTION('',(-0.999991356962003,0.,0.00415764371871961));
#4392=DIRECTION('center_axis',(0.,-1.,-2.22044604925031E-16));
#4393=DIRECTION('ref_axis',(1.,0.,0.));
#4394=DIRECTION('',(-0.00415764371871976,2.22042685785074E-16,-0.999991356962003));
#4395=DIRECTION('',(-0.999991356962003,-9.23182356942134E-19,0.00415764371871961));
#4396=DIRECTION('center_axis',(0.00415764371871961,-2.22042685785074E-16,
0.999991356962003));
#4397=DIRECTION('ref_axis',(0.999991356962003,9.23182356942134E-19,-0.00415764371871961));
#4398=DIRECTION('',(0.,1.,2.22044604925031E-16));
#4399=DIRECTION('',(-0.999991356962003,-9.23182356942134E-19,0.00415764371871961));
#4400=DIRECTION('',(0.,1.,2.22044604925031E-16));
#4401=DIRECTION('',(0.,1.,2.22044604925031E-16));
#4402=DIRECTION('',(0.,1.,2.22044604925031E-16));
#4403=DIRECTION('center_axis',(-0.409999704765064,-2.02523698926619E-16,
0.912085655019615));
#4404=DIRECTION('ref_axis',(0.912085655019615,-9.1038222463938E-17,0.409999704765064));
#4405=DIRECTION('',(-0.912085655019615,9.1038222463938E-17,-0.409999704765064));
#4406=DIRECTION('',(-0.912085655019615,9.1038222463938E-17,-0.409999704765064));
#4407=DIRECTION('',(0.,1.,2.22044604925031E-16));
#4408=DIRECTION('center_axis',(0.00415764371871936,-2.22042685785074E-16,
0.999991356962003));
#4409=DIRECTION('ref_axis',(0.999991356962003,9.23182356942078E-19,-0.00415764371871936));
#4410=DIRECTION('',(-0.999991356962003,-9.23182356942078E-19,0.00415764371871936));
#4411=DIRECTION('',(-0.999991356962003,-9.23182356942078E-19,0.00415764371871936));
#4412=DIRECTION('',(0.,1.,2.22044604925031E-16));
#4413=DIRECTION('',(0.,1.,2.22044604925031E-16));
#4414=DIRECTION('',(0.,1.,2.22044604925031E-16));
#4415=DIRECTION('center_axis',(0.410033744928138,2.02520301098175E-16,-0.912070352560704));
#4416=DIRECTION('ref_axis',(-0.912070352560704,9.10457808984995E-17,-0.410033744928138));
#4417=DIRECTION('',(0.912070352560704,-9.10457808984995E-17,0.410033744928138));
#4418=DIRECTION('',(0.912070352560704,-9.10457808984995E-17,0.410033744928138));
#4419=DIRECTION('',(0.,1.,2.22044604925031E-16));
#4420=DIRECTION('center_axis',(-0.00415764371871954,2.22042685785074E-16,
-0.999991356962003));
#4421=DIRECTION('ref_axis',(-0.999991356962003,-9.23182356942119E-19,0.00415764371871954));
#4422=DIRECTION('',(0.999991356962003,9.23182356942119E-19,-0.00415764371871954));
#4423=DIRECTION('',(0.999991356962003,9.23182356942119E-19,-0.00415764371871954));
#4424=DIRECTION('',(0.,1.,2.22044604925031E-16));
#4425=DIRECTION('center_axis',(1.,0.,0.));
#4426=DIRECTION('ref_axis',(0.,-2.22044604925031E-16,1.));
#4427=DIRECTION('',(0.,2.22044604925031E-16,-1.));
#4428=DIRECTION('',(0.,-1.,-2.22044604925031E-16));
#4429=DIRECTION('',(0.,2.22044604925031E-16,-1.));
#4430=DIRECTION('',(0.,-1.,-2.22044604925031E-16));
#4431=DIRECTION('center_axis',(0.,-2.22044604925031E-16,1.));
#4432=DIRECTION('ref_axis',(-1.,0.,0.));
#4433=DIRECTION('',(1.,0.,0.));
#4434=DIRECTION('',(1.,0.,0.));
#4435=DIRECTION('',(0.,-1.,-2.22044604925031E-16));
#4436=DIRECTION('center_axis',(-1.,0.,0.));
#4437=DIRECTION('ref_axis',(0.,2.22044604925031E-16,-1.));
#4438=DIRECTION('',(0.,-2.22044604925031E-16,1.));
#4439=DIRECTION('',(0.,-2.22044604925031E-16,1.));
#4440=DIRECTION('',(0.,-1.,-2.22044604925031E-16));
#4441=DIRECTION('center_axis',(-1.3969289371099E-17,2.22044604925031E-16,
-1.));
#4442=DIRECTION('ref_axis',(1.,3.10180533948912E-33,-1.3969289371099E-17));
#4443=DIRECTION('',(-1.,-3.10180533948912E-33,1.3969289371099E-17));
#4444=DIRECTION('',(-1.,-3.10180533948912E-33,1.3969289371099E-17));
#4445=DIRECTION('',(0.,1.,2.22044604925031E-16));
#4446=DIRECTION('',(0.,1.,2.22044604925031E-16));
#4447=DIRECTION('center_axis',(0.00415764371871955,-2.22042685785074E-16,
0.999991356962003));
#4448=DIRECTION('ref_axis',(0.999991356962003,9.2318235694212E-19,-0.00415764371871955));
#4449=DIRECTION('',(-0.999991356962003,-9.2318235694212E-19,0.00415764371871955));
#4450=DIRECTION('',(-0.999991356962003,-9.2318235694212E-19,0.00415764371871955));
#4451=DIRECTION('',(0.,1.,2.22044604925031E-16));
#4452=DIRECTION('',(0.,1.,2.22044604925031E-16));
#4453=DIRECTION('center_axis',(0.999991356962003,9.23182356941606E-19,-0.00415764371871723));
#4454=DIRECTION('ref_axis',(-0.00415764371871723,2.22042685785074E-16,-0.999991356962003));
#4455=DIRECTION('',(0.00415764371871723,-2.22042685785074E-16,0.999991356962003));
#4456=DIRECTION('',(0.00415764371871723,-2.22042685785074E-16,0.999991356962003));
#4457=DIRECTION('',(0.,1.,2.22044604925031E-16));
#4458=DIRECTION('',(0.,1.,2.22044604925031E-16));
#4459=DIRECTION('center_axis',(-0.00415764371871944,2.22042685785074E-16,
-0.999991356962003));
#4460=DIRECTION('ref_axis',(-0.999991356962003,-9.23182356942096E-19,0.00415764371871944));
#4461=DIRECTION('',(0.999991356962003,9.23182356942096E-19,-0.00415764371871944));
#4462=DIRECTION('',(0.999991356962003,9.23182356942096E-19,-0.00415764371871944));
#4463=DIRECTION('',(0.,1.,2.22044604925031E-16));
#4464=DIRECTION('',(0.,1.,2.22044604925031E-16));
#4465=DIRECTION('center_axis',(-0.999991356962003,-9.23182356942563E-19,
0.00415764371872155));
#4466=DIRECTION('ref_axis',(0.00415764371872155,-2.22042685785074E-16,0.999991356962003));
#4467=DIRECTION('',(-0.00415764371872155,2.22042685785074E-16,-0.999991356962003));
#4468=DIRECTION('',(-0.00415764371872155,2.22042685785074E-16,-0.999991356962003));
#4469=DIRECTION('',(0.,1.,2.22044604925031E-16));
#4470=DIRECTION('',(0.,1.,2.22044604925031E-16));
#4471=DIRECTION('center_axis',(0.00415764371871946,-2.22042685785074E-16,
0.999991356962003));
#4472=DIRECTION('ref_axis',(0.999991356962003,9.23182356942101E-19,-0.00415764371871946));
#4473=DIRECTION('',(-0.999991356962003,-9.23182356942101E-19,0.00415764371871946));
#4474=DIRECTION('',(-0.999991356962003,-9.23182356942101E-19,0.00415764371871946));
#4475=DIRECTION('',(0.,1.,2.22044604925031E-16));
#4476=DIRECTION('center_axis',(-0.999991356962003,-9.23182356942454E-19,
0.00415764371872105));
#4477=DIRECTION('ref_axis',(0.00415764371872105,-2.22042685785074E-16,0.999991356962003));
#4478=DIRECTION('',(-0.00415764371872105,2.22042685785074E-16,-0.999991356962003));
#4479=DIRECTION('',(-0.00415764371872105,2.22042685785074E-16,-0.999991356962003));
#4480=DIRECTION('',(0.,1.,2.22044604925031E-16));
#4481=DIRECTION('',(0.,1.,2.22044604925031E-16));
#4482=DIRECTION('center_axis',(0.00415764371871855,-2.22042685785074E-16,
0.999991356962003));
#4483=DIRECTION('ref_axis',(0.999991356962003,9.23182356941898E-19,-0.00415764371871855));
#4484=DIRECTION('',(-0.999991356962003,-9.23182356941898E-19,0.00415764371871855));
#4485=DIRECTION('',(-0.999991356962003,-9.23182356941898E-19,0.00415764371871855));
#4486=DIRECTION('',(0.,1.,2.22044604925031E-16));
#4487=DIRECTION('',(0.,1.,2.22044604925031E-16));
#4488=DIRECTION('center_axis',(0.999991356962003,9.23182356942039E-19,-0.00415764371871918));
#4489=DIRECTION('ref_axis',(-0.00415764371871918,2.22042685785074E-16,-0.999991356962003));
#4490=DIRECTION('',(0.00415764371871918,-2.22042685785074E-16,0.999991356962003));
#4491=DIRECTION('',(0.00415764371871918,-2.22042685785074E-16,0.999991356962003));
#4492=DIRECTION('',(0.,1.,2.22044604925031E-16));
#4493=DIRECTION('',(0.,1.,2.22044604925031E-16));
#4494=DIRECTION('center_axis',(-0.00415764371871999,2.22042685785074E-16,
-0.999991356962003));
#4495=DIRECTION('ref_axis',(-0.999991356962003,-9.23182356942218E-19,0.00415764371871999));
#4496=DIRECTION('',(0.999991356962003,9.23182356942218E-19,-0.00415764371871999));
#4497=DIRECTION('',(0.999991356962003,9.23182356942218E-19,-0.00415764371871999));
#4498=DIRECTION('',(0.,1.,2.22044604925031E-16));
#4499=DIRECTION('',(0.,1.,2.22044604925031E-16));
#4500=DIRECTION('',(0.,1.,2.22044604925031E-16));
#4501=DIRECTION('center_axis',(-0.999991356962003,-9.23182356941554E-19,
0.004157643718717));
#4502=DIRECTION('ref_axis',(0.004157643718717,-2.22042685785074E-16,0.999991356962003));
#4503=DIRECTION('',(-0.004157643718717,2.22042685785074E-16,-0.999991356962003));
#4504=DIRECTION('',(-0.004157643718717,2.22042685785074E-16,-0.999991356962003));
#4505=DIRECTION('',(0.,1.,2.22044604925031E-16));
#4506=DIRECTION('center_axis',(-0.999991356962003,-9.23182356941623E-19,
0.00415764371871731));
#4507=DIRECTION('ref_axis',(0.00415764371871731,-2.22042685785074E-16,0.999991356962003));
#4508=DIRECTION('',(-0.00415764371871731,2.22042685785074E-16,-0.999991356962003));
#4509=DIRECTION('',(0.,1.,2.22044604925031E-16));
#4510=DIRECTION('',(-0.00415764371871731,2.22042685785074E-16,-0.999991356962003));
#4511=DIRECTION('',(0.,1.,2.22044604925031E-16));
#4512=DIRECTION('center_axis',(0.00415764371871701,-2.22042685785074E-16,
0.999991356962003));
#4513=DIRECTION('ref_axis',(0.999991356962003,9.23182356941556E-19,-0.00415764371871701));
#4514=DIRECTION('',(-0.999991356962003,-9.23182356941556E-19,0.00415764371871701));
#4515=DIRECTION('',(-0.999991356962003,-9.23182356941556E-19,0.00415764371871701));
#4516=DIRECTION('',(0.,1.,2.22044604925031E-16));
#4517=DIRECTION('center_axis',(0.797241800943052,-1.34039467401432E-16,
0.603660095442029));
#4518=DIRECTION('ref_axis',(0.603660095442029,1.7702324072012E-16,-0.797241800943052));
#4519=DIRECTION('',(-0.603660095442029,-1.7702324072012E-16,0.797241800943052));
#4520=DIRECTION('',(-0.603660095442029,-1.7702324072012E-16,0.797241800943052));
#4521=DIRECTION('',(0.,1.,2.22044604925031E-16));
#4522=DIRECTION('center_axis',(0.999991356962003,9.23182356941763E-19,-0.00415764371871794));
#4523=DIRECTION('ref_axis',(-0.00415764371871794,2.22042685785074E-16,-0.999991356962003));
#4524=DIRECTION('',(0.00415764371871794,-2.22042685785074E-16,0.999991356962003));
#4525=DIRECTION('',(0.00415764371871794,-2.22042685785074E-16,0.999991356962003));
#4526=DIRECTION('',(0.,1.,2.22044604925031E-16));
#4527=DIRECTION('center_axis',(-0.00415764371871158,2.22042685785074E-16,
-0.999991356962003));
#4528=DIRECTION('ref_axis',(-0.999991356962003,-9.2318235694035E-19,0.00415764371871158));
#4529=DIRECTION('',(0.999991356962003,9.2318235694035E-19,-0.00415764371871158));
#4530=DIRECTION('',(0.999991356962003,9.2318235694035E-19,-0.00415764371871158));
#4531=DIRECTION('',(0.,1.,2.22044604925031E-16));
#4532=DIRECTION('',(0.,1.,2.22044604925031E-16));
#4533=DIRECTION('',(0.,1.,2.22044604925031E-16));
#4534=DIRECTION('center_axis',(0.00415764371871935,-2.22042685785074E-16,
0.999991356962003));
#4535=DIRECTION('ref_axis',(0.999991356962003,9.23182356942075E-19,-0.00415764371871935));
#4536=DIRECTION('',(-0.999991356962003,-9.23182356942075E-19,0.00415764371871935));
#4537=DIRECTION('',(-0.999991356962003,-9.23182356942075E-19,0.00415764371871935));
#4538=DIRECTION('',(0.,1.,2.22044604925031E-16));
#4539=DIRECTION('',(0.,1.,2.22044604925031E-16));
#4540=DIRECTION('center_axis',(0.999991356962003,9.23182356942039E-19,-0.00415764371871918));
#4541=DIRECTION('ref_axis',(-0.00415764371871918,2.22042685785074E-16,-0.999991356962003));
#4542=DIRECTION('',(0.00415764371871918,-2.22042685785074E-16,0.999991356962003));
#4543=DIRECTION('',(0.00415764371871918,-2.22042685785074E-16,0.999991356962003));
#4544=DIRECTION('',(0.,1.,2.22044604925031E-16));
#4545=DIRECTION('',(0.,1.,2.22044604925031E-16));
#4546=DIRECTION('center_axis',(-0.00415764371871935,2.22042685785074E-16,
-0.999991356962003));
#4547=DIRECTION('ref_axis',(-0.999991356962003,-9.23182356942075E-19,0.00415764371871935));
#4548=DIRECTION('',(0.999991356962003,9.23182356942075E-19,-0.00415764371871935));
#4549=DIRECTION('',(0.999991356962003,9.23182356942075E-19,-0.00415764371871935));
#4550=DIRECTION('',(0.,1.,2.22044604925031E-16));
#4551=DIRECTION('',(0.,1.,2.22044604925031E-16));
#4552=DIRECTION('center_axis',(-0.999991356962003,-9.23182356942039E-19,
0.00415764371871918));
#4553=DIRECTION('ref_axis',(0.00415764371871918,-2.22042685785074E-16,0.999991356962003));
#4554=DIRECTION('',(-0.00415764371871918,2.22042685785074E-16,-0.999991356962003));
#4555=DIRECTION('',(-0.00415764371871918,2.22042685785074E-16,-0.999991356962003));
#4556=DIRECTION('',(0.,1.,2.22044604925031E-16));
#4557=DIRECTION('',(0.,1.,2.22044604925031E-16));
#4558=DIRECTION('center_axis',(0.00415764371871935,-2.22042685785074E-16,
0.999991356962003));
#4559=DIRECTION('ref_axis',(0.999991356962003,9.23182356942075E-19,-0.00415764371871935));
#4560=DIRECTION('',(-0.999991356962003,-9.23182356942075E-19,0.00415764371871935));
#4561=DIRECTION('',(-0.999991356962003,-9.23182356942075E-19,0.00415764371871935));
#4562=DIRECTION('',(0.,1.,2.22044604925031E-16));
#4563=DIRECTION('',(0.,1.,2.22044604925031E-16));
#4564=DIRECTION('',(0.,1.,2.22044604925031E-16));
#4565=DIRECTION('center_axis',(0.999991356962003,9.2318235694225E-19,-0.00415764371872013));
#4566=DIRECTION('ref_axis',(-0.00415764371872013,2.22042685785074E-16,-0.999991356962003));
#4567=DIRECTION('',(0.00415764371872013,-2.22042685785074E-16,0.999991356962003));
#4568=DIRECTION('',(0.00415764371872013,-2.22042685785074E-16,0.999991356962003));
#4569=DIRECTION('',(0.,1.,2.22044604925031E-16));
#4570=DIRECTION('',(0.,1.,2.22044604925031E-16));
#4571=DIRECTION('',(0.,1.,2.22044604925031E-16));
#4572=DIRECTION('center_axis',(-0.00415764371871935,2.22042685785074E-16,
-0.999991356962003));
#4573=DIRECTION('ref_axis',(-0.999991356962003,-9.23182356942075E-19,0.00415764371871935));
#4574=DIRECTION('',(0.999991356962003,9.23182356942075E-19,-0.00415764371871935));
#4575=DIRECTION('',(0.999991356962003,9.23182356942075E-19,-0.00415764371871935));
#4576=DIRECTION('',(0.,1.,2.22044604925031E-16));
#4577=DIRECTION('',(0.,1.,2.22044604925031E-16));
#4578=DIRECTION('center_axis',(-0.999991356962003,-9.23182356941662E-19,
0.00415764371871748));
#4579=DIRECTION('ref_axis',(0.00415764371871748,-2.22042685785074E-16,0.999991356962003));
#4580=DIRECTION('',(-0.00415764371871748,2.22042685785074E-16,-0.999991356962003));
#4581=DIRECTION('',(-0.00415764371871748,2.22042685785074E-16,-0.999991356962003));
#4582=DIRECTION('',(0.,1.,2.22044604925031E-16));
#4583=DIRECTION('',(0.,1.,2.22044604925031E-16));
#4584=DIRECTION('center_axis',(0.0041576437187193,-2.22042685785074E-16,
0.999991356962003));
#4585=DIRECTION('ref_axis',(0.999991356962003,9.23182356942064E-19,-0.0041576437187193));
#4586=DIRECTION('',(-0.999991356962003,-9.23182356942064E-19,0.0041576437187193));
#4587=DIRECTION('',(-0.999991356962003,-9.23182356942064E-19,0.0041576437187193));
#4588=DIRECTION('',(0.,1.,2.22044604925031E-16));
#4589=DIRECTION('center_axis',(-0.999991356962003,-9.23182356941682E-19,
0.00415764371871757));
#4590=DIRECTION('ref_axis',(0.00415764371871757,-2.22042685785074E-16,0.999991356962003));
#4591=DIRECTION('',(-0.00415764371871757,2.22042685785074E-16,-0.999991356962003));
#4592=DIRECTION('',(-0.00415764371871757,2.22042685785074E-16,-0.999991356962003));
#4593=DIRECTION('',(0.,1.,2.22044604925031E-16));
#4594=DIRECTION('center_axis',(-0.0041576437187197,2.22042685785074E-16,
-0.999991356962003));
#4595=DIRECTION('ref_axis',(-0.999991356962003,-9.23182356942154E-19,0.0041576437187197));
#4596=DIRECTION('',(0.999991356962003,9.23182356942154E-19,-0.0041576437187197));
#4597=DIRECTION('',(0.999991356962003,9.23182356942154E-19,-0.0041576437187197));
#4598=DIRECTION('',(0.,1.,2.22044604925031E-16));
#4599=DIRECTION('',(0.,1.,2.22044604925031E-16));
#4600=DIRECTION('center_axis',(-0.999991356962003,-9.23182356942335E-19,
0.00415764371872052));
#4601=DIRECTION('ref_axis',(0.00415764371872052,-2.22042685785074E-16,0.999991356962003));
#4602=DIRECTION('',(-0.00415764371872052,2.22042685785074E-16,-0.999991356962003));
#4603=DIRECTION('',(-0.00415764371872052,2.22042685785074E-16,-0.999991356962003));
#4604=DIRECTION('',(0.,1.,2.22044604925031E-16));
#4605=DIRECTION('',(0.,1.,2.22044604925031E-16));
#4606=DIRECTION('center_axis',(0.0041576437187195,-2.22042685785074E-16,
0.999991356962003));
#4607=DIRECTION('ref_axis',(0.999991356962003,9.23182356942108E-19,-0.0041576437187195));
#4608=DIRECTION('',(-0.999991356962003,-9.23182356942108E-19,0.0041576437187195));
#4609=DIRECTION('',(-0.999991356962003,-9.23182356942108E-19,0.0041576437187195));
#4610=DIRECTION('',(0.,1.,2.22044604925031E-16));
#4611=DIRECTION('',(0.,1.,2.22044604925031E-16));
#4612=DIRECTION('center_axis',(0.999991356962003,9.23182356941662E-19,-0.00415764371871748));
#4613=DIRECTION('ref_axis',(-0.00415764371871748,2.22042685785074E-16,-0.999991356962003));
#4614=DIRECTION('',(0.00415764371871748,-2.22042685785074E-16,0.999991356962003));
#4615=DIRECTION('',(0.00415764371871748,-2.22042685785074E-16,0.999991356962003));
#4616=DIRECTION('',(0.,1.,2.22044604925031E-16));
#4617=DIRECTION('',(0.,1.,2.22044604925031E-16));
#4618=DIRECTION('center_axis',(-0.0041576437187195,2.22042685785074E-16,
-0.999991356962003));
#4619=DIRECTION('ref_axis',(-0.999991356962003,-9.23182356942108E-19,0.0041576437187195));
#4620=DIRECTION('',(0.999991356962003,9.23182356942108E-19,-0.0041576437187195));
#4621=DIRECTION('',(0.999991356962003,9.23182356942108E-19,-0.0041576437187195));
#4622=DIRECTION('',(0.,1.,2.22044604925031E-16));
#4623=DIRECTION('',(0.,1.,2.22044604925031E-16));
#4624=DIRECTION('center_axis',(-0.999991356962003,-9.23182356941662E-19,
0.00415764371871748));
#4625=DIRECTION('ref_axis',(0.00415764371871748,-2.22042685785074E-16,0.999991356962003));
#4626=DIRECTION('',(-0.00415764371871748,2.22042685785074E-16,-0.999991356962003));
#4627=DIRECTION('',(-0.00415764371871748,2.22042685785074E-16,-0.999991356962003));
#4628=DIRECTION('',(0.,1.,2.22044604925031E-16));
#4629=DIRECTION('',(0.,1.,2.22044604925031E-16));
#4630=DIRECTION('center_axis',(0.00415764371871937,-2.22042685785074E-16,
0.999991356962003));
#4631=DIRECTION('ref_axis',(0.999991356962003,9.23182356942081E-19,-0.00415764371871937));
#4632=DIRECTION('',(-0.999991356962003,-9.23182356942081E-19,0.00415764371871937));
#4633=DIRECTION('',(-0.999991356962003,-9.23182356942081E-19,0.00415764371871937));
#4634=DIRECTION('',(0.,1.,2.22044604925031E-16));
#4635=DIRECTION('',(0.,1.,2.22044604925031E-16));
#4636=DIRECTION('center_axis',(0.999991356962003,9.23182356942335E-19,-0.00415764371872052));
#4637=DIRECTION('ref_axis',(-0.00415764371872052,2.22042685785074E-16,-0.999991356962003));
#4638=DIRECTION('',(0.00415764371872052,-2.22042685785074E-16,0.999991356962003));
#4639=DIRECTION('',(0.00415764371872052,-2.22042685785074E-16,0.999991356962003));
#4640=DIRECTION('',(0.,1.,2.22044604925031E-16));
#4641=DIRECTION('',(0.,1.,2.22044604925031E-16));
#4642=DIRECTION('center_axis',(-0.00415764371871937,2.22042685785074E-16,
-0.999991356962003));
#4643=DIRECTION('ref_axis',(-0.999991356962003,-9.23182356942081E-19,0.00415764371871937));
#4644=DIRECTION('',(0.999991356962003,9.23182356942081E-19,-0.00415764371871937));
#4645=DIRECTION('',(0.999991356962003,9.23182356942081E-19,-0.00415764371871937));
#4646=DIRECTION('',(0.,1.,2.22044604925031E-16));
#4647=DIRECTION('',(0.,1.,2.22044604925031E-16));
#4648=DIRECTION('center_axis',(-0.999991356962003,-9.23182356942335E-19,
0.00415764371872052));
#4649=DIRECTION('ref_axis',(0.00415764371872052,-2.22042685785074E-16,0.999991356962003));
#4650=DIRECTION('',(-0.00415764371872052,2.22042685785074E-16,-0.999991356962003));
#4651=DIRECTION('',(-0.00415764371872052,2.22042685785074E-16,-0.999991356962003));
#4652=DIRECTION('',(0.,1.,2.22044604925031E-16));
#4653=DIRECTION('',(0.,1.,2.22044604925031E-16));
#4654=DIRECTION('center_axis',(0.00415764371871954,-2.22042685785074E-16,
0.999991356962003));
#4655=DIRECTION('ref_axis',(0.999991356962003,9.23182356942118E-19,-0.00415764371871954));
#4656=DIRECTION('',(-0.999991356962003,-9.23182356942118E-19,0.00415764371871954));
#4657=DIRECTION('',(-0.999991356962003,-9.23182356942118E-19,0.00415764371871954));
#4658=DIRECTION('',(0.,1.,2.22044604925031E-16));
#4659=DIRECTION('',(0.,1.,2.22044604925031E-16));
#4660=DIRECTION('',(0.,1.,2.22044604925031E-16));
#4661=DIRECTION('',(0.,1.,2.22044604925031E-16));
#4662=DIRECTION('',(0.,1.,2.22044604925031E-16));
#4663=DIRECTION('center_axis',(-0.0041576437187171,2.22042685785074E-16,
-0.999991356962003));
#4664=DIRECTION('ref_axis',(-0.999991356962003,-9.23182356941577E-19,0.0041576437187171));
#4665=DIRECTION('',(0.999991356962003,9.23182356941577E-19,-0.0041576437187171));
#4666=DIRECTION('',(0.999991356962003,9.23182356941577E-19,-0.0041576437187171));
#4667=DIRECTION('',(0.,1.,2.22044604925031E-16));
#4668=DIRECTION('center_axis',(0.795444650338954,-1.34564857892109E-16,
0.606026243860066));
#4669=DIRECTION('ref_axis',(0.606026243860066,1.76624193124243E-16,-0.795444650338954));
#4670=DIRECTION('',(-0.606026243860066,-1.76624193124243E-16,0.795444650338954));
#4671=DIRECTION('',(-0.606026243860066,-1.76624193124243E-16,0.795444650338954));
#4672=DIRECTION('',(0.,1.,2.22044604925031E-16));
#4673=DIRECTION('center_axis',(0.999991356962003,9.23182356925204E-19,-0.00415764371864337));
#4674=DIRECTION('ref_axis',(-0.00415764371864337,2.22042685785074E-16,-0.999991356962003));
#4675=DIRECTION('',(0.00415764371864337,-2.22042685785074E-16,0.999991356962003));
#4676=DIRECTION('',(0.00415764371864337,-2.22042685785074E-16,0.999991356962003));
#4677=DIRECTION('',(0.,1.,2.22044604925031E-16));
#4678=DIRECTION('center_axis',(-0.00415764371871937,2.22042685785074E-16,
-0.999991356962003));
#4679=DIRECTION('ref_axis',(-0.999991356962003,-9.23182356942081E-19,0.00415764371871937));
#4680=DIRECTION('',(0.999991356962003,9.23182356942081E-19,-0.00415764371871937));
#4681=DIRECTION('',(0.999991356962003,9.23182356942081E-19,-0.00415764371871937));
#4682=DIRECTION('',(0.,1.,2.22044604925031E-16));
#4683=DIRECTION('',(0.,1.,2.22044604925031E-16));
#4684=DIRECTION('center_axis',(-0.00415764371871881,2.22042685785074E-16,
-0.999991356962003));
#4685=DIRECTION('ref_axis',(-0.999991356962003,-9.23182356941956E-19,0.00415764371871881));
#4686=DIRECTION('',(0.999991356962003,9.23182356941956E-19,-0.00415764371871881));
#4687=DIRECTION('',(0.999991356962003,9.23182356941956E-19,-0.00415764371871881));
#4688=DIRECTION('',(0.,1.,2.22044604925031E-16));
#4689=DIRECTION('center_axis',(0.999991356962003,9.2318235694213E-19,-0.0041576437187196));
#4690=DIRECTION('ref_axis',(-0.0041576437187196,2.22042685785074E-16,-0.999991356962003));
#4691=DIRECTION('',(0.0041576437187196,-2.22042685785074E-16,0.999991356962003));
#4692=DIRECTION('',(0.0041576437187196,-2.22042685785074E-16,0.999991356962003));
#4693=DIRECTION('',(0.,1.,2.22044604925031E-16));
#4694=DIRECTION('',(0.,1.,2.22044604925031E-16));
#4695=DIRECTION('center_axis',(-0.00415764371871936,2.22042685785074E-16,
-0.999991356962003));
#4696=DIRECTION('ref_axis',(-0.999991356962003,-9.23182356942079E-19,0.00415764371871936));
#4697=DIRECTION('',(0.999991356962003,9.23182356942079E-19,-0.00415764371871936));
#4698=DIRECTION('',(0.999991356962003,9.23182356942079E-19,-0.00415764371871936));
#4699=DIRECTION('',(0.,1.,2.22044604925031E-16));
#4700=DIRECTION('',(0.,1.,2.22044604925031E-16));
#4701=DIRECTION('center_axis',(-0.999991356962003,-9.23182356942013E-19,
0.00415764371871907));
#4702=DIRECTION('ref_axis',(0.00415764371871907,-2.22042685785074E-16,0.999991356962003));
#4703=DIRECTION('',(-0.00415764371871907,2.22042685785074E-16,-0.999991356962003));
#4704=DIRECTION('',(-0.00415764371871907,2.22042685785074E-16,-0.999991356962003));
#4705=DIRECTION('',(0.,1.,2.22044604925031E-16));
#4706=DIRECTION('',(0.,1.,2.22044604925031E-16));
#4707=DIRECTION('center_axis',(0.00415764371871965,-2.22042685785074E-16,
0.999991356962003));
#4708=DIRECTION('ref_axis',(0.999991356962003,9.23182356942143E-19,-0.00415764371871965));
#4709=DIRECTION('',(-0.999991356962003,-9.23182356942143E-19,0.00415764371871965));
#4710=DIRECTION('',(-0.999991356962003,-9.23182356942143E-19,0.00415764371871965));
#4711=DIRECTION('',(0.,1.,2.22044604925031E-16));
#4712=DIRECTION('center_axis',(-0.999991356962003,-9.23182356942166E-19,
0.00415764371871976));
#4713=DIRECTION('ref_axis',(0.00415764371871976,-2.22042685785074E-16,0.999991356962003));
#4714=DIRECTION('',(-0.00415764371871976,2.22042685785074E-16,-0.999991356962003));
#4715=DIRECTION('',(-0.00415764371871976,2.22042685785074E-16,-0.999991356962003));
#4716=DIRECTION('',(0.,1.,2.22044604925031E-16));
#4717=DIRECTION('center_axis',(-0.00415764371871966,2.22042685785074E-16,
-0.999991356962003));
#4718=DIRECTION('ref_axis',(-0.999991356962003,-9.23182356942145E-19,0.00415764371871966));
#4719=DIRECTION('',(0.999991356962003,9.23182356942145E-19,-0.00415764371871966));
#4720=DIRECTION('',(0.999991356962003,9.23182356942145E-19,-0.00415764371871966));
#4721=DIRECTION('',(0.,1.,2.22044604925031E-16));
#4722=DIRECTION('',(0.,1.,2.22044604925031E-16));
#4723=DIRECTION('center_axis',(-0.999991356962003,-9.23182356942335E-19,
0.00415764371872052));
#4724=DIRECTION('ref_axis',(0.00415764371872052,-2.22042685785074E-16,0.999991356962003));
#4725=DIRECTION('',(-0.00415764371872052,2.22042685785074E-16,-0.999991356962003));
#4726=DIRECTION('',(-0.00415764371872052,2.22042685785074E-16,-0.999991356962003));
#4727=DIRECTION('',(0.,1.,2.22044604925031E-16));
#4728=DIRECTION('',(0.,1.,2.22044604925031E-16));
#4729=DIRECTION('center_axis',(0.00415764371871937,-2.22042685785074E-16,
0.999991356962003));
#4730=DIRECTION('ref_axis',(0.999991356962003,9.23182356942081E-19,-0.00415764371871937));
#4731=DIRECTION('',(-0.999991356962003,-9.23182356942081E-19,0.00415764371871937));
#4732=DIRECTION('',(-0.999991356962003,-9.23182356942081E-19,0.00415764371871937));
#4733=DIRECTION('',(0.,1.,2.22044604925031E-16));
#4734=DIRECTION('',(0.,1.,2.22044604925031E-16));
#4735=DIRECTION('center_axis',(0.999991356962003,9.23182356941686E-19,-0.00415764371871759));
#4736=DIRECTION('ref_axis',(-0.00415764371871759,2.22042685785074E-16,-0.999991356962003));
#4737=DIRECTION('',(0.00415764371871759,-2.22042685785074E-16,0.999991356962003));
#4738=DIRECTION('',(0.00415764371871759,-2.22042685785074E-16,0.999991356962003));
#4739=DIRECTION('',(0.,1.,2.22044604925031E-16));
#4740=DIRECTION('',(0.,1.,2.22044604925031E-16));
#4741=DIRECTION('center_axis',(-0.0041576437187195,2.22042685785074E-16,
-0.999991356962003));
#4742=DIRECTION('ref_axis',(-0.999991356962003,-9.23182356942108E-19,0.0041576437187195));
#4743=DIRECTION('',(0.999991356962003,9.23182356942108E-19,-0.0041576437187195));
#4744=DIRECTION('',(0.999991356962003,9.23182356942108E-19,-0.0041576437187195));
#4745=DIRECTION('',(0.,1.,2.22044604925031E-16));
#4746=DIRECTION('',(0.,1.,2.22044604925031E-16));
#4747=DIRECTION('center_axis',(-0.999991356962003,-9.23182356941686E-19,
0.00415764371871759));
#4748=DIRECTION('ref_axis',(0.00415764371871759,-2.22042685785074E-16,0.999991356962003));
#4749=DIRECTION('',(-0.00415764371871759,2.22042685785074E-16,-0.999991356962003));
#4750=DIRECTION('',(-0.00415764371871759,2.22042685785074E-16,-0.999991356962003));
#4751=DIRECTION('',(0.,1.,2.22044604925031E-16));
#4752=DIRECTION('',(0.,1.,2.22044604925031E-16));
#4753=DIRECTION('center_axis',(0.00415764371871967,-2.22042685785074E-16,
0.999991356962003));
#4754=DIRECTION('ref_axis',(0.999991356962003,9.23182356942147E-19,-0.00415764371871967));
#4755=DIRECTION('',(-0.999991356962003,-9.23182356942147E-19,0.00415764371871967));
#4756=DIRECTION('',(-0.999991356962003,-9.23182356942147E-19,0.00415764371871967));
#4757=DIRECTION('',(0.,1.,2.22044604925031E-16));
#4758=DIRECTION('',(0.,1.,2.22044604925031E-16));
#4759=DIRECTION('center_axis',(0.999991356962003,9.23182356942039E-19,-0.00415764371871918));
#4760=DIRECTION('ref_axis',(-0.00415764371871918,2.22042685785074E-16,-0.999991356962003));
#4761=DIRECTION('',(0.00415764371871918,-2.22042685785074E-16,0.999991356962003));
#4762=DIRECTION('',(0.00415764371871918,-2.22042685785074E-16,0.999991356962003));
#4763=DIRECTION('',(0.,1.,2.22044604925031E-16));
#4764=DIRECTION('',(0.,1.,2.22044604925031E-16));
#4765=DIRECTION('center_axis',(-0.00415764371871967,2.22042685785074E-16,
-0.999991356962003));
#4766=DIRECTION('ref_axis',(-0.999991356962003,-9.23182356942147E-19,0.00415764371871967));
#4767=DIRECTION('',(0.999991356962003,9.23182356942147E-19,-0.00415764371871967));
#4768=DIRECTION('',(0.999991356962003,9.23182356942147E-19,-0.00415764371871967));
#4769=DIRECTION('',(0.,1.,2.22044604925031E-16));
#4770=DIRECTION('',(0.,1.,2.22044604925031E-16));
#4771=DIRECTION('center_axis',(-0.999991356962003,-9.23182356942039E-19,
0.00415764371871918));
#4772=DIRECTION('ref_axis',(0.00415764371871918,-2.22042685785074E-16,0.999991356962003));
#4773=DIRECTION('',(-0.00415764371871918,2.22042685785074E-16,-0.999991356962003));
#4774=DIRECTION('',(-0.00415764371871918,2.22042685785074E-16,-0.999991356962003));
#4775=DIRECTION('',(0.,1.,2.22044604925031E-16));
#4776=DIRECTION('',(0.,1.,2.22044604925031E-16));
#4777=DIRECTION('center_axis',(0.00415764371871949,-2.22042685785074E-16,
0.999991356962003));
#4778=DIRECTION('ref_axis',(0.999991356962003,9.23182356942107E-19,-0.00415764371871949));
#4779=DIRECTION('',(-0.999991356962003,-9.23182356942107E-19,0.00415764371871949));
#4780=DIRECTION('',(-0.999991356962003,-9.23182356942107E-19,0.00415764371871949));
#4781=DIRECTION('',(0.,1.,2.22044604925031E-16));
#4782=DIRECTION('center_axis',(0.482513467054599,-1.94486327308005E-16,
0.875888551192988));
#4783=DIRECTION('ref_axis',(0.875888551192988,1.07139512163145E-16,-0.482513467054599));
#4784=DIRECTION('',(-0.875888551192988,-1.07139512163145E-16,0.482513467054599));
#4785=DIRECTION('',(-0.875888551192988,-1.07139512163145E-16,0.482513467054599));
#4786=DIRECTION('',(0.,1.,2.22044604925031E-16));
#4787=DIRECTION('',(0.,1.,2.22044604925031E-16));
#4788=DIRECTION('center_axis',(-0.00415764371871942,2.22042685785074E-16,
-0.999991356962003));
#4789=DIRECTION('ref_axis',(-0.999991356962003,-9.23182356942092E-19,0.00415764371871942));
#4790=DIRECTION('',(0.999991356962003,9.23182356942092E-19,-0.00415764371871942));
#4791=DIRECTION('',(0.999991356962003,9.23182356942092E-19,-0.00415764371871942));
#4792=DIRECTION('',(0.,1.,2.22044604925031E-16));
#4793=DIRECTION('',(0.,1.,2.22044604925031E-16));
#4794=DIRECTION('center_axis',(-0.999991356962003,-9.23182356942563E-19,
0.00415764371872155));
#4795=DIRECTION('ref_axis',(0.00415764371872155,-2.22042685785074E-16,0.999991356962003));
#4796=DIRECTION('',(-0.00415764371872155,2.22042685785074E-16,-0.999991356962003));
#4797=DIRECTION('',(-0.00415764371872155,2.22042685785074E-16,-0.999991356962003));
#4798=DIRECTION('',(0.,1.,2.22044604925031E-16));
#4799=DIRECTION('',(0.,1.,2.22044604925031E-16));
#4800=DIRECTION('center_axis',(0.00415764371871963,-2.22042685785074E-16,
0.999991356962003));
#4801=DIRECTION('ref_axis',(0.999991356962003,9.23182356942139E-19,-0.00415764371871963));
#4802=DIRECTION('',(-0.999991356962003,-9.23182356942139E-19,0.00415764371871963));
#4803=DIRECTION('',(-0.999991356962003,-9.23182356942139E-19,0.00415764371871963));
#4804=DIRECTION('',(0.,1.,2.22044604925031E-16));
#4805=DIRECTION('',(0.,1.,2.22044604925031E-16));
#4806=DIRECTION('center_axis',(0.999991356962003,9.23182356942039E-19,-0.00415764371871918));
#4807=DIRECTION('ref_axis',(-0.00415764371871918,2.22042685785074E-16,-0.999991356962003));
#4808=DIRECTION('',(0.00415764371871918,-2.22042685785074E-16,0.999991356962003));
#4809=DIRECTION('',(0.00415764371871918,-2.22042685785074E-16,0.999991356962003));
#4810=DIRECTION('',(0.,1.,2.22044604925031E-16));
#4811=DIRECTION('',(0.,1.,2.22044604925031E-16));
#4812=DIRECTION('center_axis',(-0.00415764371871963,2.22042685785074E-16,
-0.999991356962003));
#4813=DIRECTION('ref_axis',(-0.999991356962003,-9.23182356942139E-19,0.00415764371871963));
#4814=DIRECTION('',(0.999991356962003,9.23182356942139E-19,-0.00415764371871963));
#4815=DIRECTION('',(0.999991356962003,9.23182356942139E-19,-0.00415764371871963));
#4816=DIRECTION('',(0.,1.,2.22044604925031E-16));
#4817=DIRECTION('',(0.,1.,2.22044604925031E-16));
#4818=DIRECTION('center_axis',(-0.999991356962003,-9.23182356942039E-19,
0.00415764371871918));
#4819=DIRECTION('ref_axis',(0.00415764371871918,-2.22042685785074E-16,0.999991356962003));
#4820=DIRECTION('',(-0.00415764371871918,2.22042685785074E-16,-0.999991356962003));
#4821=DIRECTION('',(-0.00415764371871918,2.22042685785074E-16,-0.999991356962003));
#4822=DIRECTION('',(0.,1.,2.22044604925031E-16));
#4823=DIRECTION('',(0.,1.,2.22044604925031E-16));
#4824=DIRECTION('center_axis',(0.00415764371871971,-2.22042685785074E-16,
0.999991356962003));
#4825=DIRECTION('ref_axis',(0.999991356962003,9.23182356942156E-19,-0.00415764371871971));
#4826=DIRECTION('',(-0.999991356962003,-9.23182356942156E-19,0.00415764371871971));
#4827=DIRECTION('',(-0.999991356962003,-9.23182356942156E-19,0.00415764371871971));
#4828=DIRECTION('',(0.,1.,2.22044604925031E-16));
#4829=DIRECTION('',(0.,1.,2.22044604925031E-16));
#4830=DIRECTION('center_axis',(0.999991356962003,9.23182356942039E-19,-0.00415764371871918));
#4831=DIRECTION('ref_axis',(-0.00415764371871918,2.22042685785074E-16,-0.999991356962003));
#4832=DIRECTION('',(0.00415764371871918,-2.22042685785074E-16,0.999991356962003));
#4833=DIRECTION('',(0.00415764371871918,-2.22042685785074E-16,0.999991356962003));
#4834=DIRECTION('',(0.,1.,2.22044604925031E-16));
#4835=DIRECTION('',(0.,1.,2.22044604925031E-16));
#4836=DIRECTION('center_axis',(-0.00415764371871931,2.22042685785074E-16,
-0.999991356962003));
#4837=DIRECTION('ref_axis',(-0.999991356962003,-9.23182356942068E-19,0.00415764371871931));
#4838=DIRECTION('',(0.999991356962003,9.23182356942068E-19,-0.00415764371871931));
#4839=DIRECTION('',(0.999991356962003,9.23182356942068E-19,-0.00415764371871931));
#4840=DIRECTION('',(0.,1.,2.22044604925031E-16));
#4841=DIRECTION('',(0.,1.,2.22044604925031E-16));
#4842=DIRECTION('center_axis',(-0.999991356962003,-9.23182356942039E-19,
0.00415764371871918));
#4843=DIRECTION('ref_axis',(0.00415764371871918,-2.22042685785074E-16,0.999991356962003));
#4844=DIRECTION('',(-0.00415764371871918,2.22042685785074E-16,-0.999991356962003));
#4845=DIRECTION('',(-0.00415764371871918,2.22042685785074E-16,-0.999991356962003));
#4846=DIRECTION('',(0.,1.,2.22044604925031E-16));
#4847=DIRECTION('',(0.,1.,2.22044604925031E-16));
#4848=DIRECTION('center_axis',(0.00415764371871964,-2.22042685785074E-16,
0.999991356962003));
#4849=DIRECTION('ref_axis',(0.999991356962003,9.2318235694214E-19,-0.00415764371871964));
#4850=DIRECTION('',(-0.999991356962003,-9.2318235694214E-19,0.00415764371871964));
#4851=DIRECTION('',(-0.999991356962003,-9.2318235694214E-19,0.00415764371871964));
#4852=DIRECTION('',(0.,1.,2.22044604925031E-16));
#4853=DIRECTION('',(0.,1.,2.22044604925031E-16));
#4854=DIRECTION('center_axis',(0.999991356962003,9.23182356941434E-19,-0.00415764371871646));
#4855=DIRECTION('ref_axis',(-0.00415764371871646,2.22042685785074E-16,-0.999991356962003));
#4856=DIRECTION('',(0.00415764371871646,-2.22042685785074E-16,0.999991356962003));
#4857=DIRECTION('',(0.00415764371871646,-2.22042685785074E-16,0.999991356962003));
#4858=DIRECTION('',(0.,1.,2.22044604925031E-16));
#4859=DIRECTION('',(0.,1.,2.22044604925031E-16));
#4860=DIRECTION('center_axis',(-0.00415764371871964,2.22042685785074E-16,
-0.999991356962003));
#4861=DIRECTION('ref_axis',(-0.999991356962003,-9.2318235694214E-19,0.00415764371871964));
#4862=DIRECTION('',(0.999991356962003,9.2318235694214E-19,-0.00415764371871964));
#4863=DIRECTION('',(0.999991356962003,9.2318235694214E-19,-0.00415764371871964));
#4864=DIRECTION('',(0.,1.,2.22044604925031E-16));
#4865=DIRECTION('',(0.,1.,2.22044604925031E-16));
#4866=DIRECTION('center_axis',(-0.999991356962003,-9.23182356941434E-19,
0.00415764371871646));
#4867=DIRECTION('ref_axis',(0.00415764371871646,-2.22042685785074E-16,0.999991356962003));
#4868=DIRECTION('',(-0.00415764371871646,2.22042685785074E-16,-0.999991356962003));
#4869=DIRECTION('',(-0.00415764371871646,2.22042685785074E-16,-0.999991356962003));
#4870=DIRECTION('',(0.,1.,2.22044604925031E-16));
#4871=DIRECTION('',(0.,1.,2.22044604925031E-16));
#4872=DIRECTION('center_axis',(-0.00415764371871935,2.22042685785074E-16,
-0.999991356962003));
#4873=DIRECTION('ref_axis',(-0.999991356962003,-9.23182356942075E-19,0.00415764371871935));
#4874=DIRECTION('',(0.999991356962003,9.23182356942075E-19,-0.00415764371871935));
#4875=DIRECTION('',(0.999991356962003,9.23182356942075E-19,-0.00415764371871935));
#4876=DIRECTION('',(0.,1.,2.22044604925031E-16));
#4877=DIRECTION('',(0.,1.,2.22044604925031E-16));
#4878=DIRECTION('',(0.,1.,2.22044604925031E-16));
#4879=DIRECTION('',(0.,1.,2.22044604925031E-16));
#4880=DIRECTION('',(0.,1.,2.22044604925031E-16));
#4881=DIRECTION('center_axis',(-0.00415764371871728,2.22042685785074E-16,
-0.999991356962003));
#4882=DIRECTION('ref_axis',(-0.999991356962003,-9.23182356941616E-19,0.00415764371871728));
#4883=DIRECTION('',(0.999991356962003,9.23182356941616E-19,-0.00415764371871728));
#4884=DIRECTION('',(0.999991356962003,9.23182356941616E-19,-0.00415764371871728));
#4885=DIRECTION('',(0.,1.,2.22044604925031E-16));
#4886=DIRECTION('center_axis',(0.795444162809493,-1.34564999980718E-16,
0.606026883770271));
#4887=DIRECTION('ref_axis',(0.606026883770271,1.76624084870956E-16,-0.795444162809492));
#4888=DIRECTION('',(-0.606026883770271,-1.76624084870956E-16,0.795444162809492));
#4889=DIRECTION('',(-0.606026883770271,-1.76624084870956E-16,0.795444162809492));
#4890=DIRECTION('',(0.,1.,2.22044604925031E-16));
#4891=DIRECTION('center_axis',(0.999991356962002,9.23182356984121E-19,-0.00415764371890871));
#4892=DIRECTION('ref_axis',(-0.00415764371890871,2.22042685785074E-16,-0.999991356962002));
#4893=DIRECTION('',(0.00415764371890871,-2.22042685785074E-16,0.999991356962002));
#4894=DIRECTION('',(0.00415764371890871,-2.22042685785074E-16,0.999991356962002));
#4895=DIRECTION('',(0.,1.,2.22044604925031E-16));
#4896=DIRECTION('center_axis',(-0.00415764371871941,2.22042685785074E-16,
-0.999991356962003));
#4897=DIRECTION('ref_axis',(-0.999991356962003,-9.2318235694209E-19,0.00415764371871941));
#4898=DIRECTION('',(0.999991356962003,9.2318235694209E-19,-0.00415764371871941));
#4899=DIRECTION('',(0.999991356962003,9.2318235694209E-19,-0.00415764371871941));
#4900=DIRECTION('',(0.,1.,2.22044604925031E-16));
#4901=DIRECTION('',(0.,1.,2.22044604925031E-16));
#4902=DIRECTION('center_axis',(-0.00415764371871889,2.22042685785074E-16,
-0.999991356962003));
#4903=DIRECTION('ref_axis',(-0.999991356962003,-9.23182356941975E-19,0.00415764371871889));
#4904=DIRECTION('',(0.999991356962003,9.23182356941975E-19,-0.00415764371871889));
#4905=DIRECTION('',(0.999991356962003,9.23182356941975E-19,-0.00415764371871889));
#4906=DIRECTION('',(0.,1.,2.22044604925031E-16));
#4907=DIRECTION('center_axis',(0.999991356962003,9.2318235694213E-19,-0.0041576437187196));
#4908=DIRECTION('ref_axis',(-0.0041576437187196,2.22042685785074E-16,-0.999991356962003));
#4909=DIRECTION('',(0.0041576437187196,-2.22042685785074E-16,0.999991356962003));
#4910=DIRECTION('',(0.0041576437187196,-2.22042685785074E-16,0.999991356962003));
#4911=DIRECTION('',(0.,1.,2.22044604925031E-16));
#4912=DIRECTION('',(0.,1.,2.22044604925031E-16));
#4913=DIRECTION('center_axis',(-0.00415764371871967,2.22042685785074E-16,
-0.999991356962003));
#4914=DIRECTION('ref_axis',(-0.999991356962003,-9.23182356942147E-19,0.00415764371871967));
#4915=DIRECTION('',(0.999991356962003,9.23182356942147E-19,-0.00415764371871967));
#4916=DIRECTION('',(0.999991356962003,9.23182356942147E-19,-0.00415764371871967));
#4917=DIRECTION('',(0.,1.,2.22044604925031E-16));
#4918=DIRECTION('center_axis',(-0.00415764371871961,2.22042685785074E-16,
-0.999991356962003));
#4919=DIRECTION('ref_axis',(-0.999991356962003,-9.23182356942134E-19,0.00415764371871961));
#4920=DIRECTION('',(0.999991356962003,9.23182356942134E-19,-0.00415764371871961));
#4921=DIRECTION('',(0.,1.,2.22044604925031E-16));
#4922=DIRECTION('',(0.999991356962003,9.23182356942134E-19,-0.00415764371871961));
#4923=DIRECTION('',(0.,1.,2.22044604925031E-16));
#4924=DIRECTION('',(0.,1.,2.22044604925031E-16));
#4925=DIRECTION('center_axis',(-0.999991356962003,-9.23182356942335E-19,
0.00415764371872052));
#4926=DIRECTION('ref_axis',(0.00415764371872052,-2.22042685785074E-16,0.999991356962003));
#4927=DIRECTION('',(-0.00415764371872052,2.22042685785074E-16,-0.999991356962003));
#4928=DIRECTION('',(-0.00415764371872052,2.22042685785074E-16,-0.999991356962003));
#4929=DIRECTION('',(0.,1.,2.22044604925031E-16));
#4930=DIRECTION('',(0.,1.,2.22044604925031E-16));
#4931=DIRECTION('center_axis',(0.0041576437187195,-2.22042685785074E-16,
0.999991356962003));
#4932=DIRECTION('ref_axis',(0.999991356962003,9.23182356942109E-19,-0.0041576437187195));
#4933=DIRECTION('',(-0.999991356962003,-9.23182356942109E-19,0.0041576437187195));
#4934=DIRECTION('',(-0.999991356962003,-9.23182356942109E-19,0.0041576437187195));
#4935=DIRECTION('',(0.,1.,2.22044604925031E-16));
#4936=DIRECTION('',(0.,1.,2.22044604925031E-16));
#4937=DIRECTION('',(0.,1.,2.22044604925031E-16));
#4938=DIRECTION('',(0.,1.,2.22044604925031E-16));
#4939=DIRECTION('center_axis',(0.00415764371871935,-2.22042685785074E-16,
0.999991356962003));
#4940=DIRECTION('ref_axis',(0.999991356962003,9.23182356942075E-19,-0.00415764371871935));
#4941=DIRECTION('',(-0.999991356962003,-9.23182356942075E-19,0.00415764371871935));
#4942=DIRECTION('',(-0.999991356962003,-9.23182356942075E-19,0.00415764371871935));
#4943=DIRECTION('',(0.,1.,2.22044604925031E-16));
#4944=DIRECTION('',(0.,1.,2.22044604925031E-16));
#4945=DIRECTION('',(0.,1.,2.22044604925031E-16));
#4946=DIRECTION('',(0.,1.,2.22044604925031E-16));
#4947=DIRECTION('center_axis',(0.00415764371871945,-2.22042685785074E-16,
0.999991356962003));
#4948=DIRECTION('ref_axis',(0.999991356962003,9.23182356942098E-19,-0.00415764371871945));
#4949=DIRECTION('',(-0.999991356962003,-9.23182356942098E-19,0.00415764371871945));
#4950=DIRECTION('',(-0.999991356962003,-9.23182356942098E-19,0.00415764371871945));
#4951=DIRECTION('',(0.,1.,2.22044604925031E-16));
#4952=DIRECTION('',(0.,1.,2.22044604925031E-16));
#4953=DIRECTION('center_axis',(0.999991356962003,9.23182356941434E-19,-0.00415764371871646));
#4954=DIRECTION('ref_axis',(-0.00415764371871646,2.22042685785074E-16,-0.999991356962003));
#4955=DIRECTION('',(0.00415764371871646,-2.22042685785074E-16,0.999991356962003));
#4956=DIRECTION('',(0.00415764371871646,-2.22042685785074E-16,0.999991356962003));
#4957=DIRECTION('',(0.,1.,2.22044604925031E-16));
#4958=DIRECTION('center_axis',(-1.,0.,0.));
#4959=DIRECTION('ref_axis',(0.,-1.,0.));
#4960=DIRECTION('',(0.,2.22044604925031E-16,-1.));
#4961=DIRECTION('',(0.,-1.,0.));
#4962=DIRECTION('center_axis',(0.999991356962003,9.23182356942039E-19,-0.00415764371871918));
#4963=DIRECTION('ref_axis',(-0.00415764371871918,2.22042685785074E-16,-0.999991356962003));
#4964=DIRECTION('',(0.00415764371871918,-2.22042685785074E-16,0.999991356962003));
#4965=DIRECTION('',(0.00415764371871918,-2.22042685785074E-16,0.999991356962003));
#4966=DIRECTION('',(0.00415764371871918,-2.22042685785074E-16,0.999991356962003));
#4967=DIRECTION('',(-9.23190336111193E-19,1.,0.));
#4968=DIRECTION('',(0.00415764371871918,0.,0.999991356962003));
#4969=DIRECTION('center_axis',(0.,-1.,0.));
#4970=DIRECTION('ref_axis',(1.,0.,0.));
#4971=DIRECTION('',(-0.00415764371871918,0.,-0.999991356962003));
#4972=DIRECTION('',(1.,0.,0.));
#4973=DIRECTION('center_axis',(-0.999991356962003,-9.23182356942039E-19,
0.00415764371871918));
#4974=DIRECTION('ref_axis',(0.00415764371871918,-2.22042685785074E-16,0.999991356962003));
#4975=DIRECTION('',(-0.00415764371871918,2.22042685785074E-16,-0.999991356962003));
#4976=DIRECTION('',(9.23190336111193E-19,-1.,0.));
#4977=DIRECTION('',(-0.00415764371871918,2.22042685785074E-16,-0.999991356962003));
#4978=DIRECTION('',(-0.00415764371871918,2.22042685785074E-16,-0.999991356962003));
#4979=DIRECTION('center_axis',(0.,-1.,0.));
#4980=DIRECTION('ref_axis',(1.,0.,0.));
#4981=DIRECTION('',(-0.00415764371871976,0.,-0.999991356962003));
#4982=DIRECTION('',(1.,0.,0.));
#4983=DIRECTION('center_axis',(-0.999991356962003,-9.23182356942166E-19,
0.00415764371871976));
#4984=DIRECTION('ref_axis',(0.00415764371871976,-2.22042685785074E-16,0.999991356962003));
#4985=DIRECTION('',(9.2319033611132E-19,-1.,0.));
#4986=DIRECTION('',(-0.00415764371871976,2.22042685785074E-16,-0.999991356962003));
#4987=DIRECTION('',(-0.00415764371871976,2.22042685785074E-16,-0.999991356962003));
#4988=DIRECTION('center_axis',(1.,0.,0.));
#4989=DIRECTION('ref_axis',(0.,1.,0.));
#4990=DIRECTION('',(0.,1.,0.));
#4991=DIRECTION('',(0.,0.,1.));
#4992=DIRECTION('',(0.,2.22044604925031E-16,-1.));
#4993=DIRECTION('center_axis',(0.,-1.,-2.22044604925031E-16));
#4994=DIRECTION('ref_axis',(1.,0.,0.));
#4995=DIRECTION('',(0.875904312053802,1.07133159199745E-16,-0.482484855850995));
#4996=DIRECTION('center_axis',(-0.482484855850995,1.94489826922118E-16,
-0.875904312053802));
#4997=DIRECTION('ref_axis',(-0.875904312053802,-1.07133159199745E-16,0.482484855850995));
#4998=DIRECTION('',(0.875904312053802,1.07133159199745E-16,-0.482484855850995));
#4999=DIRECTION('center_axis',(0.,-1.,-2.22044604925031E-16));
#5000=DIRECTION('ref_axis',(1.,0.,0.));
#5001=DIRECTION('',(1.,0.,0.));
#5002=DIRECTION('',(1.,0.,0.));
#5003=DIRECTION('',(1.,0.,0.));
#5004=DIRECTION('center_axis',(0.,0.,1.));
#5005=DIRECTION('ref_axis',(1.,0.,0.));
#5006=DIRECTION('',(1.,0.,0.));
#5007=DIRECTION('center_axis',(0.,-1.,0.));
#5008=DIRECTION('ref_axis',(1.,0.,0.));
#5009=DIRECTION('',(0.,0.,1.));
#5010=DIRECTION('',(1.,0.,0.));
#5011=CARTESIAN_POINT('',(0.,0.,0.));
#5012=CARTESIAN_POINT('',(0.,0.,0.));
#5013=CARTESIAN_POINT('Origin',(76.2981793174903,48.5478290526698,6.97550038291506));
#5014=CARTESIAN_POINT('',(70.2981793174903,48.5478290526698,7.22550038291506));
#5015=CARTESIAN_POINT('',(76.2981793174903,54.5478290526698,7.22550038291506));
#5016=CARTESIAN_POINT('Origin',(76.2981793174903,48.5478290526698,7.22550038291506));
#5017=CARTESIAN_POINT('',(76.2981793174903,54.5478290526698,6.72550038291506));
#5018=CARTESIAN_POINT('',(76.2981793174903,54.5478290526698,6.97550038291506));
#5019=CARTESIAN_POINT('',(70.2981793174903,48.5478290526698,6.72550038291506));
#5020=CARTESIAN_POINT('Origin',(76.2981793174903,48.5478290526698,6.72550038291506));
#5021=CARTESIAN_POINT('',(70.2981793174903,48.5478290526698,6.97550038291506));
#5022=CARTESIAN_POINT('Origin',(80.2981793174903,29.5478290526698,6.72550038291506));
#5023=CARTESIAN_POINT('',(84.2981793174903,54.5478290526698,6.72550038291506));
#5024=CARTESIAN_POINT('',(90.2981793174903,54.5478290526698,6.72550038291506));
#5025=CARTESIAN_POINT('',(90.2981793174903,48.5478290526698,6.72550038291506));
#5026=CARTESIAN_POINT('Origin',(84.2981793174903,48.5478290526698,6.72550038291506));
#5027=CARTESIAN_POINT('',(90.2981793174903,4.54785931283087,6.72550038291506));
#5028=CARTESIAN_POINT('',(90.2981793174903,4.54782905266978,6.72550038291506));
#5029=CARTESIAN_POINT('',(86.2946840468923,4.54785931283087,6.72550038291506));
#5030=CARTESIAN_POINT('',(80.2981998470135,4.54785931283087,6.72550038291506));
#5031=CARTESIAN_POINT('',(86.2946840468923,4.54782905266978,6.72550038291506));
#5032=CARTESIAN_POINT('',(86.2946840468923,15.0478441827503,6.72550038291506));
#5033=CARTESIAN_POINT('',(83.282105747711,4.54782905266978,6.72550038291506));
#5034=CARTESIAN_POINT('',(80.2981793174903,4.54782905266978,6.72550038291506));
#5035=CARTESIAN_POINT('',(83.282105747711,4.54785931283087,6.72550038291506));
#5036=CARTESIAN_POINT('',(83.282105747711,15.0478441827503,6.72550038291506));
#5037=CARTESIAN_POINT('',(82.7046914764576,4.54785931283087,6.72550038291506));
#5038=CARTESIAN_POINT('',(80.2981998470135,4.54785931283087,6.72550038291506));
#5039=CARTESIAN_POINT('',(82.7046914764592,4.54782905266978,6.7255003829242));
#5040=CARTESIAN_POINT('Ctrl Pts',(82.7046914764576,4.54782905266978,6.72550038291506));
#5041=CARTESIAN_POINT('Ctrl Pts',(82.7046914764576,4.54783913939015,6.72550038291506));
#5042=CARTESIAN_POINT('Ctrl Pts',(82.7046914764576,4.54784922611051,6.72550038291506));
#5043=CARTESIAN_POINT('Ctrl Pts',(82.7046914764576,4.54785931283087,6.72550038291506));
#5044=CARTESIAN_POINT('',(79.8678506598665,4.54782905266978,6.72550038291506));
#5045=CARTESIAN_POINT('',(80.2981793174903,4.54782905266978,6.72550038291506));
#5046=CARTESIAN_POINT('',(79.8678506598665,4.54785931283087,6.72550038291506));
#5047=CARTESIAN_POINT('',(79.8678506598665,15.0478441827503,6.72550038291506));
#5048=CARTESIAN_POINT('',(77.432573332642,4.54785931283087,6.72550038291506));
#5049=CARTESIAN_POINT('',(80.2981998470135,4.54785931283087,6.72550038291506));
#5050=CARTESIAN_POINT('',(77.4325733326422,4.54782905266978,6.72550038291506));
#5051=CARTESIAN_POINT('',(77.4325733326428,15.0478441827503,6.72550038291506));
#5052=CARTESIAN_POINT('',(73.5951517970239,4.54782905266978,6.72550038291506));
#5053=CARTESIAN_POINT('',(80.2981793174903,4.54782905266978,6.72550038291506));
#5054=CARTESIAN_POINT('',(73.5951517970128,4.54785931283087,6.72550038290998));
#5055=CARTESIAN_POINT('Ctrl Pts',(73.5951517970239,4.54782905266978,6.72550038291506));
#5056=CARTESIAN_POINT('Ctrl Pts',(73.5951517970239,4.54783913939015,6.72550038291506));
#5057=CARTESIAN_POINT('Ctrl Pts',(73.5951517970239,4.54784922611051,6.72550038291506));
#5058=CARTESIAN_POINT('Ctrl Pts',(73.5951517970239,4.54785931283087,6.72550038291506));
#5059=CARTESIAN_POINT('',(70.2981793174903,4.54785931283087,6.72550038291506));
#5060=CARTESIAN_POINT('',(80.2981998470135,4.54785931283087,6.72550038291506));
#5061=CARTESIAN_POINT('',(70.2981793174903,4.54782905266978,6.72550038291506));
#5062=CARTESIAN_POINT('Origin',(90.2981793174903,54.5478290526698,6.97550038291506));
#5063=CARTESIAN_POINT('',(84.2981793174903,54.5478290526698,7.22550038291506));
#5064=CARTESIAN_POINT('',(90.2981793174903,54.5478290526698,7.22550038291506));
#5065=CARTESIAN_POINT('',(84.2981793174903,54.5478290526698,6.97550038291506));
#5066=CARTESIAN_POINT('Origin',(84.2981793174903,48.5478290526698,6.97550038291506));
#5067=CARTESIAN_POINT('',(90.2981793174903,48.5478290526698,7.22550038291506));
#5068=CARTESIAN_POINT('Origin',(84.2981793174903,48.5478290526698,7.22550038291506));
#5069=CARTESIAN_POINT('',(90.2981793174903,48.5478290526698,6.97550038291506));
#5070=CARTESIAN_POINT('Origin',(73.5538690728822,0.547859312830875,1.66487412049221));
#5071=CARTESIAN_POINT('',(73.5747210790251,2.54785931283087,6.68017300826388));
#5072=CARTESIAN_POINT('',(73.5747210790251,4.54785931283087,6.68017300826389));
#5073=CARTESIAN_POINT('',(73.5747210790251,0.547859312830874,6.68017300826388));
#5074=CARTESIAN_POINT('',(73.5538690728822,2.54785931283087,1.66487412049221));
#5075=CARTESIAN_POINT('',(73.5620567893935,2.54785931283087,3.63417363208253));
#5076=CARTESIAN_POINT('',(73.5538690728822,4.54785931283087,1.66487412049221));
#5077=CARTESIAN_POINT('',(73.5538690728822,0.547859312830875,1.66487412049221));
#5078=CARTESIAN_POINT('',(73.5620567909094,4.54785931283087,3.63417399667487));
#5079=CARTESIAN_POINT('Origin',(95.9424918987702,0.547859312830873,7.20084825156463));
#5080=CARTESIAN_POINT('',(90.0131915669197,4.54782905266978,7.22550038291506));
#5081=CARTESIAN_POINT('',(90.2981793174903,4.54782905266978,7.22431549514296));
#5082=CARTESIAN_POINT('',(83.1210257059669,4.54782905266978,7.25415580068509));
#5083=CARTESIAN_POINT('',(90.0131915669195,4.54785931283087,7.22550038291506));
#5084=CARTESIAN_POINT('',(90.0131915669204,15.0478441827502,7.22550038291506));
#5085=CARTESIAN_POINT('',(86.9160711205866,4.54785931283087,7.23837721757984));
#5086=CARTESIAN_POINT('',(88.1238701290775,4.54785931283087,7.23335557621648));
#5087=CARTESIAN_POINT('',(86.9160711205866,2.54785931283087,7.23837721757984));
#5088=CARTESIAN_POINT('',(86.9160711205866,0.547859312830873,7.23837721757984));
#5089=CARTESIAN_POINT('',(95.9424918987702,2.54785931283087,7.20084825156463));
#5090=CARTESIAN_POINT('',(88.1238692129978,2.54785931283087,7.23335558002525));
#5091=CARTESIAN_POINT('',(95.9424918987702,4.54785931283087,7.20084825156463));
#5092=CARTESIAN_POINT('',(95.9424918987702,0.547859312830873,7.20084825156463));
#5093=CARTESIAN_POINT('',(90.2981793174903,4.54785931283087,7.22431549514296));
#5094=CARTESIAN_POINT('',(88.1238701290775,4.54785931283087,7.23335557621648));
#5095=CARTESIAN_POINT('',(90.2981793174903,2.54784418275033,7.22431549514296));
#5096=CARTESIAN_POINT('Origin',(70.2981793174903,4.54782905266978,6.97550038291506));
#5097=CARTESIAN_POINT('',(73.6363422469912,4.54782905266978,6.74128389566062));
#5098=CARTESIAN_POINT('',(71.9668027438399,4.54782905266978,6.74822530608393));
#5099=CARTESIAN_POINT('Ctrl Pts',(73.6363422469912,4.54782905266979,6.74128389566062));
#5100=CARTESIAN_POINT('Ctrl Pts',(73.6211144720718,4.54782905266979,6.73808060703439));
#5101=CARTESIAN_POINT('Ctrl Pts',(73.6058866971524,4.54782905266979,6.73487731840815));
#5102=CARTESIAN_POINT('Ctrl Pts',(73.5958334837318,4.54782905266979,6.72611054600317));
#5103=CARTESIAN_POINT('Ctrl Pts',(73.5956035659783,4.54782905266979,6.72591004925324));
#5104=CARTESIAN_POINT('Ctrl Pts',(73.5953763547293,4.54782905266979,6.72570664257671));
#5105=CARTESIAN_POINT('Ctrl Pts',(73.5951517970239,4.54782905266979,6.72550038291507));
#5106=CARTESIAN_POINT('Origin',(80.2982203765367,4.54785931283087,5.57550110448221));
#5107=CARTESIAN_POINT('',(79.8678085636594,4.54785931283087,6.71537545494308));
#5108=CARTESIAN_POINT('',(79.8654427084729,4.54785931283087,6.14634287339917));
#5109=CARTESIAN_POINT('',(76.9696471669505,4.54785931283087,6.72742508161532));
#5110=CARTESIAN_POINT('Origin',(73.6363422469912,0.547859312830873,6.74128389566062));
#5111=CARTESIAN_POINT('',(79.8678085636594,2.54785931283087,6.71537545494308));
#5112=CARTESIAN_POINT('',(79.8678085636594,0.547859312830873,6.71537545494308));
#5113=CARTESIAN_POINT('',(73.6363422469912,2.54785931283087,6.74128389566062));
#5114=CARTESIAN_POINT('',(76.9696462508709,2.54785931283087,6.72742508542409));
#5115=CARTESIAN_POINT('',(73.6363422469912,0.547859312830873,6.74128389566062));
#5116=CARTESIAN_POINT('Ctrl Pts',(73.5287152876738,2.54785931283087,6.50479578710533));
#5117=CARTESIAN_POINT('Ctrl Pts',(73.5287152876738,4.55785931283088,6.50479578710533));
#5118=CARTESIAN_POINT('Ctrl Pts',(73.5440505514576,2.54785931283087,6.56325486082485));
#5119=CARTESIAN_POINT('Ctrl Pts',(73.5440505514576,4.55785931283088,6.56325486082485));
#5120=CARTESIAN_POINT('Ctrl Pts',(73.5593858152413,2.54785931283087,6.62171393454437));
#5121=CARTESIAN_POINT('Ctrl Pts',(73.5593858152413,4.55785931283088,6.62171393454437));
#5122=CARTESIAN_POINT('Ctrl Pts',(73.5747210790251,2.54785931283087,6.68017300826388));
#5123=CARTESIAN_POINT('Ctrl Pts',(73.5747210790251,4.55785931283088,6.68017300826389));
#5124=CARTESIAN_POINT('Ctrl Pts',(73.5794024477488,2.54785931283087,6.69801870581366));
#5125=CARTESIAN_POINT('Ctrl Pts',(73.5794024477488,4.55785931283088,6.69801870581366));
#5126=CARTESIAN_POINT('Ctrl Pts',(73.5880892744862,2.54785931283087,6.73113348308719));
#5127=CARTESIAN_POINT('Ctrl Pts',(73.5880892744862,4.55785931283088,6.73113348308719));
#5128=CARTESIAN_POINT('Ctrl Pts',(73.6211144720719,2.54785931283087,6.73808060703439));
#5129=CARTESIAN_POINT('Ctrl Pts',(73.6211144720719,4.55785931283088,6.73808060703439));
#5130=CARTESIAN_POINT('Ctrl Pts',(73.6363422469912,2.54785931283087,6.74128389566062));
#5131=CARTESIAN_POINT('Ctrl Pts',(73.6363422469912,4.55785931283088,6.74128389566062));
#5132=CARTESIAN_POINT('Ctrl Pts',(73.5951517970128,4.54785931283087,6.7255003829049));
#5133=CARTESIAN_POINT('Ctrl Pts',(73.5839006062124,4.54785931283087,6.71516599332886));
#5134=CARTESIAN_POINT('Ctrl Pts',(73.5793108426187,4.54785931283087,6.69766950079637));
#5135=CARTESIAN_POINT('Ctrl Pts',(73.5747210790251,4.54785931283087,6.68017300826389));
#5136=CARTESIAN_POINT('Ctrl Pts',(73.6363422469912,2.54785931283087,6.74128389566062));
#5137=CARTESIAN_POINT('Ctrl Pts',(73.6211144720719,2.54785931283087,6.73808060703439));
#5138=CARTESIAN_POINT('Ctrl Pts',(73.6058866971524,2.54785931283087,6.73487731840815));
#5139=CARTESIAN_POINT('Ctrl Pts',(73.5958334837318,2.54785931283087,6.72611054600317));
#5140=CARTESIAN_POINT('Ctrl Pts',(73.5840838164726,2.54785931283087,6.71586440336343));
#5141=CARTESIAN_POINT('Ctrl Pts',(73.5794024477488,2.54785931283087,6.69801870581366));
#5142=CARTESIAN_POINT('Ctrl Pts',(73.5747210790251,2.54785931283087,6.68017300826388));
#5143=CARTESIAN_POINT('Ctrl Pts',(86.9720767982985,0.547859312830874,5.94943073756673));
#5144=CARTESIAN_POINT('Ctrl Pts',(86.9720767982985,7.54785931283087,5.94943073756673));
#5145=CARTESIAN_POINT('Ctrl Pts',(86.9408565237569,0.547859312830874,6.12089945608474));
#5146=CARTESIAN_POINT('Ctrl Pts',(86.9408565237569,7.54785931283087,6.12089945608474));
#5147=CARTESIAN_POINT('Ctrl Pts',(86.8979153914913,0.547859312830874,6.35674174220895));
#5148=CARTESIAN_POINT('Ctrl Pts',(86.8979153914913,7.54785931283087,6.35674174220895));
#5149=CARTESIAN_POINT('Ctrl Pts',(86.8620735560139,0.547859312830874,6.59375029245138));
#5150=CARTESIAN_POINT('Ctrl Pts',(86.8620735560139,7.54785931283087,6.59375029245138));
#5151=CARTESIAN_POINT('Ctrl Pts',(86.8522904638587,0.547859312830874,6.65844219390388));
#5152=CARTESIAN_POINT('Ctrl Pts',(86.8522904638587,7.54785931283087,6.65844219390388));
#5153=CARTESIAN_POINT('',(86.8522904638587,2.54785931283087,6.65844219390388));
#5154=CARTESIAN_POINT('',(86.9720767982985,2.54785931283087,5.94943073756673));
#5155=CARTESIAN_POINT('Ctrl Pts',(86.8522904638587,2.54785931283087,6.65844219390388));
#5156=CARTESIAN_POINT('Ctrl Pts',(86.8620735560139,2.54785931283087,6.59375029245138));
#5157=CARTESIAN_POINT('Ctrl Pts',(86.871856648169,2.54785931283087,6.52905839099888));
#5158=CARTESIAN_POINT('Ctrl Pts',(86.882168656851,2.54785931283087,6.4644533793307));
#5159=CARTESIAN_POINT('Ctrl Pts',(86.9096362492154,2.54785931283087,6.29236817460274));
#5160=CARTESIAN_POINT('Ctrl Pts',(86.9408565237569,2.54785931283087,6.12089945608474));
#5161=CARTESIAN_POINT('Ctrl Pts',(86.9720767982985,2.54785931283087,5.94943073756673));
#5162=CARTESIAN_POINT('',(86.9720767982985,4.54785931283087,5.94943073756673));
#5163=CARTESIAN_POINT('',(86.9720767982985,0.547859312830874,5.94943073756673));
#5164=CARTESIAN_POINT('',(86.8522904638587,4.54785931283087,6.65844219390388));
#5165=CARTESIAN_POINT('Ctrl Pts',(86.8522904638587,4.54785931283087,6.65844219390388));
#5166=CARTESIAN_POINT('Ctrl Pts',(86.8620735560139,4.54785931283087,6.59375029245138));
#5167=CARTESIAN_POINT('Ctrl Pts',(86.871856648169,4.54785931283087,6.52905839099888));
#5168=CARTESIAN_POINT('Ctrl Pts',(86.882168656851,4.54785931283087,6.4644533793307));
#5169=CARTESIAN_POINT('Ctrl Pts',(86.9096362492154,4.54785931283087,6.29236817460274));
#5170=CARTESIAN_POINT('Ctrl Pts',(86.9408565237569,4.54785931283087,6.12089945608474));
#5171=CARTESIAN_POINT('Ctrl Pts',(86.9720767982985,4.54785931283087,5.94943073756673));
#5172=CARTESIAN_POINT('',(86.8522904638587,0.547859312830874,6.65844219390388));
#5173=CARTESIAN_POINT('Origin',(86.8522904638587,0.547859312830874,6.65844219390388));
#5174=CARTESIAN_POINT('',(86.9137748481115,2.54785931283087,6.68608058428154));
#5175=CARTESIAN_POINT('',(83.9236377834905,2.54785931283087,5.34195757680445));
#5176=CARTESIAN_POINT('',(86.9137748481115,4.54785931283087,6.68608058428154));
#5177=CARTESIAN_POINT('',(83.9236386817552,4.54785931283087,5.34195798059138));
#5178=CARTESIAN_POINT('',(86.9137748481115,0.547859312830874,6.68608058428154));
#5179=CARTESIAN_POINT('Origin',(86.9137748481115,0.547859312830874,6.68608058428154));
#5180=CARTESIAN_POINT('',(94.0992052591906,2.54785931283087,6.6562058664583));
#5181=CARTESIAN_POINT('',(83.608362551431,2.54785931283087,6.69982342973454));
#5182=CARTESIAN_POINT('',(94.0992052591906,4.54785931283087,6.6562058664583));
#5183=CARTESIAN_POINT('',(83.6083634675107,4.54785931283087,6.69982342592578));
#5184=CARTESIAN_POINT('',(94.0992052591906,0.547859312830874,6.6562058664583));
#5185=CARTESIAN_POINT('Ctrl Pts',(94.0992052591906,0.547859312830874,6.65620586645829));
#5186=CARTESIAN_POINT('Ctrl Pts',(94.0992052591906,7.54785931283087,6.6562058664583));
#5187=CARTESIAN_POINT('Ctrl Pts',(94.4890280633738,0.547859312830874,6.56997732879536));
#5188=CARTESIAN_POINT('Ctrl Pts',(94.4890280633738,7.54785931283087,6.56997732879536));
#5189=CARTESIAN_POINT('Ctrl Pts',(95.3468189567544,0.547859312830874,6.38023456987246));
#5190=CARTESIAN_POINT('Ctrl Pts',(95.3468189567544,7.54785931283087,6.38023456987246));
#5191=CARTESIAN_POINT('Ctrl Pts',(95.6868962265572,0.547859312830874,5.55776804075059));
#5192=CARTESIAN_POINT('Ctrl Pts',(95.6868962265572,7.54785931283087,5.55776804075059));
#5193=CARTESIAN_POINT('Ctrl Pts',(95.8724254870765,0.547859312830874,5.10907116948271));
#5194=CARTESIAN_POINT('Ctrl Pts',(95.8724254870765,7.54785931283087,5.10907116948271));
#5195=CARTESIAN_POINT('',(95.8724254870765,2.54785931283087,5.10907116948271));
#5196=CARTESIAN_POINT('Ctrl Pts',(95.8724254870765,2.54785931283087,5.10907116948271));
#5197=CARTESIAN_POINT('Ctrl Pts',(95.6868962265572,2.54785931283087,5.55776804075059));
#5198=CARTESIAN_POINT('Ctrl Pts',(95.5013669660379,2.54785931283087,6.00646491201847));
#5199=CARTESIAN_POINT('Ctrl Pts',(95.1617531145169,2.54785931283087,6.26684728100518));
#5200=CARTESIAN_POINT('Ctrl Pts',(94.8788508675571,2.54785931283087,6.48374879113243));
#5201=CARTESIAN_POINT('Ctrl Pts',(94.4890280633738,2.54785931283087,6.56997732879536));
#5202=CARTESIAN_POINT('Ctrl Pts',(94.0992052591906,2.54785931283087,6.65620586645829));
#5203=CARTESIAN_POINT('',(95.8724254870765,4.54785931283087,5.10907116948271));
#5204=CARTESIAN_POINT('Ctrl Pts',(95.8724254870765,4.54785931283087,5.10907116948271));
#5205=CARTESIAN_POINT('Ctrl Pts',(95.6868962265572,4.54785931283087,5.55776804075059));
#5206=CARTESIAN_POINT('Ctrl Pts',(95.5013669660379,4.54785931283087,6.00646491201847));
#5207=CARTESIAN_POINT('Ctrl Pts',(95.1617531145169,4.54785931283087,6.26684728100518));
#5208=CARTESIAN_POINT('Ctrl Pts',(94.8788508675571,4.54785931283087,6.48374879113243));
#5209=CARTESIAN_POINT('Ctrl Pts',(94.4890280633738,4.54785931283087,6.56997732879536));
#5210=CARTESIAN_POINT('Ctrl Pts',(94.0992052591906,4.54785931283087,6.6562058664583));
#5211=CARTESIAN_POINT('',(95.8724254870765,0.547859312830874,5.10907116948271));
#5212=CARTESIAN_POINT('Ctrl Pts',(95.8724254870765,0.547859312830874,5.10907116948271));
#5213=CARTESIAN_POINT('Ctrl Pts',(95.8724254870765,7.54785931283087,5.10907116948271));
#5214=CARTESIAN_POINT('Ctrl Pts',(95.903645761618,0.547859312830874,4.93760245096471));
#5215=CARTESIAN_POINT('Ctrl Pts',(95.903645761618,7.54785931283087,4.93760245096471));
#5216=CARTESIAN_POINT('Ctrl Pts',(95.9465868938837,0.547859312830874,4.70176016484049));
#5217=CARTESIAN_POINT('Ctrl Pts',(95.9465868938837,7.54785931283087,4.70176016484049));
#5218=CARTESIAN_POINT('Ctrl Pts',(95.9824287293611,0.547859312830874,4.46475161459806));
#5219=CARTESIAN_POINT('Ctrl Pts',(95.9824287293611,7.54785931283087,4.46475161459807));
#5220=CARTESIAN_POINT('Ctrl Pts',(95.9922118215163,0.547859312830874,4.40005971314557));
#5221=CARTESIAN_POINT('Ctrl Pts',(95.9922118215163,7.54785931283087,4.40005971314557));
#5222=CARTESIAN_POINT('',(95.9922118215163,2.54785931283087,4.40005971314557));
#5223=CARTESIAN_POINT('Ctrl Pts',(95.9922118215163,2.54785931283087,4.40005971314557));
#5224=CARTESIAN_POINT('Ctrl Pts',(95.9824287293611,2.54785931283087,4.46475161459807));
#5225=CARTESIAN_POINT('Ctrl Pts',(95.9726456372059,2.54785931283087,4.52944351605057));
#5226=CARTESIAN_POINT('Ctrl Pts',(95.962333628524,2.54785931283087,4.59404852771874));
#5227=CARTESIAN_POINT('Ctrl Pts',(95.9348660361596,2.54785931283087,4.7661337324467));
#5228=CARTESIAN_POINT('Ctrl Pts',(95.903645761618,2.54785931283087,4.93760245096471));
#5229=CARTESIAN_POINT('Ctrl Pts',(95.8724254870765,2.54785931283087,5.10907116948271));
#5230=CARTESIAN_POINT('',(95.9922118215163,4.54785931283087,4.40005971314557));
#5231=CARTESIAN_POINT('Ctrl Pts',(95.9922118215163,4.54785931283087,4.40005971314557));
#5232=CARTESIAN_POINT('Ctrl Pts',(95.9824287293611,4.54785931283087,4.46475161459807));
#5233=CARTESIAN_POINT('Ctrl Pts',(95.9726456372059,4.54785931283087,4.52944351605057));
#5234=CARTESIAN_POINT('Ctrl Pts',(95.962333628524,4.54785931283087,4.59404852771875));
#5235=CARTESIAN_POINT('Ctrl Pts',(95.9348660361596,4.54785931283087,4.7661337324467));
#5236=CARTESIAN_POINT('Ctrl Pts',(95.903645761618,4.54785931283087,4.93760245096471));
#5237=CARTESIAN_POINT('Ctrl Pts',(95.8724254870765,4.54785931283087,5.10907116948271));
#5238=CARTESIAN_POINT('',(95.9922118215163,0.547859312830874,4.40005971314557));
#5239=CARTESIAN_POINT('Origin',(95.9922118215163,0.547859312830874,4.40005971314557));
#5240=CARTESIAN_POINT('',(95.9307322031157,2.54785931283087,4.37242070690142));
#5241=CARTESIAN_POINT('',(89.684307887419,2.54785931283087,1.56425492518905));
#5242=CARTESIAN_POINT('',(95.9307322031157,4.54785931283087,4.37242070690142));
#5243=CARTESIAN_POINT('',(89.6843087856671,4.54785931283087,1.56425532900879));
#5244=CARTESIAN_POINT('',(95.9307322031157,0.547859312830874,4.37242070690142));
#5245=CARTESIAN_POINT('Origin',(95.9307322031157,0.547859312830874,4.37242070690142));
#5246=CARTESIAN_POINT('',(88.7452970237062,2.54785931283087,4.40229544454985));
#5247=CARTESIAN_POINT('',(88.1121095173434,2.54785931283087,4.40492803536204));
#5248=CARTESIAN_POINT('',(88.7452970237062,4.54785931283087,4.40229544454985));
#5249=CARTESIAN_POINT('',(88.1121104334231,4.54785931283087,4.40492803155327));
#5250=CARTESIAN_POINT('',(88.7452970237062,0.547859312830874,4.40229544454985));
#5251=CARTESIAN_POINT('Ctrl Pts',(88.7452970237062,0.547859312830874,4.40229544454985));
#5252=CARTESIAN_POINT('Ctrl Pts',(88.7452970237062,7.54785931283087,4.40229544454985));
#5253=CARTESIAN_POINT('Ctrl Pts',(88.3542425698332,0.547859312830874,4.48819977803533));
#5254=CARTESIAN_POINT('Ctrl Pts',(88.3542425698332,7.54785931283087,4.48819977803533));
#5255=CARTESIAN_POINT('Ctrl Pts',(87.4953329290508,0.547859312830874,4.67687953729878));
#5256=CARTESIAN_POINT('Ctrl Pts',(87.4953329290508,7.54785931283087,4.67687953729878));
#5257=CARTESIAN_POINT('Ctrl Pts',(87.1565918606103,0.547859312830874,5.50069282469266));
#5258=CARTESIAN_POINT('Ctrl Pts',(87.1565918606103,7.54785931283087,5.50069282469266));
#5259=CARTESIAN_POINT('Ctrl Pts',(86.9720767982985,0.547859312830874,5.94943073756673));
#5260=CARTESIAN_POINT('Ctrl Pts',(86.9720767982985,7.54785931283087,5.94943073756673));
#5261=CARTESIAN_POINT('Ctrl Pts',(86.5076478652135,0.547859312830874,7.07891505987514));
#5262=CARTESIAN_POINT('Ctrl Pts',(86.5076478652135,7.54785931283087,7.07891505987514));
#5263=CARTESIAN_POINT('Ctrl Pts',(86.0432189321285,0.547859312830874,8.20839938218355));
#5264=CARTESIAN_POINT('Ctrl Pts',(86.0432189321285,7.54785931283087,8.20839938218355));
#5265=CARTESIAN_POINT('Ctrl Pts',(85.5787899990435,0.547859312830874,9.33788370449196));
#5266=CARTESIAN_POINT('Ctrl Pts',(85.5787899990435,7.54785931283087,9.33788370449196));
#5267=CARTESIAN_POINT('Ctrl Pts',(86.9720767982995,4.54785931283087,5.94943073756442));
#5268=CARTESIAN_POINT('Ctrl Pts',(87.1565918606109,4.54785931283087,5.50069282469112));
#5269=CARTESIAN_POINT('Ctrl Pts',(87.3411069229226,4.54785931283087,5.05195491181815));
#5270=CARTESIAN_POINT('Ctrl Pts',(87.6799596951142,4.54785931283087,4.79166562773921));
#5271=CARTESIAN_POINT('Ctrl Pts',(87.9631881159602,4.54785931283087,4.5741041115208));
#5272=CARTESIAN_POINT('Ctrl Pts',(88.3542425698332,4.54785931283087,4.48819977803533));
#5273=CARTESIAN_POINT('Ctrl Pts',(88.7452970237062,4.54785931283087,4.40229544454985));
#5274=CARTESIAN_POINT('Ctrl Pts',(86.9720767982985,2.54785931283087,5.94943073756673));
#5275=CARTESIAN_POINT('Ctrl Pts',(87.1565918606103,2.54785931283087,5.50069282469266));
#5276=CARTESIAN_POINT('Ctrl Pts',(87.3411069229221,2.54785931283087,5.05195491181859));
#5277=CARTESIAN_POINT('Ctrl Pts',(87.6799596951142,2.54785931283087,4.79166562773921));
#5278=CARTESIAN_POINT('Ctrl Pts',(87.9631881159602,2.54785931283087,4.5741041115208));
#5279=CARTESIAN_POINT('Ctrl Pts',(88.3542425698332,2.54785931283087,4.48819977803533));
#5280=CARTESIAN_POINT('Ctrl Pts',(88.7452970237062,2.54785931283087,4.40229544454985));
#5281=CARTESIAN_POINT('Origin',(120.036210758834,4.54785931283087,-0.000300292837417393));
#5282=CARTESIAN_POINT('',(120.036210758834,2.54785931283087,11.1513010586675));
#5283=CARTESIAN_POINT('',(120.036210758834,2.54785931283087,-0.000300292837419058));
#5284=CARTESIAN_POINT('',(120.036210758834,2.54785931283087,2.78760004503882));
#5285=CARTESIAN_POINT('',(120.036210758834,4.54785931283087,-0.000300292837418503));
#5286=CARTESIAN_POINT('',(120.036210758834,4.54785931283087,-0.000300292837418503));
#5287=CARTESIAN_POINT('',(120.036210758834,4.54785931283087,11.1513010586675));
#5288=CARTESIAN_POINT('',(120.036210758834,4.54785931283087,11.1513010586675));
#5289=CARTESIAN_POINT('',(120.036210758834,4.54785931283087,11.1513010586675));
#5290=CARTESIAN_POINT('Origin',(120.036210758834,4.54785931283087,11.1513010586675));
#5291=CARTESIAN_POINT('',(40.560226323857,2.54785931283087,11.1513010586675));
#5292=CARTESIAN_POINT('',(100.16721465009,2.54785931283087,11.1513010586675));
#5293=CARTESIAN_POINT('',(40.560226323857,4.54785931283087,11.1513010586675));
#5294=CARTESIAN_POINT('',(40.560226323857,4.54785931283087,11.1513010586675));
#5295=CARTESIAN_POINT('',(40.560226323857,4.54785931283087,11.1513010586675));
#5296=CARTESIAN_POINT('Origin',(40.560226323857,4.54785931283087,11.1513010586675));
#5297=CARTESIAN_POINT('',(40.560226323857,2.54785931283087,-0.000300292837417948));
#5298=CARTESIAN_POINT('',(40.560226323857,2.54785931283087,8.3634007207913));
#5299=CARTESIAN_POINT('',(40.560226323857,4.54785931283087,-0.000300292837417393));
#5300=CARTESIAN_POINT('',(40.560226323857,4.54785931283087,-0.000300292837417393));
#5301=CARTESIAN_POINT('',(40.560226323857,4.54785931283087,-0.000300292837417393));
#5302=CARTESIAN_POINT('Origin',(40.560226323857,4.54785931283087,-0.000300292837417393));
#5303=CARTESIAN_POINT('',(60.4292224326013,2.54785931283087,-0.000300292837418503));
#5304=CARTESIAN_POINT('',(120.036210758834,4.54785931283087,-0.000300292837418503));
#5305=CARTESIAN_POINT('Ctrl Pts',(116.029878003457,0.547859312830874,5.36557263947516));
#5306=CARTESIAN_POINT('Ctrl Pts',(116.029878003457,7.54785931283087,5.36557263947516));
#5307=CARTESIAN_POINT('Ctrl Pts',(116.034558411249,0.547859312830874,5.3834185971643));
#5308=CARTESIAN_POINT('Ctrl Pts',(116.034558411249,7.54785931283087,5.3834185971643));
#5309=CARTESIAN_POINT('Ctrl Pts',(116.043243490029,0.547859312830874,5.41653399123793));
#5310=CARTESIAN_POINT('Ctrl Pts',(116.043243490029,7.54785931283087,5.41653399123793));
#5311=CARTESIAN_POINT('Ctrl Pts',(116.076268862238,0.547859312830874,5.42348091934334));
#5312=CARTESIAN_POINT('Ctrl Pts',(116.076268862238,7.54785931283087,5.42348091934334));
#5313=CARTESIAN_POINT('Ctrl Pts',(116.091496789737,0.547859312830874,5.42668413282579));
#5314=CARTESIAN_POINT('Ctrl Pts',(116.091496789737,7.54785931283087,5.42668413282579));
#5315=CARTESIAN_POINT('',(116.091496789737,2.54785931283087,5.42668413282579));
#5316=CARTESIAN_POINT('',(116.029878003457,2.54785931283087,5.36557263947516));
#5317=CARTESIAN_POINT('Ctrl Pts',(116.091496789737,2.54785931283087,5.42668413282579));
#5318=CARTESIAN_POINT('Ctrl Pts',(116.076268862238,2.54785931283087,5.42348091934334));
#5319=CARTESIAN_POINT('Ctrl Pts',(116.06104093474,2.54785931283087,5.42027770586089));
#5320=CARTESIAN_POINT('Ctrl Pts',(116.050988026477,2.54785931283087,5.41151078316833));
#5321=CARTESIAN_POINT('Ctrl Pts',(116.03923881904,2.54785931283087,5.40126455485344));
#5322=CARTESIAN_POINT('Ctrl Pts',(116.034558411249,2.54785931283087,5.3834185971643));
#5323=CARTESIAN_POINT('Ctrl Pts',(116.029878003457,2.54785931283087,5.36557263947516));
#5324=CARTESIAN_POINT('',(116.029878003457,4.54785931283087,5.36557263947516));
#5325=CARTESIAN_POINT('',(116.029878003457,0.547859312830874,5.36557263947516));
#5326=CARTESIAN_POINT('',(116.091496789737,4.54785931283087,5.42668413282579));
#5327=CARTESIAN_POINT('Ctrl Pts',(116.091496789737,4.54785931283087,5.42668413282579));
#5328=CARTESIAN_POINT('Ctrl Pts',(116.076268862238,4.54785931283087,5.42348091934334));
#5329=CARTESIAN_POINT('Ctrl Pts',(116.06104093474,4.54785931283087,5.42027770586089));
#5330=CARTESIAN_POINT('Ctrl Pts',(116.050988026477,4.54785931283087,5.41151078316834));
#5331=CARTESIAN_POINT('Ctrl Pts',(116.03923881904,4.54785931283087,5.40126455485344));
#5332=CARTESIAN_POINT('Ctrl Pts',(116.034558411249,4.54785931283087,5.3834185971643));
#5333=CARTESIAN_POINT('Ctrl Pts',(116.029878003457,4.54785931283087,5.36557263947516));
#5334=CARTESIAN_POINT('',(116.091496789737,0.547859312830874,5.42668413282579));
#5335=CARTESIAN_POINT('Origin',(116.091496789737,0.547859312830874,5.42668413282579));
#5336=CARTESIAN_POINT('',(118.919927314606,2.54785931283087,5.41492442478063));
#5337=CARTESIAN_POINT('',(98.1948576670682,2.54785931283087,5.50109262517577));
#5338=CARTESIAN_POINT('',(118.919927314606,4.54785931283087,5.41492442478063));
#5339=CARTESIAN_POINT('',(98.1948585831479,4.54785931283087,5.50109262136701));
#5340=CARTESIAN_POINT('',(118.919927314606,0.547859312830874,5.41492442478063));
#5341=CARTESIAN_POINT('Ctrl Pts',(118.919927314606,0.547859312830874,5.41492442478063));
#5342=CARTESIAN_POINT('Ctrl Pts',(118.919927314606,7.54785931283087,5.41492442478063));
#5343=CARTESIAN_POINT('Ctrl Pts',(118.937770495438,0.547859312830874,5.41024263442647));
#5344=CARTESIAN_POINT('Ctrl Pts',(118.937770495438,7.54785931283087,5.41024263442647));
#5345=CARTESIAN_POINT('Ctrl Pts',(118.970882918515,0.547859312830874,5.40155441765486));
#5346=CARTESIAN_POINT('Ctrl Pts',(118.970882918515,7.54785931283087,5.40155441765486));
#5347=CARTESIAN_POINT('Ctrl Pts',(118.977831563493,0.547859312830874,5.36853091072891));
#5348=CARTESIAN_POINT('Ctrl Pts',(118.977831563493,7.54785931283087,5.36853091072891));
#5349=CARTESIAN_POINT('Ctrl Pts',(118.98103581536,0.547859312830874,5.35330267068575));
#5350=CARTESIAN_POINT('Ctrl Pts',(118.98103581536,7.54785931283087,5.35330267068575));
#5351=CARTESIAN_POINT('',(118.98103581536,2.54785931283087,5.35330267068575));
#5352=CARTESIAN_POINT('Ctrl Pts',(118.98103581536,2.54785931283087,5.35330267068575));
#5353=CARTESIAN_POINT('Ctrl Pts',(118.977831563493,2.54785931283087,5.36853091072891));
#5354=CARTESIAN_POINT('Ctrl Pts',(118.974627311627,2.54785931283087,5.38375915077207));
#5355=CARTESIAN_POINT('Ctrl Pts',(118.965859490452,2.54785931283087,5.39381263841855));
#5356=CARTESIAN_POINT('Ctrl Pts',(118.955613676271,2.54785931283087,5.40556084407231));
#5357=CARTESIAN_POINT('Ctrl Pts',(118.937770495438,2.54785931283087,5.41024263442647));
#5358=CARTESIAN_POINT('Ctrl Pts',(118.919927314606,2.54785931283087,5.41492442478063));
#5359=CARTESIAN_POINT('',(118.98103581536,4.54785931283087,5.35330267068575));
#5360=CARTESIAN_POINT('Ctrl Pts',(118.98103581536,4.54785931283087,5.35330267068575));
#5361=CARTESIAN_POINT('Ctrl Pts',(118.977831563493,4.54785931283087,5.36853091072891));
#5362=CARTESIAN_POINT('Ctrl Pts',(118.974627311627,4.54785931283087,5.38375915077207));
#5363=CARTESIAN_POINT('Ctrl Pts',(118.965859490452,4.54785931283087,5.39381263841855));
#5364=CARTESIAN_POINT('Ctrl Pts',(118.955613676271,4.54785931283087,5.40556084407231));
#5365=CARTESIAN_POINT('Ctrl Pts',(118.937770495438,4.54785931283087,5.41024263442647));
#5366=CARTESIAN_POINT('Ctrl Pts',(118.919927314606,4.54785931283087,5.41492442478063));
#5367=CARTESIAN_POINT('',(118.98103581536,0.547859312830874,5.35330267068575));
#5368=CARTESIAN_POINT('Origin',(118.98103581536,0.547859312830874,5.35330267068575));
#5369=CARTESIAN_POINT('',(118.964915522045,2.54785931283087,1.47606953661717));
#5370=CARTESIAN_POINT('',(118.981163385214,2.54785931283087,5.38398561524183));
#5371=CARTESIAN_POINT('',(118.964915522045,4.54785931283087,1.47606953661717));
#5372=CARTESIAN_POINT('',(118.98116338673,4.54785931283087,5.38398597983417));
#5373=CARTESIAN_POINT('',(118.964915522045,0.547859312830875,1.47606953661717));
#5374=CARTESIAN_POINT('Ctrl Pts',(118.964915522045,0.547859312830875,1.47606953661717));
#5375=CARTESIAN_POINT('Ctrl Pts',(118.964915522045,7.54785931283088,1.47606953661717));
#5376=CARTESIAN_POINT('Ctrl Pts',(118.962284805459,0.547859312830875,1.4581820381806));
#5377=CARTESIAN_POINT('Ctrl Pts',(118.962284805459,7.54785931283088,1.4581820381806));
#5378=CARTESIAN_POINT('Ctrl Pts',(118.957023331403,0.547859312830875,1.42240676332464));
#5379=CARTESIAN_POINT('Ctrl Pts',(118.957023331403,7.54785931283088,1.42240676332464));
#5380=CARTESIAN_POINT('Ctrl Pts',(118.921205695401,0.547859312830875,1.41744136017425));
#5381=CARTESIAN_POINT('Ctrl Pts',(118.921205695401,7.54785931283088,1.41744136017425));
#5382=CARTESIAN_POINT('Ctrl Pts',(118.903296738244,0.547859312830875,1.41495863930784));
#5383=CARTESIAN_POINT('Ctrl Pts',(118.903296738244,7.54785931283088,1.41495863930784));
#5384=CARTESIAN_POINT('',(118.903296738244,2.54785931283087,1.41495863930784));
#5385=CARTESIAN_POINT('Ctrl Pts',(118.903296738244,2.54785931283088,1.41495863930784));
#5386=CARTESIAN_POINT('Ctrl Pts',(118.921205695401,2.54785931283088,1.41744136017425));
#5387=CARTESIAN_POINT('Ctrl Pts',(118.939114652558,2.54785931283088,1.41992408104065));
#5388=CARTESIAN_POINT('Ctrl Pts',(118.949384450514,2.54785931283088,1.43010938953411));
#5389=CARTESIAN_POINT('Ctrl Pts',(118.959654088872,2.54785931283088,1.44029453974402));
#5390=CARTESIAN_POINT('Ctrl Pts',(118.962284805459,2.54785931283088,1.4581820381806));
#5391=CARTESIAN_POINT('Ctrl Pts',(118.964915522045,2.54785931283088,1.47606953661717));
#5392=CARTESIAN_POINT('',(118.903296738244,4.54785931283087,1.41495863930784));
#5393=CARTESIAN_POINT('Ctrl Pts',(118.903296738244,4.54785931283087,1.41495863930784));
#5394=CARTESIAN_POINT('Ctrl Pts',(118.921205695401,4.54785931283087,1.41744136017425));
#5395=CARTESIAN_POINT('Ctrl Pts',(118.939114652558,4.54785931283087,1.41992408104065));
#5396=CARTESIAN_POINT('Ctrl Pts',(118.949384450514,4.54785931283087,1.43010938953411));
#5397=CARTESIAN_POINT('Ctrl Pts',(118.959654088872,4.54785931283087,1.44029453974402));
#5398=CARTESIAN_POINT('Ctrl Pts',(118.962284805459,4.54785931283087,1.4581820381806));
#5399=CARTESIAN_POINT('Ctrl Pts',(118.964915522045,4.54785931283087,1.47606953661717));
#5400=CARTESIAN_POINT('',(118.903296738244,0.547859312830875,1.41495863930784));
#5401=CARTESIAN_POINT('Origin',(118.903296738244,0.547859312830875,1.41495863930784));
#5402=CARTESIAN_POINT('',(113.285493082556,2.54785931283087,1.43831566726559));
#5403=CARTESIAN_POINT('',(99.5924423531413,2.54785931283087,1.4952469856804));
#5404=CARTESIAN_POINT('',(113.285493082556,4.54785931283087,1.43831566726559));
#5405=CARTESIAN_POINT('',(99.592443269221,4.54785931283087,1.49524698187163));
#5406=CARTESIAN_POINT('',(113.285493082556,0.547859312830875,1.43831566726559));
#5407=CARTESIAN_POINT('Ctrl Pts',(113.285493082556,0.547859312830875,1.43831566726559));
#5408=CARTESIAN_POINT('Ctrl Pts',(113.285493082556,7.54785931283088,1.43831566726559));
#5409=CARTESIAN_POINT('Ctrl Pts',(113.267603400095,0.547859312830875,1.44094675054962));
#5410=CARTESIAN_POINT('Ctrl Pts',(113.267603400095,7.54785931283088,1.44094675054962));
#5411=CARTESIAN_POINT('Ctrl Pts',(113.231825981116,0.547859312830875,1.44620863092244));
#5412=CARTESIAN_POINT('Ctrl Pts',(113.231825981116,7.54785931283088,1.44620863092244));
#5413=CARTESIAN_POINT('Ctrl Pts',(113.2268617777,0.547859312830875,1.48202808981405));
#5414=CARTESIAN_POINT('Ctrl Pts',(113.2268617777,7.54785931283088,1.48202808981405));
#5415=CARTESIAN_POINT('Ctrl Pts',(113.224379810994,0.547859312830875,1.49993684514436));
#5416=CARTESIAN_POINT('Ctrl Pts',(113.224379810994,7.54785931283088,1.49993684514436));
#5417=CARTESIAN_POINT('',(113.224379810994,2.54785931283087,1.49993684514436));
#5418=CARTESIAN_POINT('Ctrl Pts',(113.224379810994,2.54785931283087,1.49993684514436));
#5419=CARTESIAN_POINT('Ctrl Pts',(113.2268617777,2.54785931283087,1.48202808981405));
#5420=CARTESIAN_POINT('Ctrl Pts',(113.229343744406,2.54785931283087,1.46411933448373));
#5421=CARTESIAN_POINT('Ctrl Pts',(113.239528177055,2.54785931283087,1.45384914278783));
#5422=CARTESIAN_POINT('Ctrl Pts',(113.249713717633,2.54785931283087,1.44357783383364));
#5423=CARTESIAN_POINT('Ctrl Pts',(113.267603400095,2.54785931283087,1.44094675054962));
#5424=CARTESIAN_POINT('Ctrl Pts',(113.285493082556,2.54785931283087,1.43831566726559));
#5425=CARTESIAN_POINT('',(113.224379810994,4.54785931283087,1.49993684514436));
#5426=CARTESIAN_POINT('Ctrl Pts',(113.224379810994,4.54785931283087,1.49993684514436));
#5427=CARTESIAN_POINT('Ctrl Pts',(113.2268617777,4.54785931283087,1.48202808981405));
#5428=CARTESIAN_POINT('Ctrl Pts',(113.229343744406,4.54785931283087,1.46411933448373));
#5429=CARTESIAN_POINT('Ctrl Pts',(113.239528177055,4.54785931283087,1.45384914278784));
#5430=CARTESIAN_POINT('Ctrl Pts',(113.249713717633,4.54785931283087,1.44357783383364));
#5431=CARTESIAN_POINT('Ctrl Pts',(113.267603400095,4.54785931283087,1.44094675054962));
#5432=CARTESIAN_POINT('Ctrl Pts',(113.285493082556,4.54785931283087,1.43831566726559));
#5433=CARTESIAN_POINT('',(113.224379810994,0.547859312830875,1.49993684514436));
#5434=CARTESIAN_POINT('Origin',(113.224379810994,0.547859312830875,1.49993684514436));
#5435=CARTESIAN_POINT('',(113.233472121483,2.54785931283087,3.68680818825283));
#5436=CARTESIAN_POINT('',(113.232567527506,2.54785931283087,3.46923635673465));
#5437=CARTESIAN_POINT('',(113.233472121483,4.54785931283087,3.68680818825283));
#5438=CARTESIAN_POINT('',(113.232567529021,4.54785931283087,3.46923672132699));
#5439=CARTESIAN_POINT('',(113.233472121483,0.547859312830875,3.68680818825283));
#5440=CARTESIAN_POINT('Ctrl Pts',(113.233472121483,0.547859312830875,3.68680818825283));
#5441=CARTESIAN_POINT('Ctrl Pts',(113.233472121483,7.54785931283088,3.68680818825284));
#5442=CARTESIAN_POINT('Ctrl Pts',(113.237127873932,0.547859312830875,3.70468417846904));
#5443=CARTESIAN_POINT('Ctrl Pts',(113.237127873932,7.54785931283088,3.70468417846904));
#5444=CARTESIAN_POINT('Ctrl Pts',(113.244173893094,0.547859312830875,3.73913798007546));
#5445=CARTESIAN_POINT('Ctrl Pts',(113.244173893094,7.54785931283088,3.73913798007546));
#5446=CARTESIAN_POINT('Ctrl Pts',(113.278553541717,0.547859312830875,3.74506649703789));
#5447=CARTESIAN_POINT('Ctrl Pts',(113.278553541717,7.54785931283088,3.74506649703789));
#5448=CARTESIAN_POINT('Ctrl Pts',(113.295095673614,0.547859312830875,3.74791906573698));
#5449=CARTESIAN_POINT('Ctrl Pts',(113.295095673614,7.54785931283088,3.74791906573698));
#5450=CARTESIAN_POINT('',(113.295095673614,2.54785931283087,3.74791906573698));
#5451=CARTESIAN_POINT('Ctrl Pts',(113.295095673614,2.54785931283087,3.74791906573698));
#5452=CARTESIAN_POINT('Ctrl Pts',(113.278553541717,2.54785931283087,3.74506649703789));
#5453=CARTESIAN_POINT('Ctrl Pts',(113.26201140982,2.54785931283087,3.74221392833881));
#5454=CARTESIAN_POINT('Ctrl Pts',(113.251797437089,2.54785931283087,3.73275731381576));
#5455=CARTESIAN_POINT('Ctrl Pts',(113.240783626381,2.54785931283087,3.72256016868524));
#5456=CARTESIAN_POINT('Ctrl Pts',(113.237127873932,2.54785931283087,3.70468417846904));
#5457=CARTESIAN_POINT('Ctrl Pts',(113.233472121483,2.54785931283087,3.68680818825283));
#5458=CARTESIAN_POINT('',(113.295095673614,4.54785931283087,3.74791906573698));
#5459=CARTESIAN_POINT('Ctrl Pts',(113.295095673614,4.54785931283087,3.74791906573698));
#5460=CARTESIAN_POINT('Ctrl Pts',(113.278553541717,4.54785931283087,3.74506649703789));
#5461=CARTESIAN_POINT('Ctrl Pts',(113.26201140982,4.54785931283087,3.74221392833881));
#5462=CARTESIAN_POINT('Ctrl Pts',(113.251797437089,4.54785931283087,3.73275731381576));
#5463=CARTESIAN_POINT('Ctrl Pts',(113.240783626381,4.54785931283087,3.72256016868524));
#5464=CARTESIAN_POINT('Ctrl Pts',(113.237127873932,4.54785931283087,3.70468417846904));
#5465=CARTESIAN_POINT('Ctrl Pts',(113.233472121483,4.54785931283087,3.68680818825283));
#5466=CARTESIAN_POINT('',(113.295095673614,0.547859312830875,3.74791906573698));
#5467=CARTESIAN_POINT('Origin',(113.295095673614,0.547859312830875,3.74791906573698));
#5468=CARTESIAN_POINT('',(116.023105160916,2.54785931283087,3.73657687619651));
#5469=CARTESIAN_POINT('',(96.793143116355,2.54785931283087,3.81652889813066));
#5470=CARTESIAN_POINT('',(116.023105160916,4.54785931283087,3.73657687619651));
#5471=CARTESIAN_POINT('',(96.7931440324347,4.54785931283087,3.81652889432189));
#5472=CARTESIAN_POINT('',(116.023105160916,0.547859312830875,3.73657687619651));
#5473=CARTESIAN_POINT('Origin',(116.023105160916,0.547859312830875,3.73657687619651));
#5474=CARTESIAN_POINT('',(116.026619152041,2.54785931283087,4.58175770239184));
#5475=CARTESIAN_POINT('',(116.026619153557,4.54785931283087,4.58175806698418));
#5476=CARTESIAN_POINT('Ctrl Pts',(111.41626105678,0.547859312830873,9.41268412966878));
#5477=CARTESIAN_POINT('Ctrl Pts',(111.41626105678,7.54785931283087,9.41268412966878));
#5478=CARTESIAN_POINT('Ctrl Pts',(111.505472014329,0.547859312830873,9.42197603200609));
#5479=CARTESIAN_POINT('Ctrl Pts',(111.505472014329,7.54785931283087,9.42197603200609));
#5480=CARTESIAN_POINT('Ctrl Pts',(111.65765846533,0.547859312830873,9.43782724220049));
#5481=CARTESIAN_POINT('Ctrl Pts',(111.65765846533,7.54785931283087,9.43782724220049));
#5482=CARTESIAN_POINT('Ctrl Pts',(111.81057652871,0.547859312830873,9.44237343192001));
#5483=CARTESIAN_POINT('Ctrl Pts',(111.81057652871,7.54785931283087,9.44237343192001));
#5484=CARTESIAN_POINT('Ctrl Pts',(111.873854766921,0.547859312830873,9.44425466733241));
#5485=CARTESIAN_POINT('Ctrl Pts',(111.873854766921,7.54785931283087,9.44425466733241));
#5486=CARTESIAN_POINT('',(111.873854766921,2.54785931283087,9.44425466733241));
#5487=CARTESIAN_POINT('',(111.41626105678,2.54785931283087,9.41268412966878));
#5488=CARTESIAN_POINT('Ctrl Pts',(111.873854766921,2.54785931283087,9.44425466733241));
#5489=CARTESIAN_POINT('Ctrl Pts',(111.81057652871,2.54785931283087,9.44237343192001));
#5490=CARTESIAN_POINT('Ctrl Pts',(111.747298290499,2.54785931283087,9.44049219650761));
#5491=CARTESIAN_POINT('Ctrl Pts',(111.684145329541,2.54785931283087,9.43667515196984));
#5492=CARTESIAN_POINT('Ctrl Pts',(111.594682971879,2.54785931283087,9.4312679343434));
#5493=CARTESIAN_POINT('Ctrl Pts',(111.505472014329,2.54785931283087,9.42197603200609));
#5494=CARTESIAN_POINT('Ctrl Pts',(111.41626105678,2.54785931283087,9.41268412966878));
#5495=CARTESIAN_POINT('',(111.41626105678,4.54785931283087,9.41268412966878));
#5496=CARTESIAN_POINT('',(111.41626105678,0.547859312830873,9.41268412966878));
#5497=CARTESIAN_POINT('',(111.873854766921,4.54785931283087,9.44425466733241));
#5498=CARTESIAN_POINT('Ctrl Pts',(111.873854766921,4.54785931283087,9.44425466733241));
#5499=CARTESIAN_POINT('Ctrl Pts',(111.81057652871,4.54785931283087,9.44237343192001));
#5500=CARTESIAN_POINT('Ctrl Pts',(111.747298290499,4.54785931283087,9.44049219650761));
#5501=CARTESIAN_POINT('Ctrl Pts',(111.684145329541,4.54785931283087,9.43667515196984));
#5502=CARTESIAN_POINT('Ctrl Pts',(111.594682971879,4.54785931283087,9.4312679343434));
#5503=CARTESIAN_POINT('Ctrl Pts',(111.505472014329,4.54785931283087,9.42197603200609));
#5504=CARTESIAN_POINT('Ctrl Pts',(111.41626105678,4.54785931283087,9.41268412966878));
#5505=CARTESIAN_POINT('',(111.873854766921,0.547859312830873,9.44425466733241));
#5506=CARTESIAN_POINT('Origin',(111.873854766921,0.547859312830873,9.44425466733241));
#5507=CARTESIAN_POINT('',(112.643725546618,2.54785931283087,9.44105379125569));
#5508=CARTESIAN_POINT('',(96.0943519438415,2.54785931283087,9.50986078516546));
#5509=CARTESIAN_POINT('',(112.643725546618,4.54785931283087,9.44105379125569));
#5510=CARTESIAN_POINT('',(96.0943528599212,4.54785931283087,9.50986078135669));
#5511=CARTESIAN_POINT('',(112.643725546618,0.547859312830873,9.44105379125569));
#5512=CARTESIAN_POINT('Ctrl Pts',(112.643725546618,0.547859312830873,9.44105379125569));
#5513=CARTESIAN_POINT('Ctrl Pts',(112.643725546618,7.54785931283087,9.44105379125569));
#5514=CARTESIAN_POINT('Ctrl Pts',(112.661571192569,0.547859312830873,9.43637265750503));
#5515=CARTESIAN_POINT('Ctrl Pts',(112.661571192569,7.54785931283087,9.43637265750503));
#5516=CARTESIAN_POINT('Ctrl Pts',(112.694686282072,0.547859312830873,9.42768615977037));
#5517=CARTESIAN_POINT('Ctrl Pts',(112.694686282072,7.54785931283087,9.42768615977037));
#5518=CARTESIAN_POINT('Ctrl Pts',(112.701631562618,0.547859312830873,9.39466032510346));
#5519=CARTESIAN_POINT('Ctrl Pts',(112.701631562618,7.54785931283087,9.39466032510346));
#5520=CARTESIAN_POINT('Ctrl Pts',(112.704834047372,0.547859312830873,9.37943203716081));
#5521=CARTESIAN_POINT('Ctrl Pts',(112.704834047372,7.54785931283087,9.37943203716081));
#5522=CARTESIAN_POINT('',(112.704834047372,2.54785931283087,9.37943203716081));
#5523=CARTESIAN_POINT('Ctrl Pts',(112.704834047372,2.54785931283087,9.37943203716081));
#5524=CARTESIAN_POINT('Ctrl Pts',(112.701631562618,2.54785931283087,9.39466032510346));
#5525=CARTESIAN_POINT('Ctrl Pts',(112.698429077864,2.54785931283087,9.40988861304612));
#5526=CARTESIAN_POINT('Ctrl Pts',(112.689662490794,2.54785931283087,9.41994198506842));
#5527=CARTESIAN_POINT('Ctrl Pts',(112.67941683852,2.54785931283087,9.43169152375438));
#5528=CARTESIAN_POINT('Ctrl Pts',(112.661571192569,2.54785931283087,9.43637265750503));
#5529=CARTESIAN_POINT('Ctrl Pts',(112.643725546618,2.54785931283087,9.44105379125569));
#5530=CARTESIAN_POINT('',(112.704834047372,4.54785931283087,9.37943203716081));
#5531=CARTESIAN_POINT('Ctrl Pts',(112.704834047372,4.54785931283087,9.37943203716081));
#5532=CARTESIAN_POINT('Ctrl Pts',(112.701631562618,4.54785931283087,9.39466032510346));
#5533=CARTESIAN_POINT('Ctrl Pts',(112.698429077864,4.54785931283087,9.40988861304612));
#5534=CARTESIAN_POINT('Ctrl Pts',(112.689662490794,4.54785931283087,9.41994198506842));
#5535=CARTESIAN_POINT('Ctrl Pts',(112.67941683852,4.54785931283087,9.43169152375438));
#5536=CARTESIAN_POINT('Ctrl Pts',(112.661571192569,4.54785931283087,9.43637265750503));
#5537=CARTESIAN_POINT('Ctrl Pts',(112.643725546618,4.54785931283087,9.44105379125569));
#5538=CARTESIAN_POINT('',(112.704834047372,0.547859312830873,9.37943203716081));
#5539=CARTESIAN_POINT('Origin',(112.704834047372,0.547859312830873,9.37943203716081));
#5540=CARTESIAN_POINT('',(112.672083177696,2.54785931283087,1.50223311761944));
#5541=CARTESIAN_POINT('',(112.696646329045,2.54785931283087,7.41013208898045));
#5542=CARTESIAN_POINT('',(112.672083177696,4.54785931283087,1.50223311761944));
#5543=CARTESIAN_POINT('',(112.696646330561,4.54785931283087,7.41013245357279));
#5544=CARTESIAN_POINT('',(112.672083177696,0.547859312830875,1.50223311761944));
#5545=CARTESIAN_POINT('Ctrl Pts',(112.672083177696,0.547859312830875,1.50223311761944));
#5546=CARTESIAN_POINT('Ctrl Pts',(112.672083177696,7.54785931283088,1.50223311761944));
#5547=CARTESIAN_POINT('Ctrl Pts',(112.669452461109,0.547859312830875,1.48434561918286));
#5548=CARTESIAN_POINT('Ctrl Pts',(112.669452461109,7.54785931283088,1.48434561918286));
#5549=CARTESIAN_POINT('Ctrl Pts',(112.664190987053,0.547859312830875,1.4485703443269));
#5550=CARTESIAN_POINT('Ctrl Pts',(112.664190987053,7.54785931283088,1.4485703443269));
#5551=CARTESIAN_POINT('Ctrl Pts',(112.628373351052,0.547859312830875,1.44360494117651));
#5552=CARTESIAN_POINT('Ctrl Pts',(112.628373351052,7.54785931283088,1.44360494117651));
#5553=CARTESIAN_POINT('Ctrl Pts',(112.610464393895,0.547859312830875,1.4411222203101));
#5554=CARTESIAN_POINT('Ctrl Pts',(112.610464393895,7.54785931283088,1.4411222203101));
#5555=CARTESIAN_POINT('',(112.610464393895,2.54785931283087,1.4411222203101));
#5556=CARTESIAN_POINT('Ctrl Pts',(112.610464393895,2.54785931283087,1.4411222203101));
#5557=CARTESIAN_POINT('Ctrl Pts',(112.628373351052,2.54785931283087,1.44360494117651));
#5558=CARTESIAN_POINT('Ctrl Pts',(112.646282308208,2.54785931283087,1.44608766204292));
#5559=CARTESIAN_POINT('Ctrl Pts',(112.656552106164,2.54785931283087,1.45627297053637));
#5560=CARTESIAN_POINT('Ctrl Pts',(112.666821744523,2.54785931283087,1.46645812074628));
#5561=CARTESIAN_POINT('Ctrl Pts',(112.669452461109,2.54785931283087,1.48434561918286));
#5562=CARTESIAN_POINT('Ctrl Pts',(112.672083177696,2.54785931283087,1.50223311761944));
#5563=CARTESIAN_POINT('',(112.610464393895,4.54785931283087,1.4411222203101));
#5564=CARTESIAN_POINT('Ctrl Pts',(112.610464393895,4.54785931283087,1.4411222203101));
#5565=CARTESIAN_POINT('Ctrl Pts',(112.628373351052,4.54785931283087,1.44360494117651));
#5566=CARTESIAN_POINT('Ctrl Pts',(112.646282308208,4.54785931283087,1.44608766204292));
#5567=CARTESIAN_POINT('Ctrl Pts',(112.656552106164,4.54785931283087,1.45627297053637));
#5568=CARTESIAN_POINT('Ctrl Pts',(112.666821744523,4.54785931283087,1.46645812074628));
#5569=CARTESIAN_POINT('Ctrl Pts',(112.669452461109,4.54785931283087,1.48434561918286));
#5570=CARTESIAN_POINT('Ctrl Pts',(112.672083177696,4.54785931283087,1.50223311761944));
#5571=CARTESIAN_POINT('',(112.610464393895,0.547859312830875,1.4411222203101));
#5572=CARTESIAN_POINT('Origin',(112.610464393895,0.547859312830875,1.4411222203101));
#5573=CARTESIAN_POINT('',(111.840593614198,2.54785931283087,1.44432309638683));
#5574=CARTESIAN_POINT('',(96.4460261809664,2.54785931283087,1.50832877618154));
#5575=CARTESIAN_POINT('',(111.840593614198,4.54785931283087,1.44432309638683));
#5576=CARTESIAN_POINT('',(96.4460270970461,4.54785931283087,1.50832877237277));
#5577=CARTESIAN_POINT('',(111.840593614198,0.547859312830875,1.44432309638683));
#5578=CARTESIAN_POINT('Ctrl Pts',(111.840593614198,0.547859312830875,1.44432309638683));
#5579=CARTESIAN_POINT('Ctrl Pts',(111.840593614198,7.54785931283088,1.44432309638683));
#5580=CARTESIAN_POINT('Ctrl Pts',(111.421796166659,0.547859312830875,1.51900291880052));
#5581=CARTESIAN_POINT('Ctrl Pts',(111.421796166659,7.54785931283088,1.51900291880053));
#5582=CARTESIAN_POINT('Ctrl Pts',(110.540558945672,0.547859312830875,1.67614484875808));
#5583=CARTESIAN_POINT('Ctrl Pts',(110.540558945672,7.54785931283088,1.67614484875808));
#5584=CARTESIAN_POINT('Ctrl Pts',(110.171518341509,0.547859312830875,2.49877687629247));
#5585=CARTESIAN_POINT('Ctrl Pts',(110.171518341509,7.54785931283088,2.49877687629248));
#5586=CARTESIAN_POINT('Ctrl Pts',(109.977859869853,0.547859312830875,2.93046287341549));
#5587=CARTESIAN_POINT('Ctrl Pts',(109.977859869853,7.54785931283088,2.9304628734155));
#5588=CARTESIAN_POINT('',(109.977859869853,2.54785931283087,2.9304628734155));
#5589=CARTESIAN_POINT('Ctrl Pts',(109.977859869853,2.54785931283087,2.9304628734155));
#5590=CARTESIAN_POINT('Ctrl Pts',(110.171518341509,2.54785931283087,2.49877687629247));
#5591=CARTESIAN_POINT('Ctrl Pts',(110.365176813164,2.54785931283088,2.06709087916945));
#5592=CARTESIAN_POINT('Ctrl Pts',(110.699881488211,2.54785931283088,1.81866429566786));
#5593=CARTESIAN_POINT('Ctrl Pts',(111.00299871912,2.54785931283088,1.59368274121422));
#5594=CARTESIAN_POINT('Ctrl Pts',(111.421796166659,2.54785931283088,1.51900291880053));
#5595=CARTESIAN_POINT('Ctrl Pts',(111.840593614198,2.54785931283088,1.44432309638683));
#5596=CARTESIAN_POINT('',(109.977859869853,4.54785931283087,2.9304628734155));
#5597=CARTESIAN_POINT('Ctrl Pts',(109.977859869853,4.54785931283087,2.9304628734155));
#5598=CARTESIAN_POINT('Ctrl Pts',(110.171518341509,4.54785931283087,2.49877687629248));
#5599=CARTESIAN_POINT('Ctrl Pts',(110.365176813164,4.54785931283087,2.06709087916945));
#5600=CARTESIAN_POINT('Ctrl Pts',(110.699881488211,4.54785931283087,1.81866429566786));
#5601=CARTESIAN_POINT('Ctrl Pts',(111.00299871912,4.54785931283087,1.59368274121422));
#5602=CARTESIAN_POINT('Ctrl Pts',(111.421796166659,4.54785931283087,1.51900291880053));
#5603=CARTESIAN_POINT('Ctrl Pts',(111.840593614198,4.54785931283087,1.44432309638683));
#5604=CARTESIAN_POINT('',(109.977859869853,0.547859312830875,2.93046287341549));
#5605=CARTESIAN_POINT('Ctrl Pts',(109.977859869853,0.547859312830875,2.93046287341549));
#5606=CARTESIAN_POINT('Ctrl Pts',(109.977859869853,7.54785931283088,2.9304628734155));
#5607=CARTESIAN_POINT('Ctrl Pts',(109.933042704673,0.547859312830875,3.1073109089437));
#5608=CARTESIAN_POINT('Ctrl Pts',(109.933042704673,7.54785931283088,3.1073109089437));
#5609=CARTESIAN_POINT('Ctrl Pts',(109.841136206925,0.547859312830875,3.46997292724671));
#5610=CARTESIAN_POINT('Ctrl Pts',(109.841136206925,7.54785931283088,3.46997292724671));
#5611=CARTESIAN_POINT('Ctrl Pts',(109.831290988931,0.547859312830875,3.84404535727077));
#5612=CARTESIAN_POINT('Ctrl Pts',(109.831290988931,7.54785931283088,3.84404535727077));
#5613=CARTESIAN_POINT('Ctrl Pts',(109.826246680252,0.547859312830875,4.03570559341644));
#5614=CARTESIAN_POINT('Ctrl Pts',(109.826246680252,7.54785931283088,4.03570559341645));
#5615=CARTESIAN_POINT('',(109.826246680252,2.54785931283087,4.03570559341644));
#5616=CARTESIAN_POINT('Ctrl Pts',(109.826246680252,2.54785931283087,4.03570559341644));
#5617=CARTESIAN_POINT('Ctrl Pts',(109.831290988931,2.54785931283087,3.84404535727077));
#5618=CARTESIAN_POINT('Ctrl Pts',(109.836335297611,2.54785931283087,3.6523851211251));
#5619=CARTESIAN_POINT('Ctrl Pts',(109.862921849343,2.54785931283087,3.46372027895046));
#5620=CARTESIAN_POINT('Ctrl Pts',(109.888225539492,2.54785931283087,3.2841589444719));
#5621=CARTESIAN_POINT('Ctrl Pts',(109.933042704673,2.54785931283087,3.1073109089437));
#5622=CARTESIAN_POINT('Ctrl Pts',(109.977859869853,2.54785931283087,2.9304628734155));
#5623=CARTESIAN_POINT('',(109.826246680252,4.54785931283087,4.03570559341644));
#5624=CARTESIAN_POINT('Ctrl Pts',(109.826246680252,4.54785931283087,4.03570559341644));
#5625=CARTESIAN_POINT('Ctrl Pts',(109.831290988931,4.54785931283087,3.84404535727077));
#5626=CARTESIAN_POINT('Ctrl Pts',(109.836335297611,4.54785931283087,3.6523851211251));
#5627=CARTESIAN_POINT('Ctrl Pts',(109.862921849343,4.54785931283087,3.46372027895046));
#5628=CARTESIAN_POINT('Ctrl Pts',(109.888225539492,4.54785931283087,3.2841589444719));
#5629=CARTESIAN_POINT('Ctrl Pts',(109.933042704673,4.54785931283087,3.1073109089437));
#5630=CARTESIAN_POINT('Ctrl Pts',(109.977859869853,4.54785931283087,2.9304628734155));
#5631=CARTESIAN_POINT('',(109.826246680252,0.547859312830875,4.03570559341644));
#5632=CARTESIAN_POINT('Origin',(109.826246680252,0.547859312830875,4.03570559341644));
#5633=CARTESIAN_POINT('',(109.8380295689,2.54785931283087,6.86971148856987));
#5634=CARTESIAN_POINT('',(109.829192400887,2.54785931283087,4.74420669989949));
#5635=CARTESIAN_POINT('',(109.8380295689,4.54785931283087,6.86971148856987));
#5636=CARTESIAN_POINT('',(109.829192402403,4.54785931283087,4.74420706449183));
#5637=CARTESIAN_POINT('',(109.8380295689,0.547859312830873,6.86971148856987));
#5638=CARTESIAN_POINT('Ctrl Pts',(109.8380295689,0.547859312830873,6.86971148856987));
#5639=CARTESIAN_POINT('Ctrl Pts',(109.8380295689,7.54785931283087,6.86971148856987));
#5640=CARTESIAN_POINT('Ctrl Pts',(109.885341345406,0.547859312830873,7.47718386327682));
#5641=CARTESIAN_POINT('Ctrl Pts',(109.885341345406,7.54785931283087,7.47718386327682));
#5642=CARTESIAN_POINT('Ctrl Pts',(109.973728669859,0.547859312830873,8.61205686627162));
#5643=CARTESIAN_POINT('Ctrl Pts',(109.973728669859,7.54785931283087,8.61205686627162));
#5644=CARTESIAN_POINT('Ctrl Pts',(110.958579196905,0.547859312830873,9.15866378440576));
#5645=CARTESIAN_POINT('Ctrl Pts',(110.958579196905,7.54785931283087,9.15866378440576));
#5646=CARTESIAN_POINT('Ctrl Pts',(111.41626105678,0.547859312830873,9.41268412966878));
#5647=CARTESIAN_POINT('Ctrl Pts',(111.41626105678,7.54785931283087,9.41268412966878));
#5648=CARTESIAN_POINT('Ctrl Pts',(111.41626105678,2.54785931283087,9.41268412966878));
#5649=CARTESIAN_POINT('Ctrl Pts',(110.958579196905,2.54785931283087,9.15866378440576));
#5650=CARTESIAN_POINT('Ctrl Pts',(110.500897337029,2.54785931283087,8.90464343914273));
#5651=CARTESIAN_POINT('Ctrl Pts',(110.23682166047,2.54785931283087,8.52357721945294));
#5652=CARTESIAN_POINT('Ctrl Pts',(109.932653121911,2.54785931283087,8.08465623798378));
#5653=CARTESIAN_POINT('Ctrl Pts',(109.885341345406,2.54785931283087,7.47718386327682));
#5654=CARTESIAN_POINT('Ctrl Pts',(109.8380295689,2.54785931283087,6.86971148856987));
#5655=CARTESIAN_POINT('Ctrl Pts',(111.41626105678,4.54785931283087,9.41268412966878));
#5656=CARTESIAN_POINT('Ctrl Pts',(110.958579196905,4.54785931283087,9.15866378440576));
#5657=CARTESIAN_POINT('Ctrl Pts',(110.500897337029,4.54785931283087,8.90464343914273));
#5658=CARTESIAN_POINT('Ctrl Pts',(110.23682166047,4.54785931283087,8.52357721945294));
#5659=CARTESIAN_POINT('Ctrl Pts',(109.932653121911,4.54785931283087,8.08465623798378));
#5660=CARTESIAN_POINT('Ctrl Pts',(109.885341345406,4.54785931283087,7.47718386327682));
#5661=CARTESIAN_POINT('Ctrl Pts',(109.8380295689,4.54785931283087,6.86971148856987));
#5662=CARTESIAN_POINT('Origin',(103.621060052563,0.547859312830874,5.01548774073278));
#5663=CARTESIAN_POINT('',(103.636414922544,2.54785931283087,8.70862219571569));
#5664=CARTESIAN_POINT('',(103.621060052563,2.54785931283087,5.01548774073279));
#5665=CARTESIAN_POINT('',(103.622022629688,2.54785931283087,5.24700560792776));
#5666=CARTESIAN_POINT('',(103.621060052563,4.54785931283087,5.01548774073279));
#5667=CARTESIAN_POINT('',(103.621060052563,0.547859312830874,5.01548774073278));
#5668=CARTESIAN_POINT('',(103.636414922544,4.54785931283087,8.70862219571569));
#5669=CARTESIAN_POINT('',(103.622022631204,4.54785931283087,5.2470059725201));
#5670=CARTESIAN_POINT('',(103.636414922544,0.547859312830873,8.70862219571569));
#5671=CARTESIAN_POINT('Origin',(103.636414922544,0.547859312830873,8.70862219571569));
#5672=CARTESIAN_POINT('',(103.697783334391,2.54785931283087,8.70836704551838));
#5673=CARTESIAN_POINT('',(91.97403158981,2.54785931283087,8.75711064961186));
#5674=CARTESIAN_POINT('',(103.697783334391,4.54785931283087,8.70836704551838));
#5675=CARTESIAN_POINT('',(91.9740325058897,4.54785931283087,8.75711064580309));
#5676=CARTESIAN_POINT('',(103.697783334391,0.547859312830873,8.70836704551838));
#5677=CARTESIAN_POINT('Origin',(103.697783334391,0.547859312830873,8.70836704551837));
#5678=CARTESIAN_POINT('',(105.778428175789,2.54785931283087,5.96050106430827));
#5679=CARTESIAN_POINT('',(100.188184654486,2.54785931283087,13.3434237492513));
#5680=CARTESIAN_POINT('',(105.778428175789,4.54785931283087,5.96050106430827));
#5681=CARTESIAN_POINT('',(100.188184815231,4.54785931283087,13.3434235369585));
#5682=CARTESIAN_POINT('',(105.778428175789,0.547859312830874,5.96050106430827));
#5683=CARTESIAN_POINT('Origin',(105.778428175789,0.547859312830874,5.96050106430827));
#5684=CARTESIAN_POINT('',(105.762957335879,2.54785931283087,2.23947366479168));
#5685=CARTESIAN_POINT('',(105.777407609406,2.54785931283087,5.71503569221517));
#5686=CARTESIAN_POINT('',(105.762957335879,4.54785931283087,2.23947366479168));
#5687=CARTESIAN_POINT('',(105.777407610922,4.54785931283087,5.71503605680751));
#5688=CARTESIAN_POINT('',(105.762957335879,0.547859312830875,2.23947366479168));
#5689=CARTESIAN_POINT('Origin',(105.762957335879,0.547859312830875,2.23947366479168));
#5690=CARTESIAN_POINT('',(105.72948365669,2.54785931283087,2.23961283762658));
#5691=CARTESIAN_POINT('',(93.0238730850409,2.54785931283087,2.2924386961881));
#5692=CARTESIAN_POINT('',(105.72948365669,4.54785931283087,2.23961283762658));
#5693=CARTESIAN_POINT('',(93.0238740011205,4.54785931283087,2.29243869237933));
#5694=CARTESIAN_POINT('',(105.72948365669,0.547859312830875,2.23961283762658));
#5695=CARTESIAN_POINT('Ctrl Pts',(105.72948365669,0.547859312830875,2.23961283762658));
#5696=CARTESIAN_POINT('Ctrl Pts',(105.72948365669,7.54785931283088,2.23961283762658));
#5697=CARTESIAN_POINT('Ctrl Pts',(105.190769878359,0.547859312830875,2.90827700007492));
#5698=CARTESIAN_POINT('Ctrl Pts',(105.190769878359,7.54785931283088,2.90827700007493));
#5699=CARTESIAN_POINT('Ctrl Pts',(104.461271546732,0.547859312830875,3.81374741970179));
#5700=CARTESIAN_POINT('Ctrl Pts',(104.461271546732,7.54785931283088,3.81374741970179));
#5701=CARTESIAN_POINT('Ctrl Pts',(103.795244944203,0.547859312830874,4.7663540296955));
#5702=CARTESIAN_POINT('Ctrl Pts',(103.795244944203,7.54785931283087,4.7663540296955));
#5703=CARTESIAN_POINT('Ctrl Pts',(103.621060052563,0.547859312830874,5.01548774073278));
#5704=CARTESIAN_POINT('Ctrl Pts',(103.621060052563,7.54785931283087,5.01548774073279));
#5705=CARTESIAN_POINT('Ctrl Pts',(103.621060052563,2.54785931283087,5.01548774073278));
#5706=CARTESIAN_POINT('Ctrl Pts',(103.795244944203,2.54785931283087,4.7663540296955));
#5707=CARTESIAN_POINT('Ctrl Pts',(103.969429835843,2.54785931283087,4.51722031865822));
#5708=CARTESIAN_POINT('Ctrl Pts',(104.147956010933,2.54785931283087,4.27131058727345));
#5709=CARTESIAN_POINT('Ctrl Pts',(104.652056100027,2.54785931283087,3.57694116252327));
#5710=CARTESIAN_POINT('Ctrl Pts',(105.190769878359,2.54785931283087,2.90827700007492));
#5711=CARTESIAN_POINT('Ctrl Pts',(105.72948365669,2.54785931283087,2.23961283762658));
#5712=CARTESIAN_POINT('Ctrl Pts',(103.621060052563,4.54785931283087,5.01548774073278));
#5713=CARTESIAN_POINT('Ctrl Pts',(103.795244944203,4.54785931283087,4.7663540296955));
#5714=CARTESIAN_POINT('Ctrl Pts',(103.969429835843,4.54785931283087,4.51722031865822));
#5715=CARTESIAN_POINT('Ctrl Pts',(104.147956010933,4.54785931283087,4.27131058727345));
#5716=CARTESIAN_POINT('Ctrl Pts',(104.652056100027,4.54785931283087,3.57694116252327));
#5717=CARTESIAN_POINT('Ctrl Pts',(105.190769878359,4.54785931283087,2.90827700007492));
#5718=CARTESIAN_POINT('Ctrl Pts',(105.72948365669,4.54785931283087,2.23961283762658));
#5719=CARTESIAN_POINT('Ctrl Pts',(96.5710833412198,0.547859312830873,9.44651100420969));
#5720=CARTESIAN_POINT('Ctrl Pts',(96.5710833412198,7.54785931283087,9.44651100420969));
#5721=CARTESIAN_POINT('Ctrl Pts',(96.575765558366,0.547859312830873,9.46435693693124));
#5722=CARTESIAN_POINT('Ctrl Pts',(96.575765558366,7.54785931283087,9.46435693693124));
#5723=CARTESIAN_POINT('Ctrl Pts',(96.5844538382728,0.547859312830873,9.49747168873434));
#5724=CARTESIAN_POINT('Ctrl Pts',(96.5844538382728,7.54785931283087,9.49747168873434));
#5725=CARTESIAN_POINT('Ctrl Pts',(96.6174792639599,0.547859312830873,9.50441910605432));
#5726=CARTESIAN_POINT('Ctrl Pts',(96.6174792639599,7.54785931283087,9.50441910605432));
#5727=CARTESIAN_POINT('Ctrl Pts',(96.6327068958293,0.547859312830873,9.50762247773513));
#5728=CARTESIAN_POINT('Ctrl Pts',(96.6327068958293,7.54785931283087,9.50762247773513));
#5729=CARTESIAN_POINT('',(96.6327068958293,2.54785931283087,9.50762247773513));
#5730=CARTESIAN_POINT('',(96.5710833412198,2.54785931283087,9.44651100420968));
#5731=CARTESIAN_POINT('Ctrl Pts',(96.6327068958293,2.54785931283087,9.50762247773513));
#5732=CARTESIAN_POINT('Ctrl Pts',(96.6174792639599,2.54785931283087,9.50441910605432));
#5733=CARTESIAN_POINT('Ctrl Pts',(96.6022516320904,2.54785931283087,9.50121573437352));
#5734=CARTESIAN_POINT('Ctrl Pts',(96.5921981325699,2.54785931283087,9.49244912807767));
#5735=CARTESIAN_POINT('Ctrl Pts',(96.5804477755121,2.54785931283087,9.4822028696528));
#5736=CARTESIAN_POINT('Ctrl Pts',(96.575765558366,2.54785931283087,9.46435693693124));
#5737=CARTESIAN_POINT('Ctrl Pts',(96.5710833412198,2.54785931283087,9.44651100420969));
#5738=CARTESIAN_POINT('',(96.5710833412198,4.54785931283087,9.44651100420968));
#5739=CARTESIAN_POINT('',(96.5710833412198,0.547859312830873,9.44651100420968));
#5740=CARTESIAN_POINT('',(96.6327068958293,4.54785931283087,9.50762247773513));
#5741=CARTESIAN_POINT('Ctrl Pts',(96.6327068958293,4.54785931283087,9.50762247773513));
#5742=CARTESIAN_POINT('Ctrl Pts',(96.6174792639599,4.54785931283087,9.50441910605432));
#5743=CARTESIAN_POINT('Ctrl Pts',(96.6022516320904,4.54785931283087,9.50121573437352));
#5744=CARTESIAN_POINT('Ctrl Pts',(96.5921981325699,4.54785931283087,9.49244912807767));
#5745=CARTESIAN_POINT('Ctrl Pts',(96.5804477755121,4.54785931283087,9.4822028696528));
#5746=CARTESIAN_POINT('Ctrl Pts',(96.575765558366,4.54785931283087,9.46435693693124));
#5747=CARTESIAN_POINT('Ctrl Pts',(96.5710833412198,4.54785931283087,9.44651100420969));
#5748=CARTESIAN_POINT('',(96.6327068958293,0.547859312830873,9.50762247773513));
#5749=CARTESIAN_POINT('Origin',(96.6327068958293,0.547859312830873,9.50762247773513));
#5750=CARTESIAN_POINT('',(99.5224962958849,2.54785931283087,9.49560765914303));
#5751=CARTESIAN_POINT('',(88.4737780082955,2.54785931283087,9.54154469036683));
#5752=CARTESIAN_POINT('',(99.5224962958849,4.54785931283087,9.49560765914303));
#5753=CARTESIAN_POINT('',(88.4737789243752,4.54785931283087,9.54154468655807));
#5754=CARTESIAN_POINT('',(99.5224962958849,0.547859312830873,9.49560765914303));
#5755=CARTESIAN_POINT('Ctrl Pts',(99.5224962958849,0.547859312830873,9.49560765914303));
#5756=CARTESIAN_POINT('Ctrl Pts',(99.5224962958849,7.54785931283087,9.49560765914303));
#5757=CARTESIAN_POINT('Ctrl Pts',(99.5403439231164,0.547859312830873,9.49092697542356));
#5758=CARTESIAN_POINT('Ctrl Pts',(99.5403439231164,7.54785931283087,9.49092697542356));
#5759=CARTESIAN_POINT('Ctrl Pts',(99.5734613780199,0.547859312830873,9.48224165664216));
#5760=CARTESIAN_POINT('Ctrl Pts',(99.5734613780199,7.54785931283087,9.48224165664216));
#5761=CARTESIAN_POINT('Ctrl Pts',(99.5804070485709,0.547859312830873,9.44921421123199));
#5762=CARTESIAN_POINT('Ctrl Pts',(99.5804070485709,7.54785931283087,9.44921421123199));
#5763=CARTESIAN_POINT('Ctrl Pts',(99.5836095649687,0.547859312830873,9.43398588522296));
#5764=CARTESIAN_POINT('Ctrl Pts',(99.5836095649687,7.54785931283087,9.43398588522296));
#5765=CARTESIAN_POINT('',(99.5836095649687,2.54785931283087,9.43398588522296));
#5766=CARTESIAN_POINT('Ctrl Pts',(99.5836095649687,2.54785931283087,9.43398588522296));
#5767=CARTESIAN_POINT('Ctrl Pts',(99.5804070485709,2.54785931283087,9.44921421123199));
#5768=CARTESIAN_POINT('Ctrl Pts',(99.5772045321732,2.54785931283087,9.46444253724102));
#5769=CARTESIAN_POINT('Ctrl Pts',(99.5684380083914,2.54785931283087,9.47449583313057));
#5770=CARTESIAN_POINT('Ctrl Pts',(99.558191550348,2.54785931283087,9.48624629170409));
#5771=CARTESIAN_POINT('Ctrl Pts',(99.5403439231164,2.54785931283087,9.49092697542356));
#5772=CARTESIAN_POINT('Ctrl Pts',(99.5224962958849,2.54785931283087,9.49560765914303));
#5773=CARTESIAN_POINT('',(99.5836095649687,4.54785931283087,9.43398588522296));
#5774=CARTESIAN_POINT('Ctrl Pts',(99.5836095649687,4.54785931283087,9.43398588522296));
#5775=CARTESIAN_POINT('Ctrl Pts',(99.5804070485709,4.54785931283087,9.44921421123199));
#5776=CARTESIAN_POINT('Ctrl Pts',(99.5772045321732,4.54785931283087,9.46444253724102));
#5777=CARTESIAN_POINT('Ctrl Pts',(99.5684380083914,4.54785931283087,9.47449583313057));
#5778=CARTESIAN_POINT('Ctrl Pts',(99.558191550348,4.54785931283087,9.48624629170409));
#5779=CARTESIAN_POINT('Ctrl Pts',(99.5403439231164,4.54785931283087,9.49092697542356));
#5780=CARTESIAN_POINT('Ctrl Pts',(99.5224962958849,4.54785931283087,9.49560765914303));
#5781=CARTESIAN_POINT('',(99.5836095649687,0.547859312830873,9.43398588522296));
#5782=CARTESIAN_POINT('Origin',(99.5836095649687,0.547859312830873,9.43398588522296));
#5783=CARTESIAN_POINT('',(99.5508586952928,2.54785931283087,1.55678696568159));
#5784=CARTESIAN_POINT('',(99.5754218466421,2.54785931283087,7.4646859370426));
#5785=CARTESIAN_POINT('',(99.5508586952928,4.54785931283087,1.55678696568159));
#5786=CARTESIAN_POINT('',(99.575421848158,4.54785931283087,7.46468630163494));
#5787=CARTESIAN_POINT('',(99.5508586952928,0.547859312830875,1.55678696568159));
#5788=CARTESIAN_POINT('Ctrl Pts',(99.5508586952928,0.547859312830875,1.55678696568159));
#5789=CARTESIAN_POINT('Ctrl Pts',(99.5508586952928,7.54785931283088,1.55678696568159));
#5790=CARTESIAN_POINT('Ctrl Pts',(99.5482261508519,0.547859312830875,1.53889947484774));
#5791=CARTESIAN_POINT('Ctrl Pts',(99.5482261508519,7.54785931283088,1.53889947484774));
#5792=CARTESIAN_POINT('Ctrl Pts',(99.5429611028859,0.547859312830875,1.50312477119295));
#5793=CARTESIAN_POINT('Ctrl Pts',(99.5429611028859,7.54785931283088,1.50312477119295));
#5794=CARTESIAN_POINT('Ctrl Pts',(99.5071437036214,0.547859312830875,1.49815896966584));
#5795=CARTESIAN_POINT('Ctrl Pts',(99.5071437036214,7.54785931283088,1.49815896966584));
#5796=CARTESIAN_POINT('Ctrl Pts',(99.4892351431614,0.547859312830875,1.49567608819745));
#5797=CARTESIAN_POINT('Ctrl Pts',(99.4892351431614,7.54785931283088,1.49567608819745));
#5798=CARTESIAN_POINT('',(99.4892351431614,2.54785931283087,1.49567608819745));
#5799=CARTESIAN_POINT('Ctrl Pts',(99.4892351431614,2.54785931283088,1.49567608819745));
#5800=CARTESIAN_POINT('Ctrl Pts',(99.5071437036214,2.54785931283088,1.49815896966584));
#5801=CARTESIAN_POINT('Ctrl Pts',(99.5250522640813,2.54785931283088,1.50064185113424));
#5802=CARTESIAN_POINT('Ctrl Pts',(99.5353228554306,2.54785931283088,1.51082683842372));
#5803=CARTESIAN_POINT('Ctrl Pts',(99.545593606411,2.54785931283088,1.52101198401388));
#5804=CARTESIAN_POINT('Ctrl Pts',(99.5482261508519,2.54785931283088,1.53889947484774));
#5805=CARTESIAN_POINT('Ctrl Pts',(99.5508586952928,2.54785931283088,1.55678696568159));
#5806=CARTESIAN_POINT('',(99.4892351431614,4.54785931283087,1.49567608819745));
#5807=CARTESIAN_POINT('Ctrl Pts',(99.4892351431614,4.54785931283087,1.49567608819745));
#5808=CARTESIAN_POINT('Ctrl Pts',(99.5071437036214,4.54785931283087,1.49815896966584));
#5809=CARTESIAN_POINT('Ctrl Pts',(99.5250522640813,4.54785931283087,1.50064185113424));
#5810=CARTESIAN_POINT('Ctrl Pts',(99.5353228554306,4.54785931283087,1.51082683842372));
#5811=CARTESIAN_POINT('Ctrl Pts',(99.545593606411,4.54785931283087,1.52101198401388));
#5812=CARTESIAN_POINT('Ctrl Pts',(99.5482261508519,4.54785931283087,1.53889947484774));
#5813=CARTESIAN_POINT('Ctrl Pts',(99.5508586952928,4.54785931283087,1.55678696568159));
#5814=CARTESIAN_POINT('',(99.4892351431614,0.547859312830875,1.49567608819745));
#5815=CARTESIAN_POINT('Origin',(99.4892351431614,0.547859312830875,1.49567608819745));
#5816=CARTESIAN_POINT('',(96.5994457431058,2.54785931283087,1.50769090678954));
#5817=CARTESIAN_POINT('',(89.8854115555997,2.54785931283087,1.5356057101252));
#5818=CARTESIAN_POINT('',(96.5994457431058,4.54785931283087,1.50769090678954));
#5819=CARTESIAN_POINT('',(89.8854124716794,4.54785931283087,1.53560570631644));
#5820=CARTESIAN_POINT('',(96.5994457431058,0.547859312830875,1.50769090678954));
#5821=CARTESIAN_POINT('Ctrl Pts',(96.5994457431058,0.547859312830875,1.50769090678954));
#5822=CARTESIAN_POINT('Ctrl Pts',(96.5994457431058,7.54785931283088,1.50769090678954));
#5823=CARTESIAN_POINT('Ctrl Pts',(96.5815560606444,0.547859312830875,1.51032199007357));
#5824=CARTESIAN_POINT('Ctrl Pts',(96.5815560606444,7.54785931283088,1.51032199007357));
#5825=CARTESIAN_POINT('Ctrl Pts',(96.5457786416661,0.547859312830875,1.51558387044639));
#5826=CARTESIAN_POINT('Ctrl Pts',(96.5457786416661,7.54785931283088,1.51558387044639));
#5827=CARTESIAN_POINT('Ctrl Pts',(96.5408144382498,0.547859312830875,1.551403329338));
#5828=CARTESIAN_POINT('Ctrl Pts',(96.5408144382498,7.54785931283088,1.551403329338));
#5829=CARTESIAN_POINT('Ctrl Pts',(96.5383324715439,0.547859312830875,1.56931208466832));
#5830=CARTESIAN_POINT('Ctrl Pts',(96.5383324715439,7.54785931283088,1.56931208466832));
#5831=CARTESIAN_POINT('',(96.5383324715439,2.54785931283087,1.56931208466832));
#5832=CARTESIAN_POINT('Ctrl Pts',(96.5383324715439,2.54785931283088,1.56931208466832));
#5833=CARTESIAN_POINT('Ctrl Pts',(96.5408144382498,2.54785931283088,1.551403329338));
#5834=CARTESIAN_POINT('Ctrl Pts',(96.5432964049557,2.54785931283088,1.53349457400768));
#5835=CARTESIAN_POINT('Ctrl Pts',(96.553480837605,2.54785931283088,1.52322438231179));
#5836=CARTESIAN_POINT('Ctrl Pts',(96.5636663781831,2.54785931283088,1.5129530733576));
#5837=CARTESIAN_POINT('Ctrl Pts',(96.5815560606444,2.54785931283088,1.51032199007357));
#5838=CARTESIAN_POINT('Ctrl Pts',(96.5994457431058,2.54785931283088,1.50769090678954));
#5839=CARTESIAN_POINT('',(96.5383324715439,4.54785931283087,1.56931208466832));
#5840=CARTESIAN_POINT('Ctrl Pts',(96.5383324715439,4.54785931283087,1.56931208466832));
#5841=CARTESIAN_POINT('Ctrl Pts',(96.5408144382498,4.54785931283087,1.551403329338));
#5842=CARTESIAN_POINT('Ctrl Pts',(96.5432964049557,4.54785931283087,1.53349457400768));
#5843=CARTESIAN_POINT('Ctrl Pts',(96.553480837605,4.54785931283087,1.52322438231179));
#5844=CARTESIAN_POINT('Ctrl Pts',(96.5636663781831,4.54785931283087,1.5129530733576));
#5845=CARTESIAN_POINT('Ctrl Pts',(96.5815560606444,4.54785931283087,1.51032199007357));
#5846=CARTESIAN_POINT('Ctrl Pts',(96.5994457431058,4.54785931283087,1.50769090678954));
#5847=CARTESIAN_POINT('',(96.5383324715439,0.547859312830875,1.56931208466832));
#5848=CARTESIAN_POINT('Origin',(96.5383324715439,0.547859312830875,1.56931208466832));
#5849=CARTESIAN_POINT('',(96.5465201880553,2.54785931283087,3.53861159625864));
#5850=CARTESIAN_POINT('',(96.5465201895711,4.54785931283087,3.53861196085098));
#5851=CARTESIAN_POINT('Ctrl Pts',(64.54346232478,0.547859312830873,9.57967159246624));
#5852=CARTESIAN_POINT('Ctrl Pts',(64.54346232478,7.54785931283087,9.57967159246624));
#5853=CARTESIAN_POINT('Ctrl Pts',(64.5481436372523,0.547859312830873,9.59751753767251));
#5854=CARTESIAN_POINT('Ctrl Pts',(64.5481436372523,7.54785931283087,9.59751753767251));
#5855=CARTESIAN_POINT('Ctrl Pts',(64.5568303166197,0.547859312830873,9.63063261062062));
#5856=CARTESIAN_POINT('Ctrl Pts',(64.5568303166197,7.54785931283087,9.63063261062062));
#5857=CARTESIAN_POINT('Ctrl Pts',(64.589855715545,0.547859312830873,9.63757978332436));
#5858=CARTESIAN_POINT('Ctrl Pts',(64.589855715545,7.54785931283087,9.63757978332436));
#5859=CARTESIAN_POINT('Ctrl Pts',(64.6050834952243,0.547859312830873,9.64078307590427));
#5860=CARTESIAN_POINT('Ctrl Pts',(64.6050834952243,7.54785931283087,9.64078307590428));
#5861=CARTESIAN_POINT('',(64.6050834952243,2.54785931283087,9.64078307590427));
#5862=CARTESIAN_POINT('',(64.54346232478,2.54785931283087,9.57967159246624));
#5863=CARTESIAN_POINT('Ctrl Pts',(64.6050834952243,2.54785931283087,9.64078307590427));
#5864=CARTESIAN_POINT('Ctrl Pts',(64.589855715545,2.54785931283087,9.63757978332436));
#5865=CARTESIAN_POINT('Ctrl Pts',(64.5746279358658,2.54785931283087,9.63437649074444));
#5866=CARTESIAN_POINT('Ctrl Pts',(64.5645747319648,2.54785931283087,9.62560972624682));
#5867=CARTESIAN_POINT('Ctrl Pts',(64.5528249497247,2.54785931283087,9.61536348287877));
#5868=CARTESIAN_POINT('Ctrl Pts',(64.5481436372523,2.54785931283087,9.59751753767251));
#5869=CARTESIAN_POINT('Ctrl Pts',(64.54346232478,2.54785931283087,9.57967159246624));
#5870=CARTESIAN_POINT('',(64.54346232478,4.54785931283087,9.57967159246624));
#5871=CARTESIAN_POINT('',(64.54346232478,0.547859312830873,9.57967159246624));
#5872=CARTESIAN_POINT('',(64.6050834952243,4.54785931283087,9.64078307590427));
#5873=CARTESIAN_POINT('Ctrl Pts',(64.6050834952243,4.54785931283087,9.64078307590428));
#5874=CARTESIAN_POINT('Ctrl Pts',(64.589855715545,4.54785931283087,9.63757978332436));
#5875=CARTESIAN_POINT('Ctrl Pts',(64.5746279358658,4.54785931283087,9.63437649074444));
#5876=CARTESIAN_POINT('Ctrl Pts',(64.5645747319648,4.54785931283087,9.62560972624682));
#5877=CARTESIAN_POINT('Ctrl Pts',(64.5528249497247,4.54785931283087,9.61536348287877));
#5878=CARTESIAN_POINT('Ctrl Pts',(64.5481436372523,4.54785931283087,9.59751753767251));
#5879=CARTESIAN_POINT('Ctrl Pts',(64.54346232478,4.54785931283087,9.57967159246624));
#5880=CARTESIAN_POINT('',(64.6050834952243,0.547859312830873,9.64078307590427));
#5881=CARTESIAN_POINT('Origin',(64.6050834952243,0.547859312830873,9.64078307590427));
#5882=CARTESIAN_POINT('',(68.1699063522715,2.54785931283087,9.62596168444248));
#5883=CARTESIAN_POINT('',(72.4599663079929,2.54785931283087,9.60812498945141));
#5884=CARTESIAN_POINT('',(68.1699063522715,4.54785931283087,9.62596168444248));
#5885=CARTESIAN_POINT('',(72.4599672240726,4.54785931283087,9.60812498564264));
#5886=CARTESIAN_POINT('',(68.1699063522715,0.547859312830873,9.62596168444248));
#5887=CARTESIAN_POINT('Ctrl Pts',(68.1699063522715,0.547859312830873,9.62596168444247));
#5888=CARTESIAN_POINT('Ctrl Pts',(68.1699063522715,7.54785931283087,9.62596168444247));
#5889=CARTESIAN_POINT('Ctrl Pts',(68.5887047148036,0.547859312830873,9.55128194201884));
#5890=CARTESIAN_POINT('Ctrl Pts',(68.5887047148036,7.54785931283087,9.55128194201885));
#5891=CARTESIAN_POINT('Ctrl Pts',(69.4699428650815,0.547859312830873,9.39414035799087));
#5892=CARTESIAN_POINT('Ctrl Pts',(69.4699428650815,7.54785931283087,9.39414035799087));
#5893=CARTESIAN_POINT('Ctrl Pts',(69.8389839533281,0.547859312830873,8.57150775481874));
#5894=CARTESIAN_POINT('Ctrl Pts',(69.8389839533281,7.54785931283087,8.57150775481874));
#5895=CARTESIAN_POINT('Ctrl Pts',(70.0326424807811,0.547859312830873,8.13982189750121));
#5896=CARTESIAN_POINT('Ctrl Pts',(70.0326424807811,7.54785931283087,8.13982189750122));
#5897=CARTESIAN_POINT('',(70.0326424807811,2.54785931283087,8.13982189750121));
#5898=CARTESIAN_POINT('Ctrl Pts',(70.0326424807811,2.54785931283087,8.13982189750121));
#5899=CARTESIAN_POINT('Ctrl Pts',(69.8389839533281,2.54785931283087,8.57150775481874));
#5900=CARTESIAN_POINT('Ctrl Pts',(69.6453254258751,2.54785931283087,9.00319361213626));
#5901=CARTESIAN_POINT('Ctrl Pts',(69.310620861184,2.54785931283087,9.2516201772282));
#5902=CARTESIAN_POINT('Ctrl Pts',(69.0075030773358,2.54785931283087,9.47660219959521));
#5903=CARTESIAN_POINT('Ctrl Pts',(68.5887047148036,2.54785931283087,9.55128194201884));
#5904=CARTESIAN_POINT('Ctrl Pts',(68.1699063522715,2.54785931283087,9.62596168444247));
#5905=CARTESIAN_POINT('',(70.0326424807811,4.54785931283087,8.13982189750121));
#5906=CARTESIAN_POINT('Ctrl Pts',(70.0326424807811,4.54785931283087,8.13982189750122));
#5907=CARTESIAN_POINT('Ctrl Pts',(69.8389839533281,4.54785931283087,8.57150775481874));
#5908=CARTESIAN_POINT('Ctrl Pts',(69.6453254258751,4.54785931283087,9.00319361213626));
#5909=CARTESIAN_POINT('Ctrl Pts',(69.310620861184,4.54785931283087,9.2516201772282));
#5910=CARTESIAN_POINT('Ctrl Pts',(69.0075030773358,4.54785931283087,9.47660219959522));
#5911=CARTESIAN_POINT('Ctrl Pts',(68.5887047148036,4.54785931283087,9.55128194201885));
#5912=CARTESIAN_POINT('Ctrl Pts',(68.1699063522715,4.54785931283087,9.62596168444247));
#5913=CARTESIAN_POINT('',(70.0326424807811,0.547859312830873,8.13982189750121));
#5914=CARTESIAN_POINT('Ctrl Pts',(70.0326424807811,0.547859312830873,8.13982189750121));
#5915=CARTESIAN_POINT('Ctrl Pts',(70.0326424807811,7.54785931283087,8.13982189750122));
#5916=CARTESIAN_POINT('Ctrl Pts',(70.077459645786,0.547859312830873,7.96297366283997));
#5917=CARTESIAN_POINT('Ctrl Pts',(70.077459645786,7.54785931283087,7.96297366283998));
#5918=CARTESIAN_POINT('Ctrl Pts',(70.1693660440664,0.547859312830873,7.60031162725252));
#5919=CARTESIAN_POINT('Ctrl Pts',(70.1693660440664,7.54785931283087,7.60031162725253));
#5920=CARTESIAN_POINT('Ctrl Pts',(70.1792113313691,0.547859312830873,7.22623921026298));
#5921=CARTESIAN_POINT('Ctrl Pts',(70.1792113313691,7.54785931283087,7.22623921026298));
#5922=CARTESIAN_POINT('Ctrl Pts',(70.1842556703829,0.547859312830873,7.03457917750026));
#5923=CARTESIAN_POINT('Ctrl Pts',(70.1842556703829,7.54785931283087,7.03457917750026));
#5924=CARTESIAN_POINT('',(70.1842556703829,2.54785931283087,7.03457917750026));
#5925=CARTESIAN_POINT('Ctrl Pts',(70.1842556703829,2.54785931283087,7.03457917750026));
#5926=CARTESIAN_POINT('Ctrl Pts',(70.1792113313691,2.54785931283087,7.22623921026298));
#5927=CARTESIAN_POINT('Ctrl Pts',(70.1741669923554,2.54785931283087,7.41789924302569));
#5928=CARTESIAN_POINT('Ctrl Pts',(70.1475804988129,2.54785931283087,7.60656389592495));
#5929=CARTESIAN_POINT('Ctrl Pts',(70.122276810791,2.54785931283087,7.78612542817874));
#5930=CARTESIAN_POINT('Ctrl Pts',(70.077459645786,2.54785931283087,7.96297366283997));
#5931=CARTESIAN_POINT('Ctrl Pts',(70.0326424807811,2.54785931283087,8.13982189750121));
#5932=CARTESIAN_POINT('',(70.1842556703829,4.54785931283087,7.03457917750026));
#5933=CARTESIAN_POINT('Ctrl Pts',(70.1842556703829,4.54785931283087,7.03457917750026));
#5934=CARTESIAN_POINT('Ctrl Pts',(70.1792113313691,4.54785931283087,7.22623921026298));
#5935=CARTESIAN_POINT('Ctrl Pts',(70.1741669923554,4.54785931283087,7.41789924302569));
#5936=CARTESIAN_POINT('Ctrl Pts',(70.1475804988129,4.54785931283087,7.60656389592495));
#5937=CARTESIAN_POINT('Ctrl Pts',(70.122276810791,4.54785931283087,7.78612542817874));
#5938=CARTESIAN_POINT('Ctrl Pts',(70.077459645786,4.54785931283087,7.96297366283998));
#5939=CARTESIAN_POINT('Ctrl Pts',(70.0326424807811,4.54785931283087,8.13982189750122));
#5940=CARTESIAN_POINT('',(70.1842556703829,0.547859312830873,7.03457917750026));
#5941=CARTESIAN_POINT('Origin',(70.1842556703829,0.547859312830873,7.03457917750026));
#5942=CARTESIAN_POINT('',(70.1724727817342,2.54785931283087,4.20057328234684));
#5943=CARTESIAN_POINT('',(70.1813099466936,2.54785931283087,6.32607733640656));
#5944=CARTESIAN_POINT('',(70.1724727817342,4.54785931283087,4.20057328234684));
#5945=CARTESIAN_POINT('',(70.1813099482095,4.54785931283087,6.32607770099891));
#5946=CARTESIAN_POINT('',(70.1724727817342,0.547859312830875,4.20057328234684));
#5947=CARTESIAN_POINT('Ctrl Pts',(70.1724727817342,0.547859312830875,4.20057328234684));
#5948=CARTESIAN_POINT('Ctrl Pts',(70.1724727817342,7.54785931283088,4.20057328234684));
#5949=CARTESIAN_POINT('Ctrl Pts',(70.1251619988144,0.547859312830875,3.59310079752269));
#5950=CARTESIAN_POINT('Ctrl Pts',(70.1251619988144,7.54785931283088,3.59310079752269));
#5951=CARTESIAN_POINT('Ctrl Pts',(70.0367764645282,0.547859312830875,2.45822674087584));
#5952=CARTESIAN_POINT('Ctrl Pts',(70.0367764645282,7.54785931283088,2.45822674087584));
#5953=CARTESIAN_POINT('Ctrl Pts',(69.0519243058608,0.547859312830875,1.9116207665233));
#5954=CARTESIAN_POINT('Ctrl Pts',(69.0519243058608,7.54785931283088,1.9116207665233));
#5955=CARTESIAN_POINT('Ctrl Pts',(68.5942412938543,0.547859312830875,1.65760064124792));
#5956=CARTESIAN_POINT('Ctrl Pts',(68.5942412938543,7.54785931283088,1.65760064124793));
#5957=CARTESIAN_POINT('',(68.5942412938543,2.54785931283087,1.65760064124793));
#5958=CARTESIAN_POINT('Ctrl Pts',(68.5942412938543,2.54785931283088,1.65760064124793));
#5959=CARTESIAN_POINT('Ctrl Pts',(69.0519243058608,2.54785931283087,1.9116207665233));
#5960=CARTESIAN_POINT('Ctrl Pts',(69.5096073178673,2.54785931283087,2.16564089179868));
#5961=CARTESIAN_POINT('Ctrl Pts',(69.7736830743294,2.54785931283087,2.54670754155117));
#5962=CARTESIAN_POINT('Ctrl Pts',(70.0778512158946,2.54785931283087,2.98562831269855));
#5963=CARTESIAN_POINT('Ctrl Pts',(70.1251619988144,2.54785931283087,3.59310079752269));
#5964=CARTESIAN_POINT('Ctrl Pts',(70.1724727817342,2.54785931283087,4.20057328234684));
#5965=CARTESIAN_POINT('',(68.5942412938543,4.54785931283087,1.65760064124793));
#5966=CARTESIAN_POINT('Ctrl Pts',(68.5942412938543,4.54785931283087,1.65760064124793));
#5967=CARTESIAN_POINT('Ctrl Pts',(69.0519243058608,4.54785931283087,1.9116207665233));
#5968=CARTESIAN_POINT('Ctrl Pts',(69.5096073178673,4.54785931283087,2.16564089179868));
#5969=CARTESIAN_POINT('Ctrl Pts',(69.7736830743294,4.54785931283087,2.54670754155117));
#5970=CARTESIAN_POINT('Ctrl Pts',(70.0778512158946,4.54785931283087,2.98562831269855));
#5971=CARTESIAN_POINT('Ctrl Pts',(70.1251619988144,4.54785931283087,3.59310079752269));
#5972=CARTESIAN_POINT('Ctrl Pts',(70.1724727817342,4.54785931283087,4.20057328234684));
#5973=CARTESIAN_POINT('',(68.5942412938543,0.547859312830875,1.65760064124792));
#5974=CARTESIAN_POINT('Ctrl Pts',(68.5942412938543,0.547859312830875,1.65760064124792));
#5975=CARTESIAN_POINT('Ctrl Pts',(68.5942412938543,7.54785931283088,1.65760064124793));
#5976=CARTESIAN_POINT('Ctrl Pts',(68.5050311283792,0.547859312830875,1.64830888410229));
#5977=CARTESIAN_POINT('Ctrl Pts',(68.5050311283792,7.54785931283088,1.6483088841023));
#5978=CARTESIAN_POINT('Ctrl Pts',(68.3528438818082,0.547859312830875,1.63245769799286));
#5979=CARTESIAN_POINT('Ctrl Pts',(68.3528438818082,7.54785931283088,1.63245769799286));
#5980=CARTESIAN_POINT('Ctrl Pts',(68.1999250289377,0.547859312830875,1.62791142214337));
#5981=CARTESIAN_POINT('Ctrl Pts',(68.1999250289377,7.54785931283088,1.62791142214337));
#5982=CARTESIAN_POINT('Ctrl Pts',(68.1366451995479,0.547859312830875,1.62603011349689));
#5983=CARTESIAN_POINT('Ctrl Pts',(68.1366451995479,7.54785931283088,1.62603011349689));
#5984=CARTESIAN_POINT('',(68.1366451995479,2.54785931283087,1.62603011349689));
#5985=CARTESIAN_POINT('Ctrl Pts',(68.1366451995479,2.54785931283088,1.62603011349689));
#5986=CARTESIAN_POINT('Ctrl Pts',(68.1999250289377,2.54785931283088,1.62791142214337));
#5987=CARTESIAN_POINT('Ctrl Pts',(68.2632048583275,2.54785931283088,1.62979273078985));
#5988=CARTESIAN_POINT('Ctrl Pts',(68.3263594064977,2.54785931283088,1.63360990705493));
#5989=CARTESIAN_POINT('Ctrl Pts',(68.4158209629041,2.54785931283088,1.63901712695667));
#5990=CARTESIAN_POINT('Ctrl Pts',(68.5050311283792,2.54785931283088,1.64830888410229));
#5991=CARTESIAN_POINT('Ctrl Pts',(68.5942412938543,2.54785931283088,1.65760064124793));
#5992=CARTESIAN_POINT('',(68.1366451995479,4.54785931283087,1.62603011349689));
#5993=CARTESIAN_POINT('Ctrl Pts',(68.1366451995479,4.54785931283087,1.62603011349689));
#5994=CARTESIAN_POINT('Ctrl Pts',(68.1999250289377,4.54785931283087,1.62791142214337));
#5995=CARTESIAN_POINT('Ctrl Pts',(68.2632048583275,4.54785931283087,1.62979273078985));
#5996=CARTESIAN_POINT('Ctrl Pts',(68.3263594064977,4.54785931283087,1.63360990705493));
#5997=CARTESIAN_POINT('Ctrl Pts',(68.4158209629041,4.54785931283087,1.63901712695667));
#5998=CARTESIAN_POINT('Ctrl Pts',(68.5050311283792,4.54785931283087,1.6483088841023));
#5999=CARTESIAN_POINT('Ctrl Pts',(68.5942412938543,4.54785931283087,1.65760064124793));
#6000=CARTESIAN_POINT('',(68.1366451995479,0.547859312830875,1.62603011349689));
#6001=CARTESIAN_POINT('Origin',(68.1366451995479,0.547859312830875,1.62603011349689));
#6002=CARTESIAN_POINT('',(64.5718223425008,2.54785931283087,1.64085150495869));
#6003=CARTESIAN_POINT('',(74.209116583793,2.54785931283087,1.60078272277493));
#6004=CARTESIAN_POINT('',(64.5718223425008,4.54785931283087,1.64085150495869));
#6005=CARTESIAN_POINT('',(74.2091174998727,4.54785931283087,1.60078271896616));
#6006=CARTESIAN_POINT('',(64.5718223425008,0.547859312830875,1.64085150495869));
#6007=CARTESIAN_POINT('Ctrl Pts',(64.5718223425008,0.547859312830875,1.64085150495869));
#6008=CARTESIAN_POINT('Ctrl Pts',(64.5718223425008,7.54785931283088,1.64085150495869));
#6009=CARTESIAN_POINT('Ctrl Pts',(64.5539348478652,0.547859312830875,1.6434831354767));
#6010=CARTESIAN_POINT('Ctrl Pts',(64.5539348478652,7.54785931283088,1.6434831354767));
#6011=CARTESIAN_POINT('Ctrl Pts',(64.5181598585942,0.547859312830875,1.64874639651273));
#6012=CARTESIAN_POINT('Ctrl Pts',(64.5181598585942,7.54785931283088,1.64874639651273));
#6013=CARTESIAN_POINT('Ctrl Pts',(64.5131942562674,0.547859312830875,1.68456391412082));
#6014=CARTESIAN_POINT('Ctrl Pts',(64.5131942562674,7.54785931283088,1.68456391412082));
#6015=CARTESIAN_POINT('Ctrl Pts',(64.510711455104,0.547859312830875,1.70247267292487));
#6016=CARTESIAN_POINT('Ctrl Pts',(64.510711455104,7.54785931283088,1.70247267292487));
#6017=CARTESIAN_POINT('',(64.510711455104,2.54785931283087,1.70247267292487));
#6018=CARTESIAN_POINT('Ctrl Pts',(64.510711455104,2.54785931283087,1.70247267292487));
#6019=CARTESIAN_POINT('Ctrl Pts',(64.5131942562674,2.54785931283087,1.68456391412082));
#6020=CARTESIAN_POINT('Ctrl Pts',(64.5156770574308,2.54785931283087,1.66665515531677));
#6021=CARTESIAN_POINT('Ctrl Pts',(64.5258622053303,2.54785931283087,1.65638496065575));
#6022=CARTESIAN_POINT('Ctrl Pts',(64.5360473532297,2.54785931283087,1.64611476599472));
#6023=CARTESIAN_POINT('Ctrl Pts',(64.5539348478652,2.54785931283087,1.6434831354767));
#6024=CARTESIAN_POINT('Ctrl Pts',(64.5718223425008,2.54785931283087,1.64085150495869));
#6025=CARTESIAN_POINT('',(64.510711455104,4.54785931283087,1.70247267292487));
#6026=CARTESIAN_POINT('Ctrl Pts',(64.510711455104,4.54785931283087,1.70247267292487));
#6027=CARTESIAN_POINT('Ctrl Pts',(64.5131942562674,4.54785931283087,1.68456391412082));
#6028=CARTESIAN_POINT('Ctrl Pts',(64.5156770574308,4.54785931283087,1.66665515531677));
#6029=CARTESIAN_POINT('Ctrl Pts',(64.5258622053303,4.54785931283087,1.65638496065575));
#6030=CARTESIAN_POINT('Ctrl Pts',(64.5360473532297,4.54785931283087,1.64611476599472));
#6031=CARTESIAN_POINT('Ctrl Pts',(64.5539348478652,4.54785931283087,1.6434831354767));
#6032=CARTESIAN_POINT('Ctrl Pts',(64.5718223425008,4.54785931283087,1.64085150495869));
#6033=CARTESIAN_POINT('',(64.510711455104,0.547859312830875,1.70247267292487));
#6034=CARTESIAN_POINT('Origin',(64.510711455104,0.547859312830875,1.70247267292487));
#6035=CARTESIAN_POINT('',(64.5198037655925,2.54785931283087,3.88934401603334));
#6036=CARTESIAN_POINT('',(64.5188991716154,2.54785931283087,3.67177218451518));
#6037=CARTESIAN_POINT('',(64.5198037655925,4.54785931283087,3.88934401603334));
#6038=CARTESIAN_POINT('',(64.5188991731312,4.54785931283087,3.67177254910752));
#6039=CARTESIAN_POINT('',(64.5198037655925,0.547859312830875,3.88934401603334));
#6040=CARTESIAN_POINT('Ctrl Pts',(64.5198037655925,0.547859312830875,3.88934401603334));
#6041=CARTESIAN_POINT('Ctrl Pts',(64.5198037655925,7.54785931283088,3.88934401603334));
#6042=CARTESIAN_POINT('Ctrl Pts',(64.5244851343163,0.547859312830875,3.90718971358311));
#6043=CARTESIAN_POINT('Ctrl Pts',(64.5244851343163,7.54785931283088,3.90718971358311));
#6044=CARTESIAN_POINT('Ctrl Pts',(64.5331719610537,0.547859312830875,3.94030449085664));
#6045=CARTESIAN_POINT('Ctrl Pts',(64.5331719610537,7.54785931283088,3.94030449085664));
#6046=CARTESIAN_POINT('Ctrl Pts',(64.5661971586393,0.547859312830875,3.94725161480384));
#6047=CARTESIAN_POINT('Ctrl Pts',(64.5661971586393,7.54785931283088,3.94725161480384));
#6048=CARTESIAN_POINT('Ctrl Pts',(64.5814249335587,0.547859312830875,3.95045490343008));
#6049=CARTESIAN_POINT('Ctrl Pts',(64.5814249335587,7.54785931283088,3.95045490343008));
#6050=CARTESIAN_POINT('',(64.5814249335587,2.54785931283087,3.95045490343008));
#6051=CARTESIAN_POINT('Ctrl Pts',(64.5814249335587,2.54785931283087,3.95045490343008));
#6052=CARTESIAN_POINT('Ctrl Pts',(64.5661971586393,2.54785931283087,3.94725161480384));
#6053=CARTESIAN_POINT('Ctrl Pts',(64.5509693837199,2.54785931283087,3.94404832617761));
#6054=CARTESIAN_POINT('Ctrl Pts',(64.5409161702992,2.54785931283087,3.93528155377262));
#6055=CARTESIAN_POINT('Ctrl Pts',(64.52916650304,2.54785931283087,3.92503541113289));
#6056=CARTESIAN_POINT('Ctrl Pts',(64.5244851343163,2.54785931283087,3.90718971358311));
#6057=CARTESIAN_POINT('Ctrl Pts',(64.5198037655925,2.54785931283087,3.88934401603334));
#6058=CARTESIAN_POINT('',(64.5814249335587,4.54785931283087,3.95045490343008));
#6059=CARTESIAN_POINT('Ctrl Pts',(64.5814249335587,4.54785931283087,3.95045490343008));
#6060=CARTESIAN_POINT('Ctrl Pts',(64.5661971586393,4.54785931283087,3.94725161480384));
#6061=CARTESIAN_POINT('Ctrl Pts',(64.5509693837199,4.54785931283087,3.94404832617761));
#6062=CARTESIAN_POINT('Ctrl Pts',(64.5409161702992,4.54785931283087,3.93528155377262));
#6063=CARTESIAN_POINT('Ctrl Pts',(64.52916650304,4.54785931283087,3.92503541113289));
#6064=CARTESIAN_POINT('Ctrl Pts',(64.5244851343163,4.54785931283087,3.90718971358311));
#6065=CARTESIAN_POINT('Ctrl Pts',(64.5198037655925,4.54785931283087,3.88934401603334));
#6066=CARTESIAN_POINT('',(64.5814249335587,0.547859312830875,3.95045490343008));
#6067=CARTESIAN_POINT('Origin',(64.5814249335587,0.547859312830875,3.95045490343008));
#6068=CARTESIAN_POINT('',(67.3150133673927,2.54785931283087,3.93908951841713));
#6069=CARTESIAN_POINT('',(72.4363077463274,2.54785931283087,3.91779681697721));
#6070=CARTESIAN_POINT('',(67.3150133673927,4.54785931283087,3.93908951841713));
#6071=CARTESIAN_POINT('',(72.436308662407,4.54785931283087,3.91779681316845));
#6072=CARTESIAN_POINT('',(67.3150133673927,0.547859312830875,3.93908951841713));
#6073=CARTESIAN_POINT('Origin',(67.3150133673927,0.547859312830875,3.93908951841713));
#6074=CARTESIAN_POINT('',(67.3290693355221,2.54785931283087,7.31981369637864));
#6075=CARTESIAN_POINT('',(67.3185273585174,2.54785931283087,4.78427034461248));
#6076=CARTESIAN_POINT('',(67.3290693355221,4.54785931283087,7.31981369637864));
#6077=CARTESIAN_POINT('',(67.3185273600333,4.54785931283087,4.78427070920482));
#6078=CARTESIAN_POINT('',(67.3290693355221,0.547859312830873,7.31981369637864));
#6079=CARTESIAN_POINT('Origin',(67.3290693355221,0.547859312830873,7.31981369637864));
#6080=CARTESIAN_POINT('',(64.5954809016882,2.54785931283087,7.33117908139159));
#6081=CARTESIAN_POINT('',(73.8171579313738,2.54785931283087,7.29283830243225));
#6082=CARTESIAN_POINT('',(64.5954809016882,4.54785931283087,7.33117908139159));
#6083=CARTESIAN_POINT('',(73.8171588474535,4.54785931283087,7.29283829862348));
#6084=CARTESIAN_POINT('',(64.5954809016882,0.547859312830873,7.33117908139159));
#6085=CARTESIAN_POINT('Ctrl Pts',(64.5954809016882,0.547859312830873,7.33117908139159));
#6086=CARTESIAN_POINT('Ctrl Pts',(64.5954809016882,7.54785931283087,7.33117908139159));
#6087=CARTESIAN_POINT('Ctrl Pts',(64.5775934061836,0.547859312830873,7.33381050329419));
#6088=CARTESIAN_POINT('Ctrl Pts',(64.5775934061836,7.54785931283087,7.33381050329419));
#6089=CARTESIAN_POINT('Ctrl Pts',(64.5418179286984,0.547859312830873,7.33907341866466));
#6090=CARTESIAN_POINT('Ctrl Pts',(64.5418179286984,7.54785931283087,7.33907341866466));
#6091=CARTESIAN_POINT('Ctrl Pts',(64.5368526765851,0.547859312830873,7.37489154080233));
#6092=CARTESIAN_POINT('Ctrl Pts',(64.5368526765851,7.54785931283087,7.37489154080234));
#6093=CARTESIAN_POINT('Ctrl Pts',(64.5343700167696,0.547859312830873,7.39280084539906));
#6094=CARTESIAN_POINT('Ctrl Pts',(64.5343700167696,7.54785931283087,7.39280084539907));
#6095=CARTESIAN_POINT('',(64.5343700167696,2.54785931283087,7.39280084539906));
#6096=CARTESIAN_POINT('Ctrl Pts',(64.5343700167696,2.54785931283087,7.39280084539906));
#6097=CARTESIAN_POINT('Ctrl Pts',(64.5368526765851,2.54785931283087,7.37489154080233));
#6098=CARTESIAN_POINT('Ctrl Pts',(64.5393353364006,2.54785931283087,7.3569822362056));
#6099=CARTESIAN_POINT('Ctrl Pts',(64.5495207620396,2.54785931283087,7.34671194104735));
#6100=CARTESIAN_POINT('Ctrl Pts',(64.5597059106789,2.54785931283087,7.33644192519679));
#6101=CARTESIAN_POINT('Ctrl Pts',(64.5775934061836,2.54785931283087,7.33381050329419));
#6102=CARTESIAN_POINT('Ctrl Pts',(64.5954809016882,2.54785931283087,7.33117908139159));
#6103=CARTESIAN_POINT('',(64.5343700167696,4.54785931283087,7.39280084539906));
#6104=CARTESIAN_POINT('Ctrl Pts',(64.5343700167696,4.54785931283087,7.39280084539907));
#6105=CARTESIAN_POINT('Ctrl Pts',(64.5368526765851,4.54785931283087,7.37489154080234));
#6106=CARTESIAN_POINT('Ctrl Pts',(64.5393353364006,4.54785931283087,7.3569822362056));
#6107=CARTESIAN_POINT('Ctrl Pts',(64.5495207620396,4.54785931283087,7.34671194104735));
#6108=CARTESIAN_POINT('Ctrl Pts',(64.5597059106789,4.54785931283087,7.33644192519679));
#6109=CARTESIAN_POINT('Ctrl Pts',(64.5775934061836,4.54785931283087,7.33381050329419));
#6110=CARTESIAN_POINT('Ctrl Pts',(64.5954809016882,4.54785931283087,7.33117908139159));
#6111=CARTESIAN_POINT('',(64.5343700167696,0.547859312830873,7.39280084539906));
#6112=CARTESIAN_POINT('Origin',(64.5343700167696,0.547859312830873,7.39280084539906));
#6113=CARTESIAN_POINT('',(64.5307284524482,2.54785931283087,6.5169362707523));
#6114=CARTESIAN_POINT('',(64.530728453964,4.54785931283087,6.51693663534464));
#6115=CARTESIAN_POINT('Ctrl Pts',(51.3148962772994,0.547859312830875,3.94424579122644));
#6116=CARTESIAN_POINT('Ctrl Pts',(51.3148962772994,7.54785931283088,3.94424579122644));
#6117=CARTESIAN_POINT('Ctrl Pts',(51.3195772061109,0.547859312830875,3.96209150648098));
#6118=CARTESIAN_POINT('Ctrl Pts',(51.3195772061109,7.54785931283088,3.96209150648099));
#6119=CARTESIAN_POINT('Ctrl Pts',(51.328263358818,0.547859312830875,3.99520685903398));
#6120=CARTESIAN_POINT('Ctrl Pts',(51.328263358818,7.54785931283088,3.99520685903398));
#6121=CARTESIAN_POINT('Ctrl Pts',(51.3612891192809,0.547859312830875,4.00215353516386));
#6122=CARTESIAN_POINT('Ctrl Pts',(51.3612891192809,7.54785931283088,4.00215353516386));
#6123=CARTESIAN_POINT('Ctrl Pts',(51.3765174452656,0.547859312830875,4.00535667862318));
#6124=CARTESIAN_POINT('Ctrl Pts',(51.3765174452656,7.54785931283088,4.00535667862318));
#6125=CARTESIAN_POINT('',(51.3765174452656,2.54785931283087,4.00535667862318));
#6126=CARTESIAN_POINT('',(51.3148962772994,2.54785931283087,3.94424579122644));
#6127=CARTESIAN_POINT('Ctrl Pts',(51.3765174452656,2.54785931283087,4.00535667862318));
#6128=CARTESIAN_POINT('Ctrl Pts',(51.3612891192809,2.54785931283087,4.00215353516386));
#6129=CARTESIAN_POINT('Ctrl Pts',(51.3460607932962,2.54785931283087,3.99895039170455));
#6130=CARTESIAN_POINT('Ctrl Pts',(51.3360074899235,2.54785931283087,3.99018333392202));
#6131=CARTESIAN_POINT('Ctrl Pts',(51.3242581349224,2.54785931283087,3.97993722173553));
#6132=CARTESIAN_POINT('Ctrl Pts',(51.3195772061109,2.54785931283087,3.96209150648099));
#6133=CARTESIAN_POINT('Ctrl Pts',(51.3148962772994,2.54785931283087,3.94424579122644));
#6134=CARTESIAN_POINT('',(51.3148962772994,4.54785931283087,3.94424579122644));
#6135=CARTESIAN_POINT('',(51.3148962772994,0.547859312830875,3.94424579122644));
#6136=CARTESIAN_POINT('',(51.3765174452656,4.54785931283087,4.00535667862318));
#6137=CARTESIAN_POINT('Ctrl Pts',(51.3765174452656,4.54785931283087,4.00535667862318));
#6138=CARTESIAN_POINT('Ctrl Pts',(51.3612891192809,4.54785931283087,4.00215353516386));
#6139=CARTESIAN_POINT('Ctrl Pts',(51.3460607932962,4.54785931283087,3.99895039170455));
#6140=CARTESIAN_POINT('Ctrl Pts',(51.3360074899235,4.54785931283087,3.99018333392202));
#6141=CARTESIAN_POINT('Ctrl Pts',(51.3242581349224,4.54785931283087,3.97993722173553));
#6142=CARTESIAN_POINT('Ctrl Pts',(51.3195772061109,4.54785931283087,3.96209150648099));
#6143=CARTESIAN_POINT('Ctrl Pts',(51.3148962772994,4.54785931283087,3.94424579122644));
#6144=CARTESIAN_POINT('',(51.3765174452656,0.547859312830875,4.00535667862318));
#6145=CARTESIAN_POINT('Origin',(51.3765174452656,0.547859312830875,4.00535667862318));
#6146=CARTESIAN_POINT('',(60.4029394155317,2.54785931283087,3.96782770765167));
#6147=CARTESIAN_POINT('',(65.8338540021808,2.54785931283087,3.94524770457376));
#6148=CARTESIAN_POINT('',(60.4029394155317,4.54785931283087,3.96782770765167));
#6149=CARTESIAN_POINT('',(65.8338549182605,4.54785931283087,3.945247700765));
#6150=CARTESIAN_POINT('',(60.4029394155317,0.547859312830875,3.96782770765167));
#6151=CARTESIAN_POINT('Ctrl Pts',(60.4029394155317,0.547859312830875,3.96782770765167));
#6152=CARTESIAN_POINT('Ctrl Pts',(60.4029394155317,7.54785931283088,3.96782770765167));
#6153=CARTESIAN_POINT('Ctrl Pts',(60.4207848137878,0.547859312830875,3.96314647680409));
#6154=CARTESIAN_POINT('Ctrl Pts',(60.4207848137878,7.54785931283088,3.96314647680409));
#6155=CARTESIAN_POINT('Ctrl Pts',(60.4538995453968,0.547859312830875,3.9544597722042));
#6156=CARTESIAN_POINT('Ctrl Pts',(60.4538995453968,7.54785931283088,3.9544597722042));
#6157=CARTESIAN_POINT('Ctrl Pts',(60.4608468659982,0.547859312830875,3.9214345841515));
#6158=CARTESIAN_POINT('Ctrl Pts',(60.4608468659982,7.54785931283088,3.9214345841515));
#6159=CARTESIAN_POINT('Ctrl Pts',(60.4640503029285,0.547859312830875,3.90620653968549));
#6160=CARTESIAN_POINT('Ctrl Pts',(60.4640503029285,7.54785931283088,3.90620653968549));
#6161=CARTESIAN_POINT('',(60.4640503029285,2.54785931283087,3.90620653968549));
#6162=CARTESIAN_POINT('Ctrl Pts',(60.4640503029285,2.54785931283087,3.90620653968549));
#6163=CARTESIAN_POINT('Ctrl Pts',(60.4608468659982,2.54785931283087,3.9214345841515));
#6164=CARTESIAN_POINT('Ctrl Pts',(60.4576434290679,2.54785931283087,3.93666262861751));
#6165=CARTESIAN_POINT('Ctrl Pts',(60.4488763597079,2.54785931283087,3.9467159014644));
#6166=CARTESIAN_POINT('Ctrl Pts',(60.4386302120438,2.54785931283087,3.95846524595651));
#6167=CARTESIAN_POINT('Ctrl Pts',(60.4207848137878,2.54785931283087,3.96314647680409));
#6168=CARTESIAN_POINT('Ctrl Pts',(60.4029394155317,2.54785931283087,3.96782770765167));
#6169=CARTESIAN_POINT('',(60.4640503029285,4.54785931283087,3.90620653968549));
#6170=CARTESIAN_POINT('Ctrl Pts',(60.4640503029285,4.54785931283087,3.90620653968549));
#6171=CARTESIAN_POINT('Ctrl Pts',(60.4608468659982,4.54785931283087,3.9214345841515));
#6172=CARTESIAN_POINT('Ctrl Pts',(60.4576434290679,4.54785931283087,3.93666262861751));
#6173=CARTESIAN_POINT('Ctrl Pts',(60.4488763597079,4.54785931283087,3.9467159014644));
#6174=CARTESIAN_POINT('Ctrl Pts',(60.4386302120438,4.54785931283087,3.95846524595651));
#6175=CARTESIAN_POINT('Ctrl Pts',(60.4207848137878,4.54785931283087,3.96314647680409));
#6176=CARTESIAN_POINT('Ctrl Pts',(60.4029394155317,4.54785931283087,3.96782770765167));
#6177=CARTESIAN_POINT('',(60.4640503029285,0.547859312830875,3.90620653968549));
#6178=CARTESIAN_POINT('Origin',(60.4640503029285,0.547859312830875,3.90620653968549));
#6179=CARTESIAN_POINT('',(60.45495799244,2.54785931283087,1.71933519657702));
#6180=CARTESIAN_POINT('',(60.4676918641956,2.54785931283087,4.78207037972156));
#6181=CARTESIAN_POINT('',(60.45495799244,4.54785931283087,1.71933519657702));
#6182=CARTESIAN_POINT('',(60.4676918657115,4.54785931283087,4.7820707443139));
#6183=CARTESIAN_POINT('',(60.45495799244,0.547859312830875,1.71933519657702));
#6184=CARTESIAN_POINT('Ctrl Pts',(60.45495799244,0.547859312830875,1.71933519657702));
#6185=CARTESIAN_POINT('Ctrl Pts',(60.45495799244,7.54785931283088,1.71933519657702));
#6186=CARTESIAN_POINT('Ctrl Pts',(60.452326361922,0.547859312830875,1.70144770194152));
#6187=CARTESIAN_POINT('Ctrl Pts',(60.452326361922,7.54785931283088,1.70144770194152));
#6188=CARTESIAN_POINT('Ctrl Pts',(60.4470631008859,0.547859312830875,1.66567271267051));
#6189=CARTESIAN_POINT('Ctrl Pts',(60.4470631008859,7.54785931283088,1.66567271267051));
#6190=CARTESIAN_POINT('Ctrl Pts',(60.4112455832779,0.547859312830875,1.66070711034369));
#6191=CARTESIAN_POINT('Ctrl Pts',(60.4112455832779,7.54785931283088,1.6607071103437));
#6192=CARTESIAN_POINT('Ctrl Pts',(60.3933368244738,0.547859312830875,1.65822430918029));
#6193=CARTESIAN_POINT('Ctrl Pts',(60.3933368244738,7.54785931283088,1.65822430918029));
#6194=CARTESIAN_POINT('',(60.3933368244738,2.54785931283087,1.65822430918029));
#6195=CARTESIAN_POINT('Ctrl Pts',(60.3933368244738,2.54785931283087,1.65822430918029));
#6196=CARTESIAN_POINT('Ctrl Pts',(60.4112455832779,2.54785931283087,1.66070711034369));
#6197=CARTESIAN_POINT('Ctrl Pts',(60.4291543420819,2.54785931283087,1.6631899115071));
#6198=CARTESIAN_POINT('Ctrl Pts',(60.4394245367429,2.54785931283087,1.67337505940656));
#6199=CARTESIAN_POINT('Ctrl Pts',(60.449694731404,2.54785931283088,1.68356020730601));
#6200=CARTESIAN_POINT('Ctrl Pts',(60.452326361922,2.54785931283088,1.70144770194152));
#6201=CARTESIAN_POINT('Ctrl Pts',(60.45495799244,2.54785931283087,1.71933519657702));
#6202=CARTESIAN_POINT('',(60.3933368244738,4.54785931283087,1.65822430918029));
#6203=CARTESIAN_POINT('Ctrl Pts',(60.3933368244738,4.54785931283087,1.65822430918029));
#6204=CARTESIAN_POINT('Ctrl Pts',(60.4112455832779,4.54785931283087,1.66070711034369));
#6205=CARTESIAN_POINT('Ctrl Pts',(60.4291543420819,4.54785931283087,1.6631899115071));
#6206=CARTESIAN_POINT('Ctrl Pts',(60.4394245367429,4.54785931283087,1.67337505940656));
#6207=CARTESIAN_POINT('Ctrl Pts',(60.449694731404,4.54785931283087,1.68356020730601));
#6208=CARTESIAN_POINT('Ctrl Pts',(60.452326361922,4.54785931283087,1.70144770194152));
#6209=CARTESIAN_POINT('Ctrl Pts',(60.45495799244,4.54785931283087,1.71933519657702));
#6210=CARTESIAN_POINT('',(60.3933368244738,0.547859312830875,1.65822430918029));
#6211=CARTESIAN_POINT('Origin',(60.3933368244738,0.547859312830875,1.65822430918029));
#6212=CARTESIAN_POINT('',(51.3669148542076,2.54785931283087,1.6957532801518));
#6213=CARTESIAN_POINT('',(70.3374623962559,2.54785931283087,1.61687982061662));
#6214=CARTESIAN_POINT('',(51.3669148542076,4.54785931283087,1.6957532801518));
#6215=CARTESIAN_POINT('',(70.3374633123356,4.54785931283087,1.61687981680786));
#6216=CARTESIAN_POINT('',(51.3669148542076,0.547859312830875,1.6957532801518));
#6217=CARTESIAN_POINT('Ctrl Pts',(51.3669148542076,0.547859312830875,1.69575328015179));
#6218=CARTESIAN_POINT('Ctrl Pts',(51.3669148542076,7.54785931283088,1.6957532801518));
#6219=CARTESIAN_POINT('Ctrl Pts',(51.3490267628681,0.547859312830875,1.698384754203));
#6220=CARTESIAN_POINT('Ctrl Pts',(51.3490267628681,7.54785931283088,1.698384754203));
#6221=CARTESIAN_POINT('Ctrl Pts',(51.3132511361645,0.547859312830875,1.70364762051721));
#6222=CARTESIAN_POINT('Ctrl Pts',(51.3132511361645,7.54785931283088,1.70364762051721));
#6223=CARTESIAN_POINT('Ctrl Pts',(51.3082863308767,0.547859312830875,1.73946569112939));
#6224=CARTESIAN_POINT('Ctrl Pts',(51.3082863308767,7.54785931283088,1.73946569112939));
#6225=CARTESIAN_POINT('Ctrl Pts',(51.3058039668109,0.547859312830875,1.75737444811797));
#6226=CARTESIAN_POINT('Ctrl Pts',(51.3058039668109,7.54785931283088,1.75737444811797));
#6227=CARTESIAN_POINT('',(51.3058039668109,2.54785931283087,1.75737444811797));
#6228=CARTESIAN_POINT('Ctrl Pts',(51.3058039668109,2.54785931283087,1.75737444811797));
#6229=CARTESIAN_POINT('Ctrl Pts',(51.3082863308767,2.54785931283087,1.73946569112939));
#6230=CARTESIAN_POINT('Ctrl Pts',(51.3107686949425,2.54785931283087,1.7215569341408));
#6231=CARTESIAN_POINT('Ctrl Pts',(51.3209535249545,2.54785931283087,1.71128674080515));
#6232=CARTESIAN_POINT('Ctrl Pts',(51.3311386715286,2.54785931283087,1.70101622825421));
#6233=CARTESIAN_POINT('Ctrl Pts',(51.3490267628681,2.54785931283087,1.698384754203));
#6234=CARTESIAN_POINT('Ctrl Pts',(51.3669148542076,2.54785931283087,1.6957532801518));
#6235=CARTESIAN_POINT('',(51.3058039668109,4.54785931283087,1.75737444811797));
#6236=CARTESIAN_POINT('Ctrl Pts',(51.3058039668109,4.54785931283087,1.75737444811797));
#6237=CARTESIAN_POINT('Ctrl Pts',(51.3082863308767,4.54785931283087,1.73946569112939));
#6238=CARTESIAN_POINT('Ctrl Pts',(51.3107686949425,4.54785931283087,1.7215569341408));
#6239=CARTESIAN_POINT('Ctrl Pts',(51.3209535249545,4.54785931283087,1.71128674080515));
#6240=CARTESIAN_POINT('Ctrl Pts',(51.3311386715286,4.54785931283087,1.70101622825421));
#6241=CARTESIAN_POINT('Ctrl Pts',(51.3490267628681,4.54785931283087,1.698384754203));
#6242=CARTESIAN_POINT('Ctrl Pts',(51.3669148542076,4.54785931283087,1.6957532801518));
#6243=CARTESIAN_POINT('',(51.3058039668109,0.547859312830875,1.75737444811797));
#6244=CARTESIAN_POINT('Origin',(51.3058039668109,0.547859312830875,1.75737444811797));
#6245=CARTESIAN_POINT('',(51.3139916833223,2.54785931283087,3.72667395970827));
#6246=CARTESIAN_POINT('',(51.3139916848381,4.54785931283087,3.72667432430061));
#6247=CARTESIAN_POINT('Ctrl Pts',(51.3385548364868,0.547859312830873,9.63457336765934));
#6248=CARTESIAN_POINT('Ctrl Pts',(51.3385548364868,7.54785931283087,9.63457336765934));
#6249=CARTESIAN_POINT('Ctrl Pts',(51.3432357090464,0.547859312830873,9.65241933057062));
#6250=CARTESIAN_POINT('Ctrl Pts',(51.3432357090464,7.54785931283087,9.65241933057062));
#6251=CARTESIAN_POINT('Ctrl Pts',(51.3519217143825,0.547859312830873,9.68553497879701));
#6252=CARTESIAN_POINT('Ctrl Pts',(51.3519217143825,7.54785931283087,9.68553497879702));
#6253=CARTESIAN_POINT('Ctrl Pts',(51.3849476761873,0.547859312830873,9.69248170368325));
#6254=CARTESIAN_POINT('Ctrl Pts',(51.3849476761873,7.54785931283087,9.69248170368325));
#6255=CARTESIAN_POINT('Ctrl Pts',(51.4001760069311,0.547859312830873,9.69568485109738));
#6256=CARTESIAN_POINT('Ctrl Pts',(51.4001760069311,7.54785931283087,9.69568485109738));
#6257=CARTESIAN_POINT('',(51.4001760069311,2.54785931283087,9.69568485109738));
#6258=CARTESIAN_POINT('',(51.3385548364868,2.54785931283087,9.63457336765934));
#6259=CARTESIAN_POINT('Ctrl Pts',(51.4001760069311,2.54785931283087,9.69568485109738));
#6260=CARTESIAN_POINT('Ctrl Pts',(51.3849476761873,2.54785931283087,9.69248170368325));
#6261=CARTESIAN_POINT('Ctrl Pts',(51.3697193454435,2.54785931283087,9.68927855626912));
#6262=CARTESIAN_POINT('Ctrl Pts',(51.3596660515891,2.54785931283087,9.68051150639622));
#6263=CARTESIAN_POINT('Ctrl Pts',(51.347916581606,2.54785931283087,9.6702652934819));
#6264=CARTESIAN_POINT('Ctrl Pts',(51.3432357090464,2.54785931283087,9.65241933057062));
#6265=CARTESIAN_POINT('Ctrl Pts',(51.3385548364868,2.54785931283087,9.63457336765934));
#6266=CARTESIAN_POINT('',(51.3385548364868,4.54785931283087,9.63457336765934));
#6267=CARTESIAN_POINT('',(51.3385548364868,0.547859312830873,9.63457336765934));
#6268=CARTESIAN_POINT('',(51.4001760069311,4.54785931283087,9.69568485109738));
#6269=CARTESIAN_POINT('Ctrl Pts',(51.4001760069311,4.54785931283087,9.69568485109738));
#6270=CARTESIAN_POINT('Ctrl Pts',(51.3849476761873,4.54785931283087,9.69248170368325));
#6271=CARTESIAN_POINT('Ctrl Pts',(51.3697193454435,4.54785931283087,9.68927855626912));
#6272=CARTESIAN_POINT('Ctrl Pts',(51.3596660515891,4.54785931283087,9.68051150639622));
#6273=CARTESIAN_POINT('Ctrl Pts',(51.347916581606,4.54785931283087,9.6702652934819));
#6274=CARTESIAN_POINT('Ctrl Pts',(51.3432357090464,4.54785931283087,9.65241933057062));
#6275=CARTESIAN_POINT('Ctrl Pts',(51.3385548364868,4.54785931283087,9.63457336765934));
#6276=CARTESIAN_POINT('',(51.4001760069311,0.547859312830873,9.69568485109738));
#6277=CARTESIAN_POINT('Origin',(51.4001760069311,0.547859312830873,9.69568485109738));
#6278=CARTESIAN_POINT('',(60.4265979771973,2.54785931283087,9.65815588012587));
#6279=CARTESIAN_POINT('',(65.8575125638464,2.54785931283087,9.63557587704796));
#6280=CARTESIAN_POINT('',(60.4265979771973,4.54785931283087,9.65815588012587));
#6281=CARTESIAN_POINT('',(65.8575134799261,4.54785931283087,9.6355758732392));
#6282=CARTESIAN_POINT('',(60.4265979771973,0.547859312830873,9.65815588012587));
#6283=CARTESIAN_POINT('Ctrl Pts',(60.4265979771973,0.547859312830873,9.65815588012587));
#6284=CARTESIAN_POINT('Ctrl Pts',(60.4265979771973,7.54785931283087,9.65815588012587));
#6285=CARTESIAN_POINT('Ctrl Pts',(60.4444433811856,0.547859312830873,9.65347464306604));
#6286=CARTESIAN_POINT('Ctrl Pts',(60.4444433811856,7.54785931283087,9.65347464306604));
#6287=CARTESIAN_POINT('Ctrl Pts',(60.4775583201487,0.547859312830873,9.64478787533526));
#6288=CARTESIAN_POINT('Ctrl Pts',(60.4775583201487,7.54785931283087,9.64478787533526));
#6289=CARTESIAN_POINT('Ctrl Pts',(60.4845054779936,0.547859312830873,9.61176239916172));
#6290=CARTESIAN_POINT('Ctrl Pts',(60.4845054779936,7.54785931283087,9.61176239916172));
#6291=CARTESIAN_POINT('Ctrl Pts',(60.4877088621159,0.547859312830873,9.59653411611839));
#6292=CARTESIAN_POINT('Ctrl Pts',(60.4877088621159,7.54785931283087,9.59653411611839));
#6293=CARTESIAN_POINT('',(60.4877088621159,2.54785931283087,9.59653411611839));
#6294=CARTESIAN_POINT('Ctrl Pts',(60.4877088621159,2.54785931283087,9.59653411611839));
#6295=CARTESIAN_POINT('Ctrl Pts',(60.4845054779936,2.54785931283087,9.61176239916172));
#6296=CARTESIAN_POINT('Ctrl Pts',(60.4813020938712,2.54785931283087,9.62699068220505));
#6297=CARTESIAN_POINT('Ctrl Pts',(60.4725349213735,2.54785931283087,9.6370440739386));
#6298=CARTESIAN_POINT('Ctrl Pts',(60.4622887851739,2.54785931283087,9.64879340600621));
#6299=CARTESIAN_POINT('Ctrl Pts',(60.4444433811856,2.54785931283087,9.65347464306604));
#6300=CARTESIAN_POINT('Ctrl Pts',(60.4265979771973,2.54785931283087,9.65815588012587));
#6301=CARTESIAN_POINT('',(60.4877088621159,4.54785931283087,9.59653411611839));
#6302=CARTESIAN_POINT('Ctrl Pts',(60.4877088621159,4.54785931283087,9.59653411611839));
#6303=CARTESIAN_POINT('Ctrl Pts',(60.4845054779936,4.54785931283087,9.61176239916172));
#6304=CARTESIAN_POINT('Ctrl Pts',(60.4813020938712,4.54785931283087,9.62699068220505));
#6305=CARTESIAN_POINT('Ctrl Pts',(60.4725349213735,4.54785931283087,9.6370440739386));
#6306=CARTESIAN_POINT('Ctrl Pts',(60.4622887851739,4.54785931283087,9.64879340600621));
#6307=CARTESIAN_POINT('Ctrl Pts',(60.4444433811856,4.54785931283087,9.65347464306604));
#6308=CARTESIAN_POINT('Ctrl Pts',(60.4265979771973,4.54785931283087,9.65815588012587));
#6309=CARTESIAN_POINT('',(60.4877088621159,0.547859312830873,9.59653411611839));
#6310=CARTESIAN_POINT('Origin',(60.4877088621159,0.547859312830873,9.59653411611839));
#6311=CARTESIAN_POINT('',(60.4786165541056,2.54785931283087,7.40966336905122));
#6312=CARTESIAN_POINT('',(60.4795211437893,2.54785931283087,7.62723416793804));
#6313=CARTESIAN_POINT('',(60.4786165541056,4.54785931283087,7.40966336905122));
#6314=CARTESIAN_POINT('',(60.4795211453052,4.54785931283087,7.62723453253038));
#6315=CARTESIAN_POINT('',(60.4786165541056,0.547859312830873,7.40966336905122));
#6316=CARTESIAN_POINT('Ctrl Pts',(60.4786165541056,0.547859312830873,7.40966336905122));
#6317=CARTESIAN_POINT('Ctrl Pts',(60.4786165541056,7.54785931283087,7.40966336905122));
#6318=CARTESIAN_POINT('Ctrl Pts',(60.4759850603922,0.547859312830873,7.39177532746656));
#6319=CARTESIAN_POINT('Ctrl Pts',(60.4759850603922,7.54785931283087,7.39177532746656));
#6320=CARTESIAN_POINT('Ctrl Pts',(60.4707221445307,0.547859312830873,7.35599973077476));
#6321=CARTESIAN_POINT('Ctrl Pts',(60.4707221445307,7.54785931283087,7.35599973077476));
#6322=CARTESIAN_POINT('Ctrl Pts',(60.4349041415997,0.547859312830873,7.35103447816117));
#6323=CARTESIAN_POINT('Ctrl Pts',(60.4349041415997,7.54785931283087,7.35103447816117));
#6324=CARTESIAN_POINT('Ctrl Pts',(60.4169953836612,0.547859312830873,7.34855188561319));
#6325=CARTESIAN_POINT('Ctrl Pts',(60.4169953836612,7.54785931283087,7.34855188561319));
#6326=CARTESIAN_POINT('',(60.4169953836612,2.54785931283087,7.34855188561319));
#6327=CARTESIAN_POINT('Ctrl Pts',(60.4169953836612,2.54785931283087,7.34855188561319));
#6328=CARTESIAN_POINT('Ctrl Pts',(60.4349041415997,2.54785931283087,7.35103447816117));
#6329=CARTESIAN_POINT('Ctrl Pts',(60.4528128995381,2.54785931283087,7.35351707070915));
#6330=CARTESIAN_POINT('Ctrl Pts',(60.4630830934522,2.54785931283087,7.36370203979816));
#6331=CARTESIAN_POINT('Ctrl Pts',(60.4733535666788,2.54785931283087,7.3738872858819));
#6332=CARTESIAN_POINT('Ctrl Pts',(60.4759850603922,2.54785931283087,7.39177532746656));
#6333=CARTESIAN_POINT('Ctrl Pts',(60.4786165541056,2.54785931283087,7.40966336905122));
#6334=CARTESIAN_POINT('',(60.4169953836612,4.54785931283087,7.34855188561319));
#6335=CARTESIAN_POINT('Ctrl Pts',(60.4169953836612,4.54785931283087,7.34855188561319));
#6336=CARTESIAN_POINT('Ctrl Pts',(60.4349041415997,4.54785931283087,7.35103447816117));
#6337=CARTESIAN_POINT('Ctrl Pts',(60.4528128995381,4.54785931283087,7.35351707070915));
#6338=CARTESIAN_POINT('Ctrl Pts',(60.4630830934522,4.54785931283087,7.36370203979816));
#6339=CARTESIAN_POINT('Ctrl Pts',(60.4733535666788,4.54785931283087,7.3738872858819));
#6340=CARTESIAN_POINT('Ctrl Pts',(60.4759850603922,4.54785931283087,7.39177532746656));
#6341=CARTESIAN_POINT('Ctrl Pts',(60.4786165541056,4.54785931283087,7.40966336905122));
#6342=CARTESIAN_POINT('',(60.4169953836612,0.547859312830873,7.34855188561319));
#6343=CARTESIAN_POINT('Origin',(60.4169953836612,0.547859312830873,7.34855188561319));
#6344=CARTESIAN_POINT('',(51.3905734133951,2.54785931283087,7.38608085658469));
#6345=CARTESIAN_POINT('',(70.3611209554434,2.54785931283087,7.30720739704952));
#6346=CARTESIAN_POINT('',(51.3905734133951,4.54785931283087,7.38608085658469));
#6347=CARTESIAN_POINT('',(70.3611218715231,4.54785931283087,7.30720739324075));
#6348=CARTESIAN_POINT('',(51.3905734133951,0.547859312830873,7.38608085658469));
#6349=CARTESIAN_POINT('Ctrl Pts',(51.390573413395,0.547859312830873,7.38608085658469));
#6350=CARTESIAN_POINT('Ctrl Pts',(51.390573413395,7.54785931283087,7.3860808565847));
#6351=CARTESIAN_POINT('Ctrl Pts',(51.3726853211897,0.547859312830873,7.38871212202248));
#6352=CARTESIAN_POINT('Ctrl Pts',(51.3726853211897,7.54785931283087,7.38871212202248));
#6353=CARTESIAN_POINT('Ctrl Pts',(51.3369092062741,0.547859312830873,7.3939746426756));
#6354=CARTESIAN_POINT('Ctrl Pts',(51.3369092062741,7.54785931283087,7.3939746426756));
#6355=CARTESIAN_POINT('Ctrl Pts',(51.3319447511945,0.547859312830873,7.42979331781259));
#6356=CARTESIAN_POINT('Ctrl Pts',(51.3319447511945,7.54785931283087,7.42979331781259));
#6357=CARTESIAN_POINT('Ctrl Pts',(51.3294625284765,0.547859312830873,7.44770262059217));
#6358=CARTESIAN_POINT('Ctrl Pts',(51.3294625284765,7.54785931283087,7.44770262059217));
#6359=CARTESIAN_POINT('',(51.3294625284765,2.54785931283087,7.44770262059217));
#6360=CARTESIAN_POINT('Ctrl Pts',(51.3294625284765,2.54785931283087,7.44770262059217));
#6361=CARTESIAN_POINT('Ctrl Pts',(51.3319447511945,2.54785931283087,7.42979331781259));
#6362=CARTESIAN_POINT('Ctrl Pts',(51.3344269739126,2.54785931283087,7.41188401503302));
#6363=CARTESIAN_POINT('Ctrl Pts',(51.3446120816638,2.54785931283087,7.40161372119675));
#6364=CARTESIAN_POINT('Ctrl Pts',(51.3547972289843,2.54785931283087,7.39134338746027));
#6365=CARTESIAN_POINT('Ctrl Pts',(51.3726853211897,2.54785931283087,7.38871212202248));
#6366=CARTESIAN_POINT('Ctrl Pts',(51.390573413395,2.54785931283087,7.38608085658469));
#6367=CARTESIAN_POINT('',(51.3294625284765,4.54785931283087,7.44770262059217));
#6368=CARTESIAN_POINT('Ctrl Pts',(51.3294625284765,4.54785931283087,7.44770262059217));
#6369=CARTESIAN_POINT('Ctrl Pts',(51.3319447511945,4.54785931283087,7.42979331781259));
#6370=CARTESIAN_POINT('Ctrl Pts',(51.3344269739126,4.54785931283087,7.41188401503302));
#6371=CARTESIAN_POINT('Ctrl Pts',(51.3446120816638,4.54785931283087,7.40161372119675));
#6372=CARTESIAN_POINT('Ctrl Pts',(51.3547972289843,4.54785931283087,7.39134338746027));
#6373=CARTESIAN_POINT('Ctrl Pts',(51.3726853211897,4.54785931283087,7.38871212202248));
#6374=CARTESIAN_POINT('Ctrl Pts',(51.390573413395,4.54785931283087,7.3860808565847));
#6375=CARTESIAN_POINT('',(51.3294625284765,0.547859312830873,7.44770262059217));
#6376=CARTESIAN_POINT('Origin',(51.3294625284765,0.547859312830873,7.44770262059217));
#6377=CARTESIAN_POINT('',(51.325820964155,2.54785931283087,6.57183804594541));
#6378=CARTESIAN_POINT('',(51.3258209656709,4.54785931283087,6.57183841053775));
#6379=CARTESIAN_POINT('Ctrl Pts',(41.6315252310279,0.547859312830873,9.67493208714785));
#6380=CARTESIAN_POINT('Ctrl Pts',(41.6315252310279,7.54785931283087,9.67493208714785));
#6381=CARTESIAN_POINT('Ctrl Pts',(41.6362062983791,0.547859312830873,9.69277804446311));
#6382=CARTESIAN_POINT('Ctrl Pts',(41.6362062983791,7.54785931283087,9.69277804446311));
#6383=CARTESIAN_POINT('Ctrl Pts',(41.6448926222804,0.547859312830873,9.72589351876394));
#6384=CARTESIAN_POINT('Ctrl Pts',(41.6448926222804,7.54785931283087,9.72589351876394));
#6385=CARTESIAN_POINT('Ctrl Pts',(41.6779184458691,0.547859312830873,9.73284037853493));
#6386=CARTESIAN_POINT('Ctrl Pts',(41.6779184458691,7.54785931283087,9.73284037853493));
#6387=CARTESIAN_POINT('Ctrl Pts',(41.6931466249877,0.547859312830873,9.73604356965658));
#6388=CARTESIAN_POINT('Ctrl Pts',(41.6931466249877,7.54785931283087,9.73604356965658));
#6389=CARTESIAN_POINT('',(41.6931466249877,2.54785931283087,9.73604356965658));
#6390=CARTESIAN_POINT('',(41.6315252310279,2.54785931283087,9.67493208714785));
#6391=CARTESIAN_POINT('Ctrl Pts',(41.6931466249877,2.54785931283087,9.73604356965658));
#6392=CARTESIAN_POINT('Ctrl Pts',(41.6779184458691,2.54785931283087,9.73284037853493));
#6393=CARTESIAN_POINT('Ctrl Pts',(41.6626902667505,2.54785931283087,9.72963718741328));
#6394=CARTESIAN_POINT('Ctrl Pts',(41.6526369676663,2.54785931283087,9.72087022371634));
#6395=CARTESIAN_POINT('Ctrl Pts',(41.6408873657303,2.54785931283087,9.71062400177836));
#6396=CARTESIAN_POINT('Ctrl Pts',(41.6362062983791,2.54785931283087,9.69277804446311));
#6397=CARTESIAN_POINT('Ctrl Pts',(41.6315252310279,2.54785931283087,9.67493208714785));
#6398=CARTESIAN_POINT('',(41.6315252310279,4.54785931283087,9.67493208714785));
#6399=CARTESIAN_POINT('',(41.6315252310279,0.547859312830873,9.67493208714785));
#6400=CARTESIAN_POINT('',(41.6931466249877,4.54785931283087,9.73604356965658));
#6401=CARTESIAN_POINT('Ctrl Pts',(41.6931466249877,4.54785931283087,9.73604356965658));
#6402=CARTESIAN_POINT('Ctrl Pts',(41.6779184458691,4.54785931283087,9.73284037853493));
#6403=CARTESIAN_POINT('Ctrl Pts',(41.6626902667505,4.54785931283087,9.72963718741328));
#6404=CARTESIAN_POINT('Ctrl Pts',(41.6526369676663,4.54785931283087,9.72087022371634));
#6405=CARTESIAN_POINT('Ctrl Pts',(41.6408873657303,4.54785931283087,9.71062400177837));
#6406=CARTESIAN_POINT('Ctrl Pts',(41.6362062983791,4.54785931283087,9.69277804446311));
#6407=CARTESIAN_POINT('Ctrl Pts',(41.6315252310279,4.54785931283087,9.67493208714785));
#6408=CARTESIAN_POINT('',(41.6931466249877,0.547859312830873,9.73604356965658));
#6409=CARTESIAN_POINT('Origin',(41.6931466249877,0.547859312830873,9.73604356965658));
#6410=CARTESIAN_POINT('',(48.7502687908634,2.54785931283087,9.70670231641382));
#6411=CARTESIAN_POINT('',(61.0039978728747,2.54785931283087,9.65575523632756));
#6412=CARTESIAN_POINT('',(48.7502687908634,4.54785931283087,9.70670231641382));
#6413=CARTESIAN_POINT('',(61.0039987889543,4.54785931283087,9.65575523251879));
#6414=CARTESIAN_POINT('',(48.7502687908634,0.547859312830873,9.70670231641382));
#6415=CARTESIAN_POINT('Ctrl Pts',(48.7502687908634,0.547859312830873,9.70670231641382));
#6416=CARTESIAN_POINT('Ctrl Pts',(48.7502687908634,7.54785931283087,9.70670231641382));
#6417=CARTESIAN_POINT('Ctrl Pts',(49.1706058799795,0.547859312830873,9.63230616356579));
#6418=CARTESIAN_POINT('Ctrl Pts',(49.1706058799795,7.54785931283087,9.63230616356579));
#6419=CARTESIAN_POINT('Ctrl Pts',(50.0538154226659,0.547859312830873,9.47598545374526));
#6420=CARTESIAN_POINT('Ctrl Pts',(50.0538154226659,7.54785931283087,9.47598545374526));
#6421=CARTESIAN_POINT('Ctrl Pts',(50.4243785484148,0.547859312830873,8.65224515101304));
#6422=CARTESIAN_POINT('Ctrl Pts',(50.4243785484148,7.54785931283087,8.65224515101304));
#6423=CARTESIAN_POINT('Ctrl Pts',(50.6185832698632,0.547859312830873,8.22053933647823));
#6424=CARTESIAN_POINT('Ctrl Pts',(50.6185832698632,7.54785931283087,8.22053933647823));
#6425=CARTESIAN_POINT('',(50.6185832698632,2.54785931283087,8.22053933647823));
#6426=CARTESIAN_POINT('Ctrl Pts',(50.6185832698632,2.54785931283087,8.22053933647823));
#6427=CARTESIAN_POINT('Ctrl Pts',(50.4243785484148,2.54785931283087,8.65224515101304));
#6428=CARTESIAN_POINT('Ctrl Pts',(50.2301738269663,2.54785931283087,9.08395096554785));
#6429=CARTESIAN_POINT('Ctrl Pts',(49.8951657215506,2.54785931283087,9.33234342002963));
#6430=CARTESIAN_POINT('Ctrl Pts',(49.5909429690957,2.54785931283087,9.55791001071776));
#6431=CARTESIAN_POINT('Ctrl Pts',(49.1706058799795,2.54785931283087,9.63230616356579));
#6432=CARTESIAN_POINT('Ctrl Pts',(48.7502687908634,2.54785931283087,9.70670231641382));
#6433=CARTESIAN_POINT('',(50.6185832698632,4.54785931283087,8.22053933647823));
#6434=CARTESIAN_POINT('Ctrl Pts',(50.6185832698632,4.54785931283087,8.22053933647823));
#6435=CARTESIAN_POINT('Ctrl Pts',(50.4243785484148,4.54785931283087,8.65224515101304));
#6436=CARTESIAN_POINT('Ctrl Pts',(50.2301738269663,4.54785931283087,9.08395096554786));
#6437=CARTESIAN_POINT('Ctrl Pts',(49.8951657215506,4.54785931283087,9.33234342002963));
#6438=CARTESIAN_POINT('Ctrl Pts',(49.5909429690957,4.54785931283087,9.55791001071777));
#6439=CARTESIAN_POINT('Ctrl Pts',(49.1706058799795,4.54785931283087,9.63230616356579));
#6440=CARTESIAN_POINT('Ctrl Pts',(48.7502687908634,4.54785931283087,9.70670231641382));
#6441=CARTESIAN_POINT('',(50.6185832698632,0.547859312830873,8.22053933647823));
#6442=CARTESIAN_POINT('Ctrl Pts',(50.6185832698632,0.547859312830873,8.22053933647823));
#6443=CARTESIAN_POINT('Ctrl Pts',(50.6185832698632,7.54785931283087,8.22053933647823));
#6444=CARTESIAN_POINT('Ctrl Pts',(50.6634010216261,0.547859312830873,8.04369112669659));
#6445=CARTESIAN_POINT('Ctrl Pts',(50.6634010216261,7.54785931283087,8.04369112669659));
#6446=CARTESIAN_POINT('Ctrl Pts',(50.7553085943953,0.547859312830873,7.68102925566867));
#6447=CARTESIAN_POINT('Ctrl Pts',(50.7553085943953,7.54785931283087,7.68102925566867));
#6448=CARTESIAN_POINT('Ctrl Pts',(50.7651527181239,0.547859312830873,7.30695667565768));
#6449=CARTESIAN_POINT('Ctrl Pts',(50.7651527181239,7.54785931283087,7.30695667565768));
#6450=CARTESIAN_POINT('Ctrl Pts',(50.7701964594651,0.547859312830873,7.11529661647728));
#6451=CARTESIAN_POINT('Ctrl Pts',(50.7701964594651,7.54785931283087,7.11529661647728));
#6452=CARTESIAN_POINT('',(50.7701964594651,2.54785931283087,7.11529661647728));
#6453=CARTESIAN_POINT('Ctrl Pts',(50.7701964594651,2.54785931283087,7.11529661647728));
#6454=CARTESIAN_POINT('Ctrl Pts',(50.7651527181239,2.54785931283087,7.30695667565768));
#6455=CARTESIAN_POINT('Ctrl Pts',(50.7601089767827,2.54785931283087,7.49861673483808));
#6456=CARTESIAN_POINT('Ctrl Pts',(50.7335224799777,2.54785931283087,7.68728132994567));
#6457=CARTESIAN_POINT('Ctrl Pts',(50.708218773389,2.54785931283087,7.86684291691495));
#6458=CARTESIAN_POINT('Ctrl Pts',(50.6634010216261,2.54785931283087,8.04369112669659));
#6459=CARTESIAN_POINT('Ctrl Pts',(50.6185832698632,2.54785931283087,8.22053933647823));
#6460=CARTESIAN_POINT('',(50.7701964594651,4.54785931283087,7.11529661647728));
#6461=CARTESIAN_POINT('Ctrl Pts',(50.7701964594651,4.54785931283087,7.11529661647728));
#6462=CARTESIAN_POINT('Ctrl Pts',(50.7651527181239,4.54785931283087,7.30695667565768));
#6463=CARTESIAN_POINT('Ctrl Pts',(50.7601089767827,4.54785931283087,7.49861673483808));
#6464=CARTESIAN_POINT('Ctrl Pts',(50.7335224799777,4.54785931283087,7.68728132994567));
#6465=CARTESIAN_POINT('Ctrl Pts',(50.708218773389,4.54785931283087,7.86684291691495));
#6466=CARTESIAN_POINT('Ctrl Pts',(50.6634010216261,4.54785931283087,8.04369112669659));
#6467=CARTESIAN_POINT('Ctrl Pts',(50.6185832698632,4.54785931283087,8.22053933647823));
#6468=CARTESIAN_POINT('',(50.7701964594651,0.547859312830873,7.11529661647728));
#6469=CARTESIAN_POINT('Ctrl Pts',(50.7701964594651,0.547859312830873,7.11529661647728));
#6470=CARTESIAN_POINT('Ctrl Pts',(50.7701964594651,7.54785931283087,7.11529661647728));
#6471=CARTESIAN_POINT('Ctrl Pts',(50.7231715607166,0.547859312830874,6.50631880965576));
#6472=CARTESIAN_POINT('Ctrl Pts',(50.7231715607166,7.54785931283087,6.50631880965576));
#6473=CARTESIAN_POINT('Ctrl Pts',(50.6353943518872,0.547859312830874,5.3695939352915));
#6474=CARTESIAN_POINT('Ctrl Pts',(50.6353943518872,7.54785931283087,5.3695939352915));
#6475=CARTESIAN_POINT('Ctrl Pts',(49.64961198533,0.547859312830874,4.8213013342368));
#6476=CARTESIAN_POINT('Ctrl Pts',(49.64961198533,7.54785931283087,4.8213013342368));
#6477=CARTESIAN_POINT('Ctrl Pts',(49.1919429706735,0.547859312830874,4.56674561993185));
#6478=CARTESIAN_POINT('Ctrl Pts',(49.1919429706735,7.54785931283087,4.56674561993185));
#6479=CARTESIAN_POINT('',(49.1919429706735,2.54785931283087,4.56674561993185));
#6480=CARTESIAN_POINT('Ctrl Pts',(49.1919429706735,2.54785931283087,4.56674561993185));
#6481=CARTESIAN_POINT('Ctrl Pts',(49.64961198533,2.54785931283087,4.8213013342368));
#6482=CARTESIAN_POINT('Ctrl Pts',(50.1072809999865,2.54785931283087,5.07585704854175));
#6483=CARTESIAN_POINT('Ctrl Pts',(50.3713881658515,2.54785931283087,5.45724726678057));
#6484=CARTESIAN_POINT('Ctrl Pts',(50.6761466619681,2.54785931283087,5.89734100283424));
#6485=CARTESIAN_POINT('Ctrl Pts',(50.7231715607166,2.54785931283087,6.50631880965576));
#6486=CARTESIAN_POINT('Ctrl Pts',(50.7701964594651,2.54785931283087,7.11529661647728));
#6487=CARTESIAN_POINT('',(49.1919429706735,4.54785931283087,4.56674561993185));
#6488=CARTESIAN_POINT('Ctrl Pts',(49.1919429706735,4.54785931283087,4.56674561993185));
#6489=CARTESIAN_POINT('Ctrl Pts',(49.64961198533,4.54785931283087,4.8213013342368));
#6490=CARTESIAN_POINT('Ctrl Pts',(50.1072809999865,4.54785931283087,5.07585704854175));
#6491=CARTESIAN_POINT('Ctrl Pts',(50.3713881658515,4.54785931283087,5.45724726678057));
#6492=CARTESIAN_POINT('Ctrl Pts',(50.6761466619681,4.54785931283087,5.89734100283424));
#6493=CARTESIAN_POINT('Ctrl Pts',(50.7231715607166,4.54785931283087,6.50631880965576));
#6494=CARTESIAN_POINT('Ctrl Pts',(50.7701964594651,4.54785931283087,7.11529661647728));
#6495=CARTESIAN_POINT('',(49.1919429706735,0.547859312830874,4.56674561993185));
#6496=CARTESIAN_POINT('Ctrl Pts',(49.1919429706735,0.547859312830874,4.56674561993185));
#6497=CARTESIAN_POINT('Ctrl Pts',(49.1919429706735,7.54785931283087,4.56674561993185));
#6498=CARTESIAN_POINT('Ctrl Pts',(49.1022668092927,0.547859312830874,4.55744576358529));
#6499=CARTESIAN_POINT('Ctrl Pts',(49.1022668092927,7.54785931283087,4.55744576358529));
#6500=CARTESIAN_POINT('Ctrl Pts',(48.9482242997753,0.547859312830874,4.54147080226093));
#6501=CARTESIAN_POINT('Ctrl Pts',(48.9482242997753,7.54785931283087,4.54147080226093));
#6502=CARTESIAN_POINT('Ctrl Pts',(48.7934425654908,0.547859312830874,4.53704683557852));
#6503=CARTESIAN_POINT('Ctrl Pts',(48.7934425654908,7.54785931283087,4.53704683557852));
#6504=CARTESIAN_POINT('Ctrl Pts',(48.7287673337943,0.547859312830874,4.53519829013145));
#6505=CARTESIAN_POINT('Ctrl Pts',(48.7287673337943,7.54785931283087,4.53519829013145));
#6506=CARTESIAN_POINT('',(48.7287673337943,2.54785931283087,4.53519829013145));
#6507=CARTESIAN_POINT('Ctrl Pts',(48.7287673337943,2.54785931283087,4.53519829013145));
#6508=CARTESIAN_POINT('Ctrl Pts',(48.7934425654908,2.54785931283087,4.53704683557852));
#6509=CARTESIAN_POINT('Ctrl Pts',(48.8581177971873,2.54785931283087,4.5388953810256));
#6510=CARTESIAN_POINT('Ctrl Pts',(48.9226639625188,2.54785931283087,4.54276069451956));
#6511=CARTESIAN_POINT('Ctrl Pts',(49.0125906479119,2.54785931283087,4.54814590723873));
#6512=CARTESIAN_POINT('Ctrl Pts',(49.1022668092927,2.54785931283087,4.55744576358529));
#6513=CARTESIAN_POINT('Ctrl Pts',(49.1919429706735,2.54785931283087,4.56674561993185));
#6514=CARTESIAN_POINT('',(48.7287673337943,4.54785931283087,4.53519829013145));
#6515=CARTESIAN_POINT('Ctrl Pts',(48.7287673337943,4.54785931283087,4.53519829013145));
#6516=CARTESIAN_POINT('Ctrl Pts',(48.7934425654908,4.54785931283087,4.53704683557852));
#6517=CARTESIAN_POINT('Ctrl Pts',(48.8581177971873,4.54785931283087,4.5388953810256));
#6518=CARTESIAN_POINT('Ctrl Pts',(48.9226639625188,4.54785931283087,4.54276069451956));
#6519=CARTESIAN_POINT('Ctrl Pts',(49.0125906479119,4.54785931283087,4.54814590723874));
#6520=CARTESIAN_POINT('Ctrl Pts',(49.1022668092927,4.54785931283087,4.55744576358529));
#6521=CARTESIAN_POINT('Ctrl Pts',(49.1919429706735,4.54785931283087,4.56674561993185));
#6522=CARTESIAN_POINT('',(48.7287673337943,0.547859312830874,4.53519829013145));
#6523=CARTESIAN_POINT('Origin',(48.7287673337943,0.547859312830874,4.53519829013145));
#6524=CARTESIAN_POINT('',(48.5781411418151,2.54785931283087,4.53582454558515));
#6525=CARTESIAN_POINT('',(64.5110574987434,2.54785931283087,4.46958058342384));
#6526=CARTESIAN_POINT('',(48.5781411418151,4.54785931283087,4.53582454558515));
#6527=CARTESIAN_POINT('',(64.5110584148231,4.54785931283087,4.46958057961508));
#6528=CARTESIAN_POINT('',(48.5781411418151,0.547859312830874,4.53582454558515));
#6529=CARTESIAN_POINT('Origin',(48.5781411418151,0.547859312830874,4.53582454558515));
#6530=CARTESIAN_POINT('',(50.7143399274684,2.54785931283087,1.73193954336916));
#6531=CARTESIAN_POINT('',(54.1524295532805,2.54785931283088,-2.78075281598937));
#6532=CARTESIAN_POINT('',(50.7143399274684,4.54785931283087,1.73193954336916));
#6533=CARTESIAN_POINT('',(54.1524297163644,4.54785931283088,-2.7807530300464));
#6534=CARTESIAN_POINT('',(50.7143399274684,0.547859312830875,1.73193954336916));
#6535=CARTESIAN_POINT('Origin',(50.7143399274685,0.547859312830875,1.73193954336916));
#6536=CARTESIAN_POINT('',(50.7142007595899,2.54785931283087,1.69846705626267));
#6537=CARTESIAN_POINT('',(50.7225856301827,2.54785931283087,3.71518582524584));
#6538=CARTESIAN_POINT('',(50.7142007595899,4.54785931283087,1.69846705626267));
#6539=CARTESIAN_POINT('',(50.7225856316986,4.54785931283087,3.71518618983818));
#6540=CARTESIAN_POINT('',(50.7142007595899,0.547859312830875,1.69846705626267));
#6541=CARTESIAN_POINT('Origin',(50.7142007595898,0.547859312830875,1.69846705626267));
#6542=CARTESIAN_POINT('',(47.4283156924576,2.54785931283087,1.7121287137507));
#6543=CARTESIAN_POINT('',(65.497894363814,2.54785931283087,1.63700119415782));
#6544=CARTESIAN_POINT('',(47.4283156924576,4.54785931283087,1.7121287137507));
#6545=CARTESIAN_POINT('',(65.4978952798936,4.54785931283087,1.63700119034905));
#6546=CARTESIAN_POINT('',(47.4283156924576,0.547859312830875,1.71212871375069));
#6547=CARTESIAN_POINT('Ctrl Pts',(47.4283156924576,0.547859312830875,1.71212871375069));
#6548=CARTESIAN_POINT('Ctrl Pts',(47.4283156924576,7.54785931283088,1.7121287137507));
#6549=CARTESIAN_POINT('Ctrl Pts',(47.2220931080806,0.547859312830875,1.96975078818805));
#6550=CARTESIAN_POINT('Ctrl Pts',(47.2220931080806,7.54785931283088,1.96975078818805));
#6551=CARTESIAN_POINT('Ctrl Pts',(46.4708704515519,0.547859312830875,2.9082102674151));
#6552=CARTESIAN_POINT('Ctrl Pts',(46.4708704515519,7.54785931283088,2.9082102674151));
#6553=CARTESIAN_POINT('Ctrl Pts',(45.7360767438302,0.547859312830875,3.85962273091286));
#6554=CARTESIAN_POINT('Ctrl Pts',(45.7360767438302,7.54785931283088,3.85962273091286));
#6555=CARTESIAN_POINT('Ctrl Pts',(45.2029956123644,0.547859312830874,4.54985731948124));
#6556=CARTESIAN_POINT('Ctrl Pts',(45.2029956123644,7.54785931283087,4.54985731948124));
#6557=CARTESIAN_POINT('',(45.2029956123644,2.54785931283087,4.54985731948124));
#6558=CARTESIAN_POINT('Ctrl Pts',(45.2029956123644,2.54785931283087,4.54985731948124));
#6559=CARTESIAN_POINT('Ctrl Pts',(45.7360767438302,2.54785931283087,3.85962273091286));
#6560=CARTESIAN_POINT('Ctrl Pts',(46.2691578752958,2.54785931283087,3.16938814234448));
#6561=CARTESIAN_POINT('Ctrl Pts',(46.8108860083894,2.54785931283087,2.48597106093313));
#6562=CARTESIAN_POINT('Ctrl Pts',(47.0158705237036,2.54785931283087,2.22737286262541));
#6563=CARTESIAN_POINT('Ctrl Pts',(47.2220931080806,2.54785931283087,1.96975078818805));
#6564=CARTESIAN_POINT('Ctrl Pts',(47.4283156924576,2.54785931283087,1.71212871375069));
#6565=CARTESIAN_POINT('',(45.2029956123644,4.54785931283087,4.54985731948124));
#6566=CARTESIAN_POINT('Ctrl Pts',(45.2029956123644,4.54785931283087,4.54985731948124));
#6567=CARTESIAN_POINT('Ctrl Pts',(45.7360767438302,4.54785931283087,3.85962273091286));
#6568=CARTESIAN_POINT('Ctrl Pts',(46.2691578752958,4.54785931283087,3.16938814234448));
#6569=CARTESIAN_POINT('Ctrl Pts',(46.8108860083894,4.54785931283087,2.48597106093313));
#6570=CARTESIAN_POINT('Ctrl Pts',(47.0158705237036,4.54785931283087,2.22737286262541));
#6571=CARTESIAN_POINT('Ctrl Pts',(47.2220931080806,4.54785931283087,1.96975078818805));
#6572=CARTESIAN_POINT('Ctrl Pts',(47.4283156924576,4.54785931283087,1.71212871375069));
#6573=CARTESIAN_POINT('',(45.2029956123644,0.547859312830874,4.54985731948124));
#6574=CARTESIAN_POINT('Origin',(45.2029956123644,0.547859312830874,4.54985731948124));
#6575=CARTESIAN_POINT('',(44.5558604642782,2.54785931283087,4.55254790011963));
#6576=CARTESIAN_POINT('',(62.7481716380285,2.54785931283087,4.47691009809871));
#6577=CARTESIAN_POINT('',(44.5558604642782,4.54785931283087,4.55254790011963));
#6578=CARTESIAN_POINT('',(62.7481725541082,4.54785931283087,4.47691009428995));
#6579=CARTESIAN_POINT('',(44.5558604642782,0.547859312830874,4.55254790011963));
#6580=CARTESIAN_POINT('Origin',(44.5558604642782,0.547859312830874,4.55254790011963));
#6581=CARTESIAN_POINT('',(44.5443559089085,2.54785931283087,1.78548638313788));
#6582=CARTESIAN_POINT('',(44.5582959031047,2.54785931283087,5.13831665321908));
#6583=CARTESIAN_POINT('',(44.5443559089085,4.54785931283087,1.78548638313788));
#6584=CARTESIAN_POINT('',(44.5582959046206,4.54785931283087,5.13831701781142));
#6585=CARTESIAN_POINT('',(44.5443559089085,0.547859312830875,1.78548638313788));
#6586=CARTESIAN_POINT('Ctrl Pts',(44.5443559089085,0.547859312830875,1.78548638313788));
#6587=CARTESIAN_POINT('Ctrl Pts',(44.5443559089085,7.54785931283088,1.78548638313788));
#6588=CARTESIAN_POINT('Ctrl Pts',(44.5417244919726,0.547859312830875,1.76759888761283));
#6589=CARTESIAN_POINT('Ctrl Pts',(44.5417244919726,7.54785931283088,1.76759888761283));
#6590=CARTESIAN_POINT('Ctrl Pts',(44.536461601871,0.547859312830875,1.73182351433127));
#6591=CARTESIAN_POINT('Ctrl Pts',(44.536461601871,7.54785931283088,1.73182351433127));
#6592=CARTESIAN_POINT('Ctrl Pts',(44.500643623467,0.547859312830875,1.7268581871141));
#6593=CARTESIAN_POINT('Ctrl Pts',(44.500643623467,7.54785931283088,1.7268581871141));
#6594=CARTESIAN_POINT('Ctrl Pts',(44.4827344429217,0.547859312830875,1.72437549698022));
#6595=CARTESIAN_POINT('Ctrl Pts',(44.4827344429217,7.54785931283088,1.72437549698022));
#6596=CARTESIAN_POINT('',(44.4827344429217,2.54785931283087,1.72437549698022));
#6597=CARTESIAN_POINT('Ctrl Pts',(44.4827344429217,2.54785931283087,1.72437549698022));
#6598=CARTESIAN_POINT('Ctrl Pts',(44.500643623467,2.54785931283087,1.7268581871141));
#6599=CARTESIAN_POINT('Ctrl Pts',(44.5185528040123,2.54785931283087,1.72934087724797));
#6600=CARTESIAN_POINT('Ctrl Pts',(44.5288230492527,2.54785931283087,1.73952624348926));
#6601=CARTESIAN_POINT('Ctrl Pts',(44.5390930750367,2.54785931283087,1.74971139208778));
#6602=CARTESIAN_POINT('Ctrl Pts',(44.5417244919726,2.54785931283087,1.76759888761283));
#6603=CARTESIAN_POINT('Ctrl Pts',(44.5443559089085,2.54785931283087,1.78548638313788));
#6604=CARTESIAN_POINT('',(44.4827344429217,4.54785931283087,1.72437549698022));
#6605=CARTESIAN_POINT('Ctrl Pts',(44.4827344429217,4.54785931283087,1.72437549698022));
#6606=CARTESIAN_POINT('Ctrl Pts',(44.500643623467,4.54785931283087,1.7268581871141));
#6607=CARTESIAN_POINT('Ctrl Pts',(44.5185528040123,4.54785931283087,1.72934087724797));
#6608=CARTESIAN_POINT('Ctrl Pts',(44.5288230492527,4.54785931283087,1.73952624348926));
#6609=CARTESIAN_POINT('Ctrl Pts',(44.5390930750367,4.54785931283087,1.74971139208778));
#6610=CARTESIAN_POINT('Ctrl Pts',(44.5417244919726,4.54785931283087,1.76759888761283));
#6611=CARTESIAN_POINT('Ctrl Pts',(44.5443559089085,4.54785931283087,1.78548638313788));
#6612=CARTESIAN_POINT('',(44.4827344429217,0.547859312830875,1.72437549698022));
#6613=CARTESIAN_POINT('Origin',(44.4827344429217,0.547859312830875,1.72437549698022));
#6614=CARTESIAN_POINT('',(41.6598854722642,2.54785931283087,1.736111998711));
#6615=CARTESIAN_POINT('',(62.3821612054799,2.54785931283087,1.64995541451659));
#6616=CARTESIAN_POINT('',(41.6598854722642,4.54785931283087,1.736111998711));
#6617=CARTESIAN_POINT('',(62.3821621215596,4.54785931283087,1.64995541070783));
#6618=CARTESIAN_POINT('',(41.6598854722642,0.547859312830875,1.736111998711));
#6619=CARTESIAN_POINT('Ctrl Pts',(41.6598854722642,0.547859312830875,1.736111998711));
#6620=CARTESIAN_POINT('Ctrl Pts',(41.6598854722642,7.54785931283088,1.736111998711));
#6621=CARTESIAN_POINT('Ctrl Pts',(41.6419976233476,0.547859312830875,1.73874353881083));
#6622=CARTESIAN_POINT('Ctrl Pts',(41.6419976233476,7.54785931283088,1.73874353881083));
#6623=CARTESIAN_POINT('Ctrl Pts',(41.6062222469369,0.547859312830875,1.74400657172499));
#6624=CARTESIAN_POINT('Ctrl Pts',(41.6062222469369,7.54785931283088,1.74400657172499));
#6625=CARTESIAN_POINT('Ctrl Pts',(41.6012569750102,0.547859312830875,1.77982440958065));
#6626=CARTESIAN_POINT('Ctrl Pts',(41.6012569750102,7.54785931283088,1.77982440958065));
#6627=CARTESIAN_POINT('Ctrl Pts',(41.5987743613519,0.547859312830875,1.79773316760648));
#6628=CARTESIAN_POINT('Ctrl Pts',(41.5987743613519,7.54785931283088,1.79773316760648));
#6629=CARTESIAN_POINT('',(41.5987743613519,2.54785931283087,1.79773316760648));
#6630=CARTESIAN_POINT('Ctrl Pts',(41.5987743613519,2.54785931283087,1.79773316760648));
#6631=CARTESIAN_POINT('Ctrl Pts',(41.6012569750102,2.54785931283087,1.77982440958065));
#6632=CARTESIAN_POINT('Ctrl Pts',(41.6037395886684,2.54785931283087,1.76191565155481));
#6633=CARTESIAN_POINT('Ctrl Pts',(41.6139245900421,2.54785931283087,1.75164545750573));
#6634=CARTESIAN_POINT('Ctrl Pts',(41.624109774431,2.54785931283087,1.74137507891067));
#6635=CARTESIAN_POINT('Ctrl Pts',(41.6419976233476,2.54785931283087,1.73874353881083));
#6636=CARTESIAN_POINT('Ctrl Pts',(41.6598854722642,2.54785931283087,1.736111998711));
#6637=CARTESIAN_POINT('',(41.5987743613519,4.54785931283087,1.79773316760648));
#6638=CARTESIAN_POINT('Ctrl Pts',(41.5987743613519,4.54785931283087,1.79773316760648));
#6639=CARTESIAN_POINT('Ctrl Pts',(41.6012569750102,4.54785931283087,1.77982440958065));
#6640=CARTESIAN_POINT('Ctrl Pts',(41.6037395886684,4.54785931283087,1.76191565155481));
#6641=CARTESIAN_POINT('Ctrl Pts',(41.6139245900421,4.54785931283087,1.75164545750573));
#6642=CARTESIAN_POINT('Ctrl Pts',(41.624109774431,4.54785931283087,1.74137507891067));
#6643=CARTESIAN_POINT('Ctrl Pts',(41.6419976233476,4.54785931283087,1.73874353881083));
#6644=CARTESIAN_POINT('Ctrl Pts',(41.6598854722642,4.54785931283087,1.736111998711));
#6645=CARTESIAN_POINT('',(41.5987743613519,0.547859312830875,1.79773316760648));
#6646=CARTESIAN_POINT('Origin',(41.5987743613519,0.547859312830875,1.79773316760648));
#6647=CARTESIAN_POINT('',(41.6196263674949,2.54785931283087,6.81303205537816));
#6648=CARTESIAN_POINT('',(41.6069620778633,2.54785931283087,3.76703267919679));
#6649=CARTESIAN_POINT('',(41.6196263674949,4.54785931283087,6.81303205537816));
#6650=CARTESIAN_POINT('',(41.6069620793792,4.54785931283087,3.76703304378913));
#6651=CARTESIAN_POINT('',(41.6196263674949,0.547859312830873,6.81303205537816));
#6652=CARTESIAN_POINT('Ctrl Pts',(41.6196263674949,0.547859312830873,6.81303205537816));
#6653=CARTESIAN_POINT('Ctrl Pts',(41.6196263674949,7.54785931283087,6.81303205537816));
#6654=CARTESIAN_POINT('Ctrl Pts',(41.6243074910977,0.547859312830873,6.83087776503674));
#6655=CARTESIAN_POINT('Ctrl Pts',(41.6243074910977,7.54785931283087,6.83087776503674));
#6656=CARTESIAN_POINT('Ctrl Pts',(41.63299396237,0.547859312830873,6.86399294366335));
#6657=CARTESIAN_POINT('Ctrl Pts',(41.63299396237,7.54785931283087,6.86399294366336));
#6658=CARTESIAN_POINT('Ctrl Pts',(41.6660195846175,0.547859312830873,6.87093975467829));
#6659=CARTESIAN_POINT('Ctrl Pts',(41.6660195846175,7.54785931283087,6.8709397546783));
#6660=CARTESIAN_POINT('Ctrl Pts',(41.6812477589765,0.547859312830873,6.87414294184559));
#6661=CARTESIAN_POINT('Ctrl Pts',(41.6812477589765,7.54785931283087,6.87414294184559));
#6662=CARTESIAN_POINT('',(41.6812477589765,2.54785931283087,6.87414294184559));
#6663=CARTESIAN_POINT('Ctrl Pts',(41.6812477589765,2.54785931283087,6.87414294184559));
#6664=CARTESIAN_POINT('Ctrl Pts',(41.6660195846175,2.54785931283087,6.87093975467829));
#6665=CARTESIAN_POINT('Ctrl Pts',(41.6507914102584,2.54785931283087,6.867736567511));
#6666=CARTESIAN_POINT('Ctrl Pts',(41.6407381016551,2.54785931283087,6.85896959590536));
#6667=CARTESIAN_POINT('Ctrl Pts',(41.6289886147006,2.54785931283087,6.84872347469532));
#6668=CARTESIAN_POINT('Ctrl Pts',(41.6243074910977,2.54785931283087,6.83087776503674));
#6669=CARTESIAN_POINT('Ctrl Pts',(41.6196263674949,2.54785931283087,6.81303205537816));
#6670=CARTESIAN_POINT('',(41.6812477589765,4.54785931283087,6.87414294184559));
#6671=CARTESIAN_POINT('Ctrl Pts',(41.6812477589765,4.54785931283087,6.87414294184559));
#6672=CARTESIAN_POINT('Ctrl Pts',(41.6660195846175,4.54785931283087,6.8709397546783));
#6673=CARTESIAN_POINT('Ctrl Pts',(41.6507914102584,4.54785931283087,6.867736567511));
#6674=CARTESIAN_POINT('Ctrl Pts',(41.6407381016551,4.54785931283087,6.85896959590536));
#6675=CARTESIAN_POINT('Ctrl Pts',(41.6289886147006,4.54785931283087,6.84872347469532));
#6676=CARTESIAN_POINT('Ctrl Pts',(41.6243074910977,4.54785931283087,6.83087776503674));
#6677=CARTESIAN_POINT('Ctrl Pts',(41.6196263674949,4.54785931283087,6.81303205537816));
#6678=CARTESIAN_POINT('',(41.6812477589765,0.547859312830873,6.87414294184559));
#6679=CARTESIAN_POINT('Origin',(41.6812477589765,0.547859312830873,6.87414294184559));
#6680=CARTESIAN_POINT('',(47.9127144481705,2.54785931283087,6.8482344995792));
#6681=CARTESIAN_POINT('',(60.9920990068635,2.54785931283087,6.79385460851657));
#6682=CARTESIAN_POINT('',(47.9127144481705,4.54785931283087,6.8482344995792));
#6683=CARTESIAN_POINT('',(60.9920999229432,4.54785931283087,6.7938546047078));
#6684=CARTESIAN_POINT('',(47.9127144481705,0.547859312830873,6.8482344995792));
#6685=CARTESIAN_POINT('Origin',(47.9127144481705,0.547859312830873,6.8482344995792));
#6686=CARTESIAN_POINT('',(47.9150107206456,2.54785931283087,7.40053113287751));
#6687=CARTESIAN_POINT('',(47.9103485914681,2.54785931283087,6.27920155344296));
#6688=CARTESIAN_POINT('',(47.9150107206456,4.54785931283087,7.40053113287751));
#6689=CARTESIAN_POINT('',(47.9103485929839,4.54785931283087,6.2792019180353));
#6690=CARTESIAN_POINT('',(47.9150107206456,0.547859312830873,7.40053113287751));
#6691=CARTESIAN_POINT('Origin',(47.9150107206456,0.547859312830873,7.40053113287751));
#6692=CARTESIAN_POINT('',(41.6835440314516,2.54785931283087,7.4264395751439));
#6693=CARTESIAN_POINT('',(64.1101286239356,2.54785931283087,7.33319702068168));
#6694=CARTESIAN_POINT('',(41.6835440314516,4.54785931283087,7.4264395751439));
#6695=CARTESIAN_POINT('',(64.1101295400152,4.54785931283087,7.33319701687291));
#6696=CARTESIAN_POINT('',(41.6835440314516,0.547859312830873,7.4264395751439));
#6697=CARTESIAN_POINT('Ctrl Pts',(41.6835440314516,0.547859312830873,7.4264395751439));
#6698=CARTESIAN_POINT('Ctrl Pts',(41.6835440314516,7.54785931283087,7.4264395751439));
#6699=CARTESIAN_POINT('Ctrl Pts',(41.6656561816673,0.547859312830873,7.42907090662917));
#6700=CARTESIAN_POINT('Ctrl Pts',(41.6656561816673,7.54785931283087,7.42907090662917));
#6701=CARTESIAN_POINT('Ctrl Pts',(41.6298803170435,0.547859312830873,7.4343335938796));
#6702=CARTESIAN_POINT('Ctrl Pts',(41.6298803170435,7.54785931283087,7.4343335938796));
#6703=CARTESIAN_POINT('Ctrl Pts',(41.6249153953282,0.547859312830873,7.47015203626314));
#6704=CARTESIAN_POINT('Ctrl Pts',(41.6249153953282,7.54785931283087,7.47015203626314));
#6705=CARTESIAN_POINT('Ctrl Pts',(41.6224329230175,0.547859312830873,7.48806134008067));
#6706=CARTESIAN_POINT('Ctrl Pts',(41.6224329230175,7.54785931283087,7.48806134008068));
#6707=CARTESIAN_POINT('',(41.6224329230175,2.54785931283087,7.48806134008067));
#6708=CARTESIAN_POINT('Ctrl Pts',(41.6224329230175,2.54785931283087,7.48806134008067));
#6709=CARTESIAN_POINT('Ctrl Pts',(41.6249153953282,2.54785931283087,7.47015203626314));
#6710=CARTESIAN_POINT('Ctrl Pts',(41.6273978676389,2.54785931283087,7.4522427324456));
#6711=CARTESIAN_POINT('Ctrl Pts',(41.6375831467514,2.54785931283087,7.44197243789734));
#6712=CARTESIAN_POINT('Ctrl Pts',(41.6477683318829,2.54785931283087,7.43170223811445));
#6713=CARTESIAN_POINT('Ctrl Pts',(41.6656561816673,2.54785931283087,7.42907090662917));
#6714=CARTESIAN_POINT('Ctrl Pts',(41.6835440314516,2.54785931283087,7.4264395751439));
#6715=CARTESIAN_POINT('',(41.6224329230175,4.54785931283087,7.48806134008067));
#6716=CARTESIAN_POINT('Ctrl Pts',(41.6224329230175,4.54785931283087,7.48806134008068));
#6717=CARTESIAN_POINT('Ctrl Pts',(41.6249153953282,4.54785931283087,7.47015203626314));
#6718=CARTESIAN_POINT('Ctrl Pts',(41.6273978676389,4.54785931283087,7.4522427324456));
#6719=CARTESIAN_POINT('Ctrl Pts',(41.6375831467514,4.54785931283087,7.44197243789734));
#6720=CARTESIAN_POINT('Ctrl Pts',(41.6477683318829,4.54785931283087,7.43170223811445));
#6721=CARTESIAN_POINT('Ctrl Pts',(41.6656561816673,4.54785931283087,7.42907090662917));
#6722=CARTESIAN_POINT('Ctrl Pts',(41.6835440314516,4.54785931283087,7.4264395751439));
#6723=CARTESIAN_POINT('',(41.6224329230175,0.547859312830873,7.48806134008067));
#6724=CARTESIAN_POINT('Origin',(41.6224329230175,0.547859312830873,7.48806134008067));
#6725=CARTESIAN_POINT('',(41.6187913586961,2.54785931283087,6.61219676543392));
#6726=CARTESIAN_POINT('',(41.618791360212,4.54785931283087,6.61219713002626));
#6727=CARTESIAN_POINT('Ctrl Pts',(51.3266559729538,0.547859312830873,6.77267333588965));
#6728=CARTESIAN_POINT('Ctrl Pts',(51.3266559729538,7.54785931283087,6.77267333588965));
#6729=CARTESIAN_POINT('Ctrl Pts',(51.3313369017653,0.547859312830873,6.79051905114419));
#6730=CARTESIAN_POINT('Ctrl Pts',(51.3313369017653,7.54785931283087,6.79051905114419));
#6731=CARTESIAN_POINT('Ctrl Pts',(51.3400230544724,0.547859312830873,6.82363440369719));
#6732=CARTESIAN_POINT('Ctrl Pts',(51.3400230544724,7.54785931283087,6.82363440369719));
#6733=CARTESIAN_POINT('Ctrl Pts',(51.3730488149353,0.547859312830873,6.83058107982707));
#6734=CARTESIAN_POINT('Ctrl Pts',(51.3730488149353,7.54785931283087,6.83058107982707));
#6735=CARTESIAN_POINT('Ctrl Pts',(51.38827714092,0.547859312830873,6.83378422328639));
#6736=CARTESIAN_POINT('Ctrl Pts',(51.38827714092,7.54785931283087,6.83378422328639));
#6737=CARTESIAN_POINT('',(51.38827714092,2.54785931283087,6.83378422328639));
#6738=CARTESIAN_POINT('',(51.3266559729538,2.54785931283087,6.77267333588965));
#6739=CARTESIAN_POINT('Ctrl Pts',(51.38827714092,2.54785931283087,6.83378422328639));
#6740=CARTESIAN_POINT('Ctrl Pts',(51.3730488149353,2.54785931283087,6.83058107982707));
#6741=CARTESIAN_POINT('Ctrl Pts',(51.3578204889507,2.54785931283087,6.82737793636775));
#6742=CARTESIAN_POINT('Ctrl Pts',(51.3477671855779,2.54785931283087,6.81861087858523));
#6743=CARTESIAN_POINT('Ctrl Pts',(51.3360178305768,2.54785931283087,6.80836476639874));
#6744=CARTESIAN_POINT('Ctrl Pts',(51.3313369017653,2.54785931283087,6.79051905114419));
#6745=CARTESIAN_POINT('Ctrl Pts',(51.3266559729538,2.54785931283087,6.77267333588965));
#6746=CARTESIAN_POINT('',(51.3266559729538,4.54785931283087,6.77267333588965));
#6747=CARTESIAN_POINT('',(51.3266559729538,0.547859312830873,6.77267333588965));
#6748=CARTESIAN_POINT('',(51.38827714092,4.54785931283087,6.83378422328639));
#6749=CARTESIAN_POINT('Ctrl Pts',(51.38827714092,4.54785931283087,6.83378422328639));
#6750=CARTESIAN_POINT('Ctrl Pts',(51.3730488149353,4.54785931283087,6.83058107982707));
#6751=CARTESIAN_POINT('Ctrl Pts',(51.3578204889507,4.54785931283087,6.82737793636776));
#6752=CARTESIAN_POINT('Ctrl Pts',(51.3477671855779,4.54785931283087,6.81861087858523));
#6753=CARTESIAN_POINT('Ctrl Pts',(51.3360178305768,4.54785931283087,6.80836476639874));
#6754=CARTESIAN_POINT('Ctrl Pts',(51.3313369017653,4.54785931283087,6.79051905114419));
#6755=CARTESIAN_POINT('Ctrl Pts',(51.3266559729538,4.54785931283087,6.77267333588965));
#6756=CARTESIAN_POINT('',(51.38827714092,0.547859312830873,6.83378422328639));
#6757=CARTESIAN_POINT('Origin',(51.38827714092,0.547859312830873,6.83378422328639));
#6758=CARTESIAN_POINT('',(60.4146991111862,2.54785931283087,6.79625525231488));
#6759=CARTESIAN_POINT('',(65.8456136978352,2.54785931283087,6.77367524923697));
#6760=CARTESIAN_POINT('',(60.4146991111862,4.54785931283087,6.79625525231488));
#6761=CARTESIAN_POINT('',(65.8456146139149,4.54785931283087,6.77367524542821));
#6762=CARTESIAN_POINT('',(60.4146991111862,0.547859312830873,6.79625525231488));
#6763=CARTESIAN_POINT('Ctrl Pts',(60.4146991111862,0.547859312830873,6.79625525231488));
#6764=CARTESIAN_POINT('Ctrl Pts',(60.4146991111862,7.54785931283087,6.79625525231488));
#6765=CARTESIAN_POINT('Ctrl Pts',(60.4325445182952,0.547859312830873,6.79157424142379));
#6766=CARTESIAN_POINT('Ctrl Pts',(60.4325445182952,7.54785931283087,6.79157424142379));
#6767=CARTESIAN_POINT('Ctrl Pts',(60.4656595375452,0.547859312830873,6.78288787384357));
#6768=CARTESIAN_POINT('Ctrl Pts',(60.4656595375452,7.54785931283087,6.78288787384357));
#6769=CARTESIAN_POINT('Ctrl Pts',(60.4726066342368,0.547859312830873,6.74986240434902));
#6770=CARTESIAN_POINT('Ctrl Pts',(60.4726066342368,7.54785931283087,6.74986240434902));
#6771=CARTESIAN_POINT('Ctrl Pts',(60.4758099985829,0.547859312830873,6.7346340843487));
#6772=CARTESIAN_POINT('Ctrl Pts',(60.4758099985829,7.54785931283087,6.7346340843487));
#6773=CARTESIAN_POINT('',(60.4758099985829,2.54785931283087,6.7346340843487));
#6774=CARTESIAN_POINT('Ctrl Pts',(60.4758099985829,2.54785931283087,6.7346340843487));
#6775=CARTESIAN_POINT('Ctrl Pts',(60.4726066342368,2.54785931283087,6.74986240434902));
#6776=CARTESIAN_POINT('Ctrl Pts',(60.4694032698907,2.54785931283087,6.76509072434933));
#6777=CARTESIAN_POINT('Ctrl Pts',(60.4606360578405,2.54785931283087,6.77514404216891));
#6778=CARTESIAN_POINT('Ctrl Pts',(60.4503899254042,2.54785931283087,6.78689323053271));
#6779=CARTESIAN_POINT('Ctrl Pts',(60.4325445182952,2.54785931283087,6.79157424142379));
#6780=CARTESIAN_POINT('Ctrl Pts',(60.4146991111862,2.54785931283087,6.79625525231488));
#6781=CARTESIAN_POINT('',(60.4758099985829,4.54785931283087,6.7346340843487));
#6782=CARTESIAN_POINT('Ctrl Pts',(60.4758099985829,4.54785931283087,6.7346340843487));
#6783=CARTESIAN_POINT('Ctrl Pts',(60.4726066342368,4.54785931283087,6.74986240434902));
#6784=CARTESIAN_POINT('Ctrl Pts',(60.4694032698907,4.54785931283087,6.76509072434933));
#6785=CARTESIAN_POINT('Ctrl Pts',(60.4606360578405,4.54785931283087,6.77514404216891));
#6786=CARTESIAN_POINT('Ctrl Pts',(60.4503899254042,4.54785931283087,6.78689323053271));
#6787=CARTESIAN_POINT('Ctrl Pts',(60.4325445182952,4.54785931283087,6.79157424142379));
#6788=CARTESIAN_POINT('Ctrl Pts',(60.4146991111862,4.54785931283087,6.79625525231488));
#6789=CARTESIAN_POINT('',(60.4758099985829,0.547859312830873,6.7346340843487));
#6790=CARTESIAN_POINT('Origin',(60.4758099985829,0.547859312830873,6.7346340843487));
#6791=CARTESIAN_POINT('',(60.4668568584512,2.54785931283087,4.58123582438801));
#6792=CARTESIAN_POINT('',(60.4735717120228,2.54785931283087,6.19628415205316));
#6793=CARTESIAN_POINT('',(60.4668568584512,4.54785931283087,4.58123582438801));
#6794=CARTESIAN_POINT('',(60.4735717135387,4.54785931283087,6.1962845166455));
#6795=CARTESIAN_POINT('',(60.4668568584512,0.547859312830874,4.58123582438801));
#6796=CARTESIAN_POINT('Ctrl Pts',(60.4668568584512,0.547859312830874,4.58123582438801));
#6797=CARTESIAN_POINT('Ctrl Pts',(60.4668568584512,7.54785931283087,4.58123582438801));
#6798=CARTESIAN_POINT('Ctrl Pts',(60.4642253647378,0.547859312830874,4.56334778280335));
#6799=CARTESIAN_POINT('Ctrl Pts',(60.4642253647378,7.54785931283087,4.56334778280335));
#6800=CARTESIAN_POINT('Ctrl Pts',(60.4589624488763,0.547859312830874,4.52757218611155));
#6801=CARTESIAN_POINT('Ctrl Pts',(60.4589624488763,7.54785931283087,4.52757218611156));
#6802=CARTESIAN_POINT('Ctrl Pts',(60.4231444459453,0.547859312830874,4.52260693349796));
#6803=CARTESIAN_POINT('Ctrl Pts',(60.4231444459453,7.54785931283087,4.52260693349796));
#6804=CARTESIAN_POINT('Ctrl Pts',(60.4052356880068,0.547859312830874,4.52012434094998));
#6805=CARTESIAN_POINT('Ctrl Pts',(60.4052356880068,7.54785931283087,4.52012434094998));
#6806=CARTESIAN_POINT('',(60.4052356880068,2.54785931283087,4.52012434094998));
#6807=CARTESIAN_POINT('Ctrl Pts',(60.4052356880068,2.54785931283087,4.52012434094998));
#6808=CARTESIAN_POINT('Ctrl Pts',(60.4231444459453,2.54785931283087,4.52260693349796));
#6809=CARTESIAN_POINT('Ctrl Pts',(60.4410532038837,2.54785931283087,4.52508952604594));
#6810=CARTESIAN_POINT('Ctrl Pts',(60.4513233977978,2.54785931283087,4.53527449513495));
#6811=CARTESIAN_POINT('Ctrl Pts',(60.4615938710244,2.54785931283087,4.54545974121869));
#6812=CARTESIAN_POINT('Ctrl Pts',(60.4642253647378,2.54785931283087,4.56334778280335));
#6813=CARTESIAN_POINT('Ctrl Pts',(60.4668568584512,2.54785931283087,4.58123582438801));
#6814=CARTESIAN_POINT('',(60.4052356880068,4.54785931283087,4.52012434094998));
#6815=CARTESIAN_POINT('Ctrl Pts',(60.4052356880068,4.54785931283087,4.52012434094998));
#6816=CARTESIAN_POINT('Ctrl Pts',(60.4231444459453,4.54785931283087,4.52260693349796));
#6817=CARTESIAN_POINT('Ctrl Pts',(60.4410532038837,4.54785931283087,4.52508952604594));
#6818=CARTESIAN_POINT('Ctrl Pts',(60.4513233977978,4.54785931283087,4.53527449513495));
#6819=CARTESIAN_POINT('Ctrl Pts',(60.4615938710244,4.54785931283087,4.54545974121869));
#6820=CARTESIAN_POINT('Ctrl Pts',(60.4642253647378,4.54785931283087,4.56334778280335));
#6821=CARTESIAN_POINT('Ctrl Pts',(60.4668568584512,4.54785931283087,4.58123582438801));
#6822=CARTESIAN_POINT('',(60.4052356880068,0.547859312830874,4.52012434094998));
#6823=CARTESIAN_POINT('Origin',(60.4052356880068,0.547859312830874,4.52012434094998));
#6824=CARTESIAN_POINT('',(51.3788137177406,2.54785931283087,4.55765331192149));
#6825=CARTESIAN_POINT('',(70.349361259789,2.54785931283087,4.47877985238631));
#6826=CARTESIAN_POINT('',(51.3788137177406,4.54785931283087,4.55765331192149));
#6827=CARTESIAN_POINT('',(70.3493621758686,4.54785931283087,4.47877984857755));
#6828=CARTESIAN_POINT('',(51.3788137177406,0.547859312830874,4.55765331192149));
#6829=CARTESIAN_POINT('Ctrl Pts',(51.3788137177406,0.547859312830874,4.55765331192149));
#6830=CARTESIAN_POINT('Ctrl Pts',(51.3788137177406,7.54785931283087,4.55765331192149));
#6831=CARTESIAN_POINT('Ctrl Pts',(51.3609256255353,0.547859312830874,4.56028457735927));
#6832=CARTESIAN_POINT('Ctrl Pts',(51.3609256255353,7.54785931283087,4.56028457735928));
#6833=CARTESIAN_POINT('Ctrl Pts',(51.3251495106197,0.547859312830874,4.56554709801239));
#6834=CARTESIAN_POINT('Ctrl Pts',(51.3251495106197,7.54785931283087,4.56554709801239));
#6835=CARTESIAN_POINT('Ctrl Pts',(51.3201850555401,0.547859312830874,4.60136577314938));
#6836=CARTESIAN_POINT('Ctrl Pts',(51.3201850555401,7.54785931283087,4.60136577314939));
#6837=CARTESIAN_POINT('Ctrl Pts',(51.317702832822,0.547859312830874,4.61927507592896));
#6838=CARTESIAN_POINT('Ctrl Pts',(51.317702832822,7.54785931283087,4.61927507592896));
#6839=CARTESIAN_POINT('',(51.317702832822,2.54785931283087,4.61927507592896));
#6840=CARTESIAN_POINT('Ctrl Pts',(51.317702832822,2.54785931283087,4.61927507592896));
#6841=CARTESIAN_POINT('Ctrl Pts',(51.3201850555401,2.54785931283087,4.60136577314939));
#6842=CARTESIAN_POINT('Ctrl Pts',(51.3226672782582,2.54785931283087,4.58345647036981));
#6843=CARTESIAN_POINT('Ctrl Pts',(51.3328523860094,2.54785931283087,4.57318617653354));
#6844=CARTESIAN_POINT('Ctrl Pts',(51.3430375333299,2.54785931283087,4.56291584279706));
#6845=CARTESIAN_POINT('Ctrl Pts',(51.3609256255353,2.54785931283087,4.56028457735928));
#6846=CARTESIAN_POINT('Ctrl Pts',(51.3788137177406,2.54785931283087,4.55765331192149));
#6847=CARTESIAN_POINT('',(51.317702832822,4.54785931283087,4.61927507592896));
#6848=CARTESIAN_POINT('Ctrl Pts',(51.317702832822,4.54785931283087,4.61927507592896));
#6849=CARTESIAN_POINT('Ctrl Pts',(51.3201850555401,4.54785931283087,4.60136577314939));
#6850=CARTESIAN_POINT('Ctrl Pts',(51.3226672782582,4.54785931283087,4.58345647036981));
#6851=CARTESIAN_POINT('Ctrl Pts',(51.3328523860094,4.54785931283087,4.57318617653354));
#6852=CARTESIAN_POINT('Ctrl Pts',(51.3430375333299,4.54785931283087,4.56291584279706));
#6853=CARTESIAN_POINT('Ctrl Pts',(51.3609256255353,4.54785931283087,4.56028457735928));
#6854=CARTESIAN_POINT('Ctrl Pts',(51.3788137177406,4.54785931283087,4.55765331192149));
#6855=CARTESIAN_POINT('',(51.317702832822,0.547859312830874,4.61927507592896));
#6856=CARTESIAN_POINT('Origin',(51.317702832822,0.547859312830874,4.61927507592896));
#6857=CARTESIAN_POINT('',(51.3199411163278,2.54785931283087,5.15762427361376));
#6858=CARTESIAN_POINT('',(51.3199411178437,4.54785931283087,5.1576246382061));
#6859=CARTESIAN_POINT('Ctrl Pts',(61.0455844419457,0.547859312830873,9.59421464817084));
#6860=CARTESIAN_POINT('Ctrl Pts',(61.0455844419457,7.54785931283087,9.59421464817084));
#6861=CARTESIAN_POINT('Ctrl Pts',(61.0502657544181,0.547859312830873,9.6120605933771));
#6862=CARTESIAN_POINT('Ctrl Pts',(61.0502657544181,7.54785931283087,9.6120605933771));
#6863=CARTESIAN_POINT('Ctrl Pts',(61.0589524337855,0.547859312830873,9.64517566632522));
#6864=CARTESIAN_POINT('Ctrl Pts',(61.0589524337855,7.54785931283087,9.64517566632522));
#6865=CARTESIAN_POINT('Ctrl Pts',(61.0919778327108,0.547859312830873,9.65212283902896));
#6866=CARTESIAN_POINT('Ctrl Pts',(61.0919778327108,7.54785931283087,9.65212283902896));
#6867=CARTESIAN_POINT('Ctrl Pts',(61.1072056123901,0.547859312830873,9.65532613160887));
#6868=CARTESIAN_POINT('Ctrl Pts',(61.1072056123901,7.54785931283087,9.65532613160887));
#6869=CARTESIAN_POINT('',(61.1072056123901,2.54785931283087,9.65532613160887));
#6870=CARTESIAN_POINT('',(61.0455844419457,2.54785931283087,9.59421464817084));
#6871=CARTESIAN_POINT('Ctrl Pts',(61.1072056123901,2.54785931283087,9.65532613160887));
#6872=CARTESIAN_POINT('Ctrl Pts',(61.0919778327108,2.54785931283087,9.65212283902896));
#6873=CARTESIAN_POINT('Ctrl Pts',(61.0767500530316,2.54785931283087,9.64891954644904));
#6874=CARTESIAN_POINT('Ctrl Pts',(61.0666968491306,2.54785931283087,9.64015278195142));
#6875=CARTESIAN_POINT('Ctrl Pts',(61.0549470668904,2.54785931283087,9.62990653858337));
#6876=CARTESIAN_POINT('Ctrl Pts',(61.0502657544181,2.54785931283087,9.6120605933771));
#6877=CARTESIAN_POINT('Ctrl Pts',(61.0455844419457,2.54785931283087,9.59421464817084));
#6878=CARTESIAN_POINT('',(61.0455844419457,4.54785931283087,9.59421464817084));
#6879=CARTESIAN_POINT('',(61.0455844419457,0.547859312830873,9.59421464817084));
#6880=CARTESIAN_POINT('',(61.1072056123901,4.54785931283087,9.65532613160887));
#6881=CARTESIAN_POINT('Ctrl Pts',(61.1072056123901,4.54785931283087,9.65532613160887));
#6882=CARTESIAN_POINT('Ctrl Pts',(61.0919778327108,4.54785931283087,9.65212283902896));
#6883=CARTESIAN_POINT('Ctrl Pts',(61.0767500530316,4.54785931283087,9.64891954644904));
#6884=CARTESIAN_POINT('Ctrl Pts',(61.0666968491306,4.54785931283087,9.64015278195142));
#6885=CARTESIAN_POINT('Ctrl Pts',(61.0549470668904,4.54785931283087,9.62990653858337));
#6886=CARTESIAN_POINT('Ctrl Pts',(61.0502657544181,4.54785931283087,9.6120605933771));
#6887=CARTESIAN_POINT('Ctrl Pts',(61.0455844419457,4.54785931283087,9.59421464817084));
#6888=CARTESIAN_POINT('',(61.1072056123901,0.547859312830873,9.65532613160887));
#6889=CARTESIAN_POINT('Origin',(61.1072056123901,0.547859312830873,9.65532613160887));
#6890=CARTESIAN_POINT('',(63.930054806563,2.54785931283087,9.64358962894879));
#6891=CARTESIAN_POINT('',(70.7110273665758,2.54785931283087,9.6153965173037));
#6892=CARTESIAN_POINT('',(63.930054806563,4.54785931283087,9.64358962894879));
#6893=CARTESIAN_POINT('',(70.7110282826555,4.54785931283087,9.61539651349494));
#6894=CARTESIAN_POINT('',(63.930054806563,0.547859312830873,9.64358962894879));
#6895=CARTESIAN_POINT('Ctrl Pts',(63.9300548065631,0.547859312830873,9.64358962894879));
#6896=CARTESIAN_POINT('Ctrl Pts',(63.9300548065631,7.54785931283087,9.64358962894879));
#6897=CARTESIAN_POINT('Ctrl Pts',(63.9479002105513,0.547859312830873,9.63890839188896));
#6898=CARTESIAN_POINT('Ctrl Pts',(63.9479002105513,7.54785931283087,9.63890839188896));
#6899=CARTESIAN_POINT('Ctrl Pts',(63.9810151495144,0.547859312830873,9.63022162415818));
#6900=CARTESIAN_POINT('Ctrl Pts',(63.9810151495144,7.54785931283087,9.63022162415818));
#6901=CARTESIAN_POINT('Ctrl Pts',(63.9879623073593,0.547859312830873,9.59719614798464));
#6902=CARTESIAN_POINT('Ctrl Pts',(63.9879623073593,7.54785931283087,9.59719614798464));
#6903=CARTESIAN_POINT('Ctrl Pts',(63.9911656914816,0.547859312830873,9.58196786494131));
#6904=CARTESIAN_POINT('Ctrl Pts',(63.9911656914816,7.54785931283087,9.58196786494131));
#6905=CARTESIAN_POINT('',(63.9911656914816,2.54785931283087,9.58196786494131));
#6906=CARTESIAN_POINT('Ctrl Pts',(63.9911656914816,2.54785931283087,9.58196786494131));
#6907=CARTESIAN_POINT('Ctrl Pts',(63.9879623073593,2.54785931283087,9.59719614798464));
#6908=CARTESIAN_POINT('Ctrl Pts',(63.9847589232369,2.54785931283087,9.61242443102797));
#6909=CARTESIAN_POINT('Ctrl Pts',(63.9759917507392,2.54785931283087,9.62247782276152));
#6910=CARTESIAN_POINT('Ctrl Pts',(63.9657456145396,2.54785931283087,9.63422715482914));
#6911=CARTESIAN_POINT('Ctrl Pts',(63.9479002105513,2.54785931283087,9.63890839188896));
#6912=CARTESIAN_POINT('Ctrl Pts',(63.9300548065631,2.54785931283087,9.64358962894879));
#6913=CARTESIAN_POINT('',(63.9911656914816,4.54785931283087,9.58196786494131));
#6914=CARTESIAN_POINT('Ctrl Pts',(63.9911656914816,4.54785931283087,9.58196786494131));
#6915=CARTESIAN_POINT('Ctrl Pts',(63.9879623073593,4.54785931283087,9.59719614798464));
#6916=CARTESIAN_POINT('Ctrl Pts',(63.9847589232369,4.54785931283087,9.61242443102797));
#6917=CARTESIAN_POINT('Ctrl Pts',(63.9759917507392,4.54785931283087,9.62247782276152));
#6918=CARTESIAN_POINT('Ctrl Pts',(63.9657456145396,4.54785931283087,9.63422715482914));
#6919=CARTESIAN_POINT('Ctrl Pts',(63.9479002105513,4.54785931283087,9.63890839188896));
#6920=CARTESIAN_POINT('Ctrl Pts',(63.9300548065631,4.54785931283087,9.64358962894879));
#6921=CARTESIAN_POINT('',(63.9911656914816,0.547859312830873,9.58196786494131));
#6922=CARTESIAN_POINT('Origin',(63.9911656914816,0.547859312830873,9.58196786494131));
#6923=CARTESIAN_POINT('',(63.9584148218057,2.54785931283087,1.70476894539994));
#6924=CARTESIAN_POINT('',(63.9829779731551,2.54785931283087,7.61266791676095));
#6925=CARTESIAN_POINT('',(63.9584148218057,4.54785931283087,1.70476894539994));
#6926=CARTESIAN_POINT('',(63.9829779746709,4.54785931283087,7.61266828135329));
#6927=CARTESIAN_POINT('',(63.9584148218057,0.547859312830875,1.70476894539994));
#6928=CARTESIAN_POINT('Ctrl Pts',(63.9584148218057,0.547859312830875,1.70476894539994));
#6929=CARTESIAN_POINT('Ctrl Pts',(63.9584148218057,7.54785931283088,1.70476894539994));
#6930=CARTESIAN_POINT('Ctrl Pts',(63.9557831912877,0.547859312830875,1.68688145076444));
#6931=CARTESIAN_POINT('Ctrl Pts',(63.9557831912877,7.54785931283088,1.68688145076444));
#6932=CARTESIAN_POINT('Ctrl Pts',(63.9505199302517,0.547859312830875,1.65110646149343));
#6933=CARTESIAN_POINT('Ctrl Pts',(63.9505199302517,7.54785931283088,1.65110646149343));
#6934=CARTESIAN_POINT('Ctrl Pts',(63.9147024126436,0.547859312830875,1.64614085916661));
#6935=CARTESIAN_POINT('Ctrl Pts',(63.9147024126436,7.54785931283088,1.64614085916662));
#6936=CARTESIAN_POINT('Ctrl Pts',(63.8967936538395,0.547859312830875,1.64365805800321));
#6937=CARTESIAN_POINT('Ctrl Pts',(63.8967936538395,7.54785931283088,1.64365805800321));
#6938=CARTESIAN_POINT('',(63.8967936538395,2.54785931283087,1.64365805800321));
#6939=CARTESIAN_POINT('Ctrl Pts',(63.8967936538395,2.54785931283087,1.64365805800321));
#6940=CARTESIAN_POINT('Ctrl Pts',(63.9147024126436,2.54785931283087,1.64614085916661));
#6941=CARTESIAN_POINT('Ctrl Pts',(63.9326111714476,2.54785931283087,1.64862366033002));
#6942=CARTESIAN_POINT('Ctrl Pts',(63.9428813661087,2.54785931283087,1.65880880822948));
#6943=CARTESIAN_POINT('Ctrl Pts',(63.9531515607697,2.54785931283087,1.66899395612893));
#6944=CARTESIAN_POINT('Ctrl Pts',(63.9557831912877,2.54785931283087,1.68688145076444));
#6945=CARTESIAN_POINT('Ctrl Pts',(63.9584148218057,2.54785931283087,1.70476894539994));
#6946=CARTESIAN_POINT('',(63.8967936538395,4.54785931283087,1.64365805800321));
#6947=CARTESIAN_POINT('Ctrl Pts',(63.8967936538395,4.54785931283087,1.64365805800321));
#6948=CARTESIAN_POINT('Ctrl Pts',(63.9147024126436,4.54785931283087,1.64614085916661));
#6949=CARTESIAN_POINT('Ctrl Pts',(63.9326111714476,4.54785931283087,1.64862366033002));
#6950=CARTESIAN_POINT('Ctrl Pts',(63.9428813661087,4.54785931283087,1.65880880822948));
#6951=CARTESIAN_POINT('Ctrl Pts',(63.9531515607697,4.54785931283087,1.66899395612893));
#6952=CARTESIAN_POINT('Ctrl Pts',(63.9557831912877,4.54785931283087,1.68688145076444));
#6953=CARTESIAN_POINT('Ctrl Pts',(63.9584148218057,4.54785931283087,1.70476894539994));
#6954=CARTESIAN_POINT('',(63.8967936538395,0.547859312830875,1.64365805800321));
#6955=CARTESIAN_POINT('Origin',(63.8967936538395,0.547859312830875,1.64365805800321));
#6956=CARTESIAN_POINT('',(61.0739444596665,2.54785931283087,1.65539456066329));
#6957=CARTESIAN_POINT('',(72.0891908109388,2.54785931283087,1.60959669502808));
#6958=CARTESIAN_POINT('',(61.0739444596665,4.54785931283087,1.65539456066329));
#6959=CARTESIAN_POINT('',(72.0891917270185,4.54785931283087,1.60959669121932));
#6960=CARTESIAN_POINT('',(61.0739444596665,0.547859312830875,1.65539456066329));
#6961=CARTESIAN_POINT('Ctrl Pts',(61.0739444596665,0.547859312830875,1.65539456066329));
#6962=CARTESIAN_POINT('Ctrl Pts',(61.0739444596665,7.54785931283088,1.65539456066329));
#6963=CARTESIAN_POINT('Ctrl Pts',(61.056056965031,0.547859312830875,1.6580261911813));
#6964=CARTESIAN_POINT('Ctrl Pts',(61.056056965031,7.54785931283088,1.6580261911813));
#6965=CARTESIAN_POINT('Ctrl Pts',(61.02028197576,0.547859312830875,1.66328945221732));
#6966=CARTESIAN_POINT('Ctrl Pts',(61.02028197576,7.54785931283088,1.66328945221733));
#6967=CARTESIAN_POINT('Ctrl Pts',(61.0153163734332,0.547859312830875,1.69910696982542));
#6968=CARTESIAN_POINT('Ctrl Pts',(61.0153163734332,7.54785931283088,1.69910696982542));
#6969=CARTESIAN_POINT('Ctrl Pts',(61.0128335722698,0.547859312830875,1.71701572862947));
#6970=CARTESIAN_POINT('Ctrl Pts',(61.0128335722698,7.54785931283088,1.71701572862947));
#6971=CARTESIAN_POINT('',(61.0128335722698,2.54785931283087,1.71701572862947));
#6972=CARTESIAN_POINT('Ctrl Pts',(61.0128335722698,2.54785931283087,1.71701572862947));
#6973=CARTESIAN_POINT('Ctrl Pts',(61.0153163734332,2.54785931283087,1.69910696982542));
#6974=CARTESIAN_POINT('Ctrl Pts',(61.0177991745966,2.54785931283087,1.68119821102137));
#6975=CARTESIAN_POINT('Ctrl Pts',(61.0279843224961,2.54785931283087,1.67092801636034));
#6976=CARTESIAN_POINT('Ctrl Pts',(61.0381694703955,2.54785931283087,1.66065782169931));
#6977=CARTESIAN_POINT('Ctrl Pts',(61.056056965031,2.54785931283087,1.6580261911813));
#6978=CARTESIAN_POINT('Ctrl Pts',(61.0739444596665,2.54785931283087,1.65539456066329));
#6979=CARTESIAN_POINT('',(61.0128335722698,4.54785931283087,1.71701572862947));
#6980=CARTESIAN_POINT('Ctrl Pts',(61.0128335722698,4.54785931283087,1.71701572862947));
#6981=CARTESIAN_POINT('Ctrl Pts',(61.0153163734332,4.54785931283087,1.69910696982542));
#6982=CARTESIAN_POINT('Ctrl Pts',(61.0177991745966,4.54785931283087,1.68119821102137));
#6983=CARTESIAN_POINT('Ctrl Pts',(61.0279843224961,4.54785931283087,1.67092801636034));
#6984=CARTESIAN_POINT('Ctrl Pts',(61.0381694703955,4.54785931283087,1.66065782169931));
#6985=CARTESIAN_POINT('Ctrl Pts',(61.056056965031,4.54785931283087,1.6580261911813));
#6986=CARTESIAN_POINT('Ctrl Pts',(61.0739444596665,4.54785931283087,1.65539456066329));
#6987=CARTESIAN_POINT('',(61.0128335722698,0.547859312830875,1.71701572862947));
#6988=CARTESIAN_POINT('Origin',(61.0128335722698,0.547859312830875,1.71701572862947));
#6989=CARTESIAN_POINT('',(61.0210212887812,2.54785931283087,3.68631524021978));
#6990=CARTESIAN_POINT('',(61.021021290297,4.54785931283087,3.68631560481213));
#6991=CARTESIAN_POINT('Ctrl Pts',(86.8403916003257,0.547859312830875,3.79654216213418));
#6992=CARTESIAN_POINT('Ctrl Pts',(86.8403916003257,7.54785931283088,3.79654216213419));
#6993=CARTESIAN_POINT('Ctrl Pts',(86.8450721140864,0.547859312830875,3.81438791800179));
#6994=CARTESIAN_POINT('Ctrl Pts',(86.8450721140864,7.54785931283088,3.81438791800179));
#6995=CARTESIAN_POINT('Ctrl Pts',(86.8537578452568,0.547859312830875,3.84750467524803));
#6996=CARTESIAN_POINT('Ctrl Pts',(86.8537578452568,7.54785931283088,3.84750467524804));
#6997=CARTESIAN_POINT('Ctrl Pts',(86.8867853210756,0.547859312830875,3.85445025257686));
#6998=CARTESIAN_POINT('Ctrl Pts',(86.8867853210756,7.54785931283088,3.85445025257686));
#6999=CARTESIAN_POINT('Ctrl Pts',(86.9020151524571,0.547859312830875,3.85765303961833));
#7000=CARTESIAN_POINT('Ctrl Pts',(86.9020151524571,7.54785931283088,3.85765303961833));
#7001=CARTESIAN_POINT('',(86.9020151524571,2.54785931283087,3.85765303961833));
#7002=CARTESIAN_POINT('',(86.8403916003257,2.54785931283087,3.79654216213419));
#7003=CARTESIAN_POINT('Ctrl Pts',(86.9020151524571,2.54785931283087,3.85765303961833));
#7004=CARTESIAN_POINT('Ctrl Pts',(86.8867853210756,2.54785931283087,3.85445025257686));
#7005=CARTESIAN_POINT('Ctrl Pts',(86.8715554896941,2.54785931283087,3.85124746553538));
#7006=CARTESIAN_POINT('Ctrl Pts',(86.8615016208672,2.54785931283087,3.84247970978606));
#7007=CARTESIAN_POINT('Ctrl Pts',(86.849752627847,2.54785931283087,3.83223367386939));
#7008=CARTESIAN_POINT('Ctrl Pts',(86.8450721140864,2.54785931283087,3.81438791800179));
#7009=CARTESIAN_POINT('Ctrl Pts',(86.8403916003257,2.54785931283087,3.79654216213418));
#7010=CARTESIAN_POINT('',(86.8403916003257,4.54785931283087,3.79654216213419));
#7011=CARTESIAN_POINT('',(86.8403916003257,0.547859312830875,3.79654216213418));
#7012=CARTESIAN_POINT('',(86.9020151524571,4.54785931283087,3.85765303961833));
#7013=CARTESIAN_POINT('Ctrl Pts',(86.9020151524571,4.54785931283087,3.85765303961833));
#7014=CARTESIAN_POINT('Ctrl Pts',(86.8867853210756,4.54785931283087,3.85445025257686));
#7015=CARTESIAN_POINT('Ctrl Pts',(86.8715554896941,4.54785931283087,3.85124746553538));
#7016=CARTESIAN_POINT('Ctrl Pts',(86.8615016208672,4.54785931283087,3.84247970978606));
#7017=CARTESIAN_POINT('Ctrl Pts',(86.849752627847,4.54785931283087,3.83223367386939));
#7018=CARTESIAN_POINT('Ctrl Pts',(86.8450721140864,4.54785931283087,3.81438791800179));
#7019=CARTESIAN_POINT('Ctrl Pts',(86.8403916003257,4.54785931283087,3.79654216213419));
#7020=CARTESIAN_POINT('',(86.9020151524571,0.547859312830875,3.85765303961833));
#7021=CARTESIAN_POINT('Origin',(86.9020151524571,0.547859312830875,3.85765303961833));
#7022=CARTESIAN_POINT('',(95.9284359306407,2.54785931283087,3.82012407360312));
#7023=CARTESIAN_POINT('',(83.5966028557766,2.54785931283087,3.87139588507134));
#7024=CARTESIAN_POINT('',(95.9284359306407,4.54785931283087,3.82012407360312));
#7025=CARTESIAN_POINT('',(83.5966037718562,4.54785931283087,3.87139588126257));
#7026=CARTESIAN_POINT('',(95.9284359306407,0.547859312830875,3.82012407360312));
#7027=CARTESIAN_POINT('Origin',(95.9284359306407,0.547859312830875,3.82012407360312));
#7028=CARTESIAN_POINT('',(95.9896604062783,2.54785931283087,3.78639645612451));
#7029=CARTESIAN_POINT('',(89.561899340447,2.54785931283087,7.32735069402212));
#7030=CARTESIAN_POINT('',(95.9896604062783,4.54785931283087,3.78639645612451));
#7031=CARTESIAN_POINT('',(89.5618998919315,4.54785931283087,7.32735039021788));
#7032=CARTESIAN_POINT('',(95.9896604062783,0.547859312830875,3.7863964561245));
#7033=CARTESIAN_POINT('Ctrl Pts',(95.9896604062783,0.547859312830875,3.7863964561245));
#7034=CARTESIAN_POINT('Ctrl Pts',(95.9896604062783,7.54785931283088,3.78639645612451));
#7035=CARTESIAN_POINT('Ctrl Pts',(95.8640157836505,0.547859312830875,3.12531532473829));
#7036=CARTESIAN_POINT('Ctrl Pts',(95.8640157836505,7.54785931283088,3.12531532473829));
#7037=CARTESIAN_POINT('Ctrl Pts',(95.6363515119948,0.547859312830875,1.92745622711405));
#7038=CARTESIAN_POINT('Ctrl Pts',(95.6363515119948,7.54785931283088,1.92745622711405));
#7039=CARTESIAN_POINT('Ctrl Pts',(94.4753655145047,0.547859312830875,1.64517810726338));
#7040=CARTESIAN_POINT('Ctrl Pts',(94.4753655145047,7.54785931283088,1.64517810726338));
#7041=CARTESIAN_POINT('Ctrl Pts',(93.9551109171153,0.547859312830875,1.51868520389314));
#7042=CARTESIAN_POINT('Ctrl Pts',(93.9551109171153,7.54785931283088,1.51868520389314));
#7043=CARTESIAN_POINT('',(93.9551109171153,2.54785931283087,1.51868520389314));
#7044=CARTESIAN_POINT('Ctrl Pts',(93.9551109171153,2.54785931283087,1.51868520389314));
#7045=CARTESIAN_POINT('Ctrl Pts',(94.4753655145047,2.54785931283087,1.64517810726338));
#7046=CARTESIAN_POINT('Ctrl Pts',(94.995620111894,2.54785931283087,1.77167101063361));
#7047=CARTESIAN_POINT('Ctrl Pts',(95.3284575869887,2.54785931283087,2.08201857776256));
#7048=CARTESIAN_POINT('Ctrl Pts',(95.7383711610227,2.54785931283087,2.46423419335208));
#7049=CARTESIAN_POINT('Ctrl Pts',(95.8640157836505,2.54785931283087,3.12531532473829));
#7050=CARTESIAN_POINT('Ctrl Pts',(95.9896604062783,2.54785931283087,3.78639645612451));
#7051=CARTESIAN_POINT('',(93.9551109171153,4.54785931283087,1.51868520389314));
#7052=CARTESIAN_POINT('Ctrl Pts',(93.9551109171153,4.54785931283087,1.51868520389314));
#7053=CARTESIAN_POINT('Ctrl Pts',(94.4753655145047,4.54785931283087,1.64517810726338));
#7054=CARTESIAN_POINT('Ctrl Pts',(94.995620111894,4.54785931283087,1.77167101063361));
#7055=CARTESIAN_POINT('Ctrl Pts',(95.3284575869887,4.54785931283087,2.08201857776256));
#7056=CARTESIAN_POINT('Ctrl Pts',(95.7383711610227,4.54785931283087,2.46423419335208));
#7057=CARTESIAN_POINT('Ctrl Pts',(95.8640157836505,4.54785931283087,3.12531532473829));
#7058=CARTESIAN_POINT('Ctrl Pts',(95.9896604062783,4.54785931283087,3.78639645612451));
#7059=CARTESIAN_POINT('',(93.9551109171153,0.547859312830875,1.51868520389314));
#7060=CARTESIAN_POINT('Origin',(93.9551109171153,0.547859312830875,1.51868520389314));
#7061=CARTESIAN_POINT('',(86.8924125613991,2.54785931283087,1.54804964114694));
#7062=CARTESIAN_POINT('',(87.1183494425767,2.54785931283087,1.54711026797305));
#7063=CARTESIAN_POINT('',(86.8924125613991,4.54785931283087,1.54804964114694));
#7064=CARTESIAN_POINT('',(87.1183503586564,4.54785931283087,1.54711026416429));
#7065=CARTESIAN_POINT('',(86.8924125613991,0.547859312830875,1.54804964114694));
#7066=CARTESIAN_POINT('Ctrl Pts',(86.8924125613991,0.547859312830875,1.54804964114694));
#7067=CARTESIAN_POINT('Ctrl Pts',(86.8924125613991,7.54785931283088,1.54804964114694));
#7068=CARTESIAN_POINT('Ctrl Pts',(86.8745252657686,0.547859312830875,1.55068135031789));
#7069=CARTESIAN_POINT('Ctrl Pts',(86.8745252657686,7.54785931283088,1.55068135031789));
#7070=CARTESIAN_POINT('Ctrl Pts',(86.8387503964934,0.547859312830875,1.55594480956327));
#7071=CARTESIAN_POINT('Ctrl Pts',(86.8387503964934,7.54785931283088,1.55594480956327));
#7072=CARTESIAN_POINT('Ctrl Pts',(86.8337830049235,0.547859312830875,1.59176205642372));
#7073=CARTESIAN_POINT('Ctrl Pts',(86.8337830049235,7.54785931283088,1.59176205642372));
#7074=CARTESIAN_POINT('Ctrl Pts',(86.8312992898372,0.547859312830875,1.60967081902571));
#7075=CARTESIAN_POINT('Ctrl Pts',(86.8312992898372,7.54785931283088,1.60967081902572));
#7076=CARTESIAN_POINT('',(86.8312992898372,2.54785931283087,1.60967081902572));
#7077=CARTESIAN_POINT('Ctrl Pts',(86.8312992898372,2.54785931283088,1.60967081902572));
#7078=CARTESIAN_POINT('Ctrl Pts',(86.8337830049235,2.54785931283088,1.59176205642372));
#7079=CARTESIAN_POINT('Ctrl Pts',(86.8362667200098,2.54785931283088,1.57385329382173));
#7080=CARTESIAN_POINT('Ctrl Pts',(86.8464524242286,2.54785931283088,1.563583096844));
#7081=CARTESIAN_POINT('Ctrl Pts',(86.8566379701381,2.54785931283088,1.55331305948885));
#7082=CARTESIAN_POINT('Ctrl Pts',(86.8745252657686,2.54785931283088,1.55068135031789));
#7083=CARTESIAN_POINT('Ctrl Pts',(86.8924125613991,2.54785931283088,1.54804964114694));
#7084=CARTESIAN_POINT('',(86.8312992898372,4.54785931283087,1.60967081902572));
#7085=CARTESIAN_POINT('Ctrl Pts',(86.8312992898372,4.54785931283087,1.60967081902572));
#7086=CARTESIAN_POINT('Ctrl Pts',(86.8337830049235,4.54785931283087,1.59176205642372));
#7087=CARTESIAN_POINT('Ctrl Pts',(86.8362667200098,4.54785931283087,1.57385329382173));
#7088=CARTESIAN_POINT('Ctrl Pts',(86.8464524242286,4.54785931283087,1.563583096844));
#7089=CARTESIAN_POINT('Ctrl Pts',(86.8566379701381,4.54785931283087,1.55331305948885));
#7090=CARTESIAN_POINT('Ctrl Pts',(86.8745252657686,4.54785931283087,1.55068135031789));
#7091=CARTESIAN_POINT('Ctrl Pts',(86.8924125613991,4.54785931283087,1.54804964114694));
#7092=CARTESIAN_POINT('',(86.8312992898372,0.547859312830875,1.60967081902571));
#7093=CARTESIAN_POINT('Origin',(86.8312992898372,0.547859312830875,1.60967081902571));
#7094=CARTESIAN_POINT('',(86.8394870063486,2.54785931283087,3.57897033061603));
#7095=CARTESIAN_POINT('',(86.8394870078644,4.54785931283087,3.57897069520837));
#7096=CARTESIAN_POINT('Ctrl Pts',(100.141485144799,0.547859312830873,9.4316664172754));
#7097=CARTESIAN_POINT('Ctrl Pts',(100.141485144799,7.54785931283087,9.4316664172754));
#7098=CARTESIAN_POINT('Ctrl Pts',(100.146165602307,0.547859312830873,9.44951242080048));
#7099=CARTESIAN_POINT('Ctrl Pts',(100.146165602307,7.54785931283087,9.44951242080048));
#7100=CARTESIAN_POINT('Ctrl Pts',(100.154851186102,0.547859312830873,9.48262947372209));
#7101=CARTESIAN_POINT('Ctrl Pts',(100.154851186102,7.54785931283087,9.48262947372209));
#7102=CARTESIAN_POINT('Ctrl Pts',(100.187878863268,0.547859312830873,9.48957509980302));
#7103=CARTESIAN_POINT('Ctrl Pts',(100.187878863268,7.54785931283087,9.48957509980302));
#7104=CARTESIAN_POINT('Ctrl Pts',(100.203108699408,0.547859312830873,9.49277789080084));
#7105=CARTESIAN_POINT('Ctrl Pts',(100.203108699408,7.54785931283087,9.49277789080084));
#7106=CARTESIAN_POINT('',(100.203108699408,2.54785931283087,9.49277789080084));
#7107=CARTESIAN_POINT('',(100.141485144799,2.54785931283087,9.4316664172754));
#7108=CARTESIAN_POINT('Ctrl Pts',(100.203108699408,2.54785931283087,9.49277789080084));
#7109=CARTESIAN_POINT('Ctrl Pts',(100.187878863268,2.54785931283087,9.48957509980302));
#7110=CARTESIAN_POINT('Ctrl Pts',(100.172649027127,2.54785931283087,9.4863723088052));
#7111=CARTESIAN_POINT('Ctrl Pts',(100.162595167818,2.54785931283087,9.47760456096858));
#7112=CARTESIAN_POINT('Ctrl Pts',(100.150846059816,2.54785931283087,9.46735842432555));
#7113=CARTESIAN_POINT('Ctrl Pts',(100.146165602307,2.54785931283087,9.44951242080048));
#7114=CARTESIAN_POINT('Ctrl Pts',(100.141485144799,2.54785931283087,9.4316664172754));
#7115=CARTESIAN_POINT('',(100.141485144799,4.54785931283087,9.4316664172754));
#7116=CARTESIAN_POINT('',(100.141485144799,0.547859312830873,9.4316664172754));
#7117=CARTESIAN_POINT('',(100.203108699408,4.54785931283087,9.49277789080084));
#7118=CARTESIAN_POINT('Ctrl Pts',(100.203108699408,4.54785931283087,9.49277789080084));
#7119=CARTESIAN_POINT('Ctrl Pts',(100.187878863268,4.54785931283087,9.48957509980302));
#7120=CARTESIAN_POINT('Ctrl Pts',(100.172649027127,4.54785931283087,9.4863723088052));
#7121=CARTESIAN_POINT('Ctrl Pts',(100.162595167818,4.54785931283087,9.47760456096858));
#7122=CARTESIAN_POINT('Ctrl Pts',(100.150846059816,4.54785931283087,9.46735842432555));
#7123=CARTESIAN_POINT('Ctrl Pts',(100.146165602307,4.54785931283087,9.44951242080048));
#7124=CARTESIAN_POINT('Ctrl Pts',(100.141485144799,4.54785931283087,9.4316664172754));
#7125=CARTESIAN_POINT('',(100.203108699408,0.547859312830873,9.49277789080084));
#7126=CARTESIAN_POINT('Origin',(100.203108699408,0.547859312830873,9.49277789080084));
#7127=CARTESIAN_POINT('',(103.025955509416,2.54785931283087,9.48104139805335));
#7128=CARTESIAN_POINT('',(90.2589789100848,2.54785931283087,9.53412239689969));
#7129=CARTESIAN_POINT('',(103.025955509416,4.54785931283087,9.48104139805335));
#7130=CARTESIAN_POINT('',(90.2589798261645,4.54785931283087,9.53412239309093));
#7131=CARTESIAN_POINT('',(103.025955509416,0.547859312830873,9.48104139805335));
#7132=CARTESIAN_POINT('Ctrl Pts',(103.025955509416,0.547859312830873,9.48104139805335));
#7133=CARTESIAN_POINT('Ctrl Pts',(103.025955509416,7.54785931283087,9.48104139805336));
#7134=CARTESIAN_POINT('Ctrl Pts',(103.043800671455,0.547859312830873,9.47636005767525));
#7135=CARTESIAN_POINT('Ctrl Pts',(103.043800671455,7.54785931283087,9.47636005767525));
#7136=CARTESIAN_POINT('Ctrl Pts',(103.076915459937,0.547859312830873,9.46767301991736));
#7137=CARTESIAN_POINT('Ctrl Pts',(103.076915459937,7.54785931283087,9.46767301991736));
#7138=CARTESIAN_POINT('Ctrl Pts',(103.083864495016,0.547859312830873,9.43464790227518));
#7139=CARTESIAN_POINT('Ctrl Pts',(103.083864495016,7.54785931283087,9.43464790227518));
#7140=CARTESIAN_POINT('Ctrl Pts',(103.0870687785,0.547859312830873,9.41941962413328));
#7141=CARTESIAN_POINT('Ctrl Pts',(103.0870687785,7.54785931283087,9.41941962413329));
#7142=CARTESIAN_POINT('',(103.0870687785,2.54785931283087,9.41941962413328));
#7143=CARTESIAN_POINT('Ctrl Pts',(103.0870687785,2.54785931283087,9.41941962413328));
#7144=CARTESIAN_POINT('Ctrl Pts',(103.083864495016,2.54785931283087,9.43464790227518));
#7145=CARTESIAN_POINT('Ctrl Pts',(103.080660211533,2.54785931283087,9.44987618041708));
#7146=CARTESIAN_POINT('Ctrl Pts',(103.071892453592,2.54785931283087,9.45992959186608));
#7147=CARTESIAN_POINT('Ctrl Pts',(103.061645833495,2.54785931283087,9.47167871729714));
#7148=CARTESIAN_POINT('Ctrl Pts',(103.043800671455,2.54785931283087,9.47636005767525));
#7149=CARTESIAN_POINT('Ctrl Pts',(103.025955509416,2.54785931283087,9.48104139805335));
#7150=CARTESIAN_POINT('',(103.0870687785,4.54785931283087,9.41941962413328));
#7151=CARTESIAN_POINT('Ctrl Pts',(103.0870687785,4.54785931283087,9.41941962413329));
#7152=CARTESIAN_POINT('Ctrl Pts',(103.083864495016,4.54785931283087,9.43464790227518));
#7153=CARTESIAN_POINT('Ctrl Pts',(103.080660211533,4.54785931283087,9.44987618041708));
#7154=CARTESIAN_POINT('Ctrl Pts',(103.071892453592,4.54785931283087,9.45992959186608));
#7155=CARTESIAN_POINT('Ctrl Pts',(103.061645833495,4.54785931283087,9.47167871729715));
#7156=CARTESIAN_POINT('Ctrl Pts',(103.043800671455,4.54785931283087,9.47636005767525));
#7157=CARTESIAN_POINT('Ctrl Pts',(103.025955509416,4.54785931283087,9.48104139805336));
#7158=CARTESIAN_POINT('',(103.0870687785,0.547859312830873,9.41941962413328));
#7159=CARTESIAN_POINT('Origin',(103.0870687785,0.547859312830873,9.41941962413328));
#7160=CARTESIAN_POINT('',(103.054317908824,2.54785931283087,1.54222070459192));
#7161=CARTESIAN_POINT('',(103.078881060173,2.54785931283087,7.45011967595293));
#7162=CARTESIAN_POINT('',(103.054317908824,4.54785931283087,1.54222070459192));
#7163=CARTESIAN_POINT('',(103.078881061689,4.54785931283087,7.45012004054527));
#7164=CARTESIAN_POINT('',(103.054317908824,0.547859312830875,1.54222070459191));
#7165=CARTESIAN_POINT('Ctrl Pts',(103.054317908824,0.547859312830875,1.54222070459191));
#7166=CARTESIAN_POINT('Ctrl Pts',(103.054317908824,7.54785931283088,1.54222070459192));
#7167=CARTESIAN_POINT('Ctrl Pts',(103.051687112763,0.547859312830875,1.52433320649132));
#7168=CARTESIAN_POINT('Ctrl Pts',(103.051687112763,7.54785931283088,1.52433320649133));
#7169=CARTESIAN_POINT('Ctrl Pts',(103.046425234447,0.547859312830875,1.48855626437167));
#7170=CARTESIAN_POINT('Ctrl Pts',(103.046425234447,7.54785931283088,1.48855626437168));
#7171=CARTESIAN_POINT('Ctrl Pts',(103.010605298696,0.547859312830875,1.48359206286387));
#7172=CARTESIAN_POINT('Ctrl Pts',(103.010605298696,7.54785931283088,1.48359206286387));
#7173=CARTESIAN_POINT('Ctrl Pts',(102.992694356692,0.547859312830875,1.48110982710777));
#7174=CARTESIAN_POINT('Ctrl Pts',(102.992694356692,7.54785931283088,1.48110982710777));
#7175=CARTESIAN_POINT('',(102.992694356692,2.54785931283087,1.48110982710777));
#7176=CARTESIAN_POINT('Ctrl Pts',(102.992694356692,2.54785931283088,1.48110982710777));
#7177=CARTESIAN_POINT('Ctrl Pts',(103.010605298696,2.54785931283088,1.48359206286387));
#7178=CARTESIAN_POINT('Ctrl Pts',(103.0285162407,2.54785931283088,1.48607429861997));
#7179=CARTESIAN_POINT('Ctrl Pts',(103.038786837292,2.54785931283088,1.49626055750885));
#7180=CARTESIAN_POINT('Ctrl Pts',(103.049056316703,2.54785931283088,1.50644570839073));
#7181=CARTESIAN_POINT('Ctrl Pts',(103.051687112763,2.54785931283088,1.52433320649132));
#7182=CARTESIAN_POINT('Ctrl Pts',(103.054317908824,2.54785931283088,1.54222070459191));
#7183=CARTESIAN_POINT('',(102.992694356692,4.54785931283087,1.48110982710777));
#7184=CARTESIAN_POINT('Ctrl Pts',(102.992694356692,4.54785931283087,1.48110982710777));
#7185=CARTESIAN_POINT('Ctrl Pts',(103.010605298696,4.54785931283087,1.48359206286387));
#7186=CARTESIAN_POINT('Ctrl Pts',(103.0285162407,4.54785931283087,1.48607429861997));
#7187=CARTESIAN_POINT('Ctrl Pts',(103.038786837292,4.54785931283087,1.49626055750885));
#7188=CARTESIAN_POINT('Ctrl Pts',(103.049056316703,4.54785931283087,1.50644570839073));
#7189=CARTESIAN_POINT('Ctrl Pts',(103.051687112763,4.54785931283087,1.52433320649132));
#7190=CARTESIAN_POINT('Ctrl Pts',(103.054317908824,4.54785931283087,1.54222070459192));
#7191=CARTESIAN_POINT('',(102.992694356692,0.547859312830875,1.48110982710777));
#7192=CARTESIAN_POINT('Origin',(102.992694356692,0.547859312830875,1.48110982710777));
#7193=CARTESIAN_POINT('',(100.169847546685,2.54785931283087,1.49284631985526));
#7194=CARTESIAN_POINT('',(91.6371411623652,2.54785931283087,1.52832257958037));
#7195=CARTESIAN_POINT('',(100.169847546685,4.54785931283087,1.49284631985526));
#7196=CARTESIAN_POINT('',(91.6371420784449,4.54785931283087,1.5283225757716));
#7197=CARTESIAN_POINT('',(100.169847546685,0.547859312830875,1.49284631985526));
#7198=CARTESIAN_POINT('Ctrl Pts',(100.169847546685,0.547859312830875,1.49284631985526));
#7199=CARTESIAN_POINT('Ctrl Pts',(100.169847546685,7.54785931283088,1.49284631985526));
#7200=CARTESIAN_POINT('Ctrl Pts',(100.151960251054,0.547859312830875,1.49547802902621));
#7201=CARTESIAN_POINT('Ctrl Pts',(100.151960251054,7.54785931283088,1.49547802902621));
#7202=CARTESIAN_POINT('Ctrl Pts',(100.116185381779,0.547859312830875,1.50074148827159));
#7203=CARTESIAN_POINT('Ctrl Pts',(100.116185381779,7.54785931283088,1.50074148827159));
#7204=CARTESIAN_POINT('Ctrl Pts',(100.111217990209,0.547859312830875,1.53655873513204));
#7205=CARTESIAN_POINT('Ctrl Pts',(100.111217990209,7.54785931283088,1.53655873513204));
#7206=CARTESIAN_POINT('Ctrl Pts',(100.108734275123,0.547859312830875,1.55446749773403));
#7207=CARTESIAN_POINT('Ctrl Pts',(100.108734275123,7.54785931283088,1.55446749773404));
#7208=CARTESIAN_POINT('',(100.108734275123,2.54785931283087,1.55446749773403));
#7209=CARTESIAN_POINT('Ctrl Pts',(100.108734275123,2.54785931283088,1.55446749773403));
#7210=CARTESIAN_POINT('Ctrl Pts',(100.111217990209,2.54785931283088,1.53655873513204));
#7211=CARTESIAN_POINT('Ctrl Pts',(100.113701705295,2.54785931283088,1.51864997253005));
#7212=CARTESIAN_POINT('Ctrl Pts',(100.123887409514,2.54785931283088,1.50837977555231));
#7213=CARTESIAN_POINT('Ctrl Pts',(100.134072955424,2.54785931283088,1.49810973819716));
#7214=CARTESIAN_POINT('Ctrl Pts',(100.151960251054,2.54785931283088,1.49547802902621));
#7215=CARTESIAN_POINT('Ctrl Pts',(100.169847546685,2.54785931283088,1.49284631985526));
#7216=CARTESIAN_POINT('',(100.108734275123,4.54785931283087,1.55446749773403));
#7217=CARTESIAN_POINT('Ctrl Pts',(100.108734275123,4.54785931283087,1.55446749773403));
#7218=CARTESIAN_POINT('Ctrl Pts',(100.111217990209,4.54785931283087,1.53655873513204));
#7219=CARTESIAN_POINT('Ctrl Pts',(100.113701705295,4.54785931283087,1.51864997253005));
#7220=CARTESIAN_POINT('Ctrl Pts',(100.123887409514,4.54785931283087,1.50837977555231));
#7221=CARTESIAN_POINT('Ctrl Pts',(100.134072955424,4.54785931283087,1.49810973819716));
#7222=CARTESIAN_POINT('Ctrl Pts',(100.151960251054,4.54785931283087,1.49547802902621));
#7223=CARTESIAN_POINT('Ctrl Pts',(100.169847546685,4.54785931283087,1.49284631985526));
#7224=CARTESIAN_POINT('',(100.108734275123,0.547859312830875,1.55446749773403));
#7225=CARTESIAN_POINT('Origin',(100.108734275123,0.547859312830875,1.55446749773403));
#7226=CARTESIAN_POINT('',(100.116921991634,2.54785931283087,3.52376700932436));
#7227=CARTESIAN_POINT('',(100.11692199315,4.54785931283087,3.5237673739167));
#7228=CARTESIAN_POINT('Ctrl Pts',(106.345059112974,0.547859312830873,9.40587394400768));
#7229=CARTESIAN_POINT('Ctrl Pts',(106.345059112974,7.54785931283087,9.40587394400768));
#7230=CARTESIAN_POINT('Ctrl Pts',(106.34871299054,0.547859312830873,9.42375019716131));
#7231=CARTESIAN_POINT('Ctrl Pts',(106.34871299054,7.54785931283087,9.42375019716131));
#7232=CARTESIAN_POINT('Ctrl Pts',(106.355755477826,0.547859312830873,9.45820490542941));
#7233=CARTESIAN_POINT('Ctrl Pts',(106.355755477826,7.54785931283087,9.45820490542941));
#7234=CARTESIAN_POINT('Ctrl Pts',(106.390135419384,0.547859312830873,9.46413302444059));
#7235=CARTESIAN_POINT('Ctrl Pts',(106.390135419384,7.54785931283087,9.46413302444059));
#7236=CARTESIAN_POINT('Ctrl Pts',(106.406677899253,0.547859312830873,9.46698543735831));
#7237=CARTESIAN_POINT('Ctrl Pts',(106.406677899253,7.54785931283087,9.46698543735831));
#7238=CARTESIAN_POINT('',(106.406677899253,2.54785931283087,9.46698543735831));
#7239=CARTESIAN_POINT('',(106.345059112974,2.54785931283087,9.40587394400768));
#7240=CARTESIAN_POINT('Ctrl Pts',(106.406677899253,2.54785931283087,9.46698543735831));
#7241=CARTESIAN_POINT('Ctrl Pts',(106.390135419384,2.54785931283087,9.46413302444059));
#7242=CARTESIAN_POINT('Ctrl Pts',(106.373592939514,2.54785931283087,9.46128061152287));
#7243=CARTESIAN_POINT('Ctrl Pts',(106.363379662728,2.54785931283087,9.45182368543709));
#7244=CARTESIAN_POINT('Ctrl Pts',(106.352366868105,2.54785931283087,9.44162645031493));
#7245=CARTESIAN_POINT('Ctrl Pts',(106.34871299054,2.54785931283087,9.42375019716131));
#7246=CARTESIAN_POINT('Ctrl Pts',(106.345059112974,2.54785931283087,9.40587394400768));
#7247=CARTESIAN_POINT('',(106.345059112974,4.54785931283087,9.40587394400768));
#7248=CARTESIAN_POINT('',(106.345059112974,0.547859312830873,9.40587394400768));
#7249=CARTESIAN_POINT('',(106.406677899253,4.54785931283087,9.46698543735831));
#7250=CARTESIAN_POINT('Ctrl Pts',(106.406677899253,4.54785931283087,9.46698543735831));
#7251=CARTESIAN_POINT('Ctrl Pts',(106.390135419384,4.54785931283087,9.46413302444059));
#7252=CARTESIAN_POINT('Ctrl Pts',(106.373592939514,4.54785931283087,9.46128061152287));
#7253=CARTESIAN_POINT('Ctrl Pts',(106.363379662728,4.54785931283087,9.45182368543709));
#7254=CARTESIAN_POINT('Ctrl Pts',(106.352366868105,4.54785931283087,9.44162645031493));
#7255=CARTESIAN_POINT('Ctrl Pts',(106.34871299054,4.54785931283087,9.42375019716131));
#7256=CARTESIAN_POINT('Ctrl Pts',(106.345059112974,4.54785931283087,9.40587394400768));
#7257=CARTESIAN_POINT('',(106.406677899253,0.547859312830873,9.46698543735831));
#7258=CARTESIAN_POINT('Origin',(106.406677899253,0.547859312830873,9.46698543735831));
#7259=CARTESIAN_POINT('',(109.229529477592,2.54785931283087,9.45524892478563));
#7260=CARTESIAN_POINT('',(93.3607635100076,2.54785931283087,9.52122617017843));
#7261=CARTESIAN_POINT('',(109.229529477592,4.54785931283087,9.45524892478563));
#7262=CARTESIAN_POINT('',(93.3607644260872,4.54785931283087,9.52122616636966));
#7263=CARTESIAN_POINT('',(109.229529477592,0.547859312830873,9.45524892478563));
#7264=CARTESIAN_POINT('Ctrl Pts',(109.229529477592,0.547859312830873,9.45524892478563));
#7265=CARTESIAN_POINT('Ctrl Pts',(109.229529477592,7.54785931283087,9.45524892478563));
#7266=CARTESIAN_POINT('Ctrl Pts',(109.247375123543,0.547859312830873,9.45056779103498));
#7267=CARTESIAN_POINT('Ctrl Pts',(109.247375123543,7.54785931283087,9.45056779103498));
#7268=CARTESIAN_POINT('Ctrl Pts',(109.280490213045,0.547859312830873,9.44188129330032));
#7269=CARTESIAN_POINT('Ctrl Pts',(109.280490213045,7.54785931283087,9.44188129330032));
#7270=CARTESIAN_POINT('Ctrl Pts',(109.287435493591,0.547859312830873,9.4088554586334));
#7271=CARTESIAN_POINT('Ctrl Pts',(109.287435493591,7.54785931283087,9.4088554586334));
#7272=CARTESIAN_POINT('Ctrl Pts',(109.290637978345,0.547859312830873,9.39362717069075));
#7273=CARTESIAN_POINT('Ctrl Pts',(109.290637978345,7.54785931283087,9.39362717069075));
#7274=CARTESIAN_POINT('',(109.290637978345,2.54785931283087,9.39362717069075));
#7275=CARTESIAN_POINT('Ctrl Pts',(109.290637978345,2.54785931283087,9.39362717069075));
#7276=CARTESIAN_POINT('Ctrl Pts',(109.287435493591,2.54785931283087,9.4088554586334));
#7277=CARTESIAN_POINT('Ctrl Pts',(109.284233008838,2.54785931283087,9.42408374657606));
#7278=CARTESIAN_POINT('Ctrl Pts',(109.275466421768,2.54785931283087,9.43413711859836));
#7279=CARTESIAN_POINT('Ctrl Pts',(109.265220769494,2.54785931283087,9.44588665728432));
#7280=CARTESIAN_POINT('Ctrl Pts',(109.247375123543,2.54785931283087,9.45056779103498));
#7281=CARTESIAN_POINT('Ctrl Pts',(109.229529477592,2.54785931283087,9.45524892478563));
#7282=CARTESIAN_POINT('',(109.290637978345,4.54785931283087,9.39362717069075));
#7283=CARTESIAN_POINT('Ctrl Pts',(109.290637978345,4.54785931283087,9.39362717069075));
#7284=CARTESIAN_POINT('Ctrl Pts',(109.287435493591,4.54785931283087,9.4088554586334));
#7285=CARTESIAN_POINT('Ctrl Pts',(109.284233008838,4.54785931283087,9.42408374657606));
#7286=CARTESIAN_POINT('Ctrl Pts',(109.275466421768,4.54785931283087,9.43413711859836));
#7287=CARTESIAN_POINT('Ctrl Pts',(109.265220769494,4.54785931283087,9.44588665728433));
#7288=CARTESIAN_POINT('Ctrl Pts',(109.247375123543,4.54785931283087,9.45056779103498));
#7289=CARTESIAN_POINT('Ctrl Pts',(109.229529477592,4.54785931283087,9.45524892478563));
#7290=CARTESIAN_POINT('',(109.290637978345,0.547859312830873,9.39362717069075));
#7291=CARTESIAN_POINT('Origin',(109.290637978345,0.547859312830873,9.39362717069075));
#7292=CARTESIAN_POINT('',(109.257887108669,2.54785931283087,1.51642825114938));
#7293=CARTESIAN_POINT('',(109.282450260018,2.54785931283087,7.42432722251039));
#7294=CARTESIAN_POINT('',(109.257887108669,4.54785931283087,1.51642825114938));
#7295=CARTESIAN_POINT('',(109.282450261534,4.54785931283087,7.42432758710273));
#7296=CARTESIAN_POINT('',(109.257887108669,0.547859312830875,1.51642825114938));
#7297=CARTESIAN_POINT('Ctrl Pts',(109.257887108669,0.547859312830875,1.51642825114938));
#7298=CARTESIAN_POINT('Ctrl Pts',(109.257887108669,7.54785931283088,1.51642825114938));
#7299=CARTESIAN_POINT('Ctrl Pts',(109.255256392083,0.547859312830875,1.4985407527128));
#7300=CARTESIAN_POINT('Ctrl Pts',(109.255256392083,7.54785931283088,1.49854075271281));
#7301=CARTESIAN_POINT('Ctrl Pts',(109.249994918027,0.547859312830875,1.46276547785685));
#7302=CARTESIAN_POINT('Ctrl Pts',(109.249994918027,7.54785931283088,1.46276547785685));
#7303=CARTESIAN_POINT('Ctrl Pts',(109.214177282025,0.547859312830875,1.45780007470646));
#7304=CARTESIAN_POINT('Ctrl Pts',(109.214177282025,7.54785931283088,1.45780007470646));
#7305=CARTESIAN_POINT('Ctrl Pts',(109.196268324868,0.547859312830875,1.45531735384005));
#7306=CARTESIAN_POINT('Ctrl Pts',(109.196268324868,7.54785931283088,1.45531735384005));
#7307=CARTESIAN_POINT('',(109.196268324868,2.54785931283087,1.45531735384005));
#7308=CARTESIAN_POINT('Ctrl Pts',(109.196268324868,2.54785931283088,1.45531735384005));
#7309=CARTESIAN_POINT('Ctrl Pts',(109.214177282025,2.54785931283088,1.45780007470646));
#7310=CARTESIAN_POINT('Ctrl Pts',(109.232086239182,2.54785931283088,1.46028279557286));
#7311=CARTESIAN_POINT('Ctrl Pts',(109.242356037137,2.54785931283088,1.47046810406632));
#7312=CARTESIAN_POINT('Ctrl Pts',(109.252625675496,2.54785931283088,1.48065325427623));
#7313=CARTESIAN_POINT('Ctrl Pts',(109.255256392083,2.54785931283088,1.49854075271281));
#7314=CARTESIAN_POINT('Ctrl Pts',(109.257887108669,2.54785931283088,1.51642825114938));
#7315=CARTESIAN_POINT('',(109.196268324868,4.54785931283087,1.45531735384005));
#7316=CARTESIAN_POINT('Ctrl Pts',(109.196268324868,4.54785931283087,1.45531735384005));
#7317=CARTESIAN_POINT('Ctrl Pts',(109.214177282025,4.54785931283087,1.45780007470646));
#7318=CARTESIAN_POINT('Ctrl Pts',(109.232086239182,4.54785931283087,1.46028279557286));
#7319=CARTESIAN_POINT('Ctrl Pts',(109.242356037137,4.54785931283087,1.47046810406632));
#7320=CARTESIAN_POINT('Ctrl Pts',(109.252625675496,4.54785931283087,1.48065325427623));
#7321=CARTESIAN_POINT('Ctrl Pts',(109.255256392083,4.54785931283087,1.49854075271281));
#7322=CARTESIAN_POINT('Ctrl Pts',(109.257887108669,4.54785931283087,1.51642825114938));
#7323=CARTESIAN_POINT('',(109.196268324868,0.547859312830875,1.45531735384005));
#7324=CARTESIAN_POINT('Origin',(109.196268324868,0.547859312830875,1.45531735384005));
#7325=CARTESIAN_POINT('',(106.37341674653,2.54785931283087,1.46705386641273));
#7326=CARTESIAN_POINT('',(94.7389281464531,2.54785931283087,1.5154263429465));
#7327=CARTESIAN_POINT('',(106.37341674653,4.54785931283087,1.46705386641273));
#7328=CARTESIAN_POINT('',(94.7389290625328,4.54785931283087,1.51542633913773));
#7329=CARTESIAN_POINT('',(106.37341674653,0.547859312830875,1.46705386641273));
#7330=CARTESIAN_POINT('Ctrl Pts',(106.37341674653,0.547859312830875,1.46705386641273));
#7331=CARTESIAN_POINT('Ctrl Pts',(106.37341674653,7.54785931283088,1.46705386641273));
#7332=CARTESIAN_POINT('Ctrl Pts',(106.355531439642,0.547859312830875,1.46968604412367));
#7333=CARTESIAN_POINT('Ctrl Pts',(106.355531439642,7.54785931283088,1.46968604412367));
#7334=CARTESIAN_POINT('Ctrl Pts',(106.319758880014,0.547859312830875,1.47495068591641));
#7335=CARTESIAN_POINT('Ctrl Pts',(106.319758880014,7.54785931283088,1.47495068591641));
#7336=CARTESIAN_POINT('Ctrl Pts',(106.314791878931,0.547859312830875,1.51076626221875));
#7337=CARTESIAN_POINT('Ctrl Pts',(106.314791878931,7.54785931283088,1.51076626221875));
#7338=CARTESIAN_POINT('Ctrl Pts',(106.312308243298,0.547859312830875,1.52867502446631));
#7339=CARTESIAN_POINT('Ctrl Pts',(106.312308243298,7.54785931283088,1.52867502446631));
#7340=CARTESIAN_POINT('',(106.312308243298,2.54785931283087,1.52867502446631));
#7341=CARTESIAN_POINT('Ctrl Pts',(106.312308243298,2.54785931283087,1.52867502446631));
#7342=CARTESIAN_POINT('Ctrl Pts',(106.314791878931,2.54785931283087,1.51076626221875));
#7343=CARTESIAN_POINT('Ctrl Pts',(106.317275514563,2.54785931283088,1.49285749997119));
#7344=CARTESIAN_POINT('Ctrl Pts',(106.32746137769,2.54785931283088,1.48258730228459));
#7345=CARTESIAN_POINT('Ctrl Pts',(106.337646132755,2.54785931283088,1.47231822183461));
#7346=CARTESIAN_POINT('Ctrl Pts',(106.355531439642,2.54785931283087,1.46968604412367));
#7347=CARTESIAN_POINT('Ctrl Pts',(106.37341674653,2.54785931283087,1.46705386641273));
#7348=CARTESIAN_POINT('',(106.312308243298,4.54785931283087,1.52867502446631));
#7349=CARTESIAN_POINT('Ctrl Pts',(106.312308243298,4.54785931283087,1.52867502446631));
#7350=CARTESIAN_POINT('Ctrl Pts',(106.314791878931,4.54785931283087,1.51076626221875));
#7351=CARTESIAN_POINT('Ctrl Pts',(106.317275514563,4.54785931283087,1.49285749997119));
#7352=CARTESIAN_POINT('Ctrl Pts',(106.32746137769,4.54785931283087,1.48258730228459));
#7353=CARTESIAN_POINT('Ctrl Pts',(106.337646132755,4.54785931283087,1.47231822183461));
#7354=CARTESIAN_POINT('Ctrl Pts',(106.355531439642,4.54785931283087,1.46968604412367));
#7355=CARTESIAN_POINT('Ctrl Pts',(106.37341674653,4.54785931283087,1.46705386641273));
#7356=CARTESIAN_POINT('',(106.312308243298,0.547859312830875,1.52867502446631));
#7357=CARTESIAN_POINT('Origin',(106.312308243298,0.547859312830875,1.52867502446631));
#7358=CARTESIAN_POINT('',(106.32049595981,2.54785931283087,3.49797453605663));
#7359=CARTESIAN_POINT('',(106.320495961326,4.54785931283087,3.49797490064898));
#7360=CARTESIAN_POINT('Ctrl Pts',(113.25713068067,0.547859312830873,9.37713576468573));
#7361=CARTESIAN_POINT('Ctrl Pts',(113.25713068067,7.54785931283087,9.37713576468573));
#7362=CARTESIAN_POINT('Ctrl Pts',(113.26078637567,0.547859312830873,9.39501200308195));
#7363=CARTESIAN_POINT('Ctrl Pts',(113.26078637567,7.54785931283087,9.39501200308195));
#7364=CARTESIAN_POINT('Ctrl Pts',(113.267832246102,0.547859312830873,9.42946609718351));
#7365=CARTESIAN_POINT('Ctrl Pts',(113.267832246102,7.54785931283087,9.42946609718351));
#7366=CARTESIAN_POINT('Ctrl Pts',(113.302212100558,0.547859312830873,9.43539466272786));
#7367=CARTESIAN_POINT('Ctrl Pts',(113.302212100558,7.54785931283087,9.43539466272786));
#7368=CARTESIAN_POINT('Ctrl Pts',(113.31875423528,0.547859312830873,9.43824723821117));
#7369=CARTESIAN_POINT('Ctrl Pts',(113.31875423528,7.54785931283087,9.43824723821118));
#7370=CARTESIAN_POINT('',(113.31875423528,2.54785931283087,9.43824723821117));
#7371=CARTESIAN_POINT('',(113.25713068067,2.54785931283087,9.37713576468573));
#7372=CARTESIAN_POINT('Ctrl Pts',(113.31875423528,2.54785931283087,9.43824723821118));
#7373=CARTESIAN_POINT('Ctrl Pts',(113.302212100558,2.54785931283087,9.43539466272786));
#7374=CARTESIAN_POINT('Ctrl Pts',(113.285669965836,2.54785931283087,9.43254208724455));
#7375=CARTESIAN_POINT('Ctrl Pts',(113.275455998754,2.54785931283087,9.42308548628996));
#7376=CARTESIAN_POINT('Ctrl Pts',(113.26444207067,2.54785931283087,9.41288824147816));
#7377=CARTESIAN_POINT('Ctrl Pts',(113.26078637567,2.54785931283087,9.39501200308195));
#7378=CARTESIAN_POINT('Ctrl Pts',(113.25713068067,2.54785931283087,9.37713576468573));
#7379=CARTESIAN_POINT('',(113.25713068067,4.54785931283087,9.37713576468573));
#7380=CARTESIAN_POINT('',(113.25713068067,0.547859312830873,9.37713576468573));
#7381=CARTESIAN_POINT('',(113.31875423528,4.54785931283087,9.43824723821117));
#7382=CARTESIAN_POINT('Ctrl Pts',(113.31875423528,4.54785931283087,9.43824723821117));
#7383=CARTESIAN_POINT('Ctrl Pts',(113.302212100558,4.54785931283087,9.43539466272786));
#7384=CARTESIAN_POINT('Ctrl Pts',(113.285669965836,4.54785931283087,9.43254208724455));
#7385=CARTESIAN_POINT('Ctrl Pts',(113.275455998754,4.54785931283087,9.42308548628996));
#7386=CARTESIAN_POINT('Ctrl Pts',(113.26444207067,4.54785931283087,9.41288824147816));
#7387=CARTESIAN_POINT('Ctrl Pts',(113.26078637567,4.54785931283087,9.39501200308195));
#7388=CARTESIAN_POINT('Ctrl Pts',(113.25713068067,4.54785931283087,9.37713576468573));
#7389=CARTESIAN_POINT('',(113.31875423528,0.547859312830873,9.43824723821117));
#7390=CARTESIAN_POINT('Origin',(113.31875423528,0.547859312830873,9.43824723821117));
#7391=CARTESIAN_POINT('',(118.936557890968,2.54785931283087,9.41489021025342));
#7392=CARTESIAN_POINT('',(96.8168016780206,2.54785931283087,9.50685707060486));
#7393=CARTESIAN_POINT('',(118.936557890968,4.54785931283087,9.41489021025342));
#7394=CARTESIAN_POINT('',(96.8168025941003,4.54785931283087,9.50685706679609));
#7395=CARTESIAN_POINT('',(118.936557890968,0.547859312830873,9.41489021025342));
#7396=CARTESIAN_POINT('Ctrl Pts',(118.936557890968,0.547859312830873,9.41489021025342));
#7397=CARTESIAN_POINT('Ctrl Pts',(118.936557890968,7.54785931283087,9.41489021025342));
#7398=CARTESIAN_POINT('Ctrl Pts',(118.9544010718,0.547859312830873,9.41020841989926));
#7399=CARTESIAN_POINT('Ctrl Pts',(118.9544010718,7.54785931283087,9.41020841989926));
#7400=CARTESIAN_POINT('Ctrl Pts',(118.987513494877,0.547859312830873,9.40152020312765));
#7401=CARTESIAN_POINT('Ctrl Pts',(118.987513494877,7.54785931283087,9.40152020312765));
#7402=CARTESIAN_POINT('Ctrl Pts',(118.994462139855,0.547859312830873,9.3684966962017));
#7403=CARTESIAN_POINT('Ctrl Pts',(118.994462139855,7.54785931283087,9.3684966962017));
#7404=CARTESIAN_POINT('Ctrl Pts',(118.997666391721,0.547859312830873,9.35326845615854));
#7405=CARTESIAN_POINT('Ctrl Pts',(118.997666391721,7.54785931283087,9.35326845615854));
#7406=CARTESIAN_POINT('',(118.997666391721,2.54785931283087,9.35326845615854));
#7407=CARTESIAN_POINT('Ctrl Pts',(118.997666391721,2.54785931283087,9.35326845615854));
#7408=CARTESIAN_POINT('Ctrl Pts',(118.994462139855,2.54785931283087,9.3684966962017));
#7409=CARTESIAN_POINT('Ctrl Pts',(118.991257887989,2.54785931283087,9.38372493624486));
#7410=CARTESIAN_POINT('Ctrl Pts',(118.982490066814,2.54785931283087,9.39377842389134));
#7411=CARTESIAN_POINT('Ctrl Pts',(118.972244252632,2.54785931283087,9.4055266295451));
#7412=CARTESIAN_POINT('Ctrl Pts',(118.9544010718,2.54785931283087,9.41020841989926));
#7413=CARTESIAN_POINT('Ctrl Pts',(118.936557890968,2.54785931283087,9.41489021025342));
#7414=CARTESIAN_POINT('',(118.997666391721,4.54785931283087,9.35326845615854));
#7415=CARTESIAN_POINT('Ctrl Pts',(118.997666391721,4.54785931283087,9.35326845615854));
#7416=CARTESIAN_POINT('Ctrl Pts',(118.994462139855,4.54785931283087,9.3684966962017));
#7417=CARTESIAN_POINT('Ctrl Pts',(118.991257887989,4.54785931283087,9.38372493624486));
#7418=CARTESIAN_POINT('Ctrl Pts',(118.982490066814,4.54785931283087,9.39377842389134));
#7419=CARTESIAN_POINT('Ctrl Pts',(118.972244252632,4.54785931283087,9.40552662954511));
#7420=CARTESIAN_POINT('Ctrl Pts',(118.9544010718,4.54785931283087,9.41020841989926));
#7421=CARTESIAN_POINT('Ctrl Pts',(118.936557890968,4.54785931283087,9.41489021025342));
#7422=CARTESIAN_POINT('',(118.997666391721,0.547859312830873,9.35326845615854));
#7423=CARTESIAN_POINT('Origin',(118.997666391721,0.547859312830873,9.35326845615854));
#7424=CARTESIAN_POINT('',(118.988574083711,2.54785931283087,7.16639770909137));
#7425=CARTESIAN_POINT('',(118.989478673395,2.54785931283087,7.38396850797824));
#7426=CARTESIAN_POINT('',(118.988574083711,4.54785931283087,7.16639770909137));
#7427=CARTESIAN_POINT('',(118.989478674911,4.54785931283087,7.38396887257058));
#7428=CARTESIAN_POINT('',(118.988574083711,0.547859312830873,7.16639770909137));
#7429=CARTESIAN_POINT('Ctrl Pts',(118.988574083711,0.547859312830873,7.16639770909137));
#7430=CARTESIAN_POINT('Ctrl Pts',(118.988574083711,7.54785931283087,7.16639770909137));
#7431=CARTESIAN_POINT('Ctrl Pts',(118.985943503932,0.547859312830873,7.14850966370648));
#7432=CARTESIAN_POINT('Ctrl Pts',(118.985943503932,7.54785931283087,7.14850966370648));
#7433=CARTESIAN_POINT('Ctrl Pts',(118.980682375038,0.547859312830873,7.11273378144353));
#7434=CARTESIAN_POINT('Ctrl Pts',(118.980682375038,7.54785931283087,7.11273378144353));
#7435=CARTESIAN_POINT('Ctrl Pts',(118.944864253716,0.547859312830873,7.10776872799599));
#7436=CARTESIAN_POINT('Ctrl Pts',(118.944864253716,7.54785931283087,7.107768727996));
#7437=CARTESIAN_POINT('Ctrl Pts',(118.926955297432,0.547859312830873,7.10528621574074));
#7438=CARTESIAN_POINT('Ctrl Pts',(118.926955297432,7.54785931283087,7.10528621574074));
#7439=CARTESIAN_POINT('',(118.926955297432,2.54785931283087,7.10528621574074));
#7440=CARTESIAN_POINT('Ctrl Pts',(118.926955297432,2.54785931283087,7.10528621574074));
#7441=CARTESIAN_POINT('Ctrl Pts',(118.944864253716,2.54785931283087,7.10776872799599));
#7442=CARTESIAN_POINT('Ctrl Pts',(118.96277321,2.54785931283087,7.11025124025125));
#7443=CARTESIAN_POINT('Ctrl Pts',(118.973043007223,2.54785931283087,7.12043636992571));
#7444=CARTESIAN_POINT('Ctrl Pts',(118.983312924154,2.54785931283087,7.13062161832158));
#7445=CARTESIAN_POINT('Ctrl Pts',(118.985943503932,2.54785931283087,7.14850966370648));
#7446=CARTESIAN_POINT('Ctrl Pts',(118.988574083711,2.54785931283087,7.16639770909137));
#7447=CARTESIAN_POINT('',(118.926955297432,4.54785931283087,7.10528621574074));
#7448=CARTESIAN_POINT('Ctrl Pts',(118.926955297432,4.54785931283087,7.10528621574074));
#7449=CARTESIAN_POINT('Ctrl Pts',(118.944864253716,4.54785931283087,7.107768727996));
#7450=CARTESIAN_POINT('Ctrl Pts',(118.96277321,4.54785931283087,7.11025124025125));
#7451=CARTESIAN_POINT('Ctrl Pts',(118.973043007223,4.54785931283087,7.12043636992571));
#7452=CARTESIAN_POINT('Ctrl Pts',(118.983312924154,4.54785931283087,7.13062161832158));
#7453=CARTESIAN_POINT('Ctrl Pts',(118.985943503932,4.54785931283087,7.14850966370648));
#7454=CARTESIAN_POINT('Ctrl Pts',(118.988574083711,4.54785931283087,7.16639770909137));
#7455=CARTESIAN_POINT('',(118.926955297432,0.547859312830873,7.10528621574074));
#7456=CARTESIAN_POINT('Origin',(118.926955297432,0.547859312830873,7.10528621574074));
#7457=CARTESIAN_POINT('',(113.309151641743,2.54785931283087,7.12864324369849));
#7458=CARTESIAN_POINT('',(99.6161009123287,2.54785931283087,7.1855745621133));
#7459=CARTESIAN_POINT('',(113.309151641743,4.54785931283087,7.12864324369849));
#7460=CARTESIAN_POINT('',(99.6161018284084,4.54785931283087,7.18557455830454));
#7461=CARTESIAN_POINT('',(113.309151641743,0.547859312830873,7.12864324369849));
#7462=CARTESIAN_POINT('Ctrl Pts',(113.309151641743,0.547859312830873,7.12864324369849));
#7463=CARTESIAN_POINT('Ctrl Pts',(113.309151641743,7.54785931283087,7.12864324369849));
#7464=CARTESIAN_POINT('Ctrl Pts',(113.291261958419,0.547859312830873,7.13127411837086));
#7465=CARTESIAN_POINT('Ctrl Pts',(113.291261958419,7.54785931283087,7.13127411837086));
#7466=CARTESIAN_POINT('Ctrl Pts',(113.255484051232,0.547859312830873,7.13653565308567));
#7467=CARTESIAN_POINT('Ctrl Pts',(113.255484051232,7.54785931283087,7.13653565308567));
#7468=CARTESIAN_POINT('Ctrl Pts',(113.250520198021,0.547859312830873,7.17235571650149));
#7469=CARTESIAN_POINT('Ctrl Pts',(113.250520198021,7.54785931283087,7.17235571650149));
#7470=CARTESIAN_POINT('Ctrl Pts',(113.24803837266,0.547859312830873,7.19026501761856));
#7471=CARTESIAN_POINT('Ctrl Pts',(113.24803837266,7.54785931283087,7.19026501761856));
#7472=CARTESIAN_POINT('',(113.24803837266,2.54785931283087,7.19026501761856));
#7473=CARTESIAN_POINT('Ctrl Pts',(113.24803837266,2.54785931283087,7.19026501761856));
#7474=CARTESIAN_POINT('Ctrl Pts',(113.250520198021,2.54785931283087,7.17235571650149));
#7475=CARTESIAN_POINT('Ctrl Pts',(113.253002023383,2.54785931283087,7.15444641538441));
#7476=CARTESIAN_POINT('Ctrl Pts',(113.263186733764,2.54785931283087,7.14417612317944));
#7477=CARTESIAN_POINT('Ctrl Pts',(113.273372275094,2.54785931283087,7.13390499304324));
#7478=CARTESIAN_POINT('Ctrl Pts',(113.291261958419,2.54785931283087,7.13127411837086));
#7479=CARTESIAN_POINT('Ctrl Pts',(113.309151641743,2.54785931283087,7.12864324369849));
#7480=CARTESIAN_POINT('',(113.24803837266,4.54785931283087,7.19026501761856));
#7481=CARTESIAN_POINT('Ctrl Pts',(113.24803837266,4.54785931283087,7.19026501761856));
#7482=CARTESIAN_POINT('Ctrl Pts',(113.250520198021,4.54785931283087,7.17235571650149));
#7483=CARTESIAN_POINT('Ctrl Pts',(113.253002023383,4.54785931283087,7.15444641538441));
#7484=CARTESIAN_POINT('Ctrl Pts',(113.263186733764,4.54785931283087,7.14417612317944));
#7485=CARTESIAN_POINT('Ctrl Pts',(113.273372275094,4.54785931283087,7.13390499304324));
#7486=CARTESIAN_POINT('Ctrl Pts',(113.291261958419,4.54785931283087,7.13127411837086));
#7487=CARTESIAN_POINT('Ctrl Pts',(113.309151641743,4.54785931283087,7.12864324369849));
#7488=CARTESIAN_POINT('',(113.24803837266,0.547859312830873,7.19026501761856));
#7489=CARTESIAN_POINT('Origin',(113.24803837266,0.547859312830873,7.19026501761856));
#7490=CARTESIAN_POINT('',(113.244396808338,2.54785931283087,6.31440044297183));
#7491=CARTESIAN_POINT('',(113.244396809854,4.54785931283087,6.31440080756417));
#7492=CARTESIAN_POINT('Ctrl Pts',(86.2734237100074,0.547859312830875,1.61199028697327));
#7493=CARTESIAN_POINT('Ctrl Pts',(86.2734237100074,7.54785931283088,1.61199028697327));
#7494=CARTESIAN_POINT('Ctrl Pts',(86.2707911655665,0.547859312830875,1.59410279613942));
#7495=CARTESIAN_POINT('Ctrl Pts',(86.2707911655665,7.54785931283088,1.59410279613942));
#7496=CARTESIAN_POINT('Ctrl Pts',(86.2655261176005,0.547859312830875,1.55832809248463));
#7497=CARTESIAN_POINT('Ctrl Pts',(86.2655261176005,7.54785931283088,1.55832809248463));
#7498=CARTESIAN_POINT('Ctrl Pts',(86.2297087183359,0.547859312830875,1.55336229095752));
#7499=CARTESIAN_POINT('Ctrl Pts',(86.2297087183359,7.54785931283088,1.55336229095752));
#7500=CARTESIAN_POINT('Ctrl Pts',(86.211800157876,0.547859312830875,1.55087940948913));
#7501=CARTESIAN_POINT('Ctrl Pts',(86.211800157876,7.54785931283088,1.55087940948913));
#7502=CARTESIAN_POINT('',(86.211800157876,2.54785931283087,1.55087940948913));
#7503=CARTESIAN_POINT('',(86.2734237100074,2.54785931283087,1.61199028697327));
#7504=CARTESIAN_POINT('Ctrl Pts',(86.211800157876,2.54785931283088,1.55087940948913));
#7505=CARTESIAN_POINT('Ctrl Pts',(86.2297087183359,2.54785931283088,1.55336229095752));
#7506=CARTESIAN_POINT('Ctrl Pts',(86.2476172787959,2.54785931283088,1.55584517242592));
#7507=CARTESIAN_POINT('Ctrl Pts',(86.2578878701451,2.54785931283088,1.5660301597154));
#7508=CARTESIAN_POINT('Ctrl Pts',(86.2681586211256,2.54785931283088,1.57621530530557));
#7509=CARTESIAN_POINT('Ctrl Pts',(86.2707911655665,2.54785931283088,1.59410279613942));
#7510=CARTESIAN_POINT('Ctrl Pts',(86.2734237100074,2.54785931283088,1.61199028697327));
#7511=CARTESIAN_POINT('',(86.2734237100074,4.54785931283087,1.61199028697327));
#7512=CARTESIAN_POINT('',(86.2734237100074,0.547859312830875,1.61199028697327));
#7513=CARTESIAN_POINT('',(86.211800157876,4.54785931283087,1.55087940948913));
#7514=CARTESIAN_POINT('Ctrl Pts',(86.211800157876,4.54785931283087,1.55087940948913));
#7515=CARTESIAN_POINT('Ctrl Pts',(86.2297087183359,4.54785931283087,1.55336229095752));
#7516=CARTESIAN_POINT('Ctrl Pts',(86.2476172787959,4.54785931283087,1.55584517242592));
#7517=CARTESIAN_POINT('Ctrl Pts',(86.2578878701451,4.54785931283087,1.5660301597154));
#7518=CARTESIAN_POINT('Ctrl Pts',(86.2681586211256,4.54785931283087,1.57621530530557));
#7519=CARTESIAN_POINT('Ctrl Pts',(86.2707911655665,4.54785931283087,1.59410279613942));
#7520=CARTESIAN_POINT('Ctrl Pts',(86.2734237100074,4.54785931283087,1.61199028697327));
#7521=CARTESIAN_POINT('',(86.211800157876,0.547859312830875,1.55087940948913));
#7522=CARTESIAN_POINT('Origin',(86.211800157876,0.547859312830875,1.55087940948913));
#7523=CARTESIAN_POINT('',(83.3220107578204,2.54785931283087,1.56289422808123));
#7524=CARTESIAN_POINT('',(83.246694062957,2.54785931283087,1.56320737077104));
#7525=CARTESIAN_POINT('',(83.3220107578204,4.54785931283087,1.56289422808123));
#7526=CARTESIAN_POINT('',(83.2466949790367,4.54785931283087,1.56320736696228));
#7527=CARTESIAN_POINT('',(83.3220107578204,0.547859312830875,1.56289422808122));
#7528=CARTESIAN_POINT('Ctrl Pts',(83.3220107578204,0.547859312830875,1.56289422808123));
#7529=CARTESIAN_POINT('Ctrl Pts',(83.3220107578204,7.54785931283088,1.56289422808123));
#7530=CARTESIAN_POINT('Ctrl Pts',(83.304121075359,0.547859312830875,1.56552531136525));
#7531=CARTESIAN_POINT('Ctrl Pts',(83.304121075359,7.54785931283088,1.56552531136525));
#7532=CARTESIAN_POINT('Ctrl Pts',(83.2683436563808,0.547859312830875,1.57078719173808));
#7533=CARTESIAN_POINT('Ctrl Pts',(83.2683436563808,7.54785931283088,1.57078719173808));
#7534=CARTESIAN_POINT('Ctrl Pts',(83.2633794529644,0.547859312830875,1.60660665062968));
#7535=CARTESIAN_POINT('Ctrl Pts',(83.2633794529644,7.54785931283088,1.60660665062968));
#7536=CARTESIAN_POINT('Ctrl Pts',(83.2608974862585,0.547859312830875,1.62451540596));
#7537=CARTESIAN_POINT('Ctrl Pts',(83.2608974862585,7.54785931283088,1.62451540596));
#7538=CARTESIAN_POINT('',(83.2608974862585,2.54785931283087,1.62451540596));
#7539=CARTESIAN_POINT('Ctrl Pts',(83.2608974862585,2.54785931283088,1.62451540596));
#7540=CARTESIAN_POINT('Ctrl Pts',(83.2633794529644,2.54785931283088,1.60660665062968));
#7541=CARTESIAN_POINT('Ctrl Pts',(83.2658614196703,2.54785931283088,1.58869789529936));
#7542=CARTESIAN_POINT('Ctrl Pts',(83.2760458523196,2.54785931283088,1.57842770360347));
#7543=CARTESIAN_POINT('Ctrl Pts',(83.2862313928977,2.54785931283088,1.56815639464928));
#7544=CARTESIAN_POINT('Ctrl Pts',(83.304121075359,2.54785931283088,1.56552531136525));
#7545=CARTESIAN_POINT('Ctrl Pts',(83.3220107578204,2.54785931283088,1.56289422808123));
#7546=CARTESIAN_POINT('',(83.2608974862585,4.54785931283087,1.62451540596));
#7547=CARTESIAN_POINT('Ctrl Pts',(83.2608974862585,4.54785931283087,1.62451540596));
#7548=CARTESIAN_POINT('Ctrl Pts',(83.2633794529644,4.54785931283087,1.60660665062968));
#7549=CARTESIAN_POINT('Ctrl Pts',(83.2658614196703,4.54785931283087,1.58869789529936));
#7550=CARTESIAN_POINT('Ctrl Pts',(83.2760458523196,4.54785931283087,1.57842770360347));
#7551=CARTESIAN_POINT('Ctrl Pts',(83.2862313928977,4.54785931283087,1.56815639464928));
#7552=CARTESIAN_POINT('Ctrl Pts',(83.304121075359,4.54785931283087,1.56552531136525));
#7553=CARTESIAN_POINT('Ctrl Pts',(83.3220107578204,4.54785931283087,1.56289422808123));
#7554=CARTESIAN_POINT('',(83.2608974862585,0.547859312830875,1.62451540596));
#7555=CARTESIAN_POINT('Ctrl Pts',(82.9580664192256,0.547859312830871,9.99702658208492));
#7556=CARTESIAN_POINT('Ctrl Pts',(82.9580664192256,7.54785931283087,9.99702658208492));
#7557=CARTESIAN_POINT('Ctrl Pts',(82.8804738750938,0.547859312830872,8.99216358114848));
#7558=CARTESIAN_POINT('Ctrl Pts',(82.8804738750938,7.54785931283087,8.99216358114848));
#7559=CARTESIAN_POINT('Ctrl Pts',(82.8028813309619,0.547859312830873,7.98730058021204));
#7560=CARTESIAN_POINT('Ctrl Pts',(82.8028813309619,7.54785931283087,7.98730058021204));
#7561=CARTESIAN_POINT('Ctrl Pts',(82.7252887868301,0.547859312830873,6.9824375792756));
#7562=CARTESIAN_POINT('Ctrl Pts',(82.7252887868301,7.54785931283087,6.9824375792756));
#7563=CARTESIAN_POINT('Ctrl Pts',(82.6782653216927,0.547859312830874,6.37345973454796));
#7564=CARTESIAN_POINT('Ctrl Pts',(82.6782653216927,7.54785931283087,6.37345973454796));
#7565=CARTESIAN_POINT('Ctrl Pts',(82.5904907692183,0.547859312830874,5.23673453508302));
#7566=CARTESIAN_POINT('Ctrl Pts',(82.5904907692183,7.54785931283087,5.23673453508302));
#7567=CARTESIAN_POINT('Ctrl Pts',(81.6047081325253,0.547859312830874,4.68844221666893));
#7568=CARTESIAN_POINT('Ctrl Pts',(81.6047081325253,7.54785931283087,4.68844221666894));
#7569=CARTESIAN_POINT('Ctrl Pts',(81.1470388742863,0.547859312830874,4.43388656786128));
#7570=CARTESIAN_POINT('Ctrl Pts',(81.1470388742863,7.54785931283087,4.43388656786128));
#7571=CARTESIAN_POINT('',(82.7252887868301,2.54785931283087,6.9824375792756));
#7572=CARTESIAN_POINT('',(82.7252887868301,4.54782905266978,6.9824375792756));
#7573=CARTESIAN_POINT('',(82.7252887868301,0.547859312830873,6.9824375792756));
#7574=CARTESIAN_POINT('',(82.7232204442318,4.54782905266978,6.95566252761255));
#7575=CARTESIAN_POINT('Ctrl Pts',(82.7252887868301,4.54782905266978,6.98243757927561));
#7576=CARTESIAN_POINT('Ctrl Pts',(82.7245996097552,4.54782905266978,6.97351238483315));
#7577=CARTESIAN_POINT('Ctrl Pts',(82.7239104326803,4.54782905266978,6.96458719039069));
#7578=CARTESIAN_POINT('Ctrl Pts',(82.7232204442318,4.54782905266978,6.95566252761255));
#7579=CARTESIAN_POINT('Ctrl Pts',(82.7232204442318,4.54782905266978,6.95566252761255));
#7580=CARTESIAN_POINT('Ctrl Pts',(82.7172871522069,4.54782905266978,6.878918300072));
#7581=CARTESIAN_POINT('Ctrl Pts',(82.7112935463995,4.54782905266978,6.8021858344822));
#7582=CARTESIAN_POINT('Ctrl Pts',(82.7046914764592,4.54782905266978,6.72550038293334));
#7583=CARTESIAN_POINT('',(81.1470388742863,4.54785931283087,4.43388656786128));
#7584=CARTESIAN_POINT('Ctrl Pts',(81.1470388742863,4.54785931283087,4.43388656786128));
#7585=CARTESIAN_POINT('Ctrl Pts',(81.6047081325253,4.54785931283087,4.68844221666894));
#7586=CARTESIAN_POINT('Ctrl Pts',(82.0623773907643,4.54785931283087,4.94299786547659));
#7587=CARTESIAN_POINT('Ctrl Pts',(82.3264840694643,4.54785931283087,5.32438821471));
#7588=CARTESIAN_POINT('Ctrl Pts',(82.5883023776421,4.54785931283087,5.70247398097364));
#7589=CARTESIAN_POINT('Ctrl Pts',(82.6598978472427,4.54785931283087,6.20520603373821));
#7590=CARTESIAN_POINT('Ctrl Pts',(82.7046914764576,4.54785931283087,6.72550038291499));
#7591=CARTESIAN_POINT('',(81.1470388742863,2.54785931283087,4.43388656786128));
#7592=CARTESIAN_POINT('',(81.1470388742863,0.547859312830874,4.43388656786128));
#7593=CARTESIAN_POINT('Ctrl Pts',(81.1470388742863,2.54785931283087,4.43388656786128));
#7594=CARTESIAN_POINT('Ctrl Pts',(81.6047081325253,2.54785931283087,4.68844221666893));
#7595=CARTESIAN_POINT('Ctrl Pts',(82.0623773907643,2.54785931283087,4.94299786547659));
#7596=CARTESIAN_POINT('Ctrl Pts',(82.3264840694643,2.54785931283087,5.32438821471));
#7597=CARTESIAN_POINT('Ctrl Pts',(82.6312418565554,2.54785931283087,5.76448188982031));
#7598=CARTESIAN_POINT('Ctrl Pts',(82.6782653216927,2.54785931283087,6.37345973454796));
#7599=CARTESIAN_POINT('Ctrl Pts',(82.7252887868301,2.54785931283087,6.9824375792756));
#7600=CARTESIAN_POINT('Ctrl Pts',(81.1470388742863,0.547859312830874,4.43388656786128));
#7601=CARTESIAN_POINT('Ctrl Pts',(81.1470388742863,7.54785931283087,4.43388656786128));
#7602=CARTESIAN_POINT('Ctrl Pts',(81.0573619172893,0.547859312830874,4.42458672176843));
#7603=CARTESIAN_POINT('Ctrl Pts',(81.0573619172893,7.54785931283087,4.42458672176843));
#7604=CARTESIAN_POINT('Ctrl Pts',(80.9033188038186,0.547859312830874,4.40861185715534));
#7605=CARTESIAN_POINT('Ctrl Pts',(80.9033188038186,7.54785931283087,4.40861185715534));
#7606=CARTESIAN_POINT('Ctrl Pts',(80.7485364808189,0.547859312830874,4.4041878112806));
#7607=CARTESIAN_POINT('Ctrl Pts',(80.7485364808189,7.54785931283087,4.40418781128061));
#7608=CARTESIAN_POINT('Ctrl Pts',(80.6838614492832,0.547859312830874,4.40233924549532));
#7609=CARTESIAN_POINT('Ctrl Pts',(80.6838614492832,7.54785931283087,4.40233924549532));
#7610=CARTESIAN_POINT('',(80.6838614492832,2.54785931283087,4.40233924549532));
#7611=CARTESIAN_POINT('Ctrl Pts',(80.6838614492832,2.54785931283087,4.40233924549532));
#7612=CARTESIAN_POINT('Ctrl Pts',(80.7485364808189,2.54785931283087,4.4041878112806));
#7613=CARTESIAN_POINT('Ctrl Pts',(80.8132115123545,2.54785931283087,4.40603637706588));
#7614=CARTESIAN_POINT('Ctrl Pts',(80.8777574819664,2.54785931283087,4.40990165236159));
#7615=CARTESIAN_POINT('Ctrl Pts',(80.9676849602923,2.54785931283087,4.41528687567558));
#7616=CARTESIAN_POINT('Ctrl Pts',(81.0573619172893,2.54785931283087,4.42458672176843));
#7617=CARTESIAN_POINT('Ctrl Pts',(81.1470388742863,2.54785931283087,4.43388656786128));
#7618=CARTESIAN_POINT('',(80.6838614492832,4.54785931283087,4.40233924549532));
#7619=CARTESIAN_POINT('Ctrl Pts',(80.6838614492832,4.54785931283087,4.40233924549532));
#7620=CARTESIAN_POINT('Ctrl Pts',(80.7485364808189,4.54785931283087,4.40418781128061));
#7621=CARTESIAN_POINT('Ctrl Pts',(80.8132115123545,4.54785931283087,4.40603637706588));
#7622=CARTESIAN_POINT('Ctrl Pts',(80.8777574819664,4.54785931283087,4.40990165236159));
#7623=CARTESIAN_POINT('Ctrl Pts',(80.9676849602923,4.54785931283087,4.41528687567558));
#7624=CARTESIAN_POINT('Ctrl Pts',(81.0573619172893,4.54785931283087,4.42458672176843));
#7625=CARTESIAN_POINT('Ctrl Pts',(81.1470388742863,4.54785931283087,4.43388656786128));
#7626=CARTESIAN_POINT('',(80.6838614492832,0.547859312830874,4.40233924549532));
#7627=CARTESIAN_POINT('Origin',(80.6838614492832,0.547859312830874,4.40233924549532));
#7628=CARTESIAN_POINT('',(80.5332346612627,2.54785931283087,4.40296550342718));
#7629=CARTESIAN_POINT('',(80.4886045564878,2.54785931283087,4.40315106110574));
#7630=CARTESIAN_POINT('',(80.5332346612627,4.54785931283087,4.40296550342718));
#7631=CARTESIAN_POINT('',(80.4886054725675,4.54785931283087,4.40315105729698));
#7632=CARTESIAN_POINT('',(80.5332346612627,0.547859312830874,4.40296550342718));
#7633=CARTESIAN_POINT('Origin',(80.5332346612627,0.547859312830874,4.40296550342718));
#7634=CARTESIAN_POINT('',(82.6694370231638,2.54785931283087,1.59908048634229));
#7635=CARTESIAN_POINT('',(80.2074612396816,2.54785931283087,4.83056133050177));
#7636=CARTESIAN_POINT('',(82.6694370231638,4.54785931283087,1.59908048634229));
#7637=CARTESIAN_POINT('',(80.2074614027661,4.54785931283087,4.83056111644426));
#7638=CARTESIAN_POINT('',(82.6694370231638,0.547859312830875,1.59908048634229));
#7639=CARTESIAN_POINT('Origin',(82.6694370231639,0.547859312830875,1.59908048634229));
#7640=CARTESIAN_POINT('',(82.6692978552853,2.54785931283087,1.56560799923581));
#7641=CARTESIAN_POINT('',(82.6776827258787,2.54785931283087,3.58232676821987));
#7642=CARTESIAN_POINT('',(82.6692978552853,4.54785931283087,1.56560799923581));
#7643=CARTESIAN_POINT('',(82.6776827273945,4.54785931283087,3.58232713281221));
#7644=CARTESIAN_POINT('',(82.6692978552853,0.547859312830875,1.56560799923581));
#7645=CARTESIAN_POINT('Origin',(82.6692978552853,0.547859312830875,1.56560799923581));
#7646=CARTESIAN_POINT('',(79.3834104039878,2.54785931283087,1.57926966663642));
#7647=CARTESIAN_POINT('',(81.4754429116617,2.54785931283087,1.57057166564438));
#7648=CARTESIAN_POINT('',(79.3834104039878,4.54785931283087,1.57926966663642));
#7649=CARTESIAN_POINT('',(81.4754438277414,4.54785931283087,1.57057166183562));
#7650=CARTESIAN_POINT('',(79.3834104039878,0.547859312830875,1.57926966663642));
#7651=CARTESIAN_POINT('Ctrl Pts',(79.3834104039878,0.547859312830875,1.57926966663642));
#7652=CARTESIAN_POINT('Ctrl Pts',(79.3834104039878,7.54785931283088,1.57926966663642));
#7653=CARTESIAN_POINT('Ctrl Pts',(79.1771878099466,0.547859312830875,1.83689173354419));
#7654=CARTESIAN_POINT('Ctrl Pts',(79.1771878099466,7.54785931283088,1.83689173354419));
#7655=CARTESIAN_POINT('Ctrl Pts',(78.4259652332834,0.547859312830875,2.77535104159209));
#7656=CARTESIAN_POINT('Ctrl Pts',(78.4259652332834,7.54785931283088,2.77535104159209));
#7657=CARTESIAN_POINT('Ctrl Pts',(77.6911719851213,0.547859312830875,3.7267636296914));
#7658=CARTESIAN_POINT('Ctrl Pts',(77.6911719851213,7.54785931283088,3.72676362969141));
#7659=CARTESIAN_POINT('Ctrl Pts',(77.1580912179566,0.547859312830874,4.41699826864974));
#7660=CARTESIAN_POINT('Ctrl Pts',(77.1580912179566,7.54785931283087,4.41699826864974));
#7661=CARTESIAN_POINT('',(77.1580912179566,2.54785931283087,4.41699826864974));
#7662=CARTESIAN_POINT('Ctrl Pts',(77.1580912179566,2.54785931283087,4.41699826864974));
#7663=CARTESIAN_POINT('Ctrl Pts',(77.6911719851213,2.54785931283087,3.7267636296914));
#7664=CARTESIAN_POINT('Ctrl Pts',(78.2242527522861,2.54785931283087,3.03652899073307));
#7665=CARTESIAN_POINT('Ctrl Pts',(78.7659807199196,2.54785931283087,2.35311201381886));
#7666=CARTESIAN_POINT('Ctrl Pts',(78.9709652159054,2.54785931283087,2.09451380045196));
#7667=CARTESIAN_POINT('Ctrl Pts',(79.1771878099466,2.54785931283087,1.83689173354419));
#7668=CARTESIAN_POINT('Ctrl Pts',(79.3834104039878,2.54785931283088,1.57926966663642));
#7669=CARTESIAN_POINT('',(77.1580912179566,4.54785931283087,4.41699826864974));
#7670=CARTESIAN_POINT('Ctrl Pts',(77.1580912179566,4.54785931283087,4.41699826864974));
#7671=CARTESIAN_POINT('Ctrl Pts',(77.6911719851213,4.54785931283087,3.72676362969141));
#7672=CARTESIAN_POINT('Ctrl Pts',(78.2242527522861,4.54785931283087,3.03652899073307));
#7673=CARTESIAN_POINT('Ctrl Pts',(78.7659807199196,4.54785931283087,2.35311201381886));
#7674=CARTESIAN_POINT('Ctrl Pts',(78.9709652159054,4.54785931283087,2.09451380045196));
#7675=CARTESIAN_POINT('Ctrl Pts',(79.1771878099466,4.54785931283087,1.83689173354419));
#7676=CARTESIAN_POINT('Ctrl Pts',(79.3834104039878,4.54785931283087,1.57926966663642));
#7677=CARTESIAN_POINT('',(77.1580912179566,0.547859312830874,4.41699826864974));
#7678=CARTESIAN_POINT('Origin',(77.1580912179566,0.547859312830874,4.41699826864974));
#7679=CARTESIAN_POINT('',(76.5109548777878,2.54785931283087,4.41968885424443));
#7680=CARTESIAN_POINT('',(78.7257194408245,2.54785931283087,4.41048057268296));
#7681=CARTESIAN_POINT('',(76.5109548777878,4.54785931283087,4.41968885424443));
#7682=CARTESIAN_POINT('',(78.7257203569042,4.54785931283087,4.41048056887419));
#7683=CARTESIAN_POINT('',(76.5109548777878,0.547859312830874,4.41968885424443));
#7684=CARTESIAN_POINT('Origin',(76.5109548777878,0.547859312830874,4.41968885424443));
#7685=CARTESIAN_POINT('',(76.4994503224181,2.54785931283087,1.65262733726269));
#7686=CARTESIAN_POINT('',(76.5133903166143,2.54785931283087,5.00545760734388));
#7687=CARTESIAN_POINT('',(76.4994503224181,4.54785931283087,1.65262733726269));
#7688=CARTESIAN_POINT('',(76.5133903181301,4.54785931283087,5.00545797193622));
#7689=CARTESIAN_POINT('',(76.4994503224181,0.547859312830875,1.65262733726268));
#7690=CARTESIAN_POINT('Ctrl Pts',(76.4994503224181,0.547859312830875,1.65262733726268));
#7691=CARTESIAN_POINT('Ctrl Pts',(76.4994503224181,7.54785931283088,1.65262733726268));
#7692=CARTESIAN_POINT('Ctrl Pts',(76.4968186919001,0.547859312830875,1.63473984262718));
#7693=CARTESIAN_POINT('Ctrl Pts',(76.4968186919001,7.54785931283088,1.63473984262718));
#7694=CARTESIAN_POINT('Ctrl Pts',(76.491555430864,0.547859312830875,1.59896485335617));
#7695=CARTESIAN_POINT('Ctrl Pts',(76.491555430864,7.54785931283088,1.59896485335617));
#7696=CARTESIAN_POINT('Ctrl Pts',(76.4557379132559,0.547859312830875,1.59399925102935));
#7697=CARTESIAN_POINT('Ctrl Pts',(76.4557379132559,7.54785931283088,1.59399925102936));
#7698=CARTESIAN_POINT('Ctrl Pts',(76.4378291544519,0.547859312830875,1.59151644986595));
#7699=CARTESIAN_POINT('Ctrl Pts',(76.4378291544519,7.54785931283088,1.59151644986595));
#7700=CARTESIAN_POINT('',(76.4378291544519,2.54785931283087,1.59151644986595));
#7701=CARTESIAN_POINT('Ctrl Pts',(76.4378291544519,2.54785931283088,1.59151644986595));
#7702=CARTESIAN_POINT('Ctrl Pts',(76.4557379132559,2.54785931283088,1.59399925102935));
#7703=CARTESIAN_POINT('Ctrl Pts',(76.47364667206,2.54785931283088,1.59648205219276));
#7704=CARTESIAN_POINT('Ctrl Pts',(76.483916866721,2.54785931283088,1.60666720009222));
#7705=CARTESIAN_POINT('Ctrl Pts',(76.494187061382,2.54785931283088,1.61685234799167));
#7706=CARTESIAN_POINT('Ctrl Pts',(76.4968186919001,2.54785931283088,1.63473984262718));
#7707=CARTESIAN_POINT('Ctrl Pts',(76.4994503224181,2.54785931283088,1.65262733726268));
#7708=CARTESIAN_POINT('',(76.4378291544519,4.54785931283087,1.59151644986595));
#7709=CARTESIAN_POINT('Ctrl Pts',(76.4378291544519,4.54785931283087,1.59151644986595));
#7710=CARTESIAN_POINT('Ctrl Pts',(76.4557379132559,4.54785931283087,1.59399925102936));
#7711=CARTESIAN_POINT('Ctrl Pts',(76.47364667206,4.54785931283087,1.59648205219276));
#7712=CARTESIAN_POINT('Ctrl Pts',(76.483916866721,4.54785931283087,1.60666720009222));
#7713=CARTESIAN_POINT('Ctrl Pts',(76.494187061382,4.54785931283087,1.61685234799167));
#7714=CARTESIAN_POINT('Ctrl Pts',(76.4968186919001,4.54785931283087,1.63473984262718));
#7715=CARTESIAN_POINT('Ctrl Pts',(76.4994503224181,4.54785931283087,1.65262733726268));
#7716=CARTESIAN_POINT('',(76.4378291544519,0.547859312830875,1.59151644986595));
#7717=CARTESIAN_POINT('Origin',(76.4378291544519,0.547859312830875,1.59151644986595));
#7718=CARTESIAN_POINT('',(73.6149799602789,2.54785931283087,1.60325295252603));
#7719=CARTESIAN_POINT('',(78.359708561245,2.54785931283087,1.58352589095945));
#7720=CARTESIAN_POINT('',(73.6149799602789,4.54785931283087,1.60325295252603));
#7721=CARTESIAN_POINT('',(78.3597094773247,4.54785931283087,1.58352588715069));
#7722=CARTESIAN_POINT('',(73.6149799602789,0.547859312830875,1.60325295252603));
#7723=CARTESIAN_POINT('Ctrl Pts',(73.6149799602789,0.547859312830875,1.60325295252603));
#7724=CARTESIAN_POINT('Ctrl Pts',(73.6149799602789,7.54785931283088,1.60325295252603));
#7725=CARTESIAN_POINT('Ctrl Pts',(73.5970924656434,0.547859312830875,1.60588458304404));
#7726=CARTESIAN_POINT('Ctrl Pts',(73.5970924656434,7.54785931283088,1.60588458304404));
#7727=CARTESIAN_POINT('Ctrl Pts',(73.5613174763724,0.547859312830875,1.61114784408007));
#7728=CARTESIAN_POINT('Ctrl Pts',(73.5613174763724,7.54785931283088,1.61114784408007));
#7729=CARTESIAN_POINT('Ctrl Pts',(73.5563518740456,0.547859312830875,1.64696536168816));
#7730=CARTESIAN_POINT('Ctrl Pts',(73.5563518740456,7.54785931283088,1.64696536168816));
#7731=CARTESIAN_POINT('Ctrl Pts',(73.5538690728822,0.547859312830875,1.66487412049221));
#7732=CARTESIAN_POINT('Ctrl Pts',(73.5538690728822,7.54785931283088,1.66487412049221));
#7733=CARTESIAN_POINT('Ctrl Pts',(73.5538690728822,2.54785931283087,1.66487412049221));
#7734=CARTESIAN_POINT('Ctrl Pts',(73.5563518740456,2.54785931283087,1.64696536168816));
#7735=CARTESIAN_POINT('Ctrl Pts',(73.558834675209,2.54785931283087,1.62905660288411));
#7736=CARTESIAN_POINT('Ctrl Pts',(73.5690198231084,2.54785931283087,1.61878640822308));
#7737=CARTESIAN_POINT('Ctrl Pts',(73.5792049710079,2.54785931283087,1.60851621356205));
#7738=CARTESIAN_POINT('Ctrl Pts',(73.5970924656434,2.54785931283087,1.60588458304404));
#7739=CARTESIAN_POINT('Ctrl Pts',(73.6149799602789,2.54785931283087,1.60325295252603));
#7740=CARTESIAN_POINT('Ctrl Pts',(73.5538690728822,4.54785931283087,1.66487412049221));
#7741=CARTESIAN_POINT('Ctrl Pts',(73.5563518740456,4.54785931283087,1.64696536168816));
#7742=CARTESIAN_POINT('Ctrl Pts',(73.558834675209,4.54785931283087,1.62905660288411));
#7743=CARTESIAN_POINT('Ctrl Pts',(73.5690198231084,4.54785931283087,1.61878640822308));
#7744=CARTESIAN_POINT('Ctrl Pts',(73.5792049710079,4.54785931283087,1.60851621356205));
#7745=CARTESIAN_POINT('Ctrl Pts',(73.5970924656434,4.54785931283087,1.60588458304404));
#7746=CARTESIAN_POINT('Ctrl Pts',(73.6149799602789,4.54785931283087,1.60325295252603));
#7747=CARTESIAN_POINT('Origin',(79.8701048361345,0.547859312830873,7.26767208824138));
#7748=CARTESIAN_POINT('',(73.6386385194663,2.54785931283087,7.29358052895893));
#7749=CARTESIAN_POINT('',(79.8701048361345,2.54785931283087,7.26767208824138));
#7750=CARTESIAN_POINT('',(80.08767568168,2.54785931283087,7.26676749836362));
#7751=CARTESIAN_POINT('',(79.8701048361345,4.54785931283087,7.26767208824138));
#7752=CARTESIAN_POINT('',(79.8701048361345,0.547859312830873,7.26767208824138));
#7753=CARTESIAN_POINT('',(73.6386385194663,4.54785931283087,7.29358052895893));
#7754=CARTESIAN_POINT('',(80.0876765977597,4.54785931283087,7.26676749455485));
#7755=CARTESIAN_POINT('',(73.6386385194663,0.547859312830873,7.29358052895893));
#7756=CARTESIAN_POINT('Ctrl Pts',(73.6386385194663,0.547859312830873,7.29358052895893));
#7757=CARTESIAN_POINT('Ctrl Pts',(73.6386385194663,7.54785931283087,7.29358052895893));
#7758=CARTESIAN_POINT('Ctrl Pts',(73.6207510239617,0.547859312830873,7.29621195086153));
#7759=CARTESIAN_POINT('Ctrl Pts',(73.6207510239617,7.54785931283087,7.29621195086153));
#7760=CARTESIAN_POINT('Ctrl Pts',(73.5849755464766,0.547859312830873,7.30147486623199));
#7761=CARTESIAN_POINT('Ctrl Pts',(73.5849755464766,7.54785931283087,7.30147486623199));
#7762=CARTESIAN_POINT('Ctrl Pts',(73.5800102943632,0.547859312830873,7.33729298836967));
#7763=CARTESIAN_POINT('Ctrl Pts',(73.5800102943632,7.54785931283087,7.33729298836967));
#7764=CARTESIAN_POINT('Ctrl Pts',(73.5775276345477,0.547859312830873,7.3552022929664));
#7765=CARTESIAN_POINT('Ctrl Pts',(73.5775276345477,7.54785931283087,7.35520229296641));
#7766=CARTESIAN_POINT('',(73.5775276345477,2.54785931283087,7.3552022929664));
#7767=CARTESIAN_POINT('Ctrl Pts',(73.5775276345477,2.54785931283087,7.3552022929664));
#7768=CARTESIAN_POINT('Ctrl Pts',(73.5800102943632,2.54785931283087,7.33729298836967));
#7769=CARTESIAN_POINT('Ctrl Pts',(73.5824929541787,2.54785931283087,7.31938368377294));
#7770=CARTESIAN_POINT('Ctrl Pts',(73.5926783798177,2.54785931283087,7.30911338861469));
#7771=CARTESIAN_POINT('Ctrl Pts',(73.6028635284571,2.54785931283087,7.29884337276413));
#7772=CARTESIAN_POINT('Ctrl Pts',(73.6207510239617,2.54785931283087,7.29621195086153));
#7773=CARTESIAN_POINT('Ctrl Pts',(73.6386385194663,2.54785931283087,7.29358052895893));
#7774=CARTESIAN_POINT('',(73.5775276345477,4.54785931283087,7.3552022929664));
#7775=CARTESIAN_POINT('Ctrl Pts',(73.5775276345477,4.54785931283087,7.35520229296641));
#7776=CARTESIAN_POINT('Ctrl Pts',(73.5800102943632,4.54785931283087,7.33729298836967));
#7777=CARTESIAN_POINT('Ctrl Pts',(73.5824929541787,4.54785931283087,7.31938368377294));
#7778=CARTESIAN_POINT('Ctrl Pts',(73.5926783798177,4.54785931283087,7.30911338861469));
#7779=CARTESIAN_POINT('Ctrl Pts',(73.6028635284571,4.54785931283087,7.29884337276413));
#7780=CARTESIAN_POINT('Ctrl Pts',(73.6207510239617,4.54785931283087,7.29621195086153));
#7781=CARTESIAN_POINT('Ctrl Pts',(73.6386385194663,4.54785931283087,7.29358052895893));
#7782=CARTESIAN_POINT('',(73.5775276345477,0.547859312830873,7.3552022929664));
#7783=CARTESIAN_POINT('Origin',(73.5775276345477,0.547859312830873,7.3552022929664));
#7784=CARTESIAN_POINT('',(73.5866199425581,2.54785931283087,9.54207304003358));
#7785=CARTESIAN_POINT('',(73.5738860702263,2.54785931283087,6.47933771831963));
#7786=CARTESIAN_POINT('',(73.5866199425581,4.54785931283087,9.54207304003358));
#7787=CARTESIAN_POINT('',(73.5738860717422,4.54785931283087,6.47933808291197));
#7788=CARTESIAN_POINT('',(73.5866199425581,0.547859312830873,9.54207304003358));
#7789=CARTESIAN_POINT('Ctrl Pts',(73.5866199425581,0.547859312830873,9.54207304003358));
#7790=CARTESIAN_POINT('Ctrl Pts',(73.5866199425581,7.54785931283087,9.54207304003358));
#7791=CARTESIAN_POINT('Ctrl Pts',(73.5913012550304,0.547859312830873,9.55991898523984));
#7792=CARTESIAN_POINT('Ctrl Pts',(73.5913012550304,7.54785931283087,9.55991898523984));
#7793=CARTESIAN_POINT('Ctrl Pts',(73.5999879343979,0.547859312830873,9.59303405818796));
#7794=CARTESIAN_POINT('Ctrl Pts',(73.5999879343979,7.54785931283087,9.59303405818796));
#7795=CARTESIAN_POINT('Ctrl Pts',(73.6330133333232,0.547859312830873,9.59998123089169));
#7796=CARTESIAN_POINT('Ctrl Pts',(73.6330133333232,7.54785931283087,9.5999812308917));
#7797=CARTESIAN_POINT('Ctrl Pts',(73.6482411130024,0.547859312830873,9.60318452347161));
#7798=CARTESIAN_POINT('Ctrl Pts',(73.6482411130024,7.54785931283087,9.60318452347161));
#7799=CARTESIAN_POINT('',(73.6482411130024,2.54785931283087,9.60318452347161));
#7800=CARTESIAN_POINT('Ctrl Pts',(73.6482411130024,2.54785931283087,9.60318452347161));
#7801=CARTESIAN_POINT('Ctrl Pts',(73.6330133333232,2.54785931283087,9.5999812308917));
#7802=CARTESIAN_POINT('Ctrl Pts',(73.6177855536439,2.54785931283087,9.59677793831178));
#7803=CARTESIAN_POINT('Ctrl Pts',(73.607732349743,2.54785931283087,9.58801117381416));
#7804=CARTESIAN_POINT('Ctrl Pts',(73.5959825675028,2.54785931283087,9.57776493044611));
#7805=CARTESIAN_POINT('Ctrl Pts',(73.5913012550304,2.54785931283087,9.55991898523984));
#7806=CARTESIAN_POINT('Ctrl Pts',(73.5866199425581,2.54785931283087,9.54207304003358));
#7807=CARTESIAN_POINT('',(73.6482411130024,4.54785931283087,9.60318452347161));
#7808=CARTESIAN_POINT('Ctrl Pts',(73.6482411130024,4.54785931283087,9.60318452347161));
#7809=CARTESIAN_POINT('Ctrl Pts',(73.6330133333232,4.54785931283087,9.59998123089169));
#7810=CARTESIAN_POINT('Ctrl Pts',(73.6177855536439,4.54785931283087,9.59677793831178));
#7811=CARTESIAN_POINT('Ctrl Pts',(73.607732349743,4.54785931283087,9.58801117381416));
#7812=CARTESIAN_POINT('Ctrl Pts',(73.5959825675028,4.54785931283087,9.57776493044611));
#7813=CARTESIAN_POINT('Ctrl Pts',(73.5913012550304,4.54785931283087,9.55991898523984));
#7814=CARTESIAN_POINT('Ctrl Pts',(73.5866199425581,4.54785931283087,9.54207304003358));
#7815=CARTESIAN_POINT('',(73.6482411130024,0.547859312830873,9.60318452347161));
#7816=CARTESIAN_POINT('Origin',(73.6482411130024,0.547859312830873,9.60318452347161));
#7817=CARTESIAN_POINT('',(80.7053629063523,2.54785931283087,9.5738432717777));
#7818=CARTESIAN_POINT('',(76.981545116882,2.54785931283087,9.58932571323507));
#7819=CARTESIAN_POINT('',(80.7053629063523,4.54785931283087,9.5738432717777));
#7820=CARTESIAN_POINT('',(76.9815460329617,4.54785931283087,9.58932570942631));
#7821=CARTESIAN_POINT('',(80.7053629063523,0.547859312830873,9.5738432717777));
#7822=CARTESIAN_POINT('Ctrl Pts',(80.7053629063523,0.547859312830873,9.5738432717777));
#7823=CARTESIAN_POINT('Ctrl Pts',(80.7053629063523,7.54785931283087,9.5738432717777));
#7824=CARTESIAN_POINT('Ctrl Pts',(81.1257006182111,0.547859312830873,9.49944721415075));
#7825=CARTESIAN_POINT('Ctrl Pts',(81.1257006182111,7.54785931283087,9.49944721415075));
#7826=CARTESIAN_POINT('Ctrl Pts',(82.0089110437374,0.547859312830873,9.34312677974667));
#7827=CARTESIAN_POINT('Ctrl Pts',(82.0089110437374,7.54785931283087,9.34312677974668));
#7828=CARTESIAN_POINT('Ctrl Pts',(82.3794751928052,0.547859312830873,8.5193861017263));
#7829=CARTESIAN_POINT('Ctrl Pts',(82.3794751928052,7.54785931283087,8.5193861017263));
#7830=CARTESIAN_POINT('Ctrl Pts',(82.5736803655586,0.547859312830873,8.08768027945136));
#7831=CARTESIAN_POINT('Ctrl Pts',(82.5736803655586,7.54785931283087,8.08768027945136));
#7832=CARTESIAN_POINT('',(82.5736803655586,2.54785931283087,8.08768027945136));
#7833=CARTESIAN_POINT('Ctrl Pts',(82.5736803655586,2.54785931283087,8.08768027945136));
#7834=CARTESIAN_POINT('Ctrl Pts',(82.3794751928052,2.54785931283087,8.5193861017263));
#7835=CARTESIAN_POINT('Ctrl Pts',(82.1852700200518,2.54785931283087,8.95109192400124));
#7836=CARTESIAN_POINT('Ctrl Pts',(81.8502616251634,2.54785931283087,9.19948436795906));
#7837=CARTESIAN_POINT('Ctrl Pts',(81.5460383300698,2.54785931283087,9.4250511565238));
#7838=CARTESIAN_POINT('Ctrl Pts',(81.1257006182111,2.54785931283087,9.49944721415075));
#7839=CARTESIAN_POINT('Ctrl Pts',(80.7053629063523,2.54785931283087,9.5738432717777));
#7840=CARTESIAN_POINT('',(82.5736803655586,4.54785931283087,8.08768027945136));
#7841=CARTESIAN_POINT('Ctrl Pts',(82.5736803655586,4.54785931283087,8.08768027945136));
#7842=CARTESIAN_POINT('Ctrl Pts',(82.3794751928052,4.54785931283087,8.5193861017263));
#7843=CARTESIAN_POINT('Ctrl Pts',(82.1852700200518,4.54785931283087,8.95109192400124));
#7844=CARTESIAN_POINT('Ctrl Pts',(81.8502616251634,4.54785931283087,9.19948436795906));
#7845=CARTESIAN_POINT('Ctrl Pts',(81.5460383300698,4.54785931283087,9.4250511565238));
#7846=CARTESIAN_POINT('Ctrl Pts',(81.1257006182111,4.54785931283087,9.49944721415075));
#7847=CARTESIAN_POINT('Ctrl Pts',(80.7053629063523,4.54785931283087,9.5738432717777));
#7848=CARTESIAN_POINT('',(82.5736803655586,0.547859312830873,8.08768027945136));
#7849=CARTESIAN_POINT('Ctrl Pts',(83.2936483559344,0.547859312830873,9.50171432550137));
#7850=CARTESIAN_POINT('Ctrl Pts',(83.2936483559344,7.54785931283087,9.50171432550137));
#7851=CARTESIAN_POINT('Ctrl Pts',(83.2983305730806,0.547859312830873,9.51956025822292));
#7852=CARTESIAN_POINT('Ctrl Pts',(83.2983305730806,7.54785931283087,9.51956025822292));
#7853=CARTESIAN_POINT('Ctrl Pts',(83.3070188529874,0.547859312830873,9.55267501002602));
#7854=CARTESIAN_POINT('Ctrl Pts',(83.3070188529874,7.54785931283087,9.55267501002602));
#7855=CARTESIAN_POINT('Ctrl Pts',(83.3400442786744,0.547859312830873,9.559622427346));
#7856=CARTESIAN_POINT('Ctrl Pts',(83.3400442786744,7.54785931283087,9.55962242734601));
#7857=CARTESIAN_POINT('Ctrl Pts',(83.3552719105439,0.547859312830873,9.56282579902681));
#7858=CARTESIAN_POINT('Ctrl Pts',(83.3552719105439,7.54785931283087,9.56282579902681));
#7859=CARTESIAN_POINT('',(83.3552719105439,2.54785931283087,9.56282579902681));
#7860=CARTESIAN_POINT('',(83.2936483559344,2.54785931283087,9.50171432550137));
#7861=CARTESIAN_POINT('Ctrl Pts',(83.3552719105439,2.54785931283087,9.56282579902681));
#7862=CARTESIAN_POINT('Ctrl Pts',(83.3400442786744,2.54785931283087,9.55962242734601));
#7863=CARTESIAN_POINT('Ctrl Pts',(83.324816646805,2.54785931283087,9.55641905566521));
#7864=CARTESIAN_POINT('Ctrl Pts',(83.3147631472845,2.54785931283087,9.54765244936935));
#7865=CARTESIAN_POINT('Ctrl Pts',(83.3030127902267,2.54785931283087,9.53740619094448));
#7866=CARTESIAN_POINT('Ctrl Pts',(83.2983305730806,2.54785931283087,9.51956025822292));
#7867=CARTESIAN_POINT('Ctrl Pts',(83.2936483559344,2.54785931283087,9.50171432550137));
#7868=CARTESIAN_POINT('',(83.2936483559344,4.54785931283087,9.50171432550137));
#7869=CARTESIAN_POINT('',(83.2936483559344,0.547859312830873,9.50171432550137));
#7870=CARTESIAN_POINT('',(83.3552719105439,4.54785931283087,9.56282579902681));
#7871=CARTESIAN_POINT('Ctrl Pts',(83.3552719105439,4.54785931283087,9.56282579902681));
#7872=CARTESIAN_POINT('Ctrl Pts',(83.3400442786744,4.54785931283087,9.559622427346));
#7873=CARTESIAN_POINT('Ctrl Pts',(83.324816646805,4.54785931283087,9.55641905566521));
#7874=CARTESIAN_POINT('Ctrl Pts',(83.3147631472845,4.54785931283087,9.54765244936935));
#7875=CARTESIAN_POINT('Ctrl Pts',(83.3030127902267,4.54785931283087,9.53740619094448));
#7876=CARTESIAN_POINT('Ctrl Pts',(83.2983305730806,4.54785931283087,9.51956025822292));
#7877=CARTESIAN_POINT('Ctrl Pts',(83.2936483559344,4.54785931283087,9.50171432550137));
#7878=CARTESIAN_POINT('',(83.3552719105439,0.547859312830873,9.56282579902681));
#7879=CARTESIAN_POINT('Origin',(83.3552719105439,0.547859312830873,9.56282579902681));
#7880=CARTESIAN_POINT('',(86.2450613105995,2.54785931283087,9.55081098043471));
#7881=CARTESIAN_POINT('',(81.8350605156528,2.54785931283087,9.56914635101267));
#7882=CARTESIAN_POINT('',(86.2450613105995,4.54785931283087,9.55081098043471));
#7883=CARTESIAN_POINT('',(81.8350614317325,4.54785931283087,9.56914634720391));
#7884=CARTESIAN_POINT('',(86.2450613105995,0.547859312830873,9.55081098043471));
#7885=CARTESIAN_POINT('Ctrl Pts',(86.2450613105995,0.547859312830873,9.55081098043471));
#7886=CARTESIAN_POINT('Ctrl Pts',(86.2450613105995,7.54785931283087,9.55081098043471));
#7887=CARTESIAN_POINT('Ctrl Pts',(86.262908937831,0.547859312830873,9.54613029671524));
#7888=CARTESIAN_POINT('Ctrl Pts',(86.262908937831,7.54785931283087,9.54613029671524));
#7889=CARTESIAN_POINT('Ctrl Pts',(86.2960263927345,0.547859312830873,9.53744497793384));
#7890=CARTESIAN_POINT('Ctrl Pts',(86.2960263927345,7.54785931283087,9.53744497793385));
#7891=CARTESIAN_POINT('Ctrl Pts',(86.3029720632855,0.547859312830873,9.50441753252367));
#7892=CARTESIAN_POINT('Ctrl Pts',(86.3029720632855,7.54785931283087,9.50441753252367));
#7893=CARTESIAN_POINT('Ctrl Pts',(86.3061745796833,0.547859312830873,9.48918920651464));
#7894=CARTESIAN_POINT('Ctrl Pts',(86.3061745796833,7.54785931283087,9.48918920651464));
#7895=CARTESIAN_POINT('',(86.3061745796833,2.54785931283087,9.48918920651464));
#7896=CARTESIAN_POINT('Ctrl Pts',(86.3061745796833,2.54785931283087,9.48918920651464));
#7897=CARTESIAN_POINT('Ctrl Pts',(86.3029720632855,2.54785931283087,9.50441753252367));
#7898=CARTESIAN_POINT('Ctrl Pts',(86.2997695468878,2.54785931283087,9.5196458585327));
#7899=CARTESIAN_POINT('Ctrl Pts',(86.291003023106,2.54785931283087,9.52969915442225));
#7900=CARTESIAN_POINT('Ctrl Pts',(86.2807565650625,2.54785931283087,9.54144961299577));
#7901=CARTESIAN_POINT('Ctrl Pts',(86.262908937831,2.54785931283087,9.54613029671524));
#7902=CARTESIAN_POINT('Ctrl Pts',(86.2450613105995,2.54785931283087,9.55081098043471));
#7903=CARTESIAN_POINT('',(86.3061745796833,4.54785931283087,9.48918920651464));
#7904=CARTESIAN_POINT('Ctrl Pts',(86.3061745796833,4.54785931283087,9.48918920651464));
#7905=CARTESIAN_POINT('Ctrl Pts',(86.3029720632855,4.54785931283087,9.50441753252367));
#7906=CARTESIAN_POINT('Ctrl Pts',(86.2997695468878,4.54785931283087,9.5196458585327));
#7907=CARTESIAN_POINT('Ctrl Pts',(86.291003023106,4.54785931283087,9.52969915442225));
#7908=CARTESIAN_POINT('Ctrl Pts',(86.2807565650625,4.54785931283087,9.54144961299577));
#7909=CARTESIAN_POINT('Ctrl Pts',(86.262908937831,4.54785931283087,9.54613029671524));
#7910=CARTESIAN_POINT('Ctrl Pts',(86.2450613105995,4.54785931283087,9.55081098043471));
#7911=CARTESIAN_POINT('',(86.3061745796833,0.547859312830873,9.48918920651464));
#7912=CARTESIAN_POINT('Ctrl Pts',(86.8548418766185,0.547859312830873,7.27210485488364));
#7913=CARTESIAN_POINT('Ctrl Pts',(86.8548418766185,7.54785931283087,7.27210485488364));
#7914=CARTESIAN_POINT('Ctrl Pts',(86.9804863505651,0.547859312830873,7.93318654389498));
#7915=CARTESIAN_POINT('Ctrl Pts',(86.9804863505651,7.54785931283087,7.93318654389498));
#7916=CARTESIAN_POINT('Ctrl Pts',(87.2081502749901,0.547859312830873,9.13104624244299));
#7917=CARTESIAN_POINT('Ctrl Pts',(87.2081502749901,7.54785931283087,9.131046242443));
#7918=CARTESIAN_POINT('Ctrl Pts',(88.3691367678953,0.547859312830873,9.41332401062666));
#7919=CARTESIAN_POINT('Ctrl Pts',(88.3691367678953,7.54785931283087,9.41332401062666));
#7920=CARTESIAN_POINT('Ctrl Pts',(88.8893913682597,0.547859312830873,9.5398167031563));
#7921=CARTESIAN_POINT('Ctrl Pts',(88.8893913682597,7.54785931283087,9.5398167031563));
#7922=CARTESIAN_POINT('',(88.8893913682597,2.54785931283087,9.5398167031563));
#7923=CARTESIAN_POINT('',(86.8548418766185,2.54785931283087,7.27210485488364));
#7924=CARTESIAN_POINT('Ctrl Pts',(88.8893913682597,2.54785931283087,9.5398167031563));
#7925=CARTESIAN_POINT('Ctrl Pts',(88.3691367678953,2.54785931283087,9.41332401062666));
#7926=CARTESIAN_POINT('Ctrl Pts',(87.848882167531,2.54785931283087,9.28683131809702));
#7927=CARTESIAN_POINT('Ctrl Pts',(87.5160447008645,2.54785931283087,8.97648392532818));
#7928=CARTESIAN_POINT('Ctrl Pts',(87.1061308245116,2.54785931283087,8.59426823290632));
#7929=CARTESIAN_POINT('Ctrl Pts',(86.9804863505651,2.54785931283087,7.93318654389498));
#7930=CARTESIAN_POINT('Ctrl Pts',(86.8548418766185,2.54785931283087,7.27210485488364));
#7931=CARTESIAN_POINT('',(86.8548418766185,4.54785931283087,7.27210485488364));
#7932=CARTESIAN_POINT('',(86.8548418766185,0.547859312830873,7.27210485488364));
#7933=CARTESIAN_POINT('',(88.8893913682597,4.54785931283087,9.5398167031563));
#7934=CARTESIAN_POINT('Ctrl Pts',(88.8893913682597,4.54785931283087,9.5398167031563));
#7935=CARTESIAN_POINT('Ctrl Pts',(88.3691367678953,4.54785931283087,9.41332401062666));
#7936=CARTESIAN_POINT('Ctrl Pts',(87.848882167531,4.54785931283087,9.28683131809702));
#7937=CARTESIAN_POINT('Ctrl Pts',(87.5160447008645,4.54785931283087,8.97648392532819));
#7938=CARTESIAN_POINT('Ctrl Pts',(87.1061308245116,4.54785931283087,8.59426823290632));
#7939=CARTESIAN_POINT('Ctrl Pts',(86.9804863505651,4.54785931283087,7.93318654389498));
#7940=CARTESIAN_POINT('Ctrl Pts',(86.8548418766185,4.54785931283087,7.27210485488364));
#7941=CARTESIAN_POINT('',(88.8893913682597,0.547859312830873,9.5398167031563));
#7942=CARTESIAN_POINT('Origin',(88.8893913682597,0.547859312830873,9.5398167031563));
#7943=CARTESIAN_POINT('',(95.9520944923062,2.54785931283087,9.51045224607731));
#7944=CARTESIAN_POINT('',(84.6021202445106,2.54785931283087,9.55764180307742));
#7945=CARTESIAN_POINT('',(95.9520944923062,4.54785931283087,9.51045224607731));
#7946=CARTESIAN_POINT('',(84.6021211605903,4.54785931283087,9.55764179926866));
#7947=CARTESIAN_POINT('',(95.9520944923062,0.547859312830873,9.51045224607731));
#7948=CARTESIAN_POINT('Ctrl Pts',(95.9520944923062,0.547859312830873,9.51045224607731));
#7949=CARTESIAN_POINT('Ctrl Pts',(95.9520944923062,7.54785931283087,9.51045224607731));
#7950=CARTESIAN_POINT('Ctrl Pts',(95.9699401382572,0.547859312830873,9.50577111232666));
#7951=CARTESIAN_POINT('Ctrl Pts',(95.9699401382572,7.54785931283087,9.50577111232666));
#7952=CARTESIAN_POINT('Ctrl Pts',(96.00305522776,0.547859312830873,9.497084614592));
#7953=CARTESIAN_POINT('Ctrl Pts',(96.00305522776,7.54785931283087,9.497084614592));
#7954=CARTESIAN_POINT('Ctrl Pts',(96.010000508306,0.547859312830873,9.46405877992509));
#7955=CARTESIAN_POINT('Ctrl Pts',(96.010000508306,7.54785931283087,9.46405877992509));
#7956=CARTESIAN_POINT('Ctrl Pts',(96.0132029930597,0.547859312830873,9.44883049198243));
#7957=CARTESIAN_POINT('Ctrl Pts',(96.0132029930597,7.54785931283087,9.44883049198243));
#7958=CARTESIAN_POINT('',(96.0132029930597,2.54785931283087,9.44883049198243));
#7959=CARTESIAN_POINT('Ctrl Pts',(96.0132029930597,2.54785931283087,9.44883049198243));
#7960=CARTESIAN_POINT('Ctrl Pts',(96.010000508306,2.54785931283087,9.46405877992509));
#7961=CARTESIAN_POINT('Ctrl Pts',(96.0067980235523,2.54785931283087,9.47928706786774));
#7962=CARTESIAN_POINT('Ctrl Pts',(95.9980314364824,2.54785931283087,9.48934043989004));
#7963=CARTESIAN_POINT('Ctrl Pts',(95.9877857842083,2.54785931283087,9.501089978576));
#7964=CARTESIAN_POINT('Ctrl Pts',(95.9699401382572,2.54785931283087,9.50577111232666));
#7965=CARTESIAN_POINT('Ctrl Pts',(95.9520944923062,2.54785931283087,9.51045224607731));
#7966=CARTESIAN_POINT('',(96.0132029930597,4.54785931283087,9.44883049198243));
#7967=CARTESIAN_POINT('Ctrl Pts',(96.0132029930597,4.54785931283087,9.44883049198243));
#7968=CARTESIAN_POINT('Ctrl Pts',(96.010000508306,4.54785931283087,9.46405877992509));
#7969=CARTESIAN_POINT('Ctrl Pts',(96.0067980235523,4.54785931283087,9.47928706786774));
#7970=CARTESIAN_POINT('Ctrl Pts',(95.9980314364824,4.54785931283087,9.48934043989004));
#7971=CARTESIAN_POINT('Ctrl Pts',(95.9877857842083,4.54785931283087,9.50108997857601));
#7972=CARTESIAN_POINT('Ctrl Pts',(95.9699401382572,4.54785931283087,9.50577111232666));
#7973=CARTESIAN_POINT('Ctrl Pts',(95.9520944923062,4.54785931283087,9.51045224607731));
#7974=CARTESIAN_POINT('',(96.0132029930597,0.547859312830873,9.44883049198243));
#7975=CARTESIAN_POINT('Origin',(96.0132029930597,0.547859312830873,9.44883049198243));
#7976=CARTESIAN_POINT('',(96.0041106850493,2.54785931283087,7.26195974491526));
#7977=CARTESIAN_POINT('',(96.0050152747331,2.54785931283087,7.47953054380209));
#7978=CARTESIAN_POINT('',(96.0041106850493,4.54785931283087,7.26195974491526));
#7979=CARTESIAN_POINT('',(96.0050152762489,4.54785931283087,7.47953090839443));
#7980=CARTESIAN_POINT('',(96.0041106850493,0.547859312830873,7.26195974491526));
#7981=CARTESIAN_POINT('Origin',(70.2981793174903,54.5478290526698,6.97550038291506));
#7982=CARTESIAN_POINT('',(70.2981793174903,4.54785931283087,7.22550038291506));
#7983=CARTESIAN_POINT('',(70.2981793174903,4.54785931283087,6.97550074369863));
#7984=CARTESIAN_POINT('',(70.2981793174903,4.54782905266978,7.22550038291506));
#7985=CARTESIAN_POINT('Origin',(86.3061745796833,0.547859312830873,9.48918920651464));
#7986=CARTESIAN_POINT('',(86.2979868628726,4.54785931283087,7.51988962292662));
#7987=CARTESIAN_POINT('',(86.2979868613567,2.54785931283087,7.51988925833428));
#7988=CARTESIAN_POINT('',(86.2967628867191,4.54785931283087,7.22550038291506));
#7989=CARTESIAN_POINT('',(86.2979868628726,4.54785931283087,7.51988962292662));
#7990=CARTESIAN_POINT('',(86.2967628867191,4.54782905266978,7.22550038291506));
#7991=CARTESIAN_POINT('',(86.2967628867191,15.0478441827503,7.22550038291506));
#7992=CARTESIAN_POINT('',(86.3008107564601,4.54782905266978,8.19908903767444));
#7993=CARTESIAN_POINT('Origin',(70.2981793174903,4.54782905266978,6.97550038291506));
#7994=CARTESIAN_POINT('',(83.2841845875379,4.54782905266978,7.22550038291506));
#7995=CARTESIAN_POINT('',(83.2719090978732,4.54782905266978,4.27301469689048));
#7996=CARTESIAN_POINT('',(80.2981793174903,4.54782905266978,7.22550038291506));
#7997=CARTESIAN_POINT('Origin',(83.2608974862585,0.547859312830875,1.62451540596));
#7998=CARTESIAN_POINT('',(83.2690852042857,4.54785931283087,3.59381528214266));
#7999=CARTESIAN_POINT('',(83.2841845875379,4.54785931283087,7.22550038291506));
#8000=CARTESIAN_POINT('',(83.2841845875379,15.0478441827503,7.22550038291506));
#8001=CARTESIAN_POINT('',(83.2690852042857,4.54785931283087,3.59381528214266));
#8002=CARTESIAN_POINT('',(83.2690852027699,2.54785931283087,3.59381491755032));
#8003=CARTESIAN_POINT('Ctrl Pts',(82.5736803655586,0.547859312830873,8.08768027945136));
#8004=CARTESIAN_POINT('Ctrl Pts',(82.5736803655586,7.54785931283087,8.08768027945136));
#8005=CARTESIAN_POINT('Ctrl Pts',(82.6184955526523,0.547859312830873,7.91083196908268));
#8006=CARTESIAN_POINT('Ctrl Pts',(82.6184955526523,7.54785931283087,7.91083196908268));
#8007=CARTESIAN_POINT('Ctrl Pts',(82.710397983232,0.547859312830873,7.54816942942177));
#8008=CARTESIAN_POINT('Ctrl Pts',(82.710397983232,7.54785931283087,7.54816942942177));
#8009=CARTESIAN_POINT('Ctrl Pts',(82.7202440459208,0.547859312830873,7.17409752491308));
#8010=CARTESIAN_POINT('Ctrl Pts',(82.7202440459208,7.54785931283087,7.17409752491308));
#8011=CARTESIAN_POINT('Ctrl Pts',(82.7252887868301,0.547859312830873,6.9824375792756));
#8012=CARTESIAN_POINT('Ctrl Pts',(82.7252887868301,7.54785931283087,6.9824375792756));
#8013=CARTESIAN_POINT('',(82.7172532409685,4.54785931283087,7.22550038291506));
#8014=CARTESIAN_POINT('',(82.7172532409685,4.54782905266978,7.22550038291506));
#8015=CARTESIAN_POINT('Ctrl Pts',(82.7172532409685,4.54785931283087,7.22550038291506));
#8016=CARTESIAN_POINT('Ctrl Pts',(82.7172532409685,4.54784922611051,7.22550038291506));
#8017=CARTESIAN_POINT('Ctrl Pts',(82.7172532409685,4.54783913939015,7.22550038291506));
#8018=CARTESIAN_POINT('Ctrl Pts',(82.7172532409685,4.54782905266978,7.22550038291506));
#8019=CARTESIAN_POINT('Ctrl Pts',(82.7252887868301,4.54782905266978,6.9824375792756));
#8020=CARTESIAN_POINT('Ctrl Pts',(82.7231542189321,4.54782905266978,7.06353414590746));
#8021=CARTESIAN_POINT('Ctrl Pts',(82.7210196510341,4.54782905266978,7.14463071253931));
#8022=CARTESIAN_POINT('Ctrl Pts',(82.7172532409685,4.54782905266978,7.22550038291506));
#8023=CARTESIAN_POINT('Ctrl Pts',(82.7252887868301,2.54785931283087,6.9824375792756));
#8024=CARTESIAN_POINT('Ctrl Pts',(82.7202440459208,2.54785931283087,7.17409752491308));
#8025=CARTESIAN_POINT('Ctrl Pts',(82.7151993050115,2.54785931283087,7.36575747055056));
#8026=CARTESIAN_POINT('Ctrl Pts',(82.6886136152601,2.54785931283087,7.55442229770029));
#8027=CARTESIAN_POINT('Ctrl Pts',(82.6633107397461,2.54785931283087,7.733983658714));
#8028=CARTESIAN_POINT('Ctrl Pts',(82.6184955526523,2.54785931283087,7.91083196908268));
#8029=CARTESIAN_POINT('Ctrl Pts',(82.5736803655586,2.54785931283087,8.08768027945136));
#8030=CARTESIAN_POINT('Ctrl Pts',(82.7172532409685,4.54785931283087,7.22550038291506));
#8031=CARTESIAN_POINT('Ctrl Pts',(82.7121182883944,4.54785931283087,7.33575442186103));
#8032=CARTESIAN_POINT('Ctrl Pts',(82.7039501723187,4.54785931283087,7.44558672060668));
#8033=CARTESIAN_POINT('Ctrl Pts',(82.6886136152601,4.54785931283087,7.55442229770029));
#8034=CARTESIAN_POINT('Ctrl Pts',(82.6633107397461,4.54785931283087,7.733983658714));
#8035=CARTESIAN_POINT('Ctrl Pts',(82.6184955526523,4.54785931283087,7.91083196908268));
#8036=CARTESIAN_POINT('Ctrl Pts',(82.5736803655586,4.54785931283087,8.08768027945136));
#8037=CARTESIAN_POINT('Origin',(70.2981793174903,4.54782905266978,6.97550038291506));
#8038=CARTESIAN_POINT('',(79.8699294996933,4.54782905266978,7.22550038291506));
#8039=CARTESIAN_POINT('',(79.8682666020604,4.54782905266978,6.82554228814699));
#8040=CARTESIAN_POINT('',(80.2981793174903,4.54782905266978,7.22550038291506));
#8041=CARTESIAN_POINT('Origin',(79.8678085636594,0.547859312830873,6.71537545494308));
#8042=CARTESIAN_POINT('',(79.8699294996933,4.54785931283087,7.22550038291506));
#8043=CARTESIAN_POINT('',(79.8699294996933,15.0478441827503,7.22550038291506));
#8044=CARTESIAN_POINT('',(79.8654427084729,4.54785931283087,6.14634287339917));
#8045=CARTESIAN_POINT('',(79.865442706957,2.54785931283087,6.14634250880683));
#8046=CARTESIAN_POINT('Origin',(90.2981793174903,4.54782905266978,6.97550038291506));
#8047=CARTESIAN_POINT('',(90.2981793174903,4.54782905266978,7.22550038291506));
#8048=CARTESIAN_POINT('',(90.2981793174903,4.54782905266978,7.22550038291506));
#8049=CARTESIAN_POINT('',(90.2981793174903,4.54782905266978,6.97550038291506));
#8050=CARTESIAN_POINT('',(90.2981793174903,4.54785931283087,6.27550074369863));
#8051=CARTESIAN_POINT('Ctrl Pts',(96.0041106850493,0.547859312830873,7.26195974491526));
#8052=CARTESIAN_POINT('Ctrl Pts',(96.0041106850493,7.54785931283087,7.26195974491526));
#8053=CARTESIAN_POINT('Ctrl Pts',(96.0014801052706,0.547859312830873,7.24407169953037));
#8054=CARTESIAN_POINT('Ctrl Pts',(96.0014801052706,7.54785931283087,7.24407169953037));
#8055=CARTESIAN_POINT('Ctrl Pts',(95.9962189763759,0.547859312830873,7.20829581726742));
#8056=CARTESIAN_POINT('Ctrl Pts',(95.9962189763759,7.54785931283087,7.20829581726742));
#8057=CARTESIAN_POINT('Ctrl Pts',(95.9604008550544,0.547859312830873,7.20333076381988));
#8058=CARTESIAN_POINT('Ctrl Pts',(95.9604008550544,7.54785931283087,7.20333076381989));
#8059=CARTESIAN_POINT('Ctrl Pts',(95.9424918987702,0.547859312830873,7.20084825156463));
#8060=CARTESIAN_POINT('Ctrl Pts',(95.9424918987702,7.54785931283087,7.20084825156463));
#8061=CARTESIAN_POINT('Ctrl Pts',(95.9424918987702,2.54785931283087,7.20084825156463));
#8062=CARTESIAN_POINT('Ctrl Pts',(95.9604008550544,2.54785931283087,7.20333076381988));
#8063=CARTESIAN_POINT('Ctrl Pts',(95.9783098113386,2.54785931283087,7.20581327607514));
#8064=CARTESIAN_POINT('Ctrl Pts',(95.9885796085611,2.54785931283087,7.2159984057496));
#8065=CARTESIAN_POINT('Ctrl Pts',(95.9988495254919,2.54785931283087,7.22618365414547));
#8066=CARTESIAN_POINT('Ctrl Pts',(96.0014801052706,2.54785931283087,7.24407169953037));
#8067=CARTESIAN_POINT('Ctrl Pts',(96.0041106850493,2.54785931283087,7.26195974491526));
#8068=CARTESIAN_POINT('Ctrl Pts',(95.9424918987702,4.54785931283087,7.20084825156463));
#8069=CARTESIAN_POINT('Ctrl Pts',(95.9604008550544,4.54785931283087,7.20333076381989));
#8070=CARTESIAN_POINT('Ctrl Pts',(95.9783098113386,4.54785931283087,7.20581327607514));
#8071=CARTESIAN_POINT('Ctrl Pts',(95.9885796085611,4.54785931283087,7.2159984057496));
#8072=CARTESIAN_POINT('Ctrl Pts',(95.9988495254919,4.54785931283087,7.22618365414547));
#8073=CARTESIAN_POINT('Ctrl Pts',(96.0014801052706,4.54785931283087,7.24407169953037));
#8074=CARTESIAN_POINT('Ctrl Pts',(96.0041106850493,4.54785931283087,7.26195974491526));
#8075=CARTESIAN_POINT('Origin',(80.2982185413456,2.54785931283087,5.57550038291506));
#8076=CARTESIAN_POINT('',(84.7288098556729,2.54785931283087,8.44321251932166));
#8077=CARTESIAN_POINT('Origin',(86.9160711205866,0.547859312830873,7.23837721757984));
#8078=CARTESIAN_POINT('',(84.728810407189,4.54785931283087,8.44321221552349));
#8079=CARTESIAN_POINT('Origin',(80.2982203765367,4.54785931283087,5.57550110448221));
#8080=CARTESIAN_POINT('',(80.2981998470135,4.54785931283087,7.22550038291506));
#8081=CARTESIAN_POINT('',(80.2981998470135,4.54785931283087,7.22550038291506));
#8082=CARTESIAN_POINT('',(80.2981998470135,4.54785931283087,7.22550038291506));
#8083=CARTESIAN_POINT('Origin',(80.2981793174903,29.5478290526698,7.22550038291506));
#8084=CARTESIAN_POINT('',(80.2981793174903,4.54782905266978,7.22550038291506));
#8085=CARTESIAN_POINT('Origin',(70.2981793174903,4.54782905266978,6.97550038291506));
#8086=CARTESIAN_POINT('',(0.,0.,0.));
#8087=UNCERTAINTY_MEASURE_WITH_UNIT(LENGTH_MEASURE(0.01),#8093,
'DISTANCE_ACCURACY_VALUE',
'Maximum model space distance between geometric entities at asserted c
onnectivities');
#8088=UNCERTAINTY_MEASURE_WITH_UNIT(LENGTH_MEASURE(0.01),#8093,
'DISTANCE_ACCURACY_VALUE',
'Maximum model space distance between geometric entities at asserted c
onnectivities');
#8089=UNCERTAINTY_MEASURE_WITH_UNIT(LENGTH_MEASURE(0.01),#8093,
'DISTANCE_ACCURACY_VALUE',
'Maximum model space distance between geometric entities at asserted c
onnectivities');
#8090=(
GEOMETRIC_REPRESENTATION_CONTEXT(3)
GLOBAL_UNCERTAINTY_ASSIGNED_CONTEXT((#8087))
GLOBAL_UNIT_ASSIGNED_CONTEXT((#8093,#8095,#8096))
REPRESENTATION_CONTEXT('','3D')
);
#8091=(
GEOMETRIC_REPRESENTATION_CONTEXT(3)
GLOBAL_UNCERTAINTY_ASSIGNED_CONTEXT((#8088))
GLOBAL_UNIT_ASSIGNED_CONTEXT((#8093,#8095,#8096))
REPRESENTATION_CONTEXT('','3D')
);
#8092=(
GEOMETRIC_REPRESENTATION_CONTEXT(3)
GLOBAL_UNCERTAINTY_ASSIGNED_CONTEXT((#8089))
GLOBAL_UNIT_ASSIGNED_CONTEXT((#8093,#8095,#8096))
REPRESENTATION_CONTEXT('','3D')
);
#8093=(
LENGTH_UNIT()
NAMED_UNIT(*)
SI_UNIT(.MILLI.,.METRE.)
);
#8094=(
LENGTH_UNIT()
NAMED_UNIT(*)
SI_UNIT($,.METRE.)
);
#8095=(
NAMED_UNIT(*)
PLANE_ANGLE_UNIT()
SI_UNIT($,.RADIAN.)
);
#8096=(
NAMED_UNIT(*)
SI_UNIT($,.STERADIAN.)
SOLID_ANGLE_UNIT()
);
#8097=SHAPE_DEFINITION_REPRESENTATION(#8099,#8102);
#8098=SHAPE_DEFINITION_REPRESENTATION(#8100,#8103);
#8099=PRODUCT_DEFINITION_SHAPE('',$,#8105);
#8100=PRODUCT_DEFINITION_SHAPE('',$,#8106);
#8101=PRODUCT_DEFINITION_SHAPE($,$,#14);
#8102=SHAPE_REPRESENTATION('',(#4212,#4333),#8090);
#8103=SHAPE_REPRESENTATION('',(#4213),#8091);
#8104=PRODUCT_DEFINITION_CONTEXT('part definition',#8112,'design');
#8105=PRODUCT_DEFINITION('2025-06-16-13-45-28-753',
'Red_Rising_bookmark',#8107,#8104);
#8106=PRODUCT_DEFINITION('2025-06-16-13-45-28-753_1','Component1',#8108,
#8104);
#8107=PRODUCT_DEFINITION_FORMATION('',$,#8114);
#8108=PRODUCT_DEFINITION_FORMATION('',$,#8115);
#8109=PRODUCT_RELATED_PRODUCT_CATEGORY('Red_Rising_bookmark',
'Red_Rising_bookmark',(#8114));
#8110=PRODUCT_RELATED_PRODUCT_CATEGORY('Component1','Component1',(#8115));
#8111=APPLICATION_PROTOCOL_DEFINITION('international standard',
'automotive_design',2009,#8112);
#8112=APPLICATION_CONTEXT(
'Core Data for Automotive Mechanical Design Process');
#8113=PRODUCT_CONTEXT('part definition',#8112,'mechanical');
#8114=PRODUCT('2025-06-16-13-45-28-753','Red_Rising_bookmark',$,(#8113));
#8115=PRODUCT('2025-06-16-13-45-28-753_1','Component1',$,(#8113));
#8116=PRESENTATION_STYLE_ASSIGNMENT((#8117));
#8117=SURFACE_STYLE_USAGE(.BOTH.,#8118);
#8118=SURFACE_SIDE_STYLE('',(#8119));
#8119=SURFACE_STYLE_FILL_AREA(#8120);
#8120=FILL_AREA_STYLE('Steel - Satin',(#8121));
#8121=FILL_AREA_STYLE_COLOUR('Steel - Satin',#8122);
#8122=COLOUR_RGB('Steel - Satin',0.627450980392157,0.627450980392157,0.627450980392157);
ENDSEC;
END-ISO-10303-21;
