ISO-10303-21;
HEADER;
/* Generated by software containing ST-Developer
 * from STEP Tools, Inc. (www.steptools.com) 
 */

FILE_DESCRIPTION(
/* description */ (''),
/* implementation_level */ '2;1');

FILE_NAME(
/* name */ 'esp_2.0_bot.step',
/* time_stamp */ '2025-09-14T11:21:04+01:00',
/* author */ (''),
/* organization */ (''),
/* preprocessor_version */ 'ST-DEVELOPER v20.1',
/* originating_system */ 'Autodesk Translation Framework v14.17.0.0',
/* authorisation */ '');

FILE_SCHEMA (('AUTOMOTIVE_DESIGN { 1 0 10303 214 3 1 1 }'));
ENDSEC;

DATA;
#10=MECHANICAL_DESIGN_GEOMETRIC_PRESENTATION_REPRESENTATION('',(#17),#2958);
#11=ITEM_DEFINED_TRANSFORMATION($,$,#1428,#1595);
#12=(
REPRESENTATION_RELATIONSHIP($,$,#2969,#2968)
REPRESENTATION_RELATIONSHIP_WITH_TRANSFORMATION(#11)
SHAPE_REPRESENTATION_RELATIONSHIP()
);
#13=CONTEXT_DEPENDENT_SHAPE_REPRESENTATION(#12,#2967);
#14=NEXT_ASSEMBLY_USAGE_OCCURRENCE('Component2:1','Component2:1',
'Component2:1',#2971,#2972,'Component2:1');
#15=SHAPE_REPRESENTATION_RELATIONSHIP('SRR','None',#2969,#16);
#16=ADVANCED_BREP_SHAPE_REPRESENTATION('',(#18),#2957);
#17=STYLED_ITEM('',(#2984),#18);
#18=MANIFOLD_SOLID_BREP('Body1',#1414);
#19=(
BOUNDED_SURFACE()
B_SPLINE_SURFACE(2,2,((#2478,#2479,#2480),(#2481,#2482,#2483),(#2484,#2485,
#2486)),.UNSPECIFIED.,.F.,.F.,.F.)
B_SPLINE_SURFACE_WITH_KNOTS((3,3),(3,3),(-1.5707963267949,1.11022302462515E-15),
(1.5707963267949,3.14159265358979),.UNSPECIFIED.)
GEOMETRIC_REPRESENTATION_ITEM()
RATIONAL_B_SPLINE_SURFACE(((1.,0.707106781186547,1.),(0.707106781186548,
0.5,0.707106781186548),(1.,0.707106781186547,1.)))
REPRESENTATION_ITEM('')
SURFACE()
);
#20=(
BOUNDED_SURFACE()
B_SPLINE_SURFACE(1,2,((#2540,#2541,#2542),(#2543,#2544,#2545)),
 .UNSPECIFIED.,.F.,.F.,.F.)
B_SPLINE_SURFACE_WITH_KNOTS((2,2),(3,3),(0.,0.0309492229563561),(-1.5707963267949,
-8.18789480661053E-16),.UNSPECIFIED.)
GEOMETRIC_REPRESENTATION_ITEM()
RATIONAL_B_SPLINE_SURFACE(((1.,0.707106781186547,1.),(1.,0.707106781186547,
1.)))
REPRESENTATION_ITEM('')
SURFACE()
);
#21=(
BOUNDED_SURFACE()
B_SPLINE_SURFACE(1,2,((#2549,#2550,#2551),(#2552,#2553,#2554)),
 .UNSPECIFIED.,.F.,.F.,.F.)
B_SPLINE_SURFACE_WITH_KNOTS((2,2),(3,3),(0.,0.0309492229563561),(9.25185853854297E-16,
1.5707963267949),.UNSPECIFIED.)
GEOMETRIC_REPRESENTATION_ITEM()
RATIONAL_B_SPLINE_SURFACE(((1.,0.707106781186547,1.),(1.,0.707106781186547,
1.)))
REPRESENTATION_ITEM('')
SURFACE()
);
#22=(
BOUNDED_SURFACE()
B_SPLINE_SURFACE(1,2,((#2558,#2559,#2560),(#2561,#2562,#2563)),
 .UNSPECIFIED.,.F.,.F.,.F.)
B_SPLINE_SURFACE_WITH_KNOTS((2,2),(3,3),(0.,0.0309492229563561),(-1.5707963267949,
-5.41233724504764E-16),.UNSPECIFIED.)
GEOMETRIC_REPRESENTATION_ITEM()
RATIONAL_B_SPLINE_SURFACE(((1.,0.707106781186548,1.),(1.,0.707106781186548,
1.)))
REPRESENTATION_ITEM('')
SURFACE()
);
#23=(
BOUNDED_SURFACE()
B_SPLINE_SURFACE(1,2,((#2567,#2568,#2569),(#2570,#2571,#2572)),
 .UNSPECIFIED.,.F.,.F.,.F.)
B_SPLINE_SURFACE_WITH_KNOTS((2,2),(3,3),(0.,0.0309492229563561),(1.01770443923973E-15,
1.5707963267949),.UNSPECIFIED.)
GEOMETRIC_REPRESENTATION_ITEM()
RATIONAL_B_SPLINE_SURFACE(((1.,0.707106781186547,1.),(1.,0.707106781186547,
1.)))
REPRESENTATION_ITEM('')
SURFACE()
);
#24=SPHERICAL_SURFACE('',#1475,0.5);
#25=SPHERICAL_SURFACE('',#1582,0.5);
#26=PLANE('',#1449);
#27=PLANE('',#1456);
#28=PLANE('',#1457);
#29=PLANE('',#1460);
#30=PLANE('',#1489);
#31=PLANE('',#1494);
#32=PLANE('',#1499);
#33=PLANE('',#1500);
#34=PLANE('',#1501);
#35=PLANE('',#1502);
#36=PLANE('',#1504);
#37=PLANE('',#1506);
#38=PLANE('',#1508);
#39=PLANE('',#1517);
#40=PLANE('',#1522);
#41=PLANE('',#1526);
#42=PLANE('',#1531);
#43=PLANE('',#1534);
#44=PLANE('',#1539);
#45=PLANE('',#1550);
#46=PLANE('',#1552);
#47=PLANE('',#1554);
#48=PLANE('',#1565);
#49=PLANE('',#1568);
#50=PLANE('',#1573);
#51=PLANE('',#1576);
#52=PLANE('',#1579);
#53=PLANE('',#1584);
#54=PLANE('',#1590);
#55=PLANE('',#1592);
#56=PLANE('',#1594);
#57=ELLIPSE('',#1447,0.282842712474619,0.2);
#58=ELLIPSE('',#1448,0.282842712474619,0.2);
#59=ELLIPSE('',#1461,6.46219778383567,6.);
#60=ELLIPSE('',#1462,6.46219778383567,6.);
#61=ELLIPSE('',#1463,6.46219778383567,6.);
#62=ELLIPSE('',#1464,6.46219778383567,6.);
#63=ELLIPSE('',#1510,6.46219778383567,6.);
#64=ELLIPSE('',#1511,6.46219778383567,6.);
#65=ELLIPSE('',#1512,6.46219778383567,6.);
#66=ELLIPSE('',#1513,6.46219778383567,6.);
#67=TOROIDAL_SURFACE('',#1440,2.5,0.5);
#68=TOROIDAL_SURFACE('',#1481,1.5,0.5);
#69=TOROIDAL_SURFACE('',#1545,87.8320512142048,0.9);
#70=TOROIDAL_SURFACE('',#1559,87.8320512142048,0.9);
#71=FACE_BOUND('',#403,.T.);
#72=FACE_BOUND('',#404,.T.);
#73=FACE_BOUND('',#414,.T.);
#74=FACE_BOUND('',#415,.T.);
#75=FACE_BOUND('',#416,.T.);
#76=FACE_BOUND('',#417,.T.);
#77=FACE_BOUND('',#418,.T.);
#78=FACE_BOUND('',#446,.T.);
#79=FACE_BOUND('',#450,.T.);
#80=FACE_BOUND('',#474,.T.);
#81=FACE_BOUND('',#493,.T.);
#82=LINE('',#2143,#178);
#83=LINE('',#2150,#179);
#84=LINE('',#2170,#180);
#85=LINE('',#2174,#181);
#86=LINE('',#2178,#182);
#87=LINE('',#2198,#183);
#88=LINE('',#2201,#184);
#89=LINE('',#2242,#185);
#90=LINE('',#2281,#186);
#91=LINE('',#2309,#187);
#92=LINE('',#2313,#188);
#93=LINE('',#2316,#189);
#94=LINE('',#2321,#190);
#95=LINE('',#2324,#191);
#96=LINE('',#2327,#192);
#97=LINE('',#2330,#193);
#98=LINE('',#2334,#194);
#99=LINE('',#2336,#195);
#100=LINE('',#2338,#196);
#101=LINE('',#2340,#197);
#102=LINE('',#2341,#198);
#103=LINE('',#2348,#199);
#104=LINE('',#2352,#200);
#105=LINE('',#2356,#201);
#106=LINE('',#2360,#202);
#107=LINE('',#2367,#203);
#108=LINE('',#2371,#204);
#109=LINE('',#2375,#205);
#110=LINE('',#2468,#206);
#111=LINE('',#2474,#207);
#112=LINE('',#2477,#208);
#113=LINE('',#2494,#209);
#114=LINE('',#2495,#210);
#115=LINE('',#2498,#211);
#116=LINE('',#2501,#212);
#117=LINE('',#2503,#213);
#118=LINE('',#2504,#214);
#119=LINE('',#2507,#215);
#120=LINE('',#2508,#216);
#121=LINE('',#2512,#217);
#122=LINE('',#2514,#218);
#123=LINE('',#2519,#219);
#124=LINE('',#2520,#220);
#125=LINE('',#2521,#221);
#126=LINE('',#2525,#222);
#127=LINE('',#2526,#223);
#128=LINE('',#2527,#224);
#129=LINE('',#2548,#225);
#130=LINE('',#2557,#226);
#131=LINE('',#2566,#227);
#132=LINE('',#2575,#228);
#133=LINE('',#2581,#229);
#134=LINE('',#2584,#230);
#135=LINE('',#2587,#231);
#136=LINE('',#2591,#232);
#137=LINE('',#2595,#233);
#138=LINE('',#2600,#234);
#139=LINE('',#2601,#235);
#140=LINE('',#2607,#236);
#141=LINE('',#2610,#237);
#142=LINE('',#2613,#238);
#143=LINE('',#2618,#239);
#144=LINE('',#2621,#240);
#145=LINE('',#2626,#241);
#146=LINE('',#2627,#242);
#147=LINE('',#2632,#243);
#148=LINE('',#2633,#244);
#149=LINE('',#2635,#245);
#150=LINE('',#2641,#246);
#151=LINE('',#2643,#247);
#152=LINE('',#2647,#248);
#153=LINE('',#2650,#249);
#154=LINE('',#2773,#250);
#155=LINE('',#2775,#251);
#156=LINE('',#2777,#252);
#157=LINE('',#2779,#253);
#158=LINE('',#2780,#254);
#159=LINE('',#2782,#255);
#160=LINE('',#2784,#256);
#161=LINE('',#2786,#257);
#162=LINE('',#2789,#258);
#163=LINE('',#2791,#259);
#164=LINE('',#2792,#260);
#165=LINE('',#2907,#261);
#166=LINE('',#2909,#262);
#167=LINE('',#2915,#263);
#168=LINE('',#2920,#264);
#169=LINE('',#2925,#265);
#170=LINE('',#2931,#266);
#171=LINE('',#2935,#267);
#172=LINE('',#2938,#268);
#173=LINE('',#2940,#269);
#174=LINE('',#2942,#270);
#175=LINE('',#2944,#271);
#176=LINE('',#2947,#272);
#177=LINE('',#2949,#273);
#178=VECTOR('',#1606,2.);
#179=VECTOR('',#1613,10.);
#180=VECTOR('',#1616,10.);
#181=VECTOR('',#1619,10.);
#182=VECTOR('',#1622,10.);
#183=VECTOR('',#1625,10.);
#184=VECTOR('',#1628,10.);
#185=VECTOR('',#1629,10.);
#186=VECTOR('',#1630,10.);
#187=VECTOR('',#1645,10.);
#188=VECTOR('',#1648,10.);
#189=VECTOR('',#1651,10.);
#190=VECTOR('',#1658,10.);
#191=VECTOR('',#1661,10.);
#192=VECTOR('',#1664,10.);
#193=VECTOR('',#1667,10.);
#194=VECTOR('',#1672,10.);
#195=VECTOR('',#1673,10.);
#196=VECTOR('',#1674,10.);
#197=VECTOR('',#1675,10.);
#198=VECTOR('',#1676,10.);
#199=VECTOR('',#1685,10.);
#200=VECTOR('',#1688,10.);
#201=VECTOR('',#1691,10.);
#202=VECTOR('',#1694,10.);
#203=VECTOR('',#1701,10.);
#204=VECTOR('',#1704,10.);
#205=VECTOR('',#1707,10.);
#206=VECTOR('',#1732,10.);
#207=VECTOR('',#1741,10.);
#208=VECTOR('',#1744,10.);
#209=VECTOR('',#1753,10.);
#210=VECTOR('',#1754,10.);
#211=VECTOR('',#1757,10.);
#212=VECTOR('',#1762,10.);
#213=VECTOR('',#1765,10.);
#214=VECTOR('',#1766,10.);
#215=VECTOR('',#1769,10.);
#216=VECTOR('',#1770,10.);
#217=VECTOR('',#1777,10.);
#218=VECTOR('',#1780,10.);
#219=VECTOR('',#1785,10.);
#220=VECTOR('',#1786,10.);
#221=VECTOR('',#1787,10.);
#222=VECTOR('',#1790,10.);
#223=VECTOR('',#1791,10.);
#224=VECTOR('',#1792,10.);
#225=VECTOR('',#1811,10.);
#226=VECTOR('',#1814,10.);
#227=VECTOR('',#1817,10.);
#228=VECTOR('',#1820,10.);
#229=VECTOR('',#1825,10.);
#230=VECTOR('',#1828,10.);
#231=VECTOR('',#1831,10.);
#232=VECTOR('',#1834,10.);
#233=VECTOR('',#1839,10.);
#234=VECTOR('',#1844,10.);
#235=VECTOR('',#1845,10.);
#236=VECTOR('',#1850,10.);
#237=VECTOR('',#1853,10.);
#238=VECTOR('',#1856,10.);
#239=VECTOR('',#1861,10.);
#240=VECTOR('',#1864,10.);
#241=VECTOR('',#1869,10.);
#242=VECTOR('',#1870,10.);
#243=VECTOR('',#1875,10.);
#244=VECTOR('',#1876,10.);
#245=VECTOR('',#1879,10.);
#246=VECTOR('',#1888,10.);
#247=VECTOR('',#1891,10.);
#248=VECTOR('',#1896,10.);
#249=VECTOR('',#1899,10.);
#250=VECTOR('',#1914,10.);
#251=VECTOR('',#1917,10.);
#252=VECTOR('',#1918,10.);
#253=VECTOR('',#1919,10.);
#254=VECTOR('',#1920,10.);
#255=VECTOR('',#1923,10.);
#256=VECTOR('',#1926,10.);
#257=VECTOR('',#1929,10.);
#258=VECTOR('',#1932,10.);
#259=VECTOR('',#1933,10.);
#260=VECTOR('',#1934,10.);
#261=VECTOR('',#1961,10.);
#262=VECTOR('',#1964,10.);
#263=VECTOR('',#1971,0.699999999999998);
#264=VECTOR('',#1978,0.699999999999998);
#265=VECTOR('',#1985,0.699999999999998);
#266=VECTOR('',#1994,0.699999999999998);
#267=VECTOR('',#2001,10.);
#268=VECTOR('',#2006,1.5);
#269=VECTOR('',#2009,1.5);
#270=VECTOR('',#2012,1.5);
#271=VECTOR('',#2015,1.5);
#272=VECTOR('',#2020,10.);
#273=VECTOR('',#2023,10.);
#274=CYLINDRICAL_SURFACE('',#1430,2.);
#275=CYLINDRICAL_SURFACE('',#1433,86.9320512142048);
#276=CYLINDRICAL_SURFACE('',#1446,0.2);
#277=CYLINDRICAL_SURFACE('',#1451,0.2);
#278=CYLINDRICAL_SURFACE('',#1453,0.2);
#279=CYLINDRICAL_SURFACE('',#1458,2.5);
#280=CYLINDRICAL_SURFACE('',#1479,0.5);
#281=CYLINDRICAL_SURFACE('',#1484,0.5);
#282=CYLINDRICAL_SURFACE('',#1490,0.5);
#283=CYLINDRICAL_SURFACE('',#1492,0.5);
#284=CYLINDRICAL_SURFACE('',#1493,1.);
#285=CYLINDRICAL_SURFACE('',#1495,0.5);
#286=CYLINDRICAL_SURFACE('',#1497,1.);
#287=CYLINDRICAL_SURFACE('',#1498,0.38268343236509);
#288=CYLINDRICAL_SURFACE('',#1514,0.6);
#289=CYLINDRICAL_SURFACE('',#1523,0.6);
#290=CYLINDRICAL_SURFACE('',#1532,0.6);
#291=CYLINDRICAL_SURFACE('',#1535,0.6);
#292=CYLINDRICAL_SURFACE('',#1537,0.6);
#293=CYLINDRICAL_SURFACE('',#1540,0.6);
#294=CYLINDRICAL_SURFACE('',#1542,0.9);
#295=CYLINDRICAL_SURFACE('',#1549,0.9);
#296=CYLINDRICAL_SURFACE('',#1551,6.);
#297=CYLINDRICAL_SURFACE('',#1553,6.);
#298=CYLINDRICAL_SURFACE('',#1555,0.9);
#299=CYLINDRICAL_SURFACE('',#1563,0.9);
#300=CYLINDRICAL_SURFACE('',#1567,6.);
#301=CYLINDRICAL_SURFACE('',#1569,6.);
#302=CYLINDRICAL_SURFACE('',#1570,0.699999999999998);
#303=CYLINDRICAL_SURFACE('',#1574,0.699999999999998);
#304=CYLINDRICAL_SURFACE('',#1577,0.699999999999998);
#305=CYLINDRICAL_SURFACE('',#1580,0.699999999999998);
#306=CYLINDRICAL_SURFACE('',#1585,0.5);
#307=CYLINDRICAL_SURFACE('',#1586,1.5);
#308=CYLINDRICAL_SURFACE('',#1587,1.5);
#309=CYLINDRICAL_SURFACE('',#1588,1.5);
#310=CYLINDRICAL_SURFACE('',#1589,1.5);
#311=CYLINDRICAL_SURFACE('',#1591,1.);
#312=CYLINDRICAL_SURFACE('',#1593,1.);
#313=FACE_OUTER_BOUND('',#400,.T.);
#314=FACE_OUTER_BOUND('',#401,.T.);
#315=FACE_OUTER_BOUND('',#402,.T.);
#316=FACE_OUTER_BOUND('',#405,.T.);
#317=FACE_OUTER_BOUND('',#406,.T.);
#318=FACE_OUTER_BOUND('',#407,.T.);
#319=FACE_OUTER_BOUND('',#408,.T.);
#320=FACE_OUTER_BOUND('',#409,.T.);
#321=FACE_OUTER_BOUND('',#410,.T.);
#322=FACE_OUTER_BOUND('',#411,.T.);
#323=FACE_OUTER_BOUND('',#412,.T.);
#324=FACE_OUTER_BOUND('',#413,.T.);
#325=FACE_OUTER_BOUND('',#419,.T.);
#326=FACE_OUTER_BOUND('',#420,.T.);
#327=FACE_OUTER_BOUND('',#421,.T.);
#328=FACE_OUTER_BOUND('',#422,.T.);
#329=FACE_OUTER_BOUND('',#423,.T.);
#330=FACE_OUTER_BOUND('',#424,.T.);
#331=FACE_OUTER_BOUND('',#425,.T.);
#332=FACE_OUTER_BOUND('',#426,.T.);
#333=FACE_OUTER_BOUND('',#427,.T.);
#334=FACE_OUTER_BOUND('',#428,.T.);
#335=FACE_OUTER_BOUND('',#429,.T.);
#336=FACE_OUTER_BOUND('',#430,.T.);
#337=FACE_OUTER_BOUND('',#431,.T.);
#338=FACE_OUTER_BOUND('',#432,.T.);
#339=FACE_OUTER_BOUND('',#433,.T.);
#340=FACE_OUTER_BOUND('',#434,.T.);
#341=FACE_OUTER_BOUND('',#435,.T.);
#342=FACE_OUTER_BOUND('',#436,.T.);
#343=FACE_OUTER_BOUND('',#437,.T.);
#344=FACE_OUTER_BOUND('',#438,.T.);
#345=FACE_OUTER_BOUND('',#439,.T.);
#346=FACE_OUTER_BOUND('',#440,.T.);
#347=FACE_OUTER_BOUND('',#441,.T.);
#348=FACE_OUTER_BOUND('',#442,.T.);
#349=FACE_OUTER_BOUND('',#443,.T.);
#350=FACE_OUTER_BOUND('',#444,.T.);
#351=FACE_OUTER_BOUND('',#445,.T.);
#352=FACE_OUTER_BOUND('',#447,.T.);
#353=FACE_OUTER_BOUND('',#448,.T.);
#354=FACE_OUTER_BOUND('',#449,.T.);
#355=FACE_OUTER_BOUND('',#451,.T.);
#356=FACE_OUTER_BOUND('',#452,.T.);
#357=FACE_OUTER_BOUND('',#453,.T.);
#358=FACE_OUTER_BOUND('',#454,.T.);
#359=FACE_OUTER_BOUND('',#455,.T.);
#360=FACE_OUTER_BOUND('',#456,.T.);
#361=FACE_OUTER_BOUND('',#457,.T.);
#362=FACE_OUTER_BOUND('',#458,.T.);
#363=FACE_OUTER_BOUND('',#459,.T.);
#364=FACE_OUTER_BOUND('',#460,.T.);
#365=FACE_OUTER_BOUND('',#461,.T.);
#366=FACE_OUTER_BOUND('',#462,.T.);
#367=FACE_OUTER_BOUND('',#463,.T.);
#368=FACE_OUTER_BOUND('',#464,.T.);
#369=FACE_OUTER_BOUND('',#465,.T.);
#370=FACE_OUTER_BOUND('',#466,.T.);
#371=FACE_OUTER_BOUND('',#467,.T.);
#372=FACE_OUTER_BOUND('',#468,.T.);
#373=FACE_OUTER_BOUND('',#469,.T.);
#374=FACE_OUTER_BOUND('',#470,.T.);
#375=FACE_OUTER_BOUND('',#471,.T.);
#376=FACE_OUTER_BOUND('',#472,.T.);
#377=FACE_OUTER_BOUND('',#473,.T.);
#378=FACE_OUTER_BOUND('',#475,.T.);
#379=FACE_OUTER_BOUND('',#476,.T.);
#380=FACE_OUTER_BOUND('',#477,.T.);
#381=FACE_OUTER_BOUND('',#478,.T.);
#382=FACE_OUTER_BOUND('',#479,.T.);
#383=FACE_OUTER_BOUND('',#480,.T.);
#384=FACE_OUTER_BOUND('',#481,.T.);
#385=FACE_OUTER_BOUND('',#482,.T.);
#386=FACE_OUTER_BOUND('',#483,.T.);
#387=FACE_OUTER_BOUND('',#484,.T.);
#388=FACE_OUTER_BOUND('',#485,.T.);
#389=FACE_OUTER_BOUND('',#486,.T.);
#390=FACE_OUTER_BOUND('',#487,.T.);
#391=FACE_OUTER_BOUND('',#488,.T.);
#392=FACE_OUTER_BOUND('',#489,.T.);
#393=FACE_OUTER_BOUND('',#490,.T.);
#394=FACE_OUTER_BOUND('',#491,.T.);
#395=FACE_OUTER_BOUND('',#492,.T.);
#396=FACE_OUTER_BOUND('',#494,.T.);
#397=FACE_OUTER_BOUND('',#495,.T.);
#398=FACE_OUTER_BOUND('',#496,.T.);
#399=FACE_OUTER_BOUND('',#497,.T.);
#400=EDGE_LOOP('',(#919,#920,#921,#922));
#401=EDGE_LOOP('',(#923,#924,#925,#926,#927));
#402=EDGE_LOOP('',(#928,#929,#930,#931,#932,#933,#934,#935,#936,#937,#938,
#939,#940,#941,#942,#943));
#403=EDGE_LOOP('',(#944,#945,#946,#947));
#404=EDGE_LOOP('',(#948));
#405=EDGE_LOOP('',(#949,#950,#951,#952,#953,#954,#955,#956,#957));
#406=EDGE_LOOP('',(#958,#959,#960,#961,#962,#963));
#407=EDGE_LOOP('',(#964,#965,#966));
#408=EDGE_LOOP('',(#967,#968,#969,#970,#971));
#409=EDGE_LOOP('',(#972,#973,#974,#975,#976));
#410=EDGE_LOOP('',(#977,#978,#979,#980,#981,#982,#983,#984));
#411=EDGE_LOOP('',(#985,#986,#987));
#412=EDGE_LOOP('',(#988,#989,#990,#991,#992));
#413=EDGE_LOOP('',(#993,#994,#995,#996,#997,#998,#999,#1000));
#414=EDGE_LOOP('',(#1001,#1002,#1003,#1004,#1005,#1006,#1007,#1008,#1009,
#1010,#1011,#1012,#1013));
#415=EDGE_LOOP('',(#1014));
#416=EDGE_LOOP('',(#1015));
#417=EDGE_LOOP('',(#1016));
#418=EDGE_LOOP('',(#1017));
#419=EDGE_LOOP('',(#1018,#1019,#1020));
#420=EDGE_LOOP('',(#1021,#1022,#1023));
#421=EDGE_LOOP('',(#1024,#1025,#1026,#1027));
#422=EDGE_LOOP('',(#1028,#1029,#1030,#1031));
#423=EDGE_LOOP('',(#1032,#1033,#1034,#1035));
#424=EDGE_LOOP('',(#1036,#1037,#1038,#1039));
#425=EDGE_LOOP('',(#1040,#1041,#1042,#1043,#1044,#1045));
#426=EDGE_LOOP('',(#1046,#1047,#1048,#1049));
#427=EDGE_LOOP('',(#1050,#1051,#1052,#1053));
#428=EDGE_LOOP('',(#1054,#1055,#1056,#1057));
#429=EDGE_LOOP('',(#1058,#1059,#1060,#1061));
#430=EDGE_LOOP('',(#1062,#1063,#1064,#1065));
#431=EDGE_LOOP('',(#1066,#1067,#1068,#1069));
#432=EDGE_LOOP('',(#1070,#1071,#1072,#1073));
#433=EDGE_LOOP('',(#1074,#1075,#1076,#1077));
#434=EDGE_LOOP('',(#1078,#1079,#1080,#1081));
#435=EDGE_LOOP('',(#1082,#1083,#1084,#1085));
#436=EDGE_LOOP('',(#1086));
#437=EDGE_LOOP('',(#1087));
#438=EDGE_LOOP('',(#1088));
#439=EDGE_LOOP('',(#1089));
#440=EDGE_LOOP('',(#1090,#1091,#1092,#1093));
#441=EDGE_LOOP('',(#1094,#1095,#1096,#1097));
#442=EDGE_LOOP('',(#1098,#1099,#1100,#1101));
#443=EDGE_LOOP('',(#1102,#1103,#1104,#1105));
#444=EDGE_LOOP('',(#1106,#1107,#1108,#1109));
#445=EDGE_LOOP('',(#1110,#1111,#1112,#1113,#1114,#1115,#1116,#1117));
#446=EDGE_LOOP('',(#1118));
#447=EDGE_LOOP('',(#1119,#1120,#1121,#1122));
#448=EDGE_LOOP('',(#1123,#1124,#1125,#1126));
#449=EDGE_LOOP('',(#1127,#1128,#1129,#1130,#1131,#1132,#1133,#1134));
#450=EDGE_LOOP('',(#1135));
#451=EDGE_LOOP('',(#1136,#1137,#1138,#1139));
#452=EDGE_LOOP('',(#1140,#1141,#1142,#1143));
#453=EDGE_LOOP('',(#1144,#1145,#1146,#1147));
#454=EDGE_LOOP('',(#1148,#1149,#1150,#1151));
#455=EDGE_LOOP('',(#1152,#1153,#1154,#1155));
#456=EDGE_LOOP('',(#1156,#1157,#1158,#1159));
#457=EDGE_LOOP('',(#1160,#1161,#1162,#1163));
#458=EDGE_LOOP('',(#1164,#1165,#1166,#1167));
#459=EDGE_LOOP('',(#1168,#1169,#1170,#1171));
#460=EDGE_LOOP('',(#1172,#1173,#1174,#1175));
#461=EDGE_LOOP('',(#1176,#1177,#1178,#1179));
#462=EDGE_LOOP('',(#1180,#1181,#1182,#1183));
#463=EDGE_LOOP('',(#1184,#1185,#1186,#1187,#1188,#1189,#1190,#1191));
#464=EDGE_LOOP('',(#1192,#1193,#1194,#1195));
#465=EDGE_LOOP('',(#1196,#1197,#1198,#1199,#1200,#1201));
#466=EDGE_LOOP('',(#1202,#1203,#1204,#1205));
#467=EDGE_LOOP('',(#1206,#1207,#1208,#1209,#1210,#1211,#1212,#1213));
#468=EDGE_LOOP('',(#1214,#1215,#1216,#1217));
#469=EDGE_LOOP('',(#1218,#1219,#1220,#1221));
#470=EDGE_LOOP('',(#1222,#1223,#1224,#1225));
#471=EDGE_LOOP('',(#1226,#1227,#1228,#1229));
#472=EDGE_LOOP('',(#1230,#1231,#1232,#1233));
#473=EDGE_LOOP('',(#1234,#1235,#1236,#1237,#1238,#1239,#1240,#1241));
#474=EDGE_LOOP('',(#1242));
#475=EDGE_LOOP('',(#1243,#1244,#1245,#1246));
#476=EDGE_LOOP('',(#1247,#1248,#1249,#1250,#1251,#1252));
#477=EDGE_LOOP('',(#1253,#1254,#1255,#1256));
#478=EDGE_LOOP('',(#1257,#1258,#1259,#1260));
#479=EDGE_LOOP('',(#1261));
#480=EDGE_LOOP('',(#1262,#1263,#1264,#1265));
#481=EDGE_LOOP('',(#1266));
#482=EDGE_LOOP('',(#1267,#1268,#1269,#1270));
#483=EDGE_LOOP('',(#1271));
#484=EDGE_LOOP('',(#1272,#1273,#1274,#1275));
#485=EDGE_LOOP('',(#1276,#1277,#1278));
#486=EDGE_LOOP('',(#1279,#1280,#1281,#1282));
#487=EDGE_LOOP('',(#1283,#1284,#1285,#1286));
#488=EDGE_LOOP('',(#1287,#1288,#1289,#1290));
#489=EDGE_LOOP('',(#1291,#1292,#1293,#1294));
#490=EDGE_LOOP('',(#1295,#1296,#1297,#1298));
#491=EDGE_LOOP('',(#1299,#1300,#1301,#1302));
#492=EDGE_LOOP('',(#1303,#1304,#1305,#1306,#1307,#1308,#1309,#1310));
#493=EDGE_LOOP('',(#1311));
#494=EDGE_LOOP('',(#1312,#1313));
#495=EDGE_LOOP('',(#1314,#1315,#1316,#1317));
#496=EDGE_LOOP('',(#1318,#1319));
#497=EDGE_LOOP('',(#1320));
#498=B_SPLINE_CURVE_WITH_KNOTS('',3,(#2113,#2114,#2115,#2116,#2117,#2118,
#2119,#2120,#2121,#2122,#2123,#2124,#2125),.UNSPECIFIED.,.T.,.F.,(4,1,1,
1,1,1,1,1,1,1,4),(0.,0.087162705748089,0.174325411496178,0.348650822992356,
0.522976234488534,0.610138940236623,0.697301645984712,0.87162705748089,
1.04595246897707,1.13311517472516,1.22027788047325),.UNSPECIFIED.);
#499=B_SPLINE_CURVE_WITH_KNOTS('',3,(#2126,#2127,#2128,#2129,#2130,#2131,
#2132,#2133,#2134,#2135,#2136,#2137,#2138),.UNSPECIFIED.,.T.,.F.,(4,1,1,
1,1,1,1,1,1,1,4),(-1.22027788047325,-1.13311517472516,-1.04595246897707,
-0.87162705748089,-0.697301645984712,-0.610138940236623,-0.522976234488534,
-0.348650822992356,-0.174325411496178,-0.087162705748089,0.),
 .UNSPECIFIED.);
#500=B_SPLINE_CURVE_WITH_KNOTS('',3,(#2152,#2153,#2154,#2155,#2156,#2157,
#2158),.UNSPECIFIED.,.F.,.F.,(4,1,1,1,4),(0.,0.388787308270183,0.647978847116971,
0.777574616540365,0.90717038596376),.UNSPECIFIED.);
#501=B_SPLINE_CURVE_WITH_KNOTS('',3,(#2162,#2163,#2164,#2165,#2166,#2167,
#2168),.UNSPECIFIED.,.F.,.F.,(4,1,1,1,4),(0.,0.129593680914697,0.388781042744091,
0.647968404573485,0.907155766402878),.UNSPECIFIED.);
#502=B_SPLINE_CURVE_WITH_KNOTS('',3,(#2180,#2181,#2182,#2183,#2184,#2185,
#2186),.UNSPECIFIED.,.F.,.F.,(4,1,1,1,4),(0.,0.388781042789983,0.647968404649971,
0.777562085579965,0.90715576650996),.UNSPECIFIED.);
#503=B_SPLINE_CURVE_WITH_KNOTS('',3,(#2190,#2191,#2192,#2193,#2194,#2195,
#2196),.UNSPECIFIED.,.F.,.F.,(4,1,1,1,4),(0.,0.129595769423394,0.388787308270183,
0.647978847116972,0.90717038596376),.UNSPECIFIED.);
#504=B_SPLINE_CURVE_WITH_KNOTS('',3,(#2204,#2205,#2206,#2207,#2208,#2209,
#2210,#2211,#2212,#2213,#2214,#2215,#2216,#2217,#2218,#2219,#2220,#2221,
#2222,#2223,#2224,#2225,#2226,#2227,#2228,#2229,#2230,#2231,#2232,#2233,
#2234,#2235,#2236,#2237,#2238,#2239,#2240),.UNSPECIFIED.,.F.,.F.,(4,2,2,
2,2,2,2,3,2,2,2,2,2,2,2,2,2,4),(0.169505590771899,0.169993547149414,0.17048150352693,
0.17145741628196,0.173327040225527,0.178644764957631,0.195844522399953,
0.254258386157848,0.25431425260984,0.254398670344704,0.254598626959549,
0.266394864412175,0.3192900426565,0.327890529396003,0.330230378052632,0.331030385126575,
0.331513050685829,0.331671760993468),.UNSPECIFIED.);
#505=B_SPLINE_CURVE_WITH_KNOTS('',3,(#2244,#2245,#2246,#2247,#2248,#2249,
#2250,#2251,#2252,#2253,#2254,#2255,#2256,#2257,#2258,#2259,#2260,#2261,
#2262,#2263,#2264,#2265,#2266,#2267,#2268,#2269,#2270,#2271,#2272,#2273,
#2274,#2275,#2276,#2277,#2278,#2279,#2280),.UNSPECIFIED.,.F.,.F.,(4,2,2,
2,2,2,2,3,2,2,2,2,2,2,2,2,2,4),(0.,0.000487956377516248,0.000975912755032495,
0.00195182551006499,0.00382144945364073,0.00913917418573021,0.0263389316280546,
0.08475279538595,0.0848086618511714,0.0848930795950043,0.0850930362618817,
0.0968892737873562,0.149784451891351,0.158384938417655,0.160724787026308,
0.161524794086939,0.162007459644215,0.162166169945453),.UNSPECIFIED.);
#506=B_SPLINE_CURVE_WITH_KNOTS('',3,(#2285,#2286,#2287,#2288,#2289,#2290,
#2291,#2292,#2293,#2294,#2295,#2296,#2297,#2298),.UNSPECIFIED.,.F.,.F.,
(4,2,2,2,2,2,4),(-0.000865613320620478,0.,0.0696592104111788,0.115793571357333,
0.161927932303487,0.231587142714666,0.232452756035246),.UNSPECIFIED.);
#507=B_SPLINE_CURVE_WITH_KNOTS('',3,(#2439,#2440,#2441,#2442,#2443,#2444,
#2445,#2446,#2447,#2448),.UNSPECIFIED.,.F.,.F.,(4,1,1,1,1,2,4),(7.69501278803778E-33,
0.0027891326392845,0.005578265278569,0.011156530557138,0.016734795835707,
0.027891326392845,0.0281782094431546),.UNSPECIFIED.);
#508=B_SPLINE_CURVE_WITH_KNOTS('',3,(#2449,#2450,#2451,#2452,#2453,#2454,
#2455,#2456,#2457,#2458),.UNSPECIFIED.,.F.,.F.,(4,2,1,1,1,1,4),(-0.0281782094431546,
-0.027891326392845,-0.016734795835707,-0.011156530557138,-0.005578265278569,
-0.0027891326392845,-7.69501278803778E-33),.UNSPECIFIED.);
#509=B_SPLINE_CURVE_WITH_KNOTS('',3,(#2702,#2703,#2704,#2705,#2706,#2707,
#2708),.UNSPECIFIED.,.F.,.F.,(4,1,1,1,4),(-0.90715576650996,-0.777562085579965,
-0.647968404649971,-0.388781042789983,0.),.UNSPECIFIED.);
#510=B_SPLINE_CURVE_WITH_KNOTS('',3,(#2764,#2765,#2766,#2767,#2768,#2769,
#2770),.UNSPECIFIED.,.F.,.F.,(4,1,1,1,4),(-0.90717038596376,-0.647978847116972,
-0.388787308270183,-0.129595769423394,0.),.UNSPECIFIED.);
#511=B_SPLINE_CURVE_WITH_KNOTS('',3,(#2840,#2841,#2842,#2843,#2844,#2845,
#2846),.UNSPECIFIED.,.F.,.F.,(4,1,1,1,4),(-0.907155766402878,-0.647968404573485,
-0.388781042744091,-0.129593680914697,0.),.UNSPECIFIED.);
#512=B_SPLINE_CURVE_WITH_KNOTS('',3,(#2894,#2895,#2896,#2897,#2898,#2899,
#2900),.UNSPECIFIED.,.F.,.F.,(4,1,1,1,4),(-0.90717038596376,-0.777574616540365,
-0.647978847116971,-0.388787308270183,0.),.UNSPECIFIED.);
#513=CIRCLE('',#1429,0.499999999999991);
#514=CIRCLE('',#1431,2.);
#515=CIRCLE('',#1432,2.);
#516=CIRCLE('',#1434,86.9320512142048);
#517=CIRCLE('',#1435,86.9320512142048);
#518=CIRCLE('',#1436,86.9320512142048);
#519=CIRCLE('',#1437,86.9320512142048);
#520=CIRCLE('',#1438,86.9320512142048);
#521=CIRCLE('',#1439,86.9320512142048);
#522=CIRCLE('',#1441,2.5);
#523=CIRCLE('',#1442,2.5);
#524=CIRCLE('',#1443,0.5);
#525=CIRCLE('',#1444,2.5);
#526=CIRCLE('',#1445,2.5);
#527=CIRCLE('',#1450,0.2);
#528=CIRCLE('',#1452,0.2);
#529=CIRCLE('',#1454,0.2);
#530=CIRCLE('',#1455,0.2);
#531=CIRCLE('',#1459,2.5);
#532=CIRCLE('',#1465,1.);
#533=CIRCLE('',#1466,0.38268343236509);
#534=CIRCLE('',#1467,1.);
#535=CIRCLE('',#1468,0.5);
#536=CIRCLE('',#1469,0.5);
#537=CIRCLE('',#1470,1.5);
#538=CIRCLE('',#1471,1.5);
#539=CIRCLE('',#1472,1.5);
#540=CIRCLE('',#1473,1.5);
#541=CIRCLE('',#1474,0.38268343236509);
#542=CIRCLE('',#1476,0.5);
#543=CIRCLE('',#1477,0.499999999999999);
#544=CIRCLE('',#1478,0.5);
#545=CIRCLE('',#1480,0.5);
#546=CIRCLE('',#1482,1.);
#547=CIRCLE('',#1483,1.5);
#548=CIRCLE('',#1485,0.5);
#549=CIRCLE('',#1486,0.5);
#550=CIRCLE('',#1487,1.);
#551=CIRCLE('',#1488,0.5);
#552=CIRCLE('',#1491,0.499999999999998);
#553=CIRCLE('',#1496,0.5);
#554=CIRCLE('',#1503,1.5);
#555=CIRCLE('',#1505,1.5);
#556=CIRCLE('',#1507,1.5);
#557=CIRCLE('',#1509,1.5);
#558=CIRCLE('',#1515,0.6);
#559=CIRCLE('',#1516,0.6);
#560=CIRCLE('',#1518,0.6);
#561=CIRCLE('',#1519,0.9);
#562=CIRCLE('',#1520,0.6);
#563=CIRCLE('',#1521,0.699999999999998);
#564=CIRCLE('',#1524,0.6);
#565=CIRCLE('',#1525,0.6);
#566=CIRCLE('',#1527,0.6);
#567=CIRCLE('',#1528,0.9);
#568=CIRCLE('',#1529,0.6);
#569=CIRCLE('',#1530,0.699999999999998);
#570=CIRCLE('',#1533,0.6);
#571=CIRCLE('',#1536,0.6);
#572=CIRCLE('',#1538,0.6);
#573=CIRCLE('',#1541,0.6);
#574=CIRCLE('',#1543,0.900000000000006);
#575=CIRCLE('',#1544,0.900000000000003);
#576=CIRCLE('',#1546,0.899999999999999);
#577=CIRCLE('',#1547,87.8320512142048);
#578=CIRCLE('',#1548,0.900000000000001);
#579=CIRCLE('',#1556,0.9);
#580=CIRCLE('',#1557,0.899999999999997);
#581=CIRCLE('',#1558,0.899999999999995);
#582=CIRCLE('',#1560,0.899999999999982);
#583=CIRCLE('',#1561,87.8320512142048);
#584=CIRCLE('',#1562,0.9);
#585=CIRCLE('',#1564,0.9);
#586=CIRCLE('',#1566,0.699999999999998);
#587=CIRCLE('',#1571,0.699999999999998);
#588=CIRCLE('',#1572,0.699999999999998);
#589=CIRCLE('',#1575,0.699999999999998);
#590=CIRCLE('',#1578,0.699999999999998);
#591=CIRCLE('',#1581,0.699999999999998);
#592=CIRCLE('',#1583,0.499999999999998);
#593=VERTEX_POINT('',#2110);
#594=VERTEX_POINT('',#2111);
#595=VERTEX_POINT('',#2140);
#596=VERTEX_POINT('',#2141);
#597=VERTEX_POINT('',#2146);
#598=VERTEX_POINT('',#2147);
#599=VERTEX_POINT('',#2149);
#600=VERTEX_POINT('',#2151);
#601=VERTEX_POINT('',#2159);
#602=VERTEX_POINT('',#2161);
#603=VERTEX_POINT('',#2169);
#604=VERTEX_POINT('',#2171);
#605=VERTEX_POINT('',#2173);
#606=VERTEX_POINT('',#2175);
#607=VERTEX_POINT('',#2177);
#608=VERTEX_POINT('',#2179);
#609=VERTEX_POINT('',#2187);
#610=VERTEX_POINT('',#2189);
#611=VERTEX_POINT('',#2197);
#612=VERTEX_POINT('',#2199);
#613=VERTEX_POINT('',#2202);
#614=VERTEX_POINT('',#2203);
#615=VERTEX_POINT('',#2241);
#616=VERTEX_POINT('',#2243);
#617=VERTEX_POINT('',#2283);
#618=VERTEX_POINT('',#2284);
#619=VERTEX_POINT('',#2299);
#620=VERTEX_POINT('',#2301);
#621=VERTEX_POINT('',#2304);
#622=VERTEX_POINT('',#2308);
#623=VERTEX_POINT('',#2310);
#624=VERTEX_POINT('',#2312);
#625=VERTEX_POINT('',#2314);
#626=VERTEX_POINT('',#2320);
#627=VERTEX_POINT('',#2322);
#628=VERTEX_POINT('',#2326);
#629=VERTEX_POINT('',#2328);
#630=VERTEX_POINT('',#2333);
#631=VERTEX_POINT('',#2335);
#632=VERTEX_POINT('',#2337);
#633=VERTEX_POINT('',#2339);
#634=VERTEX_POINT('',#2346);
#635=VERTEX_POINT('',#2347);
#636=VERTEX_POINT('',#2349);
#637=VERTEX_POINT('',#2351);
#638=VERTEX_POINT('',#2353);
#639=VERTEX_POINT('',#2355);
#640=VERTEX_POINT('',#2357);
#641=VERTEX_POINT('',#2359);
#642=VERTEX_POINT('',#2362);
#643=VERTEX_POINT('',#2364);
#644=VERTEX_POINT('',#2366);
#645=VERTEX_POINT('',#2368);
#646=VERTEX_POINT('',#2370);
#647=VERTEX_POINT('',#2372);
#648=VERTEX_POINT('',#2374);
#649=VERTEX_POINT('',#2377);
#650=VERTEX_POINT('',#2379);
#651=VERTEX_POINT('',#2381);
#652=VERTEX_POINT('',#2383);
#653=VERTEX_POINT('',#2435);
#654=VERTEX_POINT('',#2436);
#655=VERTEX_POINT('',#2438);
#656=VERTEX_POINT('',#2460);
#657=VERTEX_POINT('',#2462);
#658=VERTEX_POINT('',#2466);
#659=VERTEX_POINT('',#2473);
#660=VERTEX_POINT('',#2475);
#661=VERTEX_POINT('',#2487);
#662=VERTEX_POINT('',#2488);
#663=VERTEX_POINT('',#2493);
#664=VERTEX_POINT('',#2497);
#665=VERTEX_POINT('',#2506);
#666=VERTEX_POINT('',#2517);
#667=VERTEX_POINT('',#2518);
#668=VERTEX_POINT('',#2523);
#669=VERTEX_POINT('',#2524);
#670=VERTEX_POINT('',#2529);
#671=VERTEX_POINT('',#2532);
#672=VERTEX_POINT('',#2535);
#673=VERTEX_POINT('',#2538);
#674=VERTEX_POINT('',#2546);
#675=VERTEX_POINT('',#2555);
#676=VERTEX_POINT('',#2564);
#677=VERTEX_POINT('',#2573);
#678=VERTEX_POINT('',#2577);
#679=VERTEX_POINT('',#2578);
#680=VERTEX_POINT('',#2580);
#681=VERTEX_POINT('',#2582);
#682=VERTEX_POINT('',#2586);
#683=VERTEX_POINT('',#2588);
#684=VERTEX_POINT('',#2590);
#685=VERTEX_POINT('',#2593);
#686=VERTEX_POINT('',#2596);
#687=VERTEX_POINT('',#2599);
#688=VERTEX_POINT('',#2603);
#689=VERTEX_POINT('',#2604);
#690=VERTEX_POINT('',#2606);
#691=VERTEX_POINT('',#2608);
#692=VERTEX_POINT('',#2612);
#693=VERTEX_POINT('',#2615);
#694=VERTEX_POINT('',#2617);
#695=VERTEX_POINT('',#2619);
#696=VERTEX_POINT('',#2622);
#697=VERTEX_POINT('',#2625);
#698=VERTEX_POINT('',#2629);
#699=VERTEX_POINT('',#2630);
#700=VERTEX_POINT('',#2639);
#701=VERTEX_POINT('',#2645);
#702=VERTEX_POINT('',#2649);
#703=VERTEX_POINT('',#2701);
#704=VERTEX_POINT('',#2711);
#705=VERTEX_POINT('',#2763);
#706=VERTEX_POINT('',#2776);
#707=VERTEX_POINT('',#2778);
#708=VERTEX_POINT('',#2788);
#709=VERTEX_POINT('',#2790);
#710=VERTEX_POINT('',#2838);
#711=VERTEX_POINT('',#2848);
#712=VERTEX_POINT('',#2904);
#713=VERTEX_POINT('',#2912);
#714=VERTEX_POINT('',#2914);
#715=VERTEX_POINT('',#2919);
#716=VERTEX_POINT('',#2924);
#717=VERTEX_POINT('',#2929);
#718=EDGE_CURVE('',#593,#594,#513,.T.);
#719=EDGE_CURVE('',#594,#594,#498,.T.);
#720=EDGE_CURVE('',#593,#593,#499,.T.);
#721=EDGE_CURVE('',#595,#596,#514,.T.);
#722=EDGE_CURVE('',#595,#594,#82,.T.);
#723=EDGE_CURVE('',#596,#595,#515,.T.);
#724=EDGE_CURVE('',#597,#598,#516,.T.);
#725=EDGE_CURVE('',#599,#598,#83,.T.);
#726=EDGE_CURVE('',#600,#599,#500,.T.);
#727=EDGE_CURVE('',#601,#600,#517,.T.);
#728=EDGE_CURVE('',#602,#601,#501,.T.);
#729=EDGE_CURVE('',#603,#602,#84,.T.);
#730=EDGE_CURVE('',#603,#604,#518,.T.);
#731=EDGE_CURVE('',#605,#604,#85,.T.);
#732=EDGE_CURVE('',#605,#606,#519,.T.);
#733=EDGE_CURVE('',#607,#606,#86,.T.);
#734=EDGE_CURVE('',#608,#607,#502,.T.);
#735=EDGE_CURVE('',#609,#608,#520,.T.);
#736=EDGE_CURVE('',#610,#609,#503,.T.);
#737=EDGE_CURVE('',#611,#610,#87,.T.);
#738=EDGE_CURVE('',#611,#612,#521,.T.);
#739=EDGE_CURVE('',#597,#612,#88,.T.);
#740=EDGE_CURVE('',#613,#614,#504,.T.);
#741=EDGE_CURVE('',#615,#613,#89,.T.);
#742=EDGE_CURVE('',#616,#615,#505,.T.);
#743=EDGE_CURVE('',#614,#616,#90,.T.);
#744=EDGE_CURVE('',#617,#618,#506,.T.);
#745=EDGE_CURVE('',#618,#619,#522,.T.);
#746=EDGE_CURVE('',#620,#619,#523,.T.);
#747=EDGE_CURVE('',#620,#596,#524,.T.);
#748=EDGE_CURVE('',#621,#620,#525,.T.);
#749=EDGE_CURVE('',#621,#617,#526,.T.);
#750=EDGE_CURVE('',#617,#622,#91,.T.);
#751=EDGE_CURVE('',#623,#622,#57,.T.);
#752=EDGE_CURVE('',#623,#624,#92,.T.);
#753=EDGE_CURVE('',#624,#625,#58,.T.);
#754=EDGE_CURVE('',#625,#618,#93,.T.);
#755=EDGE_CURVE('',#622,#621,#527,.T.);
#756=EDGE_CURVE('',#621,#626,#94,.T.);
#757=EDGE_CURVE('',#626,#627,#528,.T.);
#758=EDGE_CURVE('',#627,#623,#95,.T.);
#759=EDGE_CURVE('',#624,#628,#96,.T.);
#760=EDGE_CURVE('',#628,#629,#529,.T.);
#761=EDGE_CURVE('',#629,#619,#97,.T.);
#762=EDGE_CURVE('',#619,#625,#530,.T.);
#763=EDGE_CURVE('',#630,#627,#98,.T.);
#764=EDGE_CURVE('',#631,#630,#99,.T.);
#765=EDGE_CURVE('',#632,#631,#100,.T.);
#766=EDGE_CURVE('',#633,#632,#101,.T.);
#767=EDGE_CURVE('',#628,#633,#102,.T.);
#768=EDGE_CURVE('',#626,#629,#531,.T.);
#769=EDGE_CURVE('',#634,#635,#103,.T.);
#770=EDGE_CURVE('',#635,#636,#59,.T.);
#771=EDGE_CURVE('',#636,#637,#104,.T.);
#772=EDGE_CURVE('',#637,#638,#60,.T.);
#773=EDGE_CURVE('',#638,#639,#105,.T.);
#774=EDGE_CURVE('',#639,#640,#61,.T.);
#775=EDGE_CURVE('',#640,#641,#106,.T.);
#776=EDGE_CURVE('',#641,#634,#62,.T.);
#777=EDGE_CURVE('',#633,#642,#532,.T.);
#778=EDGE_CURVE('',#642,#643,#533,.T.);
#779=EDGE_CURVE('',#643,#644,#107,.T.);
#780=EDGE_CURVE('',#644,#645,#534,.T.);
#781=EDGE_CURVE('',#645,#646,#108,.T.);
#782=EDGE_CURVE('',#646,#647,#535,.T.);
#783=EDGE_CURVE('',#647,#648,#109,.T.);
#784=EDGE_CURVE('',#648,#630,#536,.T.);
#785=EDGE_CURVE('',#649,#649,#537,.T.);
#786=EDGE_CURVE('',#650,#650,#538,.T.);
#787=EDGE_CURVE('',#651,#651,#539,.T.);
#788=EDGE_CURVE('',#652,#652,#540,.T.);
#789=EDGE_CURVE('',#653,#654,#541,.T.);
#790=EDGE_CURVE('',#654,#655,#507,.T.);
#791=EDGE_CURVE('',#655,#653,#508,.T.);
#792=EDGE_CURVE('',#656,#631,#542,.T.);
#793=EDGE_CURVE('',#631,#657,#543,.T.);
#794=EDGE_CURVE('',#657,#656,#544,.T.);
#795=EDGE_CURVE('',#658,#632,#545,.T.);
#796=EDGE_CURVE('',#656,#658,#110,.T.);
#797=EDGE_CURVE('',#654,#632,#546,.T.);
#798=EDGE_CURVE('',#658,#655,#547,.T.);
#799=EDGE_CURVE('',#655,#659,#111,.T.);
#800=EDGE_CURVE('',#659,#660,#548,.T.);
#801=EDGE_CURVE('',#660,#653,#112,.T.);
#802=EDGE_CURVE('',#661,#662,#549,.T.);
#803=EDGE_CURVE('',#662,#660,#550,.T.);
#804=EDGE_CURVE('',#659,#661,#551,.T.);
#805=EDGE_CURVE('',#663,#656,#113,.T.);
#806=EDGE_CURVE('',#661,#663,#114,.T.);
#807=EDGE_CURVE('',#657,#664,#115,.T.);
#808=EDGE_CURVE('',#664,#663,#552,.F.);
#809=EDGE_CURVE('',#648,#657,#116,.T.);
#810=EDGE_CURVE('',#662,#645,#117,.T.);
#811=EDGE_CURVE('',#644,#660,#118,.T.);
#812=EDGE_CURVE('',#665,#662,#119,.T.);
#813=EDGE_CURVE('',#646,#665,#120,.T.);
#814=EDGE_CURVE('',#663,#665,#553,.F.);
#815=EDGE_CURVE('',#654,#642,#121,.T.);
#816=EDGE_CURVE('',#643,#653,#122,.T.);
#817=EDGE_CURVE('',#666,#667,#123,.T.);
#818=EDGE_CURVE('',#667,#635,#124,.T.);
#819=EDGE_CURVE('',#666,#634,#125,.T.);
#820=EDGE_CURVE('',#668,#669,#126,.T.);
#821=EDGE_CURVE('',#669,#639,#127,.T.);
#822=EDGE_CURVE('',#668,#638,#128,.T.);
#823=EDGE_CURVE('',#670,#670,#554,.T.);
#824=EDGE_CURVE('',#671,#671,#555,.T.);
#825=EDGE_CURVE('',#672,#672,#556,.T.);
#826=EDGE_CURVE('',#673,#673,#557,.T.);
#827=EDGE_CURVE('',#668,#674,#63,.T.);
#828=EDGE_CURVE('',#674,#637,#129,.T.);
#829=EDGE_CURVE('',#675,#667,#64,.T.);
#830=EDGE_CURVE('',#675,#636,#130,.T.);
#831=EDGE_CURVE('',#666,#676,#65,.T.);
#832=EDGE_CURVE('',#676,#641,#131,.T.);
#833=EDGE_CURVE('',#677,#669,#66,.T.);
#834=EDGE_CURVE('',#677,#640,#132,.T.);
#835=EDGE_CURVE('',#678,#679,#558,.T.);
#836=EDGE_CURVE('',#678,#680,#133,.T.);
#837=EDGE_CURVE('',#681,#680,#559,.T.);
#838=EDGE_CURVE('',#681,#679,#134,.T.);
#839=EDGE_CURVE('',#679,#682,#135,.T.);
#840=EDGE_CURVE('',#683,#682,#560,.F.);
#841=EDGE_CURVE('',#684,#683,#136,.T.);
#842=EDGE_CURVE('',#606,#684,#561,.T.);
#843=EDGE_CURVE('',#685,#605,#562,.F.);
#844=EDGE_CURVE('',#685,#678,#137,.T.);
#845=EDGE_CURVE('',#686,#686,#563,.T.);
#846=EDGE_CURVE('',#687,#681,#138,.T.);
#847=EDGE_CURVE('',#682,#687,#139,.T.);
#848=EDGE_CURVE('',#688,#689,#564,.T.);
#849=EDGE_CURVE('',#688,#690,#140,.T.);
#850=EDGE_CURVE('',#691,#690,#565,.T.);
#851=EDGE_CURVE('',#691,#689,#141,.T.);
#852=EDGE_CURVE('',#690,#692,#142,.T.);
#853=EDGE_CURVE('',#612,#692,#566,.F.);
#854=EDGE_CURVE('',#693,#611,#567,.T.);
#855=EDGE_CURVE('',#694,#693,#143,.T.);
#856=EDGE_CURVE('',#695,#694,#568,.F.);
#857=EDGE_CURVE('',#695,#691,#144,.T.);
#858=EDGE_CURVE('',#696,#696,#569,.T.);
#859=EDGE_CURVE('',#697,#688,#145,.T.);
#860=EDGE_CURVE('',#692,#697,#146,.T.);
#861=EDGE_CURVE('',#698,#699,#570,.F.);
#862=EDGE_CURVE('',#699,#695,#147,.T.);
#863=EDGE_CURVE('',#694,#698,#148,.T.);
#864=EDGE_CURVE('',#689,#699,#149,.T.);
#865=EDGE_CURVE('',#697,#597,#571,.F.);
#866=EDGE_CURVE('',#604,#700,#572,.F.);
#867=EDGE_CURVE('',#700,#685,#150,.T.);
#868=EDGE_CURVE('',#680,#700,#151,.T.);
#869=EDGE_CURVE('',#687,#701,#573,.F.);
#870=EDGE_CURVE('',#701,#683,#152,.T.);
#871=EDGE_CURVE('',#684,#702,#153,.T.);
#872=EDGE_CURVE('',#702,#607,#574,.T.);
#873=EDGE_CURVE('',#702,#703,#509,.T.);
#874=EDGE_CURVE('',#703,#608,#575,.T.);
#875=EDGE_CURVE('',#704,#609,#576,.T.);
#876=EDGE_CURVE('',#703,#704,#577,.T.);
#877=EDGE_CURVE('',#704,#705,#510,.T.);
#878=EDGE_CURVE('',#705,#610,#578,.T.);
#879=EDGE_CURVE('',#705,#693,#154,.T.);
#880=EDGE_CURVE('',#669,#705,#155,.T.);
#881=EDGE_CURVE('',#706,#668,#156,.T.);
#882=EDGE_CURVE('',#707,#706,#157,.T.);
#883=EDGE_CURVE('',#707,#698,#158,.T.);
#884=EDGE_CURVE('',#704,#677,#159,.T.);
#885=EDGE_CURVE('',#676,#703,#160,.T.);
#886=EDGE_CURVE('',#702,#666,#161,.T.);
#887=EDGE_CURVE('',#701,#708,#162,.T.);
#888=EDGE_CURVE('',#709,#708,#163,.T.);
#889=EDGE_CURVE('',#667,#709,#164,.T.);
#890=EDGE_CURVE('',#708,#603,#579,.T.);
#891=EDGE_CURVE('',#602,#709,#580,.T.);
#892=EDGE_CURVE('',#601,#710,#581,.T.);
#893=EDGE_CURVE('',#710,#709,#511,.T.);
#894=EDGE_CURVE('',#600,#711,#582,.T.);
#895=EDGE_CURVE('',#711,#710,#583,.T.);
#896=EDGE_CURVE('',#599,#706,#584,.T.);
#897=EDGE_CURVE('',#706,#711,#512,.T.);
#898=EDGE_CURVE('',#598,#707,#585,.T.);
#899=EDGE_CURVE('',#712,#712,#586,.T.);
#900=EDGE_CURVE('',#710,#675,#165,.T.);
#901=EDGE_CURVE('',#674,#711,#166,.T.);
#902=EDGE_CURVE('',#713,#713,#587,.T.);
#903=EDGE_CURVE('',#713,#714,#167,.T.);
#904=EDGE_CURVE('',#714,#714,#588,.T.);
#905=EDGE_CURVE('',#686,#715,#168,.T.);
#906=EDGE_CURVE('',#715,#715,#589,.T.);
#907=EDGE_CURVE('',#696,#716,#169,.T.);
#908=EDGE_CURVE('',#716,#716,#590,.T.);
#909=EDGE_CURVE('',#717,#717,#591,.T.);
#910=EDGE_CURVE('',#717,#712,#170,.T.);
#911=EDGE_CURVE('',#665,#664,#592,.F.);
#912=EDGE_CURVE('',#664,#647,#171,.T.);
#913=EDGE_CURVE('',#649,#670,#172,.T.);
#914=EDGE_CURVE('',#650,#673,#173,.T.);
#915=EDGE_CURVE('',#651,#672,#174,.T.);
#916=EDGE_CURVE('',#652,#671,#175,.T.);
#917=EDGE_CURVE('',#615,#616,#176,.T.);
#918=EDGE_CURVE('',#614,#613,#177,.T.);
#919=ORIENTED_EDGE('',*,*,#718,.T.);
#920=ORIENTED_EDGE('',*,*,#719,.T.);
#921=ORIENTED_EDGE('',*,*,#718,.F.);
#922=ORIENTED_EDGE('',*,*,#720,.T.);
#923=ORIENTED_EDGE('',*,*,#721,.F.);
#924=ORIENTED_EDGE('',*,*,#722,.T.);
#925=ORIENTED_EDGE('',*,*,#719,.F.);
#926=ORIENTED_EDGE('',*,*,#722,.F.);
#927=ORIENTED_EDGE('',*,*,#723,.F.);
#928=ORIENTED_EDGE('',*,*,#724,.T.);
#929=ORIENTED_EDGE('',*,*,#725,.F.);
#930=ORIENTED_EDGE('',*,*,#726,.F.);
#931=ORIENTED_EDGE('',*,*,#727,.F.);
#932=ORIENTED_EDGE('',*,*,#728,.F.);
#933=ORIENTED_EDGE('',*,*,#729,.F.);
#934=ORIENTED_EDGE('',*,*,#730,.T.);
#935=ORIENTED_EDGE('',*,*,#731,.F.);
#936=ORIENTED_EDGE('',*,*,#732,.T.);
#937=ORIENTED_EDGE('',*,*,#733,.F.);
#938=ORIENTED_EDGE('',*,*,#734,.F.);
#939=ORIENTED_EDGE('',*,*,#735,.F.);
#940=ORIENTED_EDGE('',*,*,#736,.F.);
#941=ORIENTED_EDGE('',*,*,#737,.F.);
#942=ORIENTED_EDGE('',*,*,#738,.T.);
#943=ORIENTED_EDGE('',*,*,#739,.F.);
#944=ORIENTED_EDGE('',*,*,#740,.F.);
#945=ORIENTED_EDGE('',*,*,#741,.F.);
#946=ORIENTED_EDGE('',*,*,#742,.F.);
#947=ORIENTED_EDGE('',*,*,#743,.F.);
#948=ORIENTED_EDGE('',*,*,#720,.F.);
#949=ORIENTED_EDGE('',*,*,#744,.T.);
#950=ORIENTED_EDGE('',*,*,#745,.T.);
#951=ORIENTED_EDGE('',*,*,#746,.F.);
#952=ORIENTED_EDGE('',*,*,#747,.T.);
#953=ORIENTED_EDGE('',*,*,#723,.T.);
#954=ORIENTED_EDGE('',*,*,#721,.T.);
#955=ORIENTED_EDGE('',*,*,#747,.F.);
#956=ORIENTED_EDGE('',*,*,#748,.F.);
#957=ORIENTED_EDGE('',*,*,#749,.T.);
#958=ORIENTED_EDGE('',*,*,#744,.F.);
#959=ORIENTED_EDGE('',*,*,#750,.T.);
#960=ORIENTED_EDGE('',*,*,#751,.F.);
#961=ORIENTED_EDGE('',*,*,#752,.T.);
#962=ORIENTED_EDGE('',*,*,#753,.T.);
#963=ORIENTED_EDGE('',*,*,#754,.T.);
#964=ORIENTED_EDGE('',*,*,#749,.F.);
#965=ORIENTED_EDGE('',*,*,#755,.F.);
#966=ORIENTED_EDGE('',*,*,#750,.F.);
#967=ORIENTED_EDGE('',*,*,#756,.T.);
#968=ORIENTED_EDGE('',*,*,#757,.T.);
#969=ORIENTED_EDGE('',*,*,#758,.T.);
#970=ORIENTED_EDGE('',*,*,#751,.T.);
#971=ORIENTED_EDGE('',*,*,#755,.T.);
#972=ORIENTED_EDGE('',*,*,#759,.T.);
#973=ORIENTED_EDGE('',*,*,#760,.T.);
#974=ORIENTED_EDGE('',*,*,#761,.T.);
#975=ORIENTED_EDGE('',*,*,#762,.T.);
#976=ORIENTED_EDGE('',*,*,#753,.F.);
#977=ORIENTED_EDGE('',*,*,#759,.F.);
#978=ORIENTED_EDGE('',*,*,#752,.F.);
#979=ORIENTED_EDGE('',*,*,#758,.F.);
#980=ORIENTED_EDGE('',*,*,#763,.F.);
#981=ORIENTED_EDGE('',*,*,#764,.F.);
#982=ORIENTED_EDGE('',*,*,#765,.F.);
#983=ORIENTED_EDGE('',*,*,#766,.F.);
#984=ORIENTED_EDGE('',*,*,#767,.F.);
#985=ORIENTED_EDGE('',*,*,#745,.F.);
#986=ORIENTED_EDGE('',*,*,#754,.F.);
#987=ORIENTED_EDGE('',*,*,#762,.F.);
#988=ORIENTED_EDGE('',*,*,#761,.F.);
#989=ORIENTED_EDGE('',*,*,#768,.F.);
#990=ORIENTED_EDGE('',*,*,#756,.F.);
#991=ORIENTED_EDGE('',*,*,#748,.T.);
#992=ORIENTED_EDGE('',*,*,#746,.T.);
#993=ORIENTED_EDGE('',*,*,#769,.T.);
#994=ORIENTED_EDGE('',*,*,#770,.T.);
#995=ORIENTED_EDGE('',*,*,#771,.T.);
#996=ORIENTED_EDGE('',*,*,#772,.T.);
#997=ORIENTED_EDGE('',*,*,#773,.T.);
#998=ORIENTED_EDGE('',*,*,#774,.T.);
#999=ORIENTED_EDGE('',*,*,#775,.T.);
#1000=ORIENTED_EDGE('',*,*,#776,.T.);
#1001=ORIENTED_EDGE('',*,*,#760,.F.);
#1002=ORIENTED_EDGE('',*,*,#767,.T.);
#1003=ORIENTED_EDGE('',*,*,#777,.T.);
#1004=ORIENTED_EDGE('',*,*,#778,.T.);
#1005=ORIENTED_EDGE('',*,*,#779,.T.);
#1006=ORIENTED_EDGE('',*,*,#780,.T.);
#1007=ORIENTED_EDGE('',*,*,#781,.T.);
#1008=ORIENTED_EDGE('',*,*,#782,.T.);
#1009=ORIENTED_EDGE('',*,*,#783,.T.);
#1010=ORIENTED_EDGE('',*,*,#784,.T.);
#1011=ORIENTED_EDGE('',*,*,#763,.T.);
#1012=ORIENTED_EDGE('',*,*,#757,.F.);
#1013=ORIENTED_EDGE('',*,*,#768,.T.);
#1014=ORIENTED_EDGE('',*,*,#785,.T.);
#1015=ORIENTED_EDGE('',*,*,#786,.T.);
#1016=ORIENTED_EDGE('',*,*,#787,.T.);
#1017=ORIENTED_EDGE('',*,*,#788,.T.);
#1018=ORIENTED_EDGE('',*,*,#789,.T.);
#1019=ORIENTED_EDGE('',*,*,#790,.T.);
#1020=ORIENTED_EDGE('',*,*,#791,.T.);
#1021=ORIENTED_EDGE('',*,*,#792,.T.);
#1022=ORIENTED_EDGE('',*,*,#793,.T.);
#1023=ORIENTED_EDGE('',*,*,#794,.T.);
#1024=ORIENTED_EDGE('',*,*,#795,.T.);
#1025=ORIENTED_EDGE('',*,*,#765,.T.);
#1026=ORIENTED_EDGE('',*,*,#792,.F.);
#1027=ORIENTED_EDGE('',*,*,#796,.T.);
#1028=ORIENTED_EDGE('',*,*,#790,.F.);
#1029=ORIENTED_EDGE('',*,*,#797,.T.);
#1030=ORIENTED_EDGE('',*,*,#795,.F.);
#1031=ORIENTED_EDGE('',*,*,#798,.T.);
#1032=ORIENTED_EDGE('',*,*,#791,.F.);
#1033=ORIENTED_EDGE('',*,*,#799,.T.);
#1034=ORIENTED_EDGE('',*,*,#800,.T.);
#1035=ORIENTED_EDGE('',*,*,#801,.T.);
#1036=ORIENTED_EDGE('',*,*,#802,.T.);
#1037=ORIENTED_EDGE('',*,*,#803,.T.);
#1038=ORIENTED_EDGE('',*,*,#800,.F.);
#1039=ORIENTED_EDGE('',*,*,#804,.T.);
#1040=ORIENTED_EDGE('',*,*,#804,.F.);
#1041=ORIENTED_EDGE('',*,*,#799,.F.);
#1042=ORIENTED_EDGE('',*,*,#798,.F.);
#1043=ORIENTED_EDGE('',*,*,#796,.F.);
#1044=ORIENTED_EDGE('',*,*,#805,.F.);
#1045=ORIENTED_EDGE('',*,*,#806,.F.);
#1046=ORIENTED_EDGE('',*,*,#794,.F.);
#1047=ORIENTED_EDGE('',*,*,#807,.T.);
#1048=ORIENTED_EDGE('',*,*,#808,.T.);
#1049=ORIENTED_EDGE('',*,*,#805,.T.);
#1050=ORIENTED_EDGE('',*,*,#793,.F.);
#1051=ORIENTED_EDGE('',*,*,#764,.T.);
#1052=ORIENTED_EDGE('',*,*,#784,.F.);
#1053=ORIENTED_EDGE('',*,*,#809,.T.);
#1054=ORIENTED_EDGE('',*,*,#803,.F.);
#1055=ORIENTED_EDGE('',*,*,#810,.T.);
#1056=ORIENTED_EDGE('',*,*,#780,.F.);
#1057=ORIENTED_EDGE('',*,*,#811,.T.);
#1058=ORIENTED_EDGE('',*,*,#810,.F.);
#1059=ORIENTED_EDGE('',*,*,#812,.F.);
#1060=ORIENTED_EDGE('',*,*,#813,.F.);
#1061=ORIENTED_EDGE('',*,*,#781,.F.);
#1062=ORIENTED_EDGE('',*,*,#802,.F.);
#1063=ORIENTED_EDGE('',*,*,#806,.T.);
#1064=ORIENTED_EDGE('',*,*,#814,.T.);
#1065=ORIENTED_EDGE('',*,*,#812,.T.);
#1066=ORIENTED_EDGE('',*,*,#797,.F.);
#1067=ORIENTED_EDGE('',*,*,#815,.T.);
#1068=ORIENTED_EDGE('',*,*,#777,.F.);
#1069=ORIENTED_EDGE('',*,*,#766,.T.);
#1070=ORIENTED_EDGE('',*,*,#789,.F.);
#1071=ORIENTED_EDGE('',*,*,#816,.F.);
#1072=ORIENTED_EDGE('',*,*,#778,.F.);
#1073=ORIENTED_EDGE('',*,*,#815,.F.);
#1074=ORIENTED_EDGE('',*,*,#801,.F.);
#1075=ORIENTED_EDGE('',*,*,#811,.F.);
#1076=ORIENTED_EDGE('',*,*,#779,.F.);
#1077=ORIENTED_EDGE('',*,*,#816,.T.);
#1078=ORIENTED_EDGE('',*,*,#817,.T.);
#1079=ORIENTED_EDGE('',*,*,#818,.T.);
#1080=ORIENTED_EDGE('',*,*,#769,.F.);
#1081=ORIENTED_EDGE('',*,*,#819,.F.);
#1082=ORIENTED_EDGE('',*,*,#820,.T.);
#1083=ORIENTED_EDGE('',*,*,#821,.T.);
#1084=ORIENTED_EDGE('',*,*,#773,.F.);
#1085=ORIENTED_EDGE('',*,*,#822,.F.);
#1086=ORIENTED_EDGE('',*,*,#823,.F.);
#1087=ORIENTED_EDGE('',*,*,#824,.F.);
#1088=ORIENTED_EDGE('',*,*,#825,.F.);
#1089=ORIENTED_EDGE('',*,*,#826,.F.);
#1090=ORIENTED_EDGE('',*,*,#827,.F.);
#1091=ORIENTED_EDGE('',*,*,#822,.T.);
#1092=ORIENTED_EDGE('',*,*,#772,.F.);
#1093=ORIENTED_EDGE('',*,*,#828,.F.);
#1094=ORIENTED_EDGE('',*,*,#829,.F.);
#1095=ORIENTED_EDGE('',*,*,#830,.T.);
#1096=ORIENTED_EDGE('',*,*,#770,.F.);
#1097=ORIENTED_EDGE('',*,*,#818,.F.);
#1098=ORIENTED_EDGE('',*,*,#831,.F.);
#1099=ORIENTED_EDGE('',*,*,#819,.T.);
#1100=ORIENTED_EDGE('',*,*,#776,.F.);
#1101=ORIENTED_EDGE('',*,*,#832,.F.);
#1102=ORIENTED_EDGE('',*,*,#833,.F.);
#1103=ORIENTED_EDGE('',*,*,#834,.T.);
#1104=ORIENTED_EDGE('',*,*,#774,.F.);
#1105=ORIENTED_EDGE('',*,*,#821,.F.);
#1106=ORIENTED_EDGE('',*,*,#835,.F.);
#1107=ORIENTED_EDGE('',*,*,#836,.T.);
#1108=ORIENTED_EDGE('',*,*,#837,.F.);
#1109=ORIENTED_EDGE('',*,*,#838,.T.);
#1110=ORIENTED_EDGE('',*,*,#835,.T.);
#1111=ORIENTED_EDGE('',*,*,#839,.T.);
#1112=ORIENTED_EDGE('',*,*,#840,.F.);
#1113=ORIENTED_EDGE('',*,*,#841,.F.);
#1114=ORIENTED_EDGE('',*,*,#842,.F.);
#1115=ORIENTED_EDGE('',*,*,#732,.F.);
#1116=ORIENTED_EDGE('',*,*,#843,.F.);
#1117=ORIENTED_EDGE('',*,*,#844,.T.);
#1118=ORIENTED_EDGE('',*,*,#845,.T.);
#1119=ORIENTED_EDGE('',*,*,#838,.F.);
#1120=ORIENTED_EDGE('',*,*,#846,.F.);
#1121=ORIENTED_EDGE('',*,*,#847,.F.);
#1122=ORIENTED_EDGE('',*,*,#839,.F.);
#1123=ORIENTED_EDGE('',*,*,#848,.F.);
#1124=ORIENTED_EDGE('',*,*,#849,.T.);
#1125=ORIENTED_EDGE('',*,*,#850,.F.);
#1126=ORIENTED_EDGE('',*,*,#851,.T.);
#1127=ORIENTED_EDGE('',*,*,#850,.T.);
#1128=ORIENTED_EDGE('',*,*,#852,.T.);
#1129=ORIENTED_EDGE('',*,*,#853,.F.);
#1130=ORIENTED_EDGE('',*,*,#738,.F.);
#1131=ORIENTED_EDGE('',*,*,#854,.F.);
#1132=ORIENTED_EDGE('',*,*,#855,.F.);
#1133=ORIENTED_EDGE('',*,*,#856,.F.);
#1134=ORIENTED_EDGE('',*,*,#857,.T.);
#1135=ORIENTED_EDGE('',*,*,#858,.T.);
#1136=ORIENTED_EDGE('',*,*,#849,.F.);
#1137=ORIENTED_EDGE('',*,*,#859,.F.);
#1138=ORIENTED_EDGE('',*,*,#860,.F.);
#1139=ORIENTED_EDGE('',*,*,#852,.F.);
#1140=ORIENTED_EDGE('',*,*,#861,.T.);
#1141=ORIENTED_EDGE('',*,*,#862,.T.);
#1142=ORIENTED_EDGE('',*,*,#856,.T.);
#1143=ORIENTED_EDGE('',*,*,#863,.T.);
#1144=ORIENTED_EDGE('',*,*,#851,.F.);
#1145=ORIENTED_EDGE('',*,*,#857,.F.);
#1146=ORIENTED_EDGE('',*,*,#862,.F.);
#1147=ORIENTED_EDGE('',*,*,#864,.F.);
#1148=ORIENTED_EDGE('',*,*,#853,.T.);
#1149=ORIENTED_EDGE('',*,*,#860,.T.);
#1150=ORIENTED_EDGE('',*,*,#865,.T.);
#1151=ORIENTED_EDGE('',*,*,#739,.T.);
#1152=ORIENTED_EDGE('',*,*,#866,.T.);
#1153=ORIENTED_EDGE('',*,*,#867,.T.);
#1154=ORIENTED_EDGE('',*,*,#843,.T.);
#1155=ORIENTED_EDGE('',*,*,#731,.T.);
#1156=ORIENTED_EDGE('',*,*,#836,.F.);
#1157=ORIENTED_EDGE('',*,*,#844,.F.);
#1158=ORIENTED_EDGE('',*,*,#867,.F.);
#1159=ORIENTED_EDGE('',*,*,#868,.F.);
#1160=ORIENTED_EDGE('',*,*,#840,.T.);
#1161=ORIENTED_EDGE('',*,*,#847,.T.);
#1162=ORIENTED_EDGE('',*,*,#869,.T.);
#1163=ORIENTED_EDGE('',*,*,#870,.T.);
#1164=ORIENTED_EDGE('',*,*,#842,.T.);
#1165=ORIENTED_EDGE('',*,*,#871,.T.);
#1166=ORIENTED_EDGE('',*,*,#872,.T.);
#1167=ORIENTED_EDGE('',*,*,#733,.T.);
#1168=ORIENTED_EDGE('',*,*,#872,.F.);
#1169=ORIENTED_EDGE('',*,*,#873,.T.);
#1170=ORIENTED_EDGE('',*,*,#874,.T.);
#1171=ORIENTED_EDGE('',*,*,#734,.T.);
#1172=ORIENTED_EDGE('',*,*,#875,.T.);
#1173=ORIENTED_EDGE('',*,*,#735,.T.);
#1174=ORIENTED_EDGE('',*,*,#874,.F.);
#1175=ORIENTED_EDGE('',*,*,#876,.T.);
#1176=ORIENTED_EDGE('',*,*,#875,.F.);
#1177=ORIENTED_EDGE('',*,*,#877,.T.);
#1178=ORIENTED_EDGE('',*,*,#878,.T.);
#1179=ORIENTED_EDGE('',*,*,#736,.T.);
#1180=ORIENTED_EDGE('',*,*,#854,.T.);
#1181=ORIENTED_EDGE('',*,*,#737,.T.);
#1182=ORIENTED_EDGE('',*,*,#878,.F.);
#1183=ORIENTED_EDGE('',*,*,#879,.T.);
#1184=ORIENTED_EDGE('',*,*,#855,.T.);
#1185=ORIENTED_EDGE('',*,*,#879,.F.);
#1186=ORIENTED_EDGE('',*,*,#880,.F.);
#1187=ORIENTED_EDGE('',*,*,#820,.F.);
#1188=ORIENTED_EDGE('',*,*,#881,.F.);
#1189=ORIENTED_EDGE('',*,*,#882,.F.);
#1190=ORIENTED_EDGE('',*,*,#883,.T.);
#1191=ORIENTED_EDGE('',*,*,#863,.F.);
#1192=ORIENTED_EDGE('',*,*,#877,.F.);
#1193=ORIENTED_EDGE('',*,*,#884,.T.);
#1194=ORIENTED_EDGE('',*,*,#833,.T.);
#1195=ORIENTED_EDGE('',*,*,#880,.T.);
#1196=ORIENTED_EDGE('',*,*,#876,.F.);
#1197=ORIENTED_EDGE('',*,*,#885,.F.);
#1198=ORIENTED_EDGE('',*,*,#832,.T.);
#1199=ORIENTED_EDGE('',*,*,#775,.F.);
#1200=ORIENTED_EDGE('',*,*,#834,.F.);
#1201=ORIENTED_EDGE('',*,*,#884,.F.);
#1202=ORIENTED_EDGE('',*,*,#873,.F.);
#1203=ORIENTED_EDGE('',*,*,#886,.T.);
#1204=ORIENTED_EDGE('',*,*,#831,.T.);
#1205=ORIENTED_EDGE('',*,*,#885,.T.);
#1206=ORIENTED_EDGE('',*,*,#887,.T.);
#1207=ORIENTED_EDGE('',*,*,#888,.F.);
#1208=ORIENTED_EDGE('',*,*,#889,.F.);
#1209=ORIENTED_EDGE('',*,*,#817,.F.);
#1210=ORIENTED_EDGE('',*,*,#886,.F.);
#1211=ORIENTED_EDGE('',*,*,#871,.F.);
#1212=ORIENTED_EDGE('',*,*,#841,.T.);
#1213=ORIENTED_EDGE('',*,*,#870,.F.);
#1214=ORIENTED_EDGE('',*,*,#890,.T.);
#1215=ORIENTED_EDGE('',*,*,#729,.T.);
#1216=ORIENTED_EDGE('',*,*,#891,.T.);
#1217=ORIENTED_EDGE('',*,*,#888,.T.);
#1218=ORIENTED_EDGE('',*,*,#892,.T.);
#1219=ORIENTED_EDGE('',*,*,#893,.T.);
#1220=ORIENTED_EDGE('',*,*,#891,.F.);
#1221=ORIENTED_EDGE('',*,*,#728,.T.);
#1222=ORIENTED_EDGE('',*,*,#894,.T.);
#1223=ORIENTED_EDGE('',*,*,#895,.T.);
#1224=ORIENTED_EDGE('',*,*,#892,.F.);
#1225=ORIENTED_EDGE('',*,*,#727,.T.);
#1226=ORIENTED_EDGE('',*,*,#896,.T.);
#1227=ORIENTED_EDGE('',*,*,#897,.T.);
#1228=ORIENTED_EDGE('',*,*,#894,.F.);
#1229=ORIENTED_EDGE('',*,*,#726,.T.);
#1230=ORIENTED_EDGE('',*,*,#898,.T.);
#1231=ORIENTED_EDGE('',*,*,#882,.T.);
#1232=ORIENTED_EDGE('',*,*,#896,.F.);
#1233=ORIENTED_EDGE('',*,*,#725,.T.);
#1234=ORIENTED_EDGE('',*,*,#848,.T.);
#1235=ORIENTED_EDGE('',*,*,#864,.T.);
#1236=ORIENTED_EDGE('',*,*,#861,.F.);
#1237=ORIENTED_EDGE('',*,*,#883,.F.);
#1238=ORIENTED_EDGE('',*,*,#898,.F.);
#1239=ORIENTED_EDGE('',*,*,#724,.F.);
#1240=ORIENTED_EDGE('',*,*,#865,.F.);
#1241=ORIENTED_EDGE('',*,*,#859,.T.);
#1242=ORIENTED_EDGE('',*,*,#899,.T.);
#1243=ORIENTED_EDGE('',*,*,#893,.F.);
#1244=ORIENTED_EDGE('',*,*,#900,.T.);
#1245=ORIENTED_EDGE('',*,*,#829,.T.);
#1246=ORIENTED_EDGE('',*,*,#889,.T.);
#1247=ORIENTED_EDGE('',*,*,#895,.F.);
#1248=ORIENTED_EDGE('',*,*,#901,.F.);
#1249=ORIENTED_EDGE('',*,*,#828,.T.);
#1250=ORIENTED_EDGE('',*,*,#771,.F.);
#1251=ORIENTED_EDGE('',*,*,#830,.F.);
#1252=ORIENTED_EDGE('',*,*,#900,.F.);
#1253=ORIENTED_EDGE('',*,*,#897,.F.);
#1254=ORIENTED_EDGE('',*,*,#881,.T.);
#1255=ORIENTED_EDGE('',*,*,#827,.T.);
#1256=ORIENTED_EDGE('',*,*,#901,.T.);
#1257=ORIENTED_EDGE('',*,*,#902,.T.);
#1258=ORIENTED_EDGE('',*,*,#903,.T.);
#1259=ORIENTED_EDGE('',*,*,#904,.F.);
#1260=ORIENTED_EDGE('',*,*,#903,.F.);
#1261=ORIENTED_EDGE('',*,*,#902,.F.);
#1262=ORIENTED_EDGE('',*,*,#845,.F.);
#1263=ORIENTED_EDGE('',*,*,#905,.T.);
#1264=ORIENTED_EDGE('',*,*,#906,.T.);
#1265=ORIENTED_EDGE('',*,*,#905,.F.);
#1266=ORIENTED_EDGE('',*,*,#906,.F.);
#1267=ORIENTED_EDGE('',*,*,#858,.F.);
#1268=ORIENTED_EDGE('',*,*,#907,.T.);
#1269=ORIENTED_EDGE('',*,*,#908,.T.);
#1270=ORIENTED_EDGE('',*,*,#907,.F.);
#1271=ORIENTED_EDGE('',*,*,#908,.F.);
#1272=ORIENTED_EDGE('',*,*,#909,.T.);
#1273=ORIENTED_EDGE('',*,*,#910,.T.);
#1274=ORIENTED_EDGE('',*,*,#899,.F.);
#1275=ORIENTED_EDGE('',*,*,#910,.F.);
#1276=ORIENTED_EDGE('',*,*,#911,.F.);
#1277=ORIENTED_EDGE('',*,*,#814,.F.);
#1278=ORIENTED_EDGE('',*,*,#808,.F.);
#1279=ORIENTED_EDGE('',*,*,#809,.F.);
#1280=ORIENTED_EDGE('',*,*,#783,.F.);
#1281=ORIENTED_EDGE('',*,*,#912,.F.);
#1282=ORIENTED_EDGE('',*,*,#807,.F.);
#1283=ORIENTED_EDGE('',*,*,#813,.T.);
#1284=ORIENTED_EDGE('',*,*,#911,.T.);
#1285=ORIENTED_EDGE('',*,*,#912,.T.);
#1286=ORIENTED_EDGE('',*,*,#782,.F.);
#1287=ORIENTED_EDGE('',*,*,#785,.F.);
#1288=ORIENTED_EDGE('',*,*,#913,.T.);
#1289=ORIENTED_EDGE('',*,*,#823,.T.);
#1290=ORIENTED_EDGE('',*,*,#913,.F.);
#1291=ORIENTED_EDGE('',*,*,#786,.F.);
#1292=ORIENTED_EDGE('',*,*,#914,.T.);
#1293=ORIENTED_EDGE('',*,*,#826,.T.);
#1294=ORIENTED_EDGE('',*,*,#914,.F.);
#1295=ORIENTED_EDGE('',*,*,#787,.F.);
#1296=ORIENTED_EDGE('',*,*,#915,.T.);
#1297=ORIENTED_EDGE('',*,*,#825,.T.);
#1298=ORIENTED_EDGE('',*,*,#915,.F.);
#1299=ORIENTED_EDGE('',*,*,#788,.F.);
#1300=ORIENTED_EDGE('',*,*,#916,.T.);
#1301=ORIENTED_EDGE('',*,*,#824,.T.);
#1302=ORIENTED_EDGE('',*,*,#916,.F.);
#1303=ORIENTED_EDGE('',*,*,#837,.T.);
#1304=ORIENTED_EDGE('',*,*,#868,.T.);
#1305=ORIENTED_EDGE('',*,*,#866,.F.);
#1306=ORIENTED_EDGE('',*,*,#730,.F.);
#1307=ORIENTED_EDGE('',*,*,#890,.F.);
#1308=ORIENTED_EDGE('',*,*,#887,.F.);
#1309=ORIENTED_EDGE('',*,*,#869,.F.);
#1310=ORIENTED_EDGE('',*,*,#846,.T.);
#1311=ORIENTED_EDGE('',*,*,#904,.T.);
#1312=ORIENTED_EDGE('',*,*,#742,.T.);
#1313=ORIENTED_EDGE('',*,*,#917,.T.);
#1314=ORIENTED_EDGE('',*,*,#743,.T.);
#1315=ORIENTED_EDGE('',*,*,#917,.F.);
#1316=ORIENTED_EDGE('',*,*,#741,.T.);
#1317=ORIENTED_EDGE('',*,*,#918,.F.);
#1318=ORIENTED_EDGE('',*,*,#740,.T.);
#1319=ORIENTED_EDGE('',*,*,#918,.T.);
#1320=ORIENTED_EDGE('',*,*,#909,.F.);
#1321=B_SPLINE_SURFACE_WITH_KNOTS('',3,3,((#2032,#2033,#2034,#2035,#2036,
#2037,#2038,#2039,#2040,#2041,#2042,#2043,#2044),(#2045,#2046,#2047,#2048,
#2049,#2050,#2051,#2052,#2053,#2054,#2055,#2056,#2057),(#2058,#2059,#2060,
#2061,#2062,#2063,#2064,#2065,#2066,#2067,#2068,#2069,#2070),(#2071,#2072,
#2073,#2074,#2075,#2076,#2077,#2078,#2079,#2080,#2081,#2082,#2083),(#2084,
#2085,#2086,#2087,#2088,#2089,#2090,#2091,#2092,#2093,#2094,#2095,#2096),
(#2097,#2098,#2099,#2100,#2101,#2102,#2103,#2104,#2105,#2106,#2107,#2108,
#2109)),.UNSPECIFIED.,.F.,.T.,.F.,(4,1,1,4),(4,1,1,1,1,1,1,1,1,1,4),(0.,
0.285714285714286,0.571428571428571,1.),(0.,0.087162705748089,0.174325411496178,
0.348650822992356,0.522976234488534,0.610138940236623,0.697301645984712,
0.87162705748089,1.04595246897707,1.13311517472516,1.22027788047325),
 .UNSPECIFIED.);
#1322=B_SPLINE_SURFACE_WITH_KNOTS('',3,3,((#2385,#2386,#2387,#2388,#2389,
#2390,#2391,#2392,#2393,#2394),(#2395,#2396,#2397,#2398,#2399,#2400,#2401,
#2402,#2403,#2404),(#2405,#2406,#2407,#2408,#2409,#2410,#2411,#2412,#2413,
#2414),(#2415,#2416,#2417,#2418,#2419,#2420,#2421,#2422,#2423,#2424),(#2425,
#2426,#2427,#2428,#2429,#2430,#2431,#2432,#2433,#2434)),.UNSPECIFIED.,.F.,
 .F.,.F.,(4,1,4),(4,2,1,1,1,1,4),(0.,0.571428571428571,1.),(-0.0281782094431546,
-0.027891326392845,-0.016734795835707,-0.011156530557138,-0.005578265278569,
-0.0027891326392845,-7.69501278803778E-33),.UNSPECIFIED.);
#1323=B_SPLINE_SURFACE_WITH_KNOTS('',3,3,((#2652,#2653,#2654,#2655,#2656,
#2657,#2658),(#2659,#2660,#2661,#2662,#2663,#2664,#2665),(#2666,#2667,#2668,
#2669,#2670,#2671,#2672),(#2673,#2674,#2675,#2676,#2677,#2678,#2679),(#2680,
#2681,#2682,#2683,#2684,#2685,#2686),(#2687,#2688,#2689,#2690,#2691,#2692,
#2693),(#2694,#2695,#2696,#2697,#2698,#2699,#2700)),.UNSPECIFIED.,.F.,.F.,
 .F.,(4,1,1,1,4),(4,1,1,1,4),(0.,0.285714285714286,0.571428571428571,0.785714285714286,
1.),(0.,0.388781042789983,0.647968404649971,0.777562085579965,0.90715576650996),
 .UNSPECIFIED.);
#1324=B_SPLINE_SURFACE_WITH_KNOTS('',3,3,((#2714,#2715,#2716,#2717,#2718,
#2719,#2720),(#2721,#2722,#2723,#2724,#2725,#2726,#2727),(#2728,#2729,#2730,
#2731,#2732,#2733,#2734),(#2735,#2736,#2737,#2738,#2739,#2740,#2741),(#2742,
#2743,#2744,#2745,#2746,#2747,#2748),(#2749,#2750,#2751,#2752,#2753,#2754,
#2755),(#2756,#2757,#2758,#2759,#2760,#2761,#2762)),.UNSPECIFIED.,.F.,.F.,
 .F.,(4,1,1,1,4),(4,1,1,1,4),(0.,0.285714285714286,0.571428571428571,0.785714285714286,
1.),(0.,0.129595769423394,0.388787308270183,0.647978847116972,0.90717038596376),
 .UNSPECIFIED.);
#1325=B_SPLINE_SURFACE_WITH_KNOTS('',3,3,((#2796,#2797,#2798,#2799,#2800,
#2801,#2802),(#2803,#2804,#2805,#2806,#2807,#2808,#2809),(#2810,#2811,#2812,
#2813,#2814,#2815,#2816),(#2817,#2818,#2819,#2820,#2821,#2822,#2823),(#2824,
#2825,#2826,#2827,#2828,#2829,#2830),(#2831,#2832,#2833,#2834,#2835,#2836,
#2837)),.UNSPECIFIED.,.F.,.F.,.F.,(4,1,1,4),(4,1,1,1,4),(0.,0.285714285714286,
0.571428571428571,1.),(0.,0.129593680914697,0.388781042744091,0.647968404573485,
0.907155766402878),.UNSPECIFIED.);
#1326=B_SPLINE_SURFACE_WITH_KNOTS('',3,3,((#2851,#2852,#2853,#2854,#2855,
#2856,#2857),(#2858,#2859,#2860,#2861,#2862,#2863,#2864),(#2865,#2866,#2867,
#2868,#2869,#2870,#2871),(#2872,#2873,#2874,#2875,#2876,#2877,#2878),(#2879,
#2880,#2881,#2882,#2883,#2884,#2885),(#2886,#2887,#2888,#2889,#2890,#2891,
#2892)),.UNSPECIFIED.,.F.,.F.,.F.,(4,1,1,4),(4,1,1,1,4),(0.,0.285714285714286,
0.571428571428571,1.),(0.,0.388787308270183,0.647978847116971,0.777574616540365,
0.90717038596376),.UNSPECIFIED.);
#1327=ADVANCED_FACE('',(#313),#1321,.F.);
#1328=ADVANCED_FACE('',(#314),#274,.F.);
#1329=ADVANCED_FACE('',(#315,#71,#72),#275,.F.);
#1330=ADVANCED_FACE('',(#316),#67,.T.);
#1331=ADVANCED_FACE('',(#317),#276,.T.);
#1332=ADVANCED_FACE('',(#318),#26,.T.);
#1333=ADVANCED_FACE('',(#319),#277,.T.);
#1334=ADVANCED_FACE('',(#320),#278,.T.);
#1335=ADVANCED_FACE('',(#321),#27,.F.);
#1336=ADVANCED_FACE('',(#322),#28,.T.);
#1337=ADVANCED_FACE('',(#323),#279,.F.);
#1338=ADVANCED_FACE('',(#324,#73,#74,#75,#76,#77),#29,.T.);
#1339=ADVANCED_FACE('',(#325),#1322,.T.);
#1340=ADVANCED_FACE('',(#326),#24,.F.);
#1341=ADVANCED_FACE('',(#327),#280,.F.);
#1342=ADVANCED_FACE('',(#328),#68,.F.);
#1343=ADVANCED_FACE('',(#329),#281,.F.);
#1344=ADVANCED_FACE('',(#330),#19,.T.);
#1345=ADVANCED_FACE('',(#331),#30,.F.);
#1346=ADVANCED_FACE('',(#332),#282,.F.);
#1347=ADVANCED_FACE('',(#333),#283,.F.);
#1348=ADVANCED_FACE('',(#334),#284,.F.);
#1349=ADVANCED_FACE('',(#335),#31,.F.);
#1350=ADVANCED_FACE('',(#336),#285,.F.);
#1351=ADVANCED_FACE('',(#337),#286,.T.);
#1352=ADVANCED_FACE('',(#338),#287,.F.);
#1353=ADVANCED_FACE('',(#339),#32,.F.);
#1354=ADVANCED_FACE('',(#340),#33,.T.);
#1355=ADVANCED_FACE('',(#341),#34,.T.);
#1356=ADVANCED_FACE('',(#342),#35,.T.);
#1357=ADVANCED_FACE('',(#343),#36,.T.);
#1358=ADVANCED_FACE('',(#344),#37,.T.);
#1359=ADVANCED_FACE('',(#345),#38,.T.);
#1360=ADVANCED_FACE('',(#346),#20,.F.);
#1361=ADVANCED_FACE('',(#347),#21,.F.);
#1362=ADVANCED_FACE('',(#348),#22,.F.);
#1363=ADVANCED_FACE('',(#349),#23,.F.);
#1364=ADVANCED_FACE('',(#350),#288,.F.);
#1365=ADVANCED_FACE('',(#351,#78),#39,.F.);
#1366=ADVANCED_FACE('',(#352),#40,.F.);
#1367=ADVANCED_FACE('',(#353),#289,.F.);
#1368=ADVANCED_FACE('',(#354,#79),#41,.F.);
#1369=ADVANCED_FACE('',(#355),#42,.F.);
#1370=ADVANCED_FACE('',(#356),#290,.T.);
#1371=ADVANCED_FACE('',(#357),#43,.F.);
#1372=ADVANCED_FACE('',(#358),#291,.T.);
#1373=ADVANCED_FACE('',(#359),#292,.T.);
#1374=ADVANCED_FACE('',(#360),#44,.F.);
#1375=ADVANCED_FACE('',(#361),#293,.T.);
#1376=ADVANCED_FACE('',(#362),#294,.T.);
#1377=ADVANCED_FACE('',(#363),#1323,.F.);
#1378=ADVANCED_FACE('',(#364),#69,.T.);
#1379=ADVANCED_FACE('',(#365),#1324,.F.);
#1380=ADVANCED_FACE('',(#366),#295,.T.);
#1381=ADVANCED_FACE('',(#367),#45,.T.);
#1382=ADVANCED_FACE('',(#368),#296,.T.);
#1383=ADVANCED_FACE('',(#369),#46,.F.);
#1384=ADVANCED_FACE('',(#370),#297,.T.);
#1385=ADVANCED_FACE('',(#371),#47,.T.);
#1386=ADVANCED_FACE('',(#372),#298,.T.);
#1387=ADVANCED_FACE('',(#373),#1325,.F.);
#1388=ADVANCED_FACE('',(#374),#70,.T.);
#1389=ADVANCED_FACE('',(#375),#1326,.F.);
#1390=ADVANCED_FACE('',(#376),#299,.T.);
#1391=ADVANCED_FACE('',(#377,#80),#48,.F.);
#1392=ADVANCED_FACE('',(#378),#300,.T.);
#1393=ADVANCED_FACE('',(#379),#49,.F.);
#1394=ADVANCED_FACE('',(#380),#301,.T.);
#1395=ADVANCED_FACE('',(#381),#302,.F.);
#1396=ADVANCED_FACE('',(#382),#50,.T.);
#1397=ADVANCED_FACE('',(#383),#303,.F.);
#1398=ADVANCED_FACE('',(#384),#51,.F.);
#1399=ADVANCED_FACE('',(#385),#304,.F.);
#1400=ADVANCED_FACE('',(#386),#52,.F.);
#1401=ADVANCED_FACE('',(#387),#305,.F.);
#1402=ADVANCED_FACE('',(#388),#25,.F.);
#1403=ADVANCED_FACE('',(#389),#53,.F.);
#1404=ADVANCED_FACE('',(#390),#306,.F.);
#1405=ADVANCED_FACE('',(#391),#307,.F.);
#1406=ADVANCED_FACE('',(#392),#308,.F.);
#1407=ADVANCED_FACE('',(#393),#309,.F.);
#1408=ADVANCED_FACE('',(#394),#310,.F.);
#1409=ADVANCED_FACE('',(#395,#81),#54,.F.);
#1410=ADVANCED_FACE('',(#396),#311,.T.);
#1411=ADVANCED_FACE('',(#397),#55,.T.);
#1412=ADVANCED_FACE('',(#398),#312,.T.);
#1413=ADVANCED_FACE('',(#399),#56,.T.);
#1414=CLOSED_SHELL('',(#1327,#1328,#1329,#1330,#1331,#1332,#1333,#1334,
#1335,#1336,#1337,#1338,#1339,#1340,#1341,#1342,#1343,#1344,#1345,#1346,
#1347,#1348,#1349,#1350,#1351,#1352,#1353,#1354,#1355,#1356,#1357,#1358,
#1359,#1360,#1361,#1362,#1363,#1364,#1365,#1366,#1367,#1368,#1369,#1370,
#1371,#1372,#1373,#1374,#1375,#1376,#1377,#1378,#1379,#1380,#1381,#1382,
#1383,#1384,#1385,#1386,#1387,#1388,#1389,#1390,#1391,#1392,#1393,#1394,
#1395,#1396,#1397,#1398,#1399,#1400,#1401,#1402,#1403,#1404,#1405,#1406,
#1407,#1408,#1409,#1410,#1411,#1412,#1413));
#1415=DERIVED_UNIT_ELEMENT(#1417,1.);
#1416=DERIVED_UNIT_ELEMENT(#2960,-3.);
#1417=(
MASS_UNIT()
NAMED_UNIT(*)
SI_UNIT(.KILO.,.GRAM.)
);
#1418=DERIVED_UNIT((#1415,#1416));
#1419=MEASURE_REPRESENTATION_ITEM('density measure',
POSITIVE_RATIO_MEASURE(7850.),#1418);
#1420=PROPERTY_DEFINITION_REPRESENTATION(#1425,#1422);
#1421=PROPERTY_DEFINITION_REPRESENTATION(#1426,#1423);
#1422=REPRESENTATION('material name',(#1424),#2957);
#1423=REPRESENTATION('density',(#1419),#2957);
#1424=DESCRIPTIVE_REPRESENTATION_ITEM('Steel','Steel');
#1425=PROPERTY_DEFINITION('material property','material name',#2972);
#1426=PROPERTY_DEFINITION('material property','density of part',#2972);
#1427=AXIS2_PLACEMENT_3D('',#2030,#1596,#1597);
#1428=AXIS2_PLACEMENT_3D('',#2031,#1598,#1599);
#1429=AXIS2_PLACEMENT_3D('',#2112,#1600,#1601);
#1430=AXIS2_PLACEMENT_3D('',#2139,#1602,#1603);
#1431=AXIS2_PLACEMENT_3D('',#2142,#1604,#1605);
#1432=AXIS2_PLACEMENT_3D('',#2144,#1607,#1608);
#1433=AXIS2_PLACEMENT_3D('',#2145,#1609,#1610);
#1434=AXIS2_PLACEMENT_3D('',#2148,#1611,#1612);
#1435=AXIS2_PLACEMENT_3D('',#2160,#1614,#1615);
#1436=AXIS2_PLACEMENT_3D('',#2172,#1617,#1618);
#1437=AXIS2_PLACEMENT_3D('',#2176,#1620,#1621);
#1438=AXIS2_PLACEMENT_3D('',#2188,#1623,#1624);
#1439=AXIS2_PLACEMENT_3D('',#2200,#1626,#1627);
#1440=AXIS2_PLACEMENT_3D('',#2282,#1631,#1632);
#1441=AXIS2_PLACEMENT_3D('',#2300,#1633,#1634);
#1442=AXIS2_PLACEMENT_3D('',#2302,#1635,#1636);
#1443=AXIS2_PLACEMENT_3D('',#2303,#1637,#1638);
#1444=AXIS2_PLACEMENT_3D('',#2305,#1639,#1640);
#1445=AXIS2_PLACEMENT_3D('',#2306,#1641,#1642);
#1446=AXIS2_PLACEMENT_3D('',#2307,#1643,#1644);
#1447=AXIS2_PLACEMENT_3D('',#2311,#1646,#1647);
#1448=AXIS2_PLACEMENT_3D('',#2315,#1649,#1650);
#1449=AXIS2_PLACEMENT_3D('',#2317,#1652,#1653);
#1450=AXIS2_PLACEMENT_3D('',#2318,#1654,#1655);
#1451=AXIS2_PLACEMENT_3D('',#2319,#1656,#1657);
#1452=AXIS2_PLACEMENT_3D('',#2323,#1659,#1660);
#1453=AXIS2_PLACEMENT_3D('',#2325,#1662,#1663);
#1454=AXIS2_PLACEMENT_3D('',#2329,#1665,#1666);
#1455=AXIS2_PLACEMENT_3D('',#2331,#1668,#1669);
#1456=AXIS2_PLACEMENT_3D('',#2332,#1670,#1671);
#1457=AXIS2_PLACEMENT_3D('',#2342,#1677,#1678);
#1458=AXIS2_PLACEMENT_3D('',#2343,#1679,#1680);
#1459=AXIS2_PLACEMENT_3D('',#2344,#1681,#1682);
#1460=AXIS2_PLACEMENT_3D('',#2345,#1683,#1684);
#1461=AXIS2_PLACEMENT_3D('',#2350,#1686,#1687);
#1462=AXIS2_PLACEMENT_3D('',#2354,#1689,#1690);
#1463=AXIS2_PLACEMENT_3D('',#2358,#1692,#1693);
#1464=AXIS2_PLACEMENT_3D('',#2361,#1695,#1696);
#1465=AXIS2_PLACEMENT_3D('',#2363,#1697,#1698);
#1466=AXIS2_PLACEMENT_3D('',#2365,#1699,#1700);
#1467=AXIS2_PLACEMENT_3D('',#2369,#1702,#1703);
#1468=AXIS2_PLACEMENT_3D('',#2373,#1705,#1706);
#1469=AXIS2_PLACEMENT_3D('',#2376,#1708,#1709);
#1470=AXIS2_PLACEMENT_3D('',#2378,#1710,#1711);
#1471=AXIS2_PLACEMENT_3D('',#2380,#1712,#1713);
#1472=AXIS2_PLACEMENT_3D('',#2382,#1714,#1715);
#1473=AXIS2_PLACEMENT_3D('',#2384,#1716,#1717);
#1474=AXIS2_PLACEMENT_3D('',#2437,#1718,#1719);
#1475=AXIS2_PLACEMENT_3D('',#2459,#1720,#1721);
#1476=AXIS2_PLACEMENT_3D('',#2461,#1722,#1723);
#1477=AXIS2_PLACEMENT_3D('',#2463,#1724,#1725);
#1478=AXIS2_PLACEMENT_3D('',#2464,#1726,#1727);
#1479=AXIS2_PLACEMENT_3D('',#2465,#1728,#1729);
#1480=AXIS2_PLACEMENT_3D('',#2467,#1730,#1731);
#1481=AXIS2_PLACEMENT_3D('',#2469,#1733,#1734);
#1482=AXIS2_PLACEMENT_3D('',#2470,#1735,#1736);
#1483=AXIS2_PLACEMENT_3D('',#2471,#1737,#1738);
#1484=AXIS2_PLACEMENT_3D('',#2472,#1739,#1740);
#1485=AXIS2_PLACEMENT_3D('',#2476,#1742,#1743);
#1486=AXIS2_PLACEMENT_3D('',#2489,#1745,#1746);
#1487=AXIS2_PLACEMENT_3D('',#2490,#1747,#1748);
#1488=AXIS2_PLACEMENT_3D('',#2491,#1749,#1750);
#1489=AXIS2_PLACEMENT_3D('',#2492,#1751,#1752);
#1490=AXIS2_PLACEMENT_3D('',#2496,#1755,#1756);
#1491=AXIS2_PLACEMENT_3D('',#2499,#1758,#1759);
#1492=AXIS2_PLACEMENT_3D('',#2500,#1760,#1761);
#1493=AXIS2_PLACEMENT_3D('',#2502,#1763,#1764);
#1494=AXIS2_PLACEMENT_3D('',#2505,#1767,#1768);
#1495=AXIS2_PLACEMENT_3D('',#2509,#1771,#1772);
#1496=AXIS2_PLACEMENT_3D('',#2510,#1773,#1774);
#1497=AXIS2_PLACEMENT_3D('',#2511,#1775,#1776);
#1498=AXIS2_PLACEMENT_3D('',#2513,#1778,#1779);
#1499=AXIS2_PLACEMENT_3D('',#2515,#1781,#1782);
#1500=AXIS2_PLACEMENT_3D('',#2516,#1783,#1784);
#1501=AXIS2_PLACEMENT_3D('',#2522,#1788,#1789);
#1502=AXIS2_PLACEMENT_3D('',#2528,#1793,#1794);
#1503=AXIS2_PLACEMENT_3D('',#2530,#1795,#1796);
#1504=AXIS2_PLACEMENT_3D('',#2531,#1797,#1798);
#1505=AXIS2_PLACEMENT_3D('',#2533,#1799,#1800);
#1506=AXIS2_PLACEMENT_3D('',#2534,#1801,#1802);
#1507=AXIS2_PLACEMENT_3D('',#2536,#1803,#1804);
#1508=AXIS2_PLACEMENT_3D('',#2537,#1805,#1806);
#1509=AXIS2_PLACEMENT_3D('',#2539,#1807,#1808);
#1510=AXIS2_PLACEMENT_3D('',#2547,#1809,#1810);
#1511=AXIS2_PLACEMENT_3D('',#2556,#1812,#1813);
#1512=AXIS2_PLACEMENT_3D('',#2565,#1815,#1816);
#1513=AXIS2_PLACEMENT_3D('',#2574,#1818,#1819);
#1514=AXIS2_PLACEMENT_3D('',#2576,#1821,#1822);
#1515=AXIS2_PLACEMENT_3D('',#2579,#1823,#1824);
#1516=AXIS2_PLACEMENT_3D('',#2583,#1826,#1827);
#1517=AXIS2_PLACEMENT_3D('',#2585,#1829,#1830);
#1518=AXIS2_PLACEMENT_3D('',#2589,#1832,#1833);
#1519=AXIS2_PLACEMENT_3D('',#2592,#1835,#1836);
#1520=AXIS2_PLACEMENT_3D('',#2594,#1837,#1838);
#1521=AXIS2_PLACEMENT_3D('',#2597,#1840,#1841);
#1522=AXIS2_PLACEMENT_3D('',#2598,#1842,#1843);
#1523=AXIS2_PLACEMENT_3D('',#2602,#1846,#1847);
#1524=AXIS2_PLACEMENT_3D('',#2605,#1848,#1849);
#1525=AXIS2_PLACEMENT_3D('',#2609,#1851,#1852);
#1526=AXIS2_PLACEMENT_3D('',#2611,#1854,#1855);
#1527=AXIS2_PLACEMENT_3D('',#2614,#1857,#1858);
#1528=AXIS2_PLACEMENT_3D('',#2616,#1859,#1860);
#1529=AXIS2_PLACEMENT_3D('',#2620,#1862,#1863);
#1530=AXIS2_PLACEMENT_3D('',#2623,#1865,#1866);
#1531=AXIS2_PLACEMENT_3D('',#2624,#1867,#1868);
#1532=AXIS2_PLACEMENT_3D('',#2628,#1871,#1872);
#1533=AXIS2_PLACEMENT_3D('',#2631,#1873,#1874);
#1534=AXIS2_PLACEMENT_3D('',#2634,#1877,#1878);
#1535=AXIS2_PLACEMENT_3D('',#2636,#1880,#1881);
#1536=AXIS2_PLACEMENT_3D('',#2637,#1882,#1883);
#1537=AXIS2_PLACEMENT_3D('',#2638,#1884,#1885);
#1538=AXIS2_PLACEMENT_3D('',#2640,#1886,#1887);
#1539=AXIS2_PLACEMENT_3D('',#2642,#1889,#1890);
#1540=AXIS2_PLACEMENT_3D('',#2644,#1892,#1893);
#1541=AXIS2_PLACEMENT_3D('',#2646,#1894,#1895);
#1542=AXIS2_PLACEMENT_3D('',#2648,#1897,#1898);
#1543=AXIS2_PLACEMENT_3D('',#2651,#1900,#1901);
#1544=AXIS2_PLACEMENT_3D('',#2709,#1902,#1903);
#1545=AXIS2_PLACEMENT_3D('',#2710,#1904,#1905);
#1546=AXIS2_PLACEMENT_3D('',#2712,#1906,#1907);
#1547=AXIS2_PLACEMENT_3D('',#2713,#1908,#1909);
#1548=AXIS2_PLACEMENT_3D('',#2771,#1910,#1911);
#1549=AXIS2_PLACEMENT_3D('',#2772,#1912,#1913);
#1550=AXIS2_PLACEMENT_3D('',#2774,#1915,#1916);
#1551=AXIS2_PLACEMENT_3D('',#2781,#1921,#1922);
#1552=AXIS2_PLACEMENT_3D('',#2783,#1924,#1925);
#1553=AXIS2_PLACEMENT_3D('',#2785,#1927,#1928);
#1554=AXIS2_PLACEMENT_3D('',#2787,#1930,#1931);
#1555=AXIS2_PLACEMENT_3D('',#2793,#1935,#1936);
#1556=AXIS2_PLACEMENT_3D('',#2794,#1937,#1938);
#1557=AXIS2_PLACEMENT_3D('',#2795,#1939,#1940);
#1558=AXIS2_PLACEMENT_3D('',#2839,#1941,#1942);
#1559=AXIS2_PLACEMENT_3D('',#2847,#1943,#1944);
#1560=AXIS2_PLACEMENT_3D('',#2849,#1945,#1946);
#1561=AXIS2_PLACEMENT_3D('',#2850,#1947,#1948);
#1562=AXIS2_PLACEMENT_3D('',#2893,#1949,#1950);
#1563=AXIS2_PLACEMENT_3D('',#2901,#1951,#1952);
#1564=AXIS2_PLACEMENT_3D('',#2902,#1953,#1954);
#1565=AXIS2_PLACEMENT_3D('',#2903,#1955,#1956);
#1566=AXIS2_PLACEMENT_3D('',#2905,#1957,#1958);
#1567=AXIS2_PLACEMENT_3D('',#2906,#1959,#1960);
#1568=AXIS2_PLACEMENT_3D('',#2908,#1962,#1963);
#1569=AXIS2_PLACEMENT_3D('',#2910,#1965,#1966);
#1570=AXIS2_PLACEMENT_3D('',#2911,#1967,#1968);
#1571=AXIS2_PLACEMENT_3D('',#2913,#1969,#1970);
#1572=AXIS2_PLACEMENT_3D('',#2916,#1972,#1973);
#1573=AXIS2_PLACEMENT_3D('',#2917,#1974,#1975);
#1574=AXIS2_PLACEMENT_3D('',#2918,#1976,#1977);
#1575=AXIS2_PLACEMENT_3D('',#2921,#1979,#1980);
#1576=AXIS2_PLACEMENT_3D('',#2922,#1981,#1982);
#1577=AXIS2_PLACEMENT_3D('',#2923,#1983,#1984);
#1578=AXIS2_PLACEMENT_3D('',#2926,#1986,#1987);
#1579=AXIS2_PLACEMENT_3D('',#2927,#1988,#1989);
#1580=AXIS2_PLACEMENT_3D('',#2928,#1990,#1991);
#1581=AXIS2_PLACEMENT_3D('',#2930,#1992,#1993);
#1582=AXIS2_PLACEMENT_3D('',#2932,#1995,#1996);
#1583=AXIS2_PLACEMENT_3D('',#2933,#1997,#1998);
#1584=AXIS2_PLACEMENT_3D('',#2934,#1999,#2000);
#1585=AXIS2_PLACEMENT_3D('',#2936,#2002,#2003);
#1586=AXIS2_PLACEMENT_3D('',#2937,#2004,#2005);
#1587=AXIS2_PLACEMENT_3D('',#2939,#2007,#2008);
#1588=AXIS2_PLACEMENT_3D('',#2941,#2010,#2011);
#1589=AXIS2_PLACEMENT_3D('',#2943,#2013,#2014);
#1590=AXIS2_PLACEMENT_3D('',#2945,#2016,#2017);
#1591=AXIS2_PLACEMENT_3D('',#2946,#2018,#2019);
#1592=AXIS2_PLACEMENT_3D('',#2948,#2021,#2022);
#1593=AXIS2_PLACEMENT_3D('',#2950,#2024,#2025);
#1594=AXIS2_PLACEMENT_3D('',#2951,#2026,#2027);
#1595=AXIS2_PLACEMENT_3D('',#2952,#2028,#2029);
#1596=DIRECTION('axis',(0.,0.,1.));
#1597=DIRECTION('refdir',(1.,0.,0.));
#1598=DIRECTION('axis',(0.,0.,1.));
#1599=DIRECTION('refdir',(1.,0.,0.));
#1600=DIRECTION('center_axis',(8.88178419700121E-15,-2.24251732601881E-15,
-1.));
#1601=DIRECTION('ref_axis',(0.244802626877889,0.969572933756757,0.));
#1602=DIRECTION('center_axis',(0.,1.,0.));
#1603=DIRECTION('ref_axis',(1.,0.,0.));
#1604=DIRECTION('center_axis',(0.,1.,0.));
#1605=DIRECTION('ref_axis',(1.,0.,0.));
#1606=DIRECTION('',(0.,1.,0.));
#1607=DIRECTION('center_axis',(0.,1.,0.));
#1608=DIRECTION('ref_axis',(1.,0.,0.));
#1609=DIRECTION('center_axis',(0.,0.,1.));
#1610=DIRECTION('ref_axis',(0.327842263315031,-0.944732475563573,0.));
#1611=DIRECTION('center_axis',(0.,0.,-1.));
#1612=DIRECTION('ref_axis',(0.327842263315031,-0.944732475563573,0.));
#1613=DIRECTION('',(0.,0.,-1.));
#1614=DIRECTION('center_axis',(0.,0.,-1.));
#1615=DIRECTION('ref_axis',(-1.27711587282062E-16,-1.,0.));
#1616=DIRECTION('',(0.,0.,1.));
#1617=DIRECTION('center_axis',(0.,0.,-1.));
#1618=DIRECTION('ref_axis',(0.327842263315031,-0.944732475563573,0.));
#1619=DIRECTION('',(0.,0.,1.));
#1620=DIRECTION('center_axis',(0.,0.,1.));
#1621=DIRECTION('ref_axis',(0.327842263315031,-0.944732475563573,0.));
#1622=DIRECTION('',(0.,0.,1.));
#1623=DIRECTION('center_axis',(0.,0.,1.));
#1624=DIRECTION('ref_axis',(2.55423174564123E-17,-1.,0.));
#1625=DIRECTION('',(0.,0.,-1.));
#1626=DIRECTION('center_axis',(0.,0.,1.));
#1627=DIRECTION('ref_axis',(0.327842263315031,-0.944732475563573,0.));
#1628=DIRECTION('',(0.,0.,-1.));
#1629=DIRECTION('',(0.,0.,1.));
#1630=DIRECTION('',(0.,0.,-1.));
#1631=DIRECTION('center_axis',(0.,1.,0.));
#1632=DIRECTION('ref_axis',(0.,0.,1.));
#1633=DIRECTION('center_axis',(0.,-1.,0.));
#1634=DIRECTION('ref_axis',(1.,0.,0.));
#1635=DIRECTION('center_axis',(0.,1.,0.));
#1636=DIRECTION('ref_axis',(1.,0.,0.));
#1637=DIRECTION('center_axis',(-1.,0.,0.));
#1638=DIRECTION('ref_axis',(0.,0.,-1.));
#1639=DIRECTION('center_axis',(0.,1.,0.));
#1640=DIRECTION('ref_axis',(1.,0.,0.));
#1641=DIRECTION('center_axis',(0.,-1.,0.));
#1642=DIRECTION('ref_axis',(1.,0.,0.));
#1643=DIRECTION('center_axis',(0.,0.,-1.));
#1644=DIRECTION('ref_axis',(0.707106781186548,-0.707106781186547,0.));
#1645=DIRECTION('',(0.,0.,-1.));
#1646=DIRECTION('center_axis',(0.,-0.707106781186548,-0.707106781186547));
#1647=DIRECTION('ref_axis',(0.,-0.707106781186547,0.707106781186548));
#1648=DIRECTION('',(0.,0.,1.));
#1649=DIRECTION('center_axis',(0.,0.707106781186548,-0.707106781186547));
#1650=DIRECTION('ref_axis',(0.,0.707106781186547,0.707106781186548));
#1651=DIRECTION('',(0.,0.,-1.));
#1652=DIRECTION('center_axis',(0.,-1.,0.));
#1653=DIRECTION('ref_axis',(1.,0.,0.));
#1654=DIRECTION('center_axis',(0.,-1.,0.));
#1655=DIRECTION('ref_axis',(0.303194083183666,0.,0.952928826262705));
#1656=DIRECTION('center_axis',(0.,1.,0.));
#1657=DIRECTION('ref_axis',(0.303194083183666,0.,0.952928826262705));
#1658=DIRECTION('',(0.,-1.,0.));
#1659=DIRECTION('center_axis',(0.,1.,0.));
#1660=DIRECTION('ref_axis',(0.303194083183666,0.,0.952928826262705));
#1661=DIRECTION('',(0.,1.,0.));
#1662=DIRECTION('center_axis',(0.,1.,0.));
#1663=DIRECTION('ref_axis',(0.303194083183666,0.,-0.952928826262705));
#1664=DIRECTION('',(0.,-1.,0.));
#1665=DIRECTION('center_axis',(0.,1.,0.));
#1666=DIRECTION('ref_axis',(0.303194083183666,0.,-0.952928826262705));
#1667=DIRECTION('',(0.,1.,0.));
#1668=DIRECTION('center_axis',(0.,-1.,0.));
#1669=DIRECTION('ref_axis',(0.303194083183666,0.,-0.952928826262705));
#1670=DIRECTION('center_axis',(-1.,0.,0.));
#1671=DIRECTION('ref_axis',(0.,0.,1.));
#1672=DIRECTION('',(0.,0.,1.));
#1673=DIRECTION('',(0.,-1.,0.));
#1674=DIRECTION('',(0.,0.,-1.));
#1675=DIRECTION('',(0.,1.,0.));
#1676=DIRECTION('',(0.,0.,1.));
#1677=DIRECTION('center_axis',(0.,-1.,0.));
#1678=DIRECTION('ref_axis',(1.,0.,0.));
#1679=DIRECTION('center_axis',(0.,1.,0.));
#1680=DIRECTION('ref_axis',(-1.,0.,1.22464679914735E-16));
#1681=DIRECTION('center_axis',(0.,1.,0.));
#1682=DIRECTION('ref_axis',(1.,0.,0.));
#1683=DIRECTION('center_axis',(0.,-1.,0.));
#1684=DIRECTION('ref_axis',(0.,0.,-1.));
#1685=DIRECTION('',(0.,0.,1.));
#1686=DIRECTION('center_axis',(0.,-1.,0.));
#1687=DIRECTION('ref_axis',(1.,0.,-8.59013498010099E-16));
#1688=DIRECTION('',(-1.,0.,0.));
#1689=DIRECTION('center_axis',(0.,-1.,0.));
#1690=DIRECTION('ref_axis',(-1.,0.,-7.73112148209089E-16));
#1691=DIRECTION('',(0.,0.,-1.));
#1692=DIRECTION('center_axis',(0.,-1.,0.));
#1693=DIRECTION('ref_axis',(-1.,0.,9.44914847811109E-16));
#1694=DIRECTION('',(1.,0.,0.));
#1695=DIRECTION('center_axis',(0.,-1.,0.));
#1696=DIRECTION('ref_axis',(1.,0.,6.01309448607069E-16));
#1697=DIRECTION('center_axis',(0.,-1.,0.));
#1698=DIRECTION('ref_axis',(0.956333133520108,0.,0.292278869800078));
#1699=DIRECTION('center_axis',(0.,1.,0.));
#1700=DIRECTION('ref_axis',(1.,0.,0.));
#1701=DIRECTION('',(1.,0.,0.));
#1702=DIRECTION('center_axis',(0.,1.,0.));
#1703=DIRECTION('ref_axis',(0.707106781186548,0.,0.707106781186547));
#1704=DIRECTION('',(0.,0.,-1.));
#1705=DIRECTION('center_axis',(0.,1.,0.));
#1706=DIRECTION('ref_axis',(0.707106781186548,0.,-0.707106781186548));
#1707=DIRECTION('',(-1.,0.,0.));
#1708=DIRECTION('center_axis',(0.,1.,0.));
#1709=DIRECTION('ref_axis',(-0.707106781186548,0.,-0.707106781186548));
#1710=DIRECTION('center_axis',(0.,1.,0.));
#1711=DIRECTION('ref_axis',(0.99026806874157,0.,0.139173100960065));
#1712=DIRECTION('center_axis',(0.,1.,0.));
#1713=DIRECTION('ref_axis',(1.,0.,0.));
#1714=DIRECTION('center_axis',(0.,1.,0.));
#1715=DIRECTION('ref_axis',(0.992546151641322,0.,0.121869343405148));
#1716=DIRECTION('center_axis',(0.,1.,0.));
#1717=DIRECTION('ref_axis',(0.974370064785235,0.,0.224951054343865));
#1718=DIRECTION('center_axis',(0.,-1.,0.));
#1719=DIRECTION('ref_axis',(5.80230514691305E-15,0.,1.));
#1720=DIRECTION('center_axis',(-0.816496580927727,-0.408248290463864,0.40824829046386));
#1721=DIRECTION('ref_axis',(-0.577350269189624,0.577350269189629,-0.577350269189624));
#1722=DIRECTION('center_axis',(0.,0.,1.));
#1723=DIRECTION('ref_axis',(0.,1.,0.));
#1724=DIRECTION('center_axis',(0.,-1.,0.));
#1725=DIRECTION('ref_axis',(-0.707106781186548,0.,-0.707106781186548));
#1726=DIRECTION('center_axis',(1.,0.,0.));
#1727=DIRECTION('ref_axis',(0.,0.707106781186549,-0.707106781186546));
#1728=DIRECTION('center_axis',(0.,0.,1.));
#1729=DIRECTION('ref_axis',(-0.707106781186546,0.707106781186549,0.));
#1730=DIRECTION('center_axis',(2.22044604925032E-15,0.,1.));
#1731=DIRECTION('ref_axis',(0.,1.,0.));
#1732=DIRECTION('',(0.,0.,1.));
#1733=DIRECTION('center_axis',(0.,-1.,0.));
#1734=DIRECTION('ref_axis',(0.,0.,-1.));
#1735=DIRECTION('center_axis',(0.,1.,0.));
#1736=DIRECTION('ref_axis',(0.956333133520109,0.,0.292278869800076));
#1737=DIRECTION('center_axis',(0.,-1.,0.));
#1738=DIRECTION('ref_axis',(0.956333133520109,0.,0.292278869800076));
#1739=DIRECTION('center_axis',(1.,0.,0.));
#1740=DIRECTION('ref_axis',(0.,0.707106781186549,0.707106781186546));
#1741=DIRECTION('',(1.,0.,0.));
#1742=DIRECTION('center_axis',(1.,0.,0.));
#1743=DIRECTION('ref_axis',(0.,1.,0.));
#1744=DIRECTION('',(-1.,0.,0.));
#1745=DIRECTION('center_axis',(-5.55111512312578E-16,2.46519032881566E-30,
-1.));
#1746=DIRECTION('ref_axis',(4.44089209850063E-15,1.,0.));
#1747=DIRECTION('center_axis',(0.,-1.,0.));
#1748=DIRECTION('ref_axis',(0.368724316306551,0.,0.92953879884826));
#1749=DIRECTION('center_axis',(0.,1.,0.));
#1750=DIRECTION('ref_axis',(0.368724316306551,0.,0.92953879884826));
#1751=DIRECTION('center_axis',(0.,1.,0.));
#1752=DIRECTION('ref_axis',(-1.,0.,0.));
#1753=DIRECTION('',(-1.,0.,0.));
#1754=DIRECTION('',(0.,0.,-1.));
#1755=DIRECTION('center_axis',(1.,0.,0.));
#1756=DIRECTION('ref_axis',(0.,0.707106781186549,-0.707106781186546));
#1757=DIRECTION('',(1.,0.,0.));
#1758=DIRECTION('center_axis',(-1.,-4.44089209850062E-15,0.));
#1759=DIRECTION('ref_axis',(0.,0.,-1.));
#1760=DIRECTION('center_axis',(0.,1.,0.));
#1761=DIRECTION('ref_axis',(-0.707106781186548,0.,-0.707106781186548));
#1762=DIRECTION('',(0.,1.,0.));
#1763=DIRECTION('center_axis',(0.,1.,0.));
#1764=DIRECTION('ref_axis',(0.707106781186548,0.,0.707106781186547));
#1765=DIRECTION('',(0.,-1.,0.));
#1766=DIRECTION('',(0.,1.,0.));
#1767=DIRECTION('center_axis',(1.,0.,0.));
#1768=DIRECTION('ref_axis',(0.,0.,-1.));
#1769=DIRECTION('',(0.,0.,1.));
#1770=DIRECTION('',(0.,1.,0.));
#1771=DIRECTION('center_axis',(0.,0.,1.));
#1772=DIRECTION('ref_axis',(0.707106781186549,0.707106781186546,0.));
#1773=DIRECTION('center_axis',(0.,0.,1.));
#1774=DIRECTION('ref_axis',(0.,1.,0.));
#1775=DIRECTION('center_axis',(0.,-1.,0.));
#1776=DIRECTION('ref_axis',(0.956333133520108,0.,0.292278869800078));
#1777=DIRECTION('',(0.,-1.,0.));
#1778=DIRECTION('center_axis',(0.,1.,0.));
#1779=DIRECTION('ref_axis',(-0.882902014618625,0.,0.46955727295227));
#1780=DIRECTION('',(0.,1.,0.));
#1781=DIRECTION('center_axis',(0.,0.,1.));
#1782=DIRECTION('ref_axis',(1.,0.,0.));
#1783=DIRECTION('center_axis',(1.,0.,0.));
#1784=DIRECTION('ref_axis',(0.,0.,1.));
#1785=DIRECTION('',(0.,0.,1.));
#1786=DIRECTION('',(0.,-1.,0.));
#1787=DIRECTION('',(0.,-1.,0.));
#1788=DIRECTION('center_axis',(-1.,0.,0.));
#1789=DIRECTION('ref_axis',(0.,0.,-1.));
#1790=DIRECTION('',(0.,0.,-1.));
#1791=DIRECTION('',(0.,-1.,0.));
#1792=DIRECTION('',(0.,-1.,0.));
#1793=DIRECTION('center_axis',(0.,-1.,0.));
#1794=DIRECTION('ref_axis',(1.,0.,0.));
#1795=DIRECTION('center_axis',(0.,1.,0.));
#1796=DIRECTION('ref_axis',(0.99026806874157,0.,0.139173100960065));
#1797=DIRECTION('center_axis',(0.,-1.,0.));
#1798=DIRECTION('ref_axis',(1.,0.,0.));
#1799=DIRECTION('center_axis',(0.,1.,0.));
#1800=DIRECTION('ref_axis',(0.974370064785235,0.,0.224951054343865));
#1801=DIRECTION('center_axis',(0.,-1.,0.));
#1802=DIRECTION('ref_axis',(1.,0.,0.));
#1803=DIRECTION('center_axis',(0.,1.,0.));
#1804=DIRECTION('ref_axis',(0.992546151641322,0.,0.121869343405148));
#1805=DIRECTION('center_axis',(0.,-1.,0.));
#1806=DIRECTION('ref_axis',(1.,0.,0.));
#1807=DIRECTION('center_axis',(0.,1.,0.));
#1808=DIRECTION('ref_axis',(1.,0.,0.));
#1809=DIRECTION('center_axis',(0.,1.,0.));
#1810=DIRECTION('ref_axis',(-1.,0.,-7.73112148209089E-16));
#1811=DIRECTION('',(0.,-1.,0.));
#1812=DIRECTION('center_axis',(0.,1.,0.));
#1813=DIRECTION('ref_axis',(1.,0.,-8.59013498010099E-16));
#1814=DIRECTION('',(0.,-1.,0.));
#1815=DIRECTION('center_axis',(0.,1.,0.));
#1816=DIRECTION('ref_axis',(1.,0.,6.01309448607069E-16));
#1817=DIRECTION('',(0.,-1.,0.));
#1818=DIRECTION('center_axis',(0.,1.,0.));
#1819=DIRECTION('ref_axis',(-1.,0.,9.44914847811109E-16));
#1820=DIRECTION('',(0.,-1.,0.));
#1821=DIRECTION('center_axis',(0.,0.,-1.));
#1822=DIRECTION('ref_axis',(-0.70710678118655,-0.707106781186545,0.));
#1823=DIRECTION('center_axis',(0.,0.,1.));
#1824=DIRECTION('ref_axis',(-0.70710678118655,-0.707106781186545,0.));
#1825=DIRECTION('',(0.,0.,1.));
#1826=DIRECTION('center_axis',(0.,0.,-1.));
#1827=DIRECTION('ref_axis',(-0.70710678118655,-0.707106781186545,0.));
#1828=DIRECTION('',(0.,0.,-1.));
#1829=DIRECTION('center_axis',(0.,0.,-1.));
#1830=DIRECTION('ref_axis',(-1.,0.,0.));
#1831=DIRECTION('',(1.,0.,0.));
#1832=DIRECTION('center_axis',(0.,0.,-1.));
#1833=DIRECTION('ref_axis',(0.828067232125672,0.560628806858627,0.));
#1834=DIRECTION('',(-0.371390681840548,-0.928476688690682,0.));
#1835=DIRECTION('center_axis',(0.,0.,-1.));
#1836=DIRECTION('ref_axis',(0.730983574801269,0.682395056672275,0.));
#1837=DIRECTION('center_axis',(0.,0.,-1.));
#1838=DIRECTION('ref_axis',(0.612293200536891,0.79063078397966,0.));
#1839=DIRECTION('',(0.,-1.,0.));
#1840=DIRECTION('center_axis',(0.,0.,-1.));
#1841=DIRECTION('ref_axis',(1.,0.,0.));
#1842=DIRECTION('center_axis',(0.,-1.,0.));
#1843=DIRECTION('ref_axis',(0.,0.,-1.));
#1844=DIRECTION('',(-1.,0.,0.));
#1845=DIRECTION('',(0.,0.,1.));
#1846=DIRECTION('center_axis',(0.,0.,1.));
#1847=DIRECTION('ref_axis',(0.70710678118655,-0.707106781186545,0.));
#1848=DIRECTION('center_axis',(0.,0.,-1.));
#1849=DIRECTION('ref_axis',(0.70710678118655,-0.707106781186545,0.));
#1850=DIRECTION('',(0.,0.,-1.));
#1851=DIRECTION('center_axis',(0.,0.,1.));
#1852=DIRECTION('ref_axis',(0.70710678118655,-0.707106781186545,0.));
#1853=DIRECTION('',(0.,0.,1.));
#1854=DIRECTION('center_axis',(0.,0.,-1.));
#1855=DIRECTION('ref_axis',(-1.,0.,0.));
#1856=DIRECTION('',(0.,1.,0.));
#1857=DIRECTION('center_axis',(0.,0.,-1.));
#1858=DIRECTION('ref_axis',(-0.612293200536906,0.790630783979648,0.));
#1859=DIRECTION('center_axis',(0.,0.,-1.));
#1860=DIRECTION('ref_axis',(-0.730983574801264,0.682395056672281,0.));
#1861=DIRECTION('',(-0.371390681840548,0.928476688690682,0.));
#1862=DIRECTION('center_axis',(0.,0.,-1.));
#1863=DIRECTION('ref_axis',(-0.828067232125672,0.560628806858627,0.));
#1864=DIRECTION('',(1.,0.,0.));
#1865=DIRECTION('center_axis',(0.,0.,-1.));
#1866=DIRECTION('ref_axis',(1.,0.,0.));
#1867=DIRECTION('center_axis',(1.,0.,0.));
#1868=DIRECTION('ref_axis',(0.,0.,-1.));
#1869=DIRECTION('',(0.,-1.,0.));
#1870=DIRECTION('',(0.,0.,1.));
#1871=DIRECTION('center_axis',(0.,0.,-1.));
#1872=DIRECTION('ref_axis',(-0.828067232125672,0.560628806858627,0.));
#1873=DIRECTION('center_axis',(0.,0.,1.));
#1874=DIRECTION('ref_axis',(-0.828067232125672,0.560628806858627,0.));
#1875=DIRECTION('',(0.,0.,-1.));
#1876=DIRECTION('',(0.,0.,1.));
#1877=DIRECTION('center_axis',(0.,-1.,0.));
#1878=DIRECTION('ref_axis',(0.,0.,-1.));
#1879=DIRECTION('',(-1.,0.,0.));
#1880=DIRECTION('center_axis',(0.,0.,1.));
#1881=DIRECTION('ref_axis',(-0.612293200536906,0.790630783979648,0.));
#1882=DIRECTION('center_axis',(0.,0.,1.));
#1883=DIRECTION('ref_axis',(-0.612293200536906,0.790630783979648,0.));
#1884=DIRECTION('center_axis',(0.,0.,-1.));
#1885=DIRECTION('ref_axis',(0.612293200536891,0.79063078397966,0.));
#1886=DIRECTION('center_axis',(0.,0.,1.));
#1887=DIRECTION('ref_axis',(0.612293200536891,0.79063078397966,0.));
#1888=DIRECTION('',(0.,0.,-1.));
#1889=DIRECTION('center_axis',(-1.,0.,0.));
#1890=DIRECTION('ref_axis',(0.,0.,1.));
#1891=DIRECTION('',(0.,1.,0.));
#1892=DIRECTION('center_axis',(0.,0.,1.));
#1893=DIRECTION('ref_axis',(0.828067232125672,0.560628806858627,0.));
#1894=DIRECTION('center_axis',(0.,0.,1.));
#1895=DIRECTION('ref_axis',(0.828067232125672,0.560628806858627,0.));
#1896=DIRECTION('',(0.,0.,-1.));
#1897=DIRECTION('center_axis',(0.,0.,1.));
#1898=DIRECTION('ref_axis',(0.730983574801269,0.682395056672275,0.));
#1899=DIRECTION('',(0.,0.,-1.));
#1900=DIRECTION('center_axis',(0.,0.,1.));
#1901=DIRECTION('ref_axis',(0.928476688690683,-0.371390681840546,0.));
#1902=DIRECTION('center_axis',(0.97169168673569,0.236252546925424,1.45718342901633E-15));
#1903=DIRECTION('ref_axis',(0.,6.16790569236196E-15,-1.));
#1904=DIRECTION('center_axis',(0.,0.,-1.));
#1905=DIRECTION('ref_axis',(-1.,0.,0.));
#1906=DIRECTION('center_axis',(0.97169168673569,-0.236252546925423,2.46314866224418E-15));
#1907=DIRECTION('ref_axis',(4.93432455388959E-15,9.86864910777918E-15,-1.));
#1908=DIRECTION('center_axis',(0.,0.,-1.));
#1909=DIRECTION('ref_axis',(2.55423174564123E-17,-1.,0.));
#1910=DIRECTION('center_axis',(0.,0.,-1.));
#1911=DIRECTION('ref_axis',(-0.928476688690683,-0.371390681840544,0.));
#1912=DIRECTION('center_axis',(0.,0.,1.));
#1913=DIRECTION('ref_axis',(-0.730983574801264,0.682395056672281,0.));
#1914=DIRECTION('',(0.,0.,1.));
#1915=DIRECTION('center_axis',(-0.928476688690682,-0.371390681840548,0.));
#1916=DIRECTION('ref_axis',(0.371390681840548,-0.928476688690682,0.));
#1917=DIRECTION('',(-0.371390681840548,0.928476688690682,0.));
#1918=DIRECTION('',(0.371390681840548,-0.928476688690682,0.));
#1919=DIRECTION('',(0.,0.,1.));
#1920=DIRECTION('',(0.371390681840548,-0.928476688690682,0.));
#1921=DIRECTION('center_axis',(-0.371390681840548,0.928476688690682,0.));
#1922=DIRECTION('ref_axis',(-0.656532162746812,-0.262612869598947,-0.707106781186548));
#1923=DIRECTION('',(0.371390681840548,-0.928476688690682,0.));
#1924=DIRECTION('center_axis',(0.,0.,1.));
#1925=DIRECTION('ref_axis',(1.,0.,0.));
#1926=DIRECTION('',(0.371390681840548,0.928476688690682,0.));
#1927=DIRECTION('center_axis',(0.371390681840548,0.928476688690682,0.));
#1928=DIRECTION('ref_axis',(0.656532162746813,-0.262612869598947,-0.707106781186547));
#1929=DIRECTION('',(-0.371390681840548,-0.928476688690682,0.));
#1930=DIRECTION('center_axis',(0.928476688690682,-0.371390681840548,0.));
#1931=DIRECTION('ref_axis',(0.371390681840548,0.928476688690682,0.));
#1932=DIRECTION('',(0.371390681840548,0.928476688690682,0.));
#1933=DIRECTION('',(0.,0.,-1.));
#1934=DIRECTION('',(0.371390681840548,0.928476688690682,0.));
#1935=DIRECTION('center_axis',(0.,0.,1.));
#1936=DIRECTION('ref_axis',(0.730983574801269,0.682395056672275,0.));
#1937=DIRECTION('center_axis',(0.,0.,1.));
#1938=DIRECTION('ref_axis',(0.730983574801269,0.682395056672275,0.));
#1939=DIRECTION('center_axis',(6.10093720070819E-15,1.96626746937957E-15,
-1.));
#1940=DIRECTION('ref_axis',(-0.306751703052507,0.951789573736961,0.));
#1941=DIRECTION('center_axis',(0.971691686735691,0.23625254692542,-8.74310057409788E-16));
#1942=DIRECTION('ref_axis',(-0.236252546925419,0.971691686735691,0.));
#1943=DIRECTION('center_axis',(0.,0.,-1.));
#1944=DIRECTION('ref_axis',(-1.,0.,0.));
#1945=DIRECTION('center_axis',(0.97169168673569,-0.236252546925423,-3.04602203385071E-15));
#1946=DIRECTION('ref_axis',(0.236252546925423,0.97169168673569,0.));
#1947=DIRECTION('center_axis',(0.,0.,1.));
#1948=DIRECTION('ref_axis',(-1.27711587282062E-16,-1.,0.));
#1949=DIRECTION('center_axis',(-2.38060101661037E-15,5.95150243953906E-15,
1.));
#1950=DIRECTION('ref_axis',(0.306751703052512,0.95178957373696,-4.93432455388959E-15));
#1951=DIRECTION('center_axis',(0.,0.,1.));
#1952=DIRECTION('ref_axis',(-0.730983574801264,0.682395056672281,0.));
#1953=DIRECTION('center_axis',(0.,0.,1.));
#1954=DIRECTION('ref_axis',(-0.730983574801264,0.682395056672281,0.));
#1955=DIRECTION('center_axis',(0.,0.,1.));
#1956=DIRECTION('ref_axis',(1.,0.,0.));
#1957=DIRECTION('center_axis',(0.,0.,1.));
#1958=DIRECTION('ref_axis',(1.,0.,0.));
#1959=DIRECTION('center_axis',(0.371390681840548,0.928476688690682,0.));
#1960=DIRECTION('ref_axis',(0.656532162746812,-0.262612869598947,0.707106781186547));
#1961=DIRECTION('',(-0.371390681840548,-0.928476688690682,0.));
#1962=DIRECTION('center_axis',(0.,0.,-1.));
#1963=DIRECTION('ref_axis',(-1.,0.,0.));
#1964=DIRECTION('',(-0.371390681840548,0.928476688690682,0.));
#1965=DIRECTION('center_axis',(0.371390681840548,-0.928476688690682,0.));
#1966=DIRECTION('ref_axis',(-0.656532162746813,-0.262612869598947,0.707106781186547));
#1967=DIRECTION('center_axis',(0.,0.,-1.));
#1968=DIRECTION('ref_axis',(1.,0.,0.));
#1969=DIRECTION('center_axis',(0.,0.,1.));
#1970=DIRECTION('ref_axis',(1.,0.,0.));
#1971=DIRECTION('',(0.,0.,-1.));
#1972=DIRECTION('center_axis',(0.,0.,1.));
#1973=DIRECTION('ref_axis',(1.,0.,0.));
#1974=DIRECTION('center_axis',(0.,0.,-1.));
#1975=DIRECTION('ref_axis',(1.,0.,0.));
#1976=DIRECTION('center_axis',(0.,0.,-1.));
#1977=DIRECTION('ref_axis',(1.,0.,0.));
#1978=DIRECTION('',(0.,0.,-1.));
#1979=DIRECTION('center_axis',(0.,0.,-1.));
#1980=DIRECTION('ref_axis',(1.,0.,0.));
#1981=DIRECTION('center_axis',(0.,0.,-1.));
#1982=DIRECTION('ref_axis',(1.,0.,0.));
#1983=DIRECTION('center_axis',(0.,0.,-1.));
#1984=DIRECTION('ref_axis',(1.,0.,0.));
#1985=DIRECTION('',(0.,0.,-1.));
#1986=DIRECTION('center_axis',(0.,0.,-1.));
#1987=DIRECTION('ref_axis',(1.,0.,0.));
#1988=DIRECTION('center_axis',(0.,0.,-1.));
#1989=DIRECTION('ref_axis',(1.,0.,0.));
#1990=DIRECTION('center_axis',(0.,0.,-1.));
#1991=DIRECTION('ref_axis',(1.,0.,0.));
#1992=DIRECTION('center_axis',(0.,0.,1.));
#1993=DIRECTION('ref_axis',(1.,0.,0.));
#1994=DIRECTION('',(0.,0.,-1.));
#1995=DIRECTION('center_axis',(-0.408248290463861,-0.408248290463858,-0.816496580927729));
#1996=DIRECTION('ref_axis',(0.577350269189629,0.577350269189626,-0.577350269189622));
#1997=DIRECTION('center_axis',(0.,-1.,0.));
#1998=DIRECTION('ref_axis',(1.,0.,0.));
#1999=DIRECTION('center_axis',(0.,0.,-1.));
#2000=DIRECTION('ref_axis',(-1.,0.,0.));
#2001=DIRECTION('',(0.,-1.,0.));
#2002=DIRECTION('center_axis',(0.,-1.,0.));
#2003=DIRECTION('ref_axis',(0.707106781186548,0.,-0.707106781186548));
#2004=DIRECTION('center_axis',(0.,1.,0.));
#2005=DIRECTION('ref_axis',(0.99026806874157,0.,0.139173100960065));
#2006=DIRECTION('',(0.,1.,0.));
#2007=DIRECTION('center_axis',(0.,1.,0.));
#2008=DIRECTION('ref_axis',(1.,0.,0.));
#2009=DIRECTION('',(0.,1.,0.));
#2010=DIRECTION('center_axis',(0.,1.,0.));
#2011=DIRECTION('ref_axis',(0.992546151641322,0.,0.121869343405148));
#2012=DIRECTION('',(0.,1.,0.));
#2013=DIRECTION('center_axis',(0.,1.,0.));
#2014=DIRECTION('ref_axis',(0.974370064785235,0.,0.224951054343865));
#2015=DIRECTION('',(0.,1.,0.));
#2016=DIRECTION('center_axis',(0.,0.,1.));
#2017=DIRECTION('ref_axis',(1.,0.,0.));
#2018=DIRECTION('center_axis',(1.,0.,0.));
#2019=DIRECTION('ref_axis',(0.,0.707106781186548,-0.707106781186547));
#2020=DIRECTION('',(1.,0.,0.));
#2021=DIRECTION('center_axis',(0.,1.,0.));
#2022=DIRECTION('ref_axis',(0.,0.,1.));
#2023=DIRECTION('',(-1.,0.,0.));
#2024=DIRECTION('center_axis',(-1.,0.,0.));
#2025=DIRECTION('ref_axis',(0.,0.707106781186548,0.707106781186547));
#2026=DIRECTION('center_axis',(0.,0.,-1.));
#2027=DIRECTION('ref_axis',(1.,0.,0.));
#2028=DIRECTION('',(0.,0.,1.));
#2029=DIRECTION('',(1.,0.,0.));
#2030=CARTESIAN_POINT('',(0.,0.,0.));
#2031=CARTESIAN_POINT('',(0.,0.,0.));
#2032=CARTESIAN_POINT('Ctrl Pts',(-24.3000003024936,5.23815594696863,-28.600000422448));
#2033=CARTESIAN_POINT('Ctrl Pts',(-24.3000003024936,5.23815594696863,-28.9028419629917));
#2034=CARTESIAN_POINT('Ctrl Pts',(-24.158052951176,5.19340946880806,-29.5069204106939));
#2035=CARTESIAN_POINT('Ctrl Pts',(-23.3887181365788,4.95427973074548,-30.4647340036379));
#2036=CARTESIAN_POINT('Ctrl Pts',(-21.8063204524083,4.49974443844929,-30.8303061571184));
#2037=CARTESIAN_POINT('Ctrl Pts',(-20.5053853865067,4.17894479588196,-29.8128998227623));
#2038=CARTESIAN_POINT('Ctrl Pts',(-20.2313199764802,4.11427199882777,-28.5999067842035));
#2039=CARTESIAN_POINT('Ctrl Pts',(-20.5044456510314,4.17862201767791,-27.3834999530593));
#2040=CARTESIAN_POINT('Ctrl Pts',(-21.8072092363075,4.50040547180324,-26.3739061288242));
#2041=CARTESIAN_POINT('Ctrl Pts',(-23.3892417063187,4.95438954986611,-26.7354445536457));
#2042=CARTESIAN_POINT('Ctrl Pts',(-24.1584521123517,5.19344290728632,-27.6930491598563));
#2043=CARTESIAN_POINT('Ctrl Pts',(-24.3000003024936,5.23815594696863,-28.2971588819043));
#2044=CARTESIAN_POINT('Ctrl Pts',(-24.3000003024936,5.23815594696863,-28.600000422448));
#2045=CARTESIAN_POINT('Ctrl Pts',(-24.3000003024936,5.30117881394791,-28.600000422448));
#2046=CARTESIAN_POINT('Ctrl Pts',(-24.3000003024936,5.30117881394791,-28.9052451981929));
#2047=CARTESIAN_POINT('Ctrl Pts',(-24.1558230567643,5.25710317666254,-29.5139219822477));
#2048=CARTESIAN_POINT('Ctrl Pts',(-23.3756111854301,5.02164569659709,-30.4746533060478));
#2049=CARTESIAN_POINT('Ctrl Pts',(-21.7860518196387,4.57531460305982,-30.8243468797606));
#2050=CARTESIAN_POINT('Ctrl Pts',(-20.5019679203249,4.26166214286517,-29.8029705992031));
#2051=CARTESIAN_POINT('Ctrl Pts',(-20.2325894359137,4.19843529287279,-28.5999860838715));
#2052=CARTESIAN_POINT('Ctrl Pts',(-20.5010100144062,4.26135016477563,-27.3938343218984));
#2053=CARTESIAN_POINT('Ctrl Pts',(-21.787102889479,4.57596997212897,-26.379801738679));
#2054=CARTESIAN_POINT('Ctrl Pts',(-23.3761176455521,5.02175010467466,-26.7254787291468));
#2055=CARTESIAN_POINT('Ctrl Pts',(-24.1561906444192,5.25713219606434,-27.6859889403017));
#2056=CARTESIAN_POINT('Ctrl Pts',(-24.3000003024936,5.30117881394791,-28.294755646703));
#2057=CARTESIAN_POINT('Ctrl Pts',(-24.3000003024936,5.30117881394791,-28.600000422448));
#2058=CARTESIAN_POINT('Ctrl Pts',(-24.3241810176773,5.42709837682999,-28.600000422448));
#2059=CARTESIAN_POINT('Ctrl Pts',(-24.3241810176773,5.42709837682999,-28.9137223115688));
#2060=CARTESIAN_POINT('Ctrl Pts',(-24.1745636488231,5.38435265266613,-29.5390120679235));
#2061=CARTESIAN_POINT('Ctrl Pts',(-23.3663757211938,5.15619498152516,-30.520410686412));
#2062=CARTESIAN_POINT('Ctrl Pts',(-21.7393988409499,4.72615366791231,-30.8543725101277));
#2063=CARTESIAN_POINT('Ctrl Pts',(-20.4572051409683,4.42669418653496,-29.8095159609954));
#2064=CARTESIAN_POINT('Ctrl Pts',(-20.1900824824439,4.36633384008034,-28.6001019519374));
#2065=CARTESIAN_POINT('Ctrl Pts',(-20.4561815148463,4.42640589562469,-27.3878245176693));
#2066=CARTESIAN_POINT('Ctrl Pts',(-21.7407167298149,4.72679110748578,-26.3497808164135));
#2067=CARTESIAN_POINT('Ctrl Pts',(-23.3668763981447,5.15628819875643,-26.6796530831038));
#2068=CARTESIAN_POINT('Ctrl Pts',(-24.1748968794223,5.38437400367365,-27.6608106651358));
#2069=CARTESIAN_POINT('Ctrl Pts',(-24.3241810176773,5.42709837682999,-28.2862785333271));
#2070=CARTESIAN_POINT('Ctrl Pts',(-24.3241810176773,5.42709837682999,-28.600000422448));
#2071=CARTESIAN_POINT('Ctrl Pts',(-24.4447326965505,5.61667297339992,-28.600000422448));
#2072=CARTESIAN_POINT('Ctrl Pts',(-24.4447326965505,5.61667297339992,-28.9392264126587));
#2073=CARTESIAN_POINT('Ctrl Pts',(-24.2832780124399,5.57502624842549,-29.6153513955318));
#2074=CARTESIAN_POINT('Ctrl Pts',(-23.410947580077,5.35278523876734,-30.6773426685822));
#2075=CARTESIAN_POINT('Ctrl Pts',(-21.6526356372413,4.93543696137482,-31.0404153134467));
#2076=CARTESIAN_POINT('Ctrl Pts',(-20.2661941224597,4.64630770563384,-29.9095082839193));
#2077=CARTESIAN_POINT('Ctrl Pts',(-19.9775372493008,4.58802473283539,-28.6001093109416));
#2078=CARTESIAN_POINT('Ctrl Pts',(-20.2650698318531,4.64602899254299,-27.2876021496991));
#2079=CARTESIAN_POINT('Ctrl Pts',(-21.6540571815634,4.93608185879651,-26.1640968440873));
#2080=CARTESIAN_POINT('Ctrl Pts',(-23.4114978888019,5.35287216885783,-26.522726642349));
#2081=CARTESIAN_POINT('Ctrl Pts',(-24.2836462797321,5.57503881428619,-27.5844569436849));
#2082=CARTESIAN_POINT('Ctrl Pts',(-24.4447326965505,5.61667297339992,-28.2607744322372));
#2083=CARTESIAN_POINT('Ctrl Pts',(-24.4447326965505,5.61667297339992,-28.600000422448));
#2084=CARTESIAN_POINT('Ctrl Pts',(-24.5859410900083,5.69980016876215,-28.600000422448));
#2085=CARTESIAN_POINT('Ctrl Pts',(-24.5859410900083,5.69980016876215,-28.9637793659772));
#2086=CARTESIAN_POINT('Ctrl Pts',(-24.4150284128974,5.65688160450331,-29.6892172567493));
#2087=CARTESIAN_POINT('Ctrl Pts',(-23.4897824544349,5.42782709070346,-30.8356402219885));
#2088=CARTESIAN_POINT('Ctrl Pts',(-21.6005504942985,4.99467282703345,-31.2571081150183));
#2089=CARTESIAN_POINT('Ctrl Pts',(-20.0703497043276,4.69129934192437,-30.0382360770199));
#2090=CARTESIAN_POINT('Ctrl Pts',(-19.7493199413997,4.6300785948004,-28.5999699204009));
#2091=CARTESIAN_POINT('Ctrl Pts',(-20.0692010925817,4.69101797701955,-27.1578701907482));
#2092=CARTESIAN_POINT('Ctrl Pts',(-21.6017741370579,4.99526599156597,-25.9478567835467));
#2093=CARTESIAN_POINT('Ctrl Pts',(-23.4903931104785,5.42792211777793,-26.3645266842196));
#2094=CARTESIAN_POINT('Ctrl Pts',(-24.4154778162141,5.6569134403692,-27.5106861897756));
#2095=CARTESIAN_POINT('Ctrl Pts',(-24.5859410900083,5.69980016876215,-28.2362214789187));
#2096=CARTESIAN_POINT('Ctrl Pts',(-24.5859410900083,5.69980016876215,-28.600000422448));
#2097=CARTESIAN_POINT('Ctrl Pts',(-24.6775989890546,5.72294241384701,-28.600000422448));
#2098=CARTESIAN_POINT('Ctrl Pts',(-24.6775989890546,5.72294241384701,-28.9785523481276));
#2099=CARTESIAN_POINT('Ctrl Pts',(-24.501179497531,5.67845182856291,-29.7336504077554));
#2100=CARTESIAN_POINT('Ctrl Pts',(-23.5450104986536,5.44068960810252,-30.9309173989353));
#2101=CARTESIAN_POINT('Ctrl Pts',(-21.5783250181692,4.98875367888876,-31.3878825907859));
#2102=CARTESIAN_POINT('Ctrl Pts',(-19.9614558008064,4.66978860178177,-30.1161246728409));
#2103=CARTESIAN_POINT('Ctrl Pts',(-19.6208331697231,4.60548565077462,-28.5998833746424));
#2104=CARTESIAN_POINT('Ctrl Pts',(-19.9602878490751,4.66946766945803,-27.0793748357121));
#2105=CARTESIAN_POINT('Ctrl Pts',(-21.579429644653,4.98941093197366,-25.8173825554182));
#2106=CARTESIAN_POINT('Ctrl Pts',(-23.5456612181381,5.44079879919761,-26.2693055864452));
#2107=CARTESIAN_POINT('Ctrl Pts',(-24.5016755956335,5.67848507581564,-27.4663113442084));
#2108=CARTESIAN_POINT('Ctrl Pts',(-24.6775989890546,5.722942413847,-28.2214484967683));
#2109=CARTESIAN_POINT('Ctrl Pts',(-24.6775989890546,5.722942413847,-28.600000422448));
#2110=CARTESIAN_POINT('',(-24.6775989890546,5.722942413847,-28.600000422448));
#2111=CARTESIAN_POINT('',(-24.3000003024936,5.23815594696863,-28.600000422448));
#2112=CARTESIAN_POINT('Origin',(-24.8000003024936,5.23815594696862,-28.600000422448));
#2113=CARTESIAN_POINT('Ctrl Pts',(-24.3000003024936,5.23815594696863,-28.600000422448));
#2114=CARTESIAN_POINT('Ctrl Pts',(-24.3000003024936,5.23815594696863,-28.9028419629917));
#2115=CARTESIAN_POINT('Ctrl Pts',(-24.158052951176,5.19340946880806,-29.5069204106939));
#2116=CARTESIAN_POINT('Ctrl Pts',(-23.3887181365788,4.95427973074548,-30.4647340036379));
#2117=CARTESIAN_POINT('Ctrl Pts',(-21.8063204524083,4.49974443844929,-30.8303061571184));
#2118=CARTESIAN_POINT('Ctrl Pts',(-20.5053853865067,4.17894479588196,-29.8128998227623));
#2119=CARTESIAN_POINT('Ctrl Pts',(-20.2313199764802,4.11427199882777,-28.5999067842035));
#2120=CARTESIAN_POINT('Ctrl Pts',(-20.5044456510314,4.17862201767791,-27.3834999530593));
#2121=CARTESIAN_POINT('Ctrl Pts',(-21.8072092363075,4.50040547180324,-26.3739061288242));
#2122=CARTESIAN_POINT('Ctrl Pts',(-23.3892417063187,4.95438954986611,-26.7354445536457));
#2123=CARTESIAN_POINT('Ctrl Pts',(-24.1584521123517,5.19344290728632,-27.6930491598563));
#2124=CARTESIAN_POINT('Ctrl Pts',(-24.3000003024936,5.23815594696863,-28.2971588819043));
#2125=CARTESIAN_POINT('Ctrl Pts',(-24.3000003024936,5.23815594696863,-28.600000422448));
#2126=CARTESIAN_POINT('Ctrl Pts',(-24.6775989890546,5.722942413847,-28.600000422448));
#2127=CARTESIAN_POINT('Ctrl Pts',(-24.6775989890546,5.722942413847,-28.2214484967683));
#2128=CARTESIAN_POINT('Ctrl Pts',(-24.5016755956335,5.67848507581564,-27.4663113442084));
#2129=CARTESIAN_POINT('Ctrl Pts',(-23.5456612181381,5.44079879919761,-26.2693055864452));
#2130=CARTESIAN_POINT('Ctrl Pts',(-21.579429644653,4.98941093197366,-25.8173825554182));
#2131=CARTESIAN_POINT('Ctrl Pts',(-19.9602878490751,4.66946766945803,-27.0793748357121));
#2132=CARTESIAN_POINT('Ctrl Pts',(-19.6208331697231,4.60548565077462,-28.5998833746424));
#2133=CARTESIAN_POINT('Ctrl Pts',(-19.9614558008064,4.66978860178177,-30.1161246728409));
#2134=CARTESIAN_POINT('Ctrl Pts',(-21.5783250181692,4.98875367888876,-31.3878825907859));
#2135=CARTESIAN_POINT('Ctrl Pts',(-23.5450104986536,5.44068960810252,-30.9309173989353));
#2136=CARTESIAN_POINT('Ctrl Pts',(-24.501179497531,5.67845182856291,-29.7336504077554));
#2137=CARTESIAN_POINT('Ctrl Pts',(-24.6775989890546,5.72294241384701,-28.9785523481276));
#2138=CARTESIAN_POINT('Ctrl Pts',(-24.6775989890546,5.72294241384701,-28.600000422448));
#2139=CARTESIAN_POINT('Origin',(-22.3000003024936,-0.317625766231796,-28.600000422448));
#2140=CARTESIAN_POINT('',(-24.3000003024936,0.182374233768205,-28.600000422448));
#2141=CARTESIAN_POINT('',(-22.3000003024936,0.182374233768205,-30.600000422448));
#2142=CARTESIAN_POINT('Origin',(-22.3000003024936,0.182374233768205,-28.600000422448));
#2143=CARTESIAN_POINT('',(-24.3000003024936,-0.317625766231796,-28.600000422448));
#2144=CARTESIAN_POINT('Origin',(-22.3000003024936,0.182374233768205,-28.600000422448));
#2145=CARTESIAN_POINT('Origin',(-3.39640449193332,90.009906347096,-50.991755233206));
#2146=CARTESIAN_POINT('',(-25.1462884727248,5.84266761888756,-14.7917550134139));
#2147=CARTESIAN_POINT('',(-30.0629592517386,7.26888637784842,-14.7917550134139));
#2148=CARTESIAN_POINT('Origin',(-3.39640449193332,90.009906347096,-14.7917550134139));
#2149=CARTESIAN_POINT('',(-30.0629592517386,7.26888637784843,-2.99175454775261));
#2150=CARTESIAN_POINT('',(-30.0629592517386,7.26888637784842,-50.991755233206));
#2151=CARTESIAN_POINT('',(-23.9343230007406,5.53875487137196,2.10824545224739));
#2152=CARTESIAN_POINT('Ctrl Pts',(-23.9343230007406,5.53875487137195,2.10824545224739));
#2153=CARTESIAN_POINT('Ctrl Pts',(-25.1806907808666,5.84179087186483,2.10824545224739));
#2154=CARTESIAN_POINT('Ctrl Pts',(-27.2505846398864,6.3981665662473,1.57338870563317));
#2155=CARTESIAN_POINT('Ctrl Pts',(-29.1669734361062,6.98318037559301,-0.143388620174711));
#2156=CARTESIAN_POINT('Ctrl Pts',(-29.9265720849783,7.22477214282271,-1.69738871585764));
#2157=CARTESIAN_POINT('Ctrl Pts',(-30.0629592517386,7.26888637784841,-2.55976864967463));
#2158=CARTESIAN_POINT('Ctrl Pts',(-30.0629592517386,7.26888637784841,-2.99175454775261));
#2159=CARTESIAN_POINT('',(17.1415140168739,5.53875487137196,2.10824545224739));
#2160=CARTESIAN_POINT('Origin',(-3.39640449193332,90.009906347096,2.10824545224739));
#2161=CARTESIAN_POINT('',(23.270150267872,7.26888637784842,-2.99175454775261));
#2162=CARTESIAN_POINT('Ctrl Pts',(23.270150267872,7.2688863778484,-2.99175454775261));
#2163=CARTESIAN_POINT('Ctrl Pts',(23.270150267872,7.2688863778484,-2.55977561137029));
#2164=CARTESIAN_POINT('Ctrl Pts',(23.0633878741544,7.20196607944689,-1.2580373442363));
#2165=CARTESIAN_POINT('Ctrl Pts',(21.8191112613717,6.80722566400754,0.543446027383202));
#2166=CARTESIAN_POINT('Ctrl Pts',(19.6263547906737,6.16965837058302,1.81705799532427));
#2167=CARTESIAN_POINT('Ctrl Pts',(17.9724124796795,5.74077561597017,2.10824545224739));
#2168=CARTESIAN_POINT('Ctrl Pts',(17.1415140168739,5.53875487137195,2.10824545224739));
#2169=CARTESIAN_POINT('',(23.270150267872,7.26888637784842,-14.7917550134139));
#2170=CARTESIAN_POINT('',(23.270150267872,7.26888637784842,-50.991755233206));
#2171=CARTESIAN_POINT('',(18.3534794888582,5.84266761888756,-14.7917550134139));
#2172=CARTESIAN_POINT('Origin',(-3.39640449193332,90.009906347096,-14.7917550134139));
#2173=CARTESIAN_POINT('',(18.3534794888582,5.84266761888756,-33.1917550134139));
#2174=CARTESIAN_POINT('',(18.3534794888582,5.84266761888756,-50.991755233206));
#2175=CARTESIAN_POINT('',(23.270150267872,7.26888637784842,-33.1917550134139));
#2176=CARTESIAN_POINT('Origin',(-3.39640449193332,90.009906347096,-33.1917550134139));
#2177=CARTESIAN_POINT('',(23.270150267872,7.26888637784842,-44.991755233206));
#2178=CARTESIAN_POINT('',(23.270150267872,7.26888637784842,-50.991755233206));
#2179=CARTESIAN_POINT('',(17.1415140168739,5.53875487137197,-50.091755233206));
#2180=CARTESIAN_POINT('Ctrl Pts',(17.1415140168739,5.53875487137195,-50.091755233206));
#2181=CARTESIAN_POINT('Ctrl Pts',(18.3878617112295,5.84178598830505,-50.091755233206));
#2182=CARTESIAN_POINT('Ctrl Pts',(20.4578203857381,6.39823510593541,-49.5571099052945));
#2183=CARTESIAN_POINT('Ctrl Pts',(22.374148111865,6.98318862583057,-47.8401556921012));
#2184=CARTESIAN_POINT('Ctrl Pts',(23.1337261291671,7.2247730325014,-46.2863668848342));
#2185=CARTESIAN_POINT('Ctrl Pts',(23.270150267872,7.26888637784841,-45.4237341696393));
#2186=CARTESIAN_POINT('Ctrl Pts',(23.270150267872,7.26888637784841,-44.991755233206));
#2187=CARTESIAN_POINT('',(-23.9343230007406,5.53875487137196,-50.091755233206));
#2188=CARTESIAN_POINT('Origin',(-3.39640449193332,90.009906347096,-50.091755233206));
#2189=CARTESIAN_POINT('',(-30.0629592517386,7.26888637784842,-44.991755233206));
#2190=CARTESIAN_POINT('Ctrl Pts',(-30.0629592517386,7.26888637784841,-44.991755233206));
#2191=CARTESIAN_POINT('Ctrl Pts',(-30.0629592517386,7.26888637784841,-45.423741131284));
#2192=CARTESIAN_POINT('Ctrl Pts',(-29.8562268742026,7.2019777381143,-46.7252730456972));
#2193=CARTESIAN_POINT('Ctrl Pts',(-28.6119226698336,6.80722940247183,-48.5270372168894));
#2194=CARTESIAN_POINT('Ctrl Pts',(-26.4191499621256,6.16966250750393,-49.8005547238627));
#2195=CARTESIAN_POINT('Ctrl Pts',(-24.7652348541579,5.74077887170054,-50.091755233206));
#2196=CARTESIAN_POINT('Ctrl Pts',(-23.9343230007406,5.53875487137195,-50.091755233206));
#2197=CARTESIAN_POINT('',(-30.0629592517386,7.26888637784842,-33.1917550134139));
#2198=CARTESIAN_POINT('',(-30.0629592517386,7.26888637784842,-50.991755233206));
#2199=CARTESIAN_POINT('',(-25.1462884727248,5.84266761888756,-33.1917550134139));
#2200=CARTESIAN_POINT('Origin',(-3.39640449193332,90.009906347096,-33.1917550134139));
#2201=CARTESIAN_POINT('',(-25.1462884727248,5.84266761888756,-50.991755233206));
#2202=CARTESIAN_POINT('',(-4.28279548663566,3.08237423376821,2.00824545224739));
#2203=CARTESIAN_POINT('',(-2.51001349723098,3.08237423376821,2.00824545224739));
#2204=CARTESIAN_POINT('Ctrl Pts',(-4.28279548663446,3.0823742337682,2.00824545224739));
#2205=CARTESIAN_POINT('Ctrl Pts',(-4.28279548663446,3.0823742337682,2.00987197350577));
#2206=CARTESIAN_POINT('Ctrl Pts',(-4.28241003650075,3.08237030185419,2.0113990890768));
#2207=CARTESIAN_POINT('Ctrl Pts',(-4.28111077158083,3.08235706874918,2.01427807308411));
#2208=CARTESIAN_POINT('Ctrl Pts',(-4.28019934297732,3.08234779358415,2.0156310179116));
#2209=CARTESIAN_POINT('Ctrl Pts',(-4.27695646020542,3.08231486230362,2.01942628534228));
#2210=CARTESIAN_POINT('Ctrl Pts',(-4.27414670680549,3.08228643108969,2.02161827449394));
#2211=CARTESIAN_POINT('Ctrl Pts',(-4.26624311098463,3.08220687186847,2.02686178372158));
#2212=CARTESIAN_POINT('Ctrl Pts',(-4.25947596729968,3.0821393837726,2.03004441011339));
#2213=CARTESIAN_POINT('Ctrl Pts',(-4.23729576904301,3.08192063765468,2.03909805699948));
#2214=CARTESIAN_POINT('Ctrl Pts',(-4.21672857787108,3.08172394806722,2.04452051969887));
#2215=CARTESIAN_POINT('Ctrl Pts',(-4.14357350312973,3.08104813831187,2.06130214071192));
#2216=CARTESIAN_POINT('Ctrl Pts',(-4.07532105262533,3.08048755517036,2.0699389945304));
#2217=CARTESIAN_POINT('Ctrl Pts',(-3.82467106413645,3.07869438938181,2.09636348137245));
#2218=CARTESIAN_POINT('Ctrl Pts',(-3.5911173711263,3.07785513289122,2.10320744191291));
#2219=CARTESIAN_POINT('Ctrl Pts',(-3.39640449193332,3.07785513289122,2.10320744191291));
#2220=CARTESIAN_POINT('Ctrl Pts',(-3.39621827042668,3.07785513289122,2.10320744191278));
#2221=CARTESIAN_POINT('Ctrl Pts',(-3.39603204890641,3.07785513348959,2.10320743564028));
#2222=CARTESIAN_POINT('Ctrl Pts',(-3.3955644349513,3.07785513649469,2.10320740413801));
#2223=CARTESIAN_POINT('Ctrl Pts',(-3.39528304245635,3.07785513966933,2.10320737085844));
#2224=CARTESIAN_POINT('Ctrl Pts',(-3.39433512797101,3.07785515496603,2.10320721050376));
#2225=CARTESIAN_POINT('Ctrl Pts',(-3.39366860532004,3.07785517338736,2.10320701739373));
#2226=CARTESIAN_POINT('Ctrl Pts',(-3.35368129515815,3.07785673843922,2.10319061092633));
#2227=CARTESIAN_POINT('Ctrl Pts',(-3.31422769174781,3.07788508295482,2.10289475416941));
#2228=CARTESIAN_POINT('Ctrl Pts',(-3.0986134345043,3.07818641833882,2.09970557244939));
#2229=CARTESIAN_POINT('Ctrl Pts',(-2.80650939006829,3.07968348050786,2.08805025614556));
#2230=CARTESIAN_POINT('Ctrl Pts',(-2.60482937578378,3.08145454457048,2.05142907570325));
#2231=CARTESIAN_POINT('Ctrl Pts',(-2.56564200782358,3.08182074469093,2.04323282390968));
#2232=CARTESIAN_POINT('Ctrl Pts',(-2.53188022072047,3.08215371171511,2.029451307951));
#2233=CARTESIAN_POINT('Ctrl Pts',(-2.52317643080838,3.08224080369979,2.02533100036128));
#2234=CARTESIAN_POINT('Ctrl Pts',(-2.51515204818649,3.08232196434621,2.01861209114703));
#2235=CARTESIAN_POINT('Ctrl Pts',(-2.51316774368376,3.08234211681348,2.0165815230455));
#2236=CARTESIAN_POINT('Ctrl Pts',(-2.51098460475533,3.08236433302858,2.01290538971873));
#2237=CARTESIAN_POINT('Ctrl Pts',(-2.51038163066264,3.08237048038127,2.01141321620442));
#2238=CARTESIAN_POINT('Ctrl Pts',(-2.51005466817452,3.08237381392449,2.00930044919216));
#2239=CARTESIAN_POINT('Ctrl Pts',(-2.51001349723151,3.08237423376821,2.00877448660618));
#2240=CARTESIAN_POINT('Ctrl Pts',(-2.51001349723151,3.08237423376821,2.00824545224739));
#2241=CARTESIAN_POINT('',(-4.28279548663566,3.08237423376821,-49.991755233206));
#2242=CARTESIAN_POINT('',(-4.28279548663566,3.08237423376821,-50.991755233206));
#2243=CARTESIAN_POINT('',(-2.51001349723098,3.08237423376821,-49.991755233206));
#2244=CARTESIAN_POINT('Ctrl Pts',(-2.51001349723217,3.0823742337682,-49.991755233206));
#2245=CARTESIAN_POINT('Ctrl Pts',(-2.51001349723217,3.0823742337682,-49.9933817544644));
#2246=CARTESIAN_POINT('Ctrl Pts',(-2.51039894736594,3.08237030185419,-49.9949088700354));
#2247=CARTESIAN_POINT('Ctrl Pts',(-2.51169821228585,3.08235706874918,-49.9977878540427));
#2248=CARTESIAN_POINT('Ctrl Pts',(-2.51260964088942,3.08234779358415,-49.9991407988701));
#2249=CARTESIAN_POINT('Ctrl Pts',(-2.51585252366129,3.08231486230362,-50.0029360663008));
#2250=CARTESIAN_POINT('Ctrl Pts',(-2.51866227706133,3.08228643108969,-50.0051280554524));
#2251=CARTESIAN_POINT('Ctrl Pts',(-2.52656587288219,3.08220687186847,-50.0103715646801));
#2252=CARTESIAN_POINT('Ctrl Pts',(-2.53333301656691,3.08213938377259,-50.0135541910725));
#2253=CARTESIAN_POINT('Ctrl Pts',(-2.55551321482362,3.08192063765467,-50.0226078379584));
#2254=CARTESIAN_POINT('Ctrl Pts',(-2.57608040599558,3.08172394806722,-50.0280303006575));
#2255=CARTESIAN_POINT('Ctrl Pts',(-2.64923548073688,3.08104813831187,-50.0448119216706));
#2256=CARTESIAN_POINT('Ctrl Pts',(-2.7174879312413,3.08048755517036,-50.0534487754889));
#2257=CARTESIAN_POINT('Ctrl Pts',(-2.96813791973018,3.07869438938182,-50.079873262331));
#2258=CARTESIAN_POINT('Ctrl Pts',(-3.20169161274033,3.07785513289122,-50.0867172228715));
#2259=CARTESIAN_POINT('Ctrl Pts',(-3.39640449193332,3.07785513289122,-50.0867172228715));
#2260=CARTESIAN_POINT('Ctrl Pts',(-3.39659071348406,3.07785513289122,-50.0867172228714));
#2261=CARTESIAN_POINT('Ctrl Pts',(-3.39677693504842,3.07785513348959,-50.0867172165989));
#2262=CARTESIAN_POINT('Ctrl Pts',(-3.39724454907753,3.07785513649469,-50.0867171850966));
#2263=CARTESIAN_POINT('Ctrl Pts',(-3.39752594160237,3.07785513966932,-50.0867171518171));
#2264=CARTESIAN_POINT('Ctrl Pts',(-3.39847385629105,3.07785515496604,-50.0867169914623));
#2265=CARTESIAN_POINT('Ctrl Pts',(-3.39914037911546,3.07785517338736,-50.0867167983523));
#2266=CARTESIAN_POINT('Ctrl Pts',(-3.43912768969362,3.07785673843958,-50.0867003918812));
#2267=CARTESIAN_POINT('Ctrl Pts',(-3.47858129334955,3.07788508295587,-50.086404535117));
#2268=CARTESIAN_POINT('Ctrl Pts',(-3.69419555036756,3.07818641834321,-50.0832153533609));
#2269=CARTESIAN_POINT('Ctrl Pts',(-3.98629959754046,3.07968348053435,-50.0715600369353));
#2270=CARTESIAN_POINT('Ctrl Pts',(-4.18797961056114,3.08145454459328,-50.0349388561289));
#2271=CARTESIAN_POINT('Ctrl Pts',(-4.22716697745924,3.08182074470468,-50.0267426044291));
#2272=CARTESIAN_POINT('Ctrl Pts',(-4.26092876369448,3.08215371172058,-50.0129610886479));
#2273=CARTESIAN_POINT('Ctrl Pts',(-4.26963255338355,3.08224080370306,-50.0088407811083));
#2274=CARTESIAN_POINT('Ctrl Pts',(-4.27765693580849,3.0823219643475,-50.002121871977));
#2275=CARTESIAN_POINT('Ctrl Pts',(-4.27964124026079,3.08234211681426,-50.0000913039008));
#2276=CARTESIAN_POINT('Ctrl Pts',(-4.28182437914379,3.0823643330289,-49.9964151706063));
#2277=CARTESIAN_POINT('Ctrl Pts',(-4.28242735322424,3.08237048038148,-49.9949229970951));
#2278=CARTESIAN_POINT('Ctrl Pts',(-4.28275431569535,3.08237381392453,-49.9928102301085));
#2279=CARTESIAN_POINT('Ctrl Pts',(-4.28279548663509,3.08237423376821,-49.9922842675435));
#2280=CARTESIAN_POINT('Ctrl Pts',(-4.28279548663509,3.08237423376821,-49.991755233206));
#2281=CARTESIAN_POINT('',(-2.51001349723098,3.08237423376821,-50.991755233206));
#2282=CARTESIAN_POINT('Origin',(-22.3000003024936,0.182374233768205,-28.600000422448));
#2283=CARTESIAN_POINT('',(-20.0964042237124,-0.317625766231796,-29.7807477796672));
#2284=CARTESIAN_POINT('',(-20.0964042237124,-0.317625766231796,-27.4192530652287));
#2285=CARTESIAN_POINT('Ctrl Pts',(-20.0964042237124,-0.317625766231796,
-29.7807477796672));
#2286=CARTESIAN_POINT('Ctrl Pts',(-20.0958607410108,-0.317625766231796,
-29.777914048694));
#2287=CARTESIAN_POINT('Ctrl Pts',(-20.0953190393601,-0.317623550954803,
-29.7750799656563));
#2288=CARTESIAN_POINT('Ctrl Pts',(-20.0513307254858,-0.317266113936462,
-29.5441496778176));
#2289=CARTESIAN_POINT('Ctrl Pts',(-20.019941523987,-0.30359489703032,-29.3162052268934));
#2290=CARTESIAN_POINT('Ctrl Pts',(-19.9895475449547,-0.287245117029658,
-28.9189600366053));
#2291=CARTESIAN_POINT('Ctrl Pts',(-19.9835249126531,-0.282726526783536,
-28.7606901674063));
#2292=CARTESIAN_POINT('Ctrl Pts',(-19.9835249126531,-0.282726526783536,
-28.4393106774896));
#2293=CARTESIAN_POINT('Ctrl Pts',(-19.9895475449547,-0.287245117029658,
-28.2810408082906));
#2294=CARTESIAN_POINT('Ctrl Pts',(-20.019941523987,-0.30359489703032,-27.8837956180025));
#2295=CARTESIAN_POINT('Ctrl Pts',(-20.0513307254858,-0.317266113936462,
-27.6558511670783));
#2296=CARTESIAN_POINT('Ctrl Pts',(-20.0953190393601,-0.317623550954802,
-27.4249208792397));
#2297=CARTESIAN_POINT('Ctrl Pts',(-20.0958607410108,-0.317625766231796,
-27.4220867962018));
#2298=CARTESIAN_POINT('Ctrl Pts',(-20.0964042237124,-0.317625766231796,
-27.4192530652287));
#2299=CARTESIAN_POINT('',(-20.2596335628814,-0.317625766231796,-27.155388513358));
#2300=CARTESIAN_POINT('Origin',(-22.3000003024936,-0.317625766231796,-28.600000422448));
#2301=CARTESIAN_POINT('',(-22.3000003024936,-0.317625766231796,-31.100000422448));
#2302=CARTESIAN_POINT('Origin',(-22.3000003024936,-0.317625766231796,-28.600000422448));
#2303=CARTESIAN_POINT('Origin',(-22.3000003024936,0.182374233768205,-31.100000422448));
#2304=CARTESIAN_POINT('',(-20.2596335628814,-0.317625766231796,-30.0446123315379));
#2305=CARTESIAN_POINT('Origin',(-22.3000003024936,-0.317625766231796,-28.600000422448));
#2306=CARTESIAN_POINT('Origin',(-22.3000003024936,-0.317625766231796,-28.600000422448));
#2307=CARTESIAN_POINT('Origin',(-20.0964042237124,-0.117625766231796,-35.5458775055894));
#2308=CARTESIAN_POINT('',(-20.0964042237124,-0.317625766231796,-29.9601812842651));
#2309=CARTESIAN_POINT('',(-20.0964042237124,-0.317625766231796,-35.5458775055894));
#2310=CARTESIAN_POINT('',(-19.8964042237124,-0.117625766231796,-30.1601812842651));
#2311=CARTESIAN_POINT('Origin',(-20.0964042237124,-0.117625766231796,-30.1601812842651));
#2312=CARTESIAN_POINT('',(-19.8964042237124,-0.117625766231796,-27.0398195606309));
#2313=CARTESIAN_POINT('',(-19.8964042237124,-0.117625766231796,-35.5458775055894));
#2314=CARTESIAN_POINT('',(-20.0964042237124,-0.317625766231796,-27.2398195606309));
#2315=CARTESIAN_POINT('Origin',(-20.0964042237124,-0.117625766231796,-27.0398195606309));
#2316=CARTESIAN_POINT('',(-20.0964042237124,-0.317625766231796,-35.5458775055894));
#2317=CARTESIAN_POINT('Origin',(-22.348202263103,-0.317625766231796,-28.600000422448));
#2318=CARTESIAN_POINT('Origin',(-20.0964042237124,-0.317625766231796,-30.1601812842651));
#2319=CARTESIAN_POINT('Origin',(-20.0964042237124,-2.3176257662318,-30.1601812842651));
#2320=CARTESIAN_POINT('',(-20.2596335628814,-2.3176257662318,-30.0446123315379));
#2321=CARTESIAN_POINT('',(-20.2596335628814,-2.3176257662318,-30.0446123315379));
#2322=CARTESIAN_POINT('',(-19.8964042237124,-2.3176257662318,-30.1601812842651));
#2323=CARTESIAN_POINT('Origin',(-20.0964042237124,-2.3176257662318,-30.1601812842651));
#2324=CARTESIAN_POINT('',(-19.8964042237124,-2.3176257662318,-30.1601812842651));
#2325=CARTESIAN_POINT('Origin',(-20.0964042237124,-2.3176257662318,-27.0398195606309));
#2326=CARTESIAN_POINT('',(-19.8964042237124,-2.3176257662318,-27.0398195606309));
#2327=CARTESIAN_POINT('',(-19.8964042237124,-2.3176257662318,-27.0398195606309));
#2328=CARTESIAN_POINT('',(-20.2596335628814,-2.3176257662318,-27.155388513358));
#2329=CARTESIAN_POINT('Origin',(-20.0964042237124,-2.3176257662318,-27.0398195606309));
#2330=CARTESIAN_POINT('',(-20.2596335628814,-2.3176257662318,-27.155388513358));
#2331=CARTESIAN_POINT('Origin',(-20.0964042237124,-0.317625766231796,-27.0398195606309));
#2332=CARTESIAN_POINT('Origin',(-19.8964042237124,2.8823742337682,-42.4917545887308));
#2333=CARTESIAN_POINT('',(-19.8964042237124,-2.3176257662318,-48.9917545887308));
#2334=CARTESIAN_POINT('',(-19.8964042237124,-2.3176257662318,-11.3417551642882));
#2335=CARTESIAN_POINT('',(-19.8964042237124,2.1823742337682,-48.9917545887308));
#2336=CARTESIAN_POINT('',(-19.8964042237124,2.8823742337682,-48.9917545887308));
#2337=CARTESIAN_POINT('',(-19.8964042237124,2.1823742337682,0.588833758036583));
#2338=CARTESIAN_POINT('',(-19.8964042237124,2.1823742337682,-33.2417547396051));
#2339=CARTESIAN_POINT('',(-19.8964042237124,-2.3176257662318,0.588833758036582));
#2340=CARTESIAN_POINT('',(-19.8964042237124,-2.2176257662318,0.588833758036583));
#2341=CARTESIAN_POINT('',(-19.8964042237124,-2.3176257662318,-11.3417551642882));
#2342=CARTESIAN_POINT('Origin',(-22.348202263103,-0.317625766231796,-28.600000422448));
#2343=CARTESIAN_POINT('Origin',(-22.3000003024936,-2.3176257662318,-28.600000422448));
#2344=CARTESIAN_POINT('Origin',(-22.3000003024936,-2.3176257662318,-28.600000422448));
#2345=CARTESIAN_POINT('Origin',(-3.39640449193332,-2.3176257662318,-23.9917548904793));
#2346=CARTESIAN_POINT('',(21.1035957986393,-2.3176257662318,-44.991755233206));
#2347=CARTESIAN_POINT('',(21.1035957986393,-2.3176257662318,-2.99175454775261));
#2348=CARTESIAN_POINT('',(21.1035957986393,-2.3176257662318,-51.991755233206));
#2349=CARTESIAN_POINT('',(14.6413980148037,-2.3176257662318,3.00824545224739));
#2350=CARTESIAN_POINT('Origin',(14.6413980148037,-2.3176257662318,-2.99175454775261));
#2351=CARTESIAN_POINT('',(-21.4342069986703,-2.3176257662318,3.00824545224739));
#2352=CARTESIAN_POINT('',(-3.52140449379597,-2.3176257662318,3.00824545224739));
#2353=CARTESIAN_POINT('',(-27.896404782506,-2.3176257662318,-2.99175454775261));
#2354=CARTESIAN_POINT('Origin',(-21.4342069986703,-2.3176257662318,-2.99175454775261));
#2355=CARTESIAN_POINT('',(-27.896404782506,-2.3176257662318,-44.991755233206));
#2356=CARTESIAN_POINT('',(-27.896404782506,-2.3176257662318,4.00824545224739));
#2357=CARTESIAN_POINT('',(-21.4342069986703,-2.3176257662318,-50.991755233206));
#2358=CARTESIAN_POINT('Origin',(-21.4342069986703,-2.3176257662318,-44.991755233206));
#2359=CARTESIAN_POINT('',(14.6413980148037,-2.3176257662318,-50.991755233206));
#2360=CARTESIAN_POINT('',(-3.46764829186466,-2.3176257662318,-50.991755233206));
#2361=CARTESIAN_POINT('Origin',(14.6413980148037,-2.3176257662318,-44.991755233206));
#2362=CARTESIAN_POINT('',(-20.0672580991756,-2.3176257662318,1.14786569287183));
#2363=CARTESIAN_POINT('Origin',(-20.8964042237124,-2.3176257662318,0.588833758036583));
#2364=CARTESIAN_POINT('',(-19.7499576143057,-2.3176257662318,1.74448138486137));
#2365=CARTESIAN_POINT('Origin',(-19.7499576143057,-2.3176257662318,1.36179795249628));
#2366=CARTESIAN_POINT('',(9.1035951951423,-2.3176257662318,1.74448138486137));
#2367=CARTESIAN_POINT('',(-11.5731810531195,-2.3176257662318,1.74448138486137));
#2368=CARTESIAN_POINT('',(10.1035951951423,-2.3176257662318,0.744481384861371));
#2369=CARTESIAN_POINT('Origin',(9.1035951951423,-2.3176257662318,0.744481384861371));
#2370=CARTESIAN_POINT('',(10.1035951951423,-2.3176257662318,-48.9917545887308));
#2371=CARTESIAN_POINT('',(10.1035951951423,-2.3176257662318,-11.3417551642882));
#2372=CARTESIAN_POINT('',(9.6035951951423,-2.3176257662318,-49.4917545887308));
#2373=CARTESIAN_POINT('Origin',(9.6035951951423,-2.3176257662318,-48.9917545887308));
#2374=CARTESIAN_POINT('',(-19.3964042237124,-2.3176257662318,-49.4917545887308));
#2375=CARTESIAN_POINT('',(2.35359535160449,-2.3176257662318,-49.4917545887308));
#2376=CARTESIAN_POINT('Origin',(-19.3964042237124,-2.3176257662318,-48.9917545887308));
#2377=CARTESIAN_POINT('',(-24.3818020969144,-2.3176257662318,-10.204877312062));
#2378=CARTESIAN_POINT('Origin',(-22.8963999938021,-2.3176257662318,-9.99611766062191));
#2379=CARTESIAN_POINT('',(11.6035741507433,-2.3176257662318,-9.98246527415717));
#2380=CARTESIAN_POINT('Origin',(13.1035741507433,-2.3176257662318,-9.98246527415717));
#2381=CARTESIAN_POINT('',(-24.384771555998,-2.3176257662318,-36.2170972082758));
#2382=CARTESIAN_POINT('Origin',(-22.895952328536,-2.3176257662318,-36.034293193168));
#2383=CARTESIAN_POINT('',(11.6413380533036,-2.3176257662318,-36.382189206862));
#2384=CARTESIAN_POINT('Origin',(13.1028931504814,-2.3176257662318,-36.0447626253462));
#2385=CARTESIAN_POINT('Ctrl Pts',(-19.5472836992821,2.6823742337682,1.24448138486137));
#2386=CARTESIAN_POINT('Ctrl Pts',(-19.5495826784171,2.6823742337682,1.24426536954063));
#2387=CARTESIAN_POINT('Ctrl Pts',(-19.5518800946929,2.6823610150898,1.24404682804551));
#2388=CARTESIAN_POINT('Ctrl Pts',(-19.6434098025505,2.6811963506076,1.23526417950228));
#2389=CARTESIAN_POINT('Ctrl Pts',(-19.7732989663312,2.6495792493358,1.21698511597208));
#2390=CARTESIAN_POINT('Ctrl Pts',(-19.9265066341723,2.53782321638261,1.18529772950471));
#2391=CARTESIAN_POINT('Ctrl Pts',(-20.0097164422119,2.42827148335934,1.1642015294958));
#2392=CARTESIAN_POINT('Ctrl Pts',(-20.0570867401853,2.30131545490514,1.15086267944771));
#2393=CARTESIAN_POINT('Ctrl Pts',(-20.0672580991756,2.22199825697756,1.14786569287183));
#2394=CARTESIAN_POINT('Ctrl Pts',(-20.0672580991756,2.1823742337682,1.14786569287183));
#2395=CARTESIAN_POINT('Ctrl Pts',(-19.5472836992821,2.6823742337682,1.24448138486137));
#2396=CARTESIAN_POINT('Ctrl Pts',(-19.54930077595,2.68236402942183,1.24471949202622));
#2397=CARTESIAN_POINT('Ctrl Pts',(-19.5513110433105,2.68238039074826,1.24495141023017));
#2398=CARTESIAN_POINT('Ctrl Pts',(-19.6316978280267,2.68114456080363,1.25431948401924));
#2399=CARTESIAN_POINT('Ctrl Pts',(-19.7457389473661,2.66519414275103,1.26294483818273));
#2400=CARTESIAN_POINT('Ctrl Pts',(-19.9082137154139,2.5927695478545,1.26622350471908));
#2401=CARTESIAN_POINT('Ctrl Pts',(-20.0228916875342,2.50948993921002,1.26676823800741));
#2402=CARTESIAN_POINT('Ctrl Pts',(-20.1233950366656,2.36817892124764,1.27387407108345));
#2403=CARTESIAN_POINT('Ctrl Pts',(-20.1560840660369,2.24633000985805,1.27887910749132));
#2404=CARTESIAN_POINT('Ctrl Pts',(-20.1554395145972,2.1823742337682,1.27865478432952));
#2405=CARTESIAN_POINT('Ctrl Pts',(-19.5472836992821,2.6823742337682,1.24448138486137));
#2406=CARTESIAN_POINT('Ctrl Pts',(-19.548807010288,2.68236526464387,1.24551241677145));
#2407=CARTESIAN_POINT('Ctrl Pts',(-19.5503162111666,2.68238507985286,1.2465372540507));
#2408=CARTESIAN_POINT('Ctrl Pts',(-19.6111132878282,2.68147422240609,1.28754883743654));
#2409=CARTESIAN_POINT('Ctrl Pts',(-19.6968281928606,2.67626037674104,1.34303115342933));
#2410=CARTESIAN_POINT('Ctrl Pts',(-19.8384550691237,2.63766705737767,1.42960392075991));
#2411=CARTESIAN_POINT('Ctrl Pts',(-19.9575388935273,2.58461541644476,1.50008198894928));
#2412=CARTESIAN_POINT('Ctrl Pts',(-20.0936851927966,2.43641697055484,1.57751780017559));
#2413=CARTESIAN_POINT('Ctrl Pts',(-20.1457330454087,2.27086984400847,1.60641519790503));
#2414=CARTESIAN_POINT('Ctrl Pts',(-20.1450117876271,2.1823742337682,1.6060234577898));
#2415=CARTESIAN_POINT('Ctrl Pts',(-19.5472836992821,2.6823742337682,1.24448138486137));
#2416=CARTESIAN_POINT('Ctrl Pts',(-19.5483093087688,2.68236658050848,1.24630403105459));
#2417=CARTESIAN_POINT('Ctrl Pts',(-19.5493268049316,2.68237554683358,1.24812463840352));
#2418=CARTESIAN_POINT('Ctrl Pts',(-19.5902890215244,2.68115750825767,1.32070907120667));
#2419=CARTESIAN_POINT('Ctrl Pts',(-19.6495937703682,2.66129041939786,1.42371987080522));
#2420=CARTESIAN_POINT('Ctrl Pts',(-19.7346791366156,2.57903296498725,1.56284564946562));
#2421=CARTESIAN_POINT('Ctrl Pts',(-19.7947738193101,2.48918532524753,1.65420697757826));
#2422=CARTESIAN_POINT('Ctrl Pts',(-19.8497589460161,2.35146305466217,1.72445345344308));
#2423=CARTESIAN_POINT('Ctrl Pts',(-19.8686805172781,2.24024707163793,1.7447766148237));
#2424=CARTESIAN_POINT('Ctrl Pts',(-19.8682622360008,2.1823742337682,1.74448138486137));
#2425=CARTESIAN_POINT('Ctrl Pts',(-19.5472836992821,2.6823742337682,1.24448138486137));
#2426=CARTESIAN_POINT('Ctrl Pts',(-19.5480942921929,2.6823742337682,1.24664353817303));
#2427=CARTESIAN_POINT('Ctrl Pts',(-19.5489053135203,2.68236101508973,1.24880469566476));
#2428=CARTESIAN_POINT('Ctrl Pts',(-19.5812427647419,2.68119635061064,1.33491672898574));
#2429=CARTESIAN_POINT('Ctrl Pts',(-19.6292484719221,2.64957924933644,1.45813034405337));
#2430=CARTESIAN_POINT('Ctrl Pts',(-19.6901476903814,2.53782321638333,1.60604149863189));
#2431=CARTESIAN_POINT('Ctrl Pts',(-19.7250012121845,2.42827148335952,1.68753666548527));
#2432=CARTESIAN_POINT('Ctrl Pts',(-19.7454914943688,2.30131545490529,1.73437735381056));
#2433=CARTESIAN_POINT('Ctrl Pts',(-19.7499576143057,2.22199825697756,1.74448138486137));
#2434=CARTESIAN_POINT('Ctrl Pts',(-19.7499576143057,2.1823742337682,1.74448138486137));
#2435=CARTESIAN_POINT('',(-19.7499576143057,2.1823742337682,1.74448138486137));
#2436=CARTESIAN_POINT('',(-20.0672580991756,2.1823742337682,1.14786569287183));
#2437=CARTESIAN_POINT('Origin',(-19.7499576143057,2.1823742337682,1.36179795249628));
#2438=CARTESIAN_POINT('',(-19.5472836992821,2.6823742337682,1.24448138486137));
#2439=CARTESIAN_POINT('Ctrl Pts',(-20.0672580991756,2.1823742337682,1.14786569287183));
#2440=CARTESIAN_POINT('Ctrl Pts',(-20.0672580991756,2.22199825697756,1.14786569287183));
#2441=CARTESIAN_POINT('Ctrl Pts',(-20.0570867401853,2.30131545490514,1.15086267944771));
#2442=CARTESIAN_POINT('Ctrl Pts',(-20.0097164422119,2.42827148335934,1.1642015294958));
#2443=CARTESIAN_POINT('Ctrl Pts',(-19.9265066341723,2.53782321638261,1.18529772950471));
#2444=CARTESIAN_POINT('Ctrl Pts',(-19.7732989663312,2.6495792493358,1.21698511597208));
#2445=CARTESIAN_POINT('Ctrl Pts',(-19.6434098025505,2.6811963506076,1.23526417950228));
#2446=CARTESIAN_POINT('Ctrl Pts',(-19.5518800946929,2.6823610150898,1.24404682804551));
#2447=CARTESIAN_POINT('Ctrl Pts',(-19.5495826784171,2.6823742337682,1.24426536954063));
#2448=CARTESIAN_POINT('Ctrl Pts',(-19.5472836992821,2.6823742337682,1.24448138486137));
#2449=CARTESIAN_POINT('Ctrl Pts',(-19.5472836992821,2.6823742337682,1.24448138486137));
#2450=CARTESIAN_POINT('Ctrl Pts',(-19.5480942921929,2.6823742337682,1.24664353817303));
#2451=CARTESIAN_POINT('Ctrl Pts',(-19.5489053135203,2.68236101508973,1.24880469566476));
#2452=CARTESIAN_POINT('Ctrl Pts',(-19.5812427647419,2.68119635061064,1.33491672898574));
#2453=CARTESIAN_POINT('Ctrl Pts',(-19.6292484719221,2.64957924933644,1.45813034405337));
#2454=CARTESIAN_POINT('Ctrl Pts',(-19.6901476903814,2.53782321638333,1.60604149863189));
#2455=CARTESIAN_POINT('Ctrl Pts',(-19.7250012121845,2.42827148335952,1.68753666548527));
#2456=CARTESIAN_POINT('Ctrl Pts',(-19.7454914943688,2.30131545490529,1.73437735381056));
#2457=CARTESIAN_POINT('Ctrl Pts',(-19.7499576143057,2.22199825697756,1.74448138486137));
#2458=CARTESIAN_POINT('Ctrl Pts',(-19.7499576143057,2.1823742337682,1.74448138486137));
#2459=CARTESIAN_POINT('Origin',(-19.3964042237124,2.1823742337682,-48.9917545887308));
#2460=CARTESIAN_POINT('',(-19.3964042237124,2.6823742337682,-48.9917545887308));
#2461=CARTESIAN_POINT('Origin',(-19.3964042237124,2.1823742337682,-48.9917545887308));
#2462=CARTESIAN_POINT('',(-19.3964042237124,2.1823742337682,-49.4917545887308));
#2463=CARTESIAN_POINT('Origin',(-19.3964042237124,2.1823742337682,-48.9917545887308));
#2464=CARTESIAN_POINT('Origin',(-19.3964042237124,2.1823742337682,-48.9917545887308));
#2465=CARTESIAN_POINT('Origin',(-19.3964042237124,2.1823742337682,-33.2417547396051));
#2466=CARTESIAN_POINT('',(-19.3964042237124,2.6823742337682,0.588833758036582));
#2467=CARTESIAN_POINT('Origin',(-19.3964042237124,2.1823742337682,0.588833758036582));
#2468=CARTESIAN_POINT('',(-19.3964042237124,2.6823742337682,-33.2417547396051));
#2469=CARTESIAN_POINT('Origin',(-20.8964042237124,2.1823742337682,0.588833758036583));
#2470=CARTESIAN_POINT('Origin',(-20.8964042237124,2.1823742337682,0.588833758036583));
#2471=CARTESIAN_POINT('Origin',(-20.8964042237124,2.6823742337682,0.588833758036583));
#2472=CARTESIAN_POINT('Origin',(-11.5731810531195,2.1823742337682,1.24448138486137));
#2473=CARTESIAN_POINT('',(9.1035951951423,2.6823742337682,1.24448138486137));
#2474=CARTESIAN_POINT('',(-11.5731810531195,2.6823742337682,1.24448138486137));
#2475=CARTESIAN_POINT('',(9.1035951951423,2.1823742337682,1.74448138486137));
#2476=CARTESIAN_POINT('Origin',(9.1035951951423,2.1823742337682,1.24448138486137));
#2477=CARTESIAN_POINT('',(-11.5731810531195,2.1823742337682,1.74448138486137));
#2478=CARTESIAN_POINT('Ctrl Pts',(9.6035951951423,2.6823742337682,0.744481384861371));
#2479=CARTESIAN_POINT('Ctrl Pts',(9.6035951951423,2.6823742337682,1.24448138486137));
#2480=CARTESIAN_POINT('Ctrl Pts',(9.1035951951423,2.6823742337682,1.24448138486137));
#2481=CARTESIAN_POINT('Ctrl Pts',(10.1035951951423,2.6823742337682,0.744481384861371));
#2482=CARTESIAN_POINT('Ctrl Pts',(10.1035951951423,2.6823742337682,1.74448138486137));
#2483=CARTESIAN_POINT('Ctrl Pts',(9.1035951951423,2.6823742337682,1.74448138486137));
#2484=CARTESIAN_POINT('Ctrl Pts',(10.1035951951423,2.1823742337682,0.744481384861371));
#2485=CARTESIAN_POINT('Ctrl Pts',(10.1035951951423,2.1823742337682,1.74448138486137));
#2486=CARTESIAN_POINT('Ctrl Pts',(9.1035951951423,2.1823742337682,1.74448138486137));
#2487=CARTESIAN_POINT('',(9.6035951951423,2.6823742337682,0.744481384861371));
#2488=CARTESIAN_POINT('',(10.1035951951423,2.1823742337682,0.744481384861371));
#2489=CARTESIAN_POINT('Origin',(9.6035951951423,2.1823742337682,0.744481384861371));
#2490=CARTESIAN_POINT('Origin',(9.1035951951423,2.1823742337682,0.744481384861371));
#2491=CARTESIAN_POINT('Origin',(9.1035951951423,2.6823742337682,0.744481384861371));
#2492=CARTESIAN_POINT('Origin',(-3.39640449193332,2.6823742337682,-23.9917548904793));
#2493=CARTESIAN_POINT('',(9.6035951951423,2.6823742337682,-48.9917545887308));
#2494=CARTESIAN_POINT('',(2.35359535160449,2.6823742337682,-48.9917545887308));
#2495=CARTESIAN_POINT('',(9.6035951951423,2.6823742337682,-14.2417551642882));
#2496=CARTESIAN_POINT('Origin',(2.35359535160449,2.1823742337682,-48.9917545887308));
#2497=CARTESIAN_POINT('',(9.6035951951423,2.1823742337682,-49.4917545887308));
#2498=CARTESIAN_POINT('',(2.35359535160449,2.1823742337682,-49.4917545887308));
#2499=CARTESIAN_POINT('Origin',(9.6035951951423,2.1823742337682,-48.9917545887308));
#2500=CARTESIAN_POINT('Origin',(-19.3964042237124,2.8823742337682,-48.9917545887308));
#2501=CARTESIAN_POINT('',(-19.3964042237124,2.8823742337682,-49.4917545887308));
#2502=CARTESIAN_POINT('Origin',(9.1035951951423,0.332374233768205,0.744481384861371));
#2503=CARTESIAN_POINT('',(10.1035951951423,0.332374233768205,0.744481384861371));
#2504=CARTESIAN_POINT('',(9.1035951951423,0.332374233768205,1.74448138486137));
#2505=CARTESIAN_POINT('Origin',(10.1035951951423,2.8823742337682,-4.49175543809698));
#2506=CARTESIAN_POINT('',(10.1035951951423,2.1823742337682,-48.9917545887308));
#2507=CARTESIAN_POINT('',(10.1035951951423,2.1823742337682,-14.2417551642882));
#2508=CARTESIAN_POINT('',(10.1035951951423,2.8823742337682,-48.9917545887308));
#2509=CARTESIAN_POINT('Origin',(9.6035951951423,2.1823742337682,-14.2417551642882));
#2510=CARTESIAN_POINT('Origin',(9.6035951951423,2.1823742337682,-48.9917545887308));
#2511=CARTESIAN_POINT('Origin',(-20.8964042237124,-2.2176257662318,0.588833758036583));
#2512=CARTESIAN_POINT('',(-20.0672580991756,-2.2176257662318,1.14786569287183));
#2513=CARTESIAN_POINT('Origin',(-19.7499576143057,-2.2176257662318,1.36179795249628));
#2514=CARTESIAN_POINT('',(-19.7499576143057,-2.2176257662318,1.74448138486137));
#2515=CARTESIAN_POINT('Origin',(-19.7499576143057,-2.2176257662318,1.74448138486137));
#2516=CARTESIAN_POINT('Origin',(21.1035957986393,-2.1176257662318,-44.991755233206));
#2517=CARTESIAN_POINT('',(21.1035957986393,-2.1176257662318,-44.991755233206));
#2518=CARTESIAN_POINT('',(21.1035957986393,-2.1176257662318,-2.99175454775261));
#2519=CARTESIAN_POINT('',(21.1035957986393,-2.1176257662318,-51.991755233206));
#2520=CARTESIAN_POINT('',(21.1035957986393,-2.1176257662318,-2.99175454775261));
#2521=CARTESIAN_POINT('',(21.1035957986393,-2.1176257662318,-44.991755233206));
#2522=CARTESIAN_POINT('Origin',(-27.896404782506,-2.1176257662318,-2.99175454775261));
#2523=CARTESIAN_POINT('',(-27.896404782506,-2.1176257662318,-2.99175454775261));
#2524=CARTESIAN_POINT('',(-27.896404782506,-2.1176257662318,-44.991755233206));
#2525=CARTESIAN_POINT('',(-27.896404782506,-2.1176257662318,4.00824545224739));
#2526=CARTESIAN_POINT('',(-27.896404782506,-2.1176257662318,-44.991755233206));
#2527=CARTESIAN_POINT('',(-27.896404782506,-2.1176257662318,-2.99175454775261));
#2528=CARTESIAN_POINT('Origin',(-20.8964047527036,3.5823742337682,-9.99175468186306));
#2529=CARTESIAN_POINT('',(-24.3818020969144,3.5823742337682,-10.204877312062));
#2530=CARTESIAN_POINT('Origin',(-22.8963999938021,3.5823742337682,-9.99611766062191));
#2531=CARTESIAN_POINT('Origin',(11.1035957241335,3.5823742337682,-35.9917550692932));
#2532=CARTESIAN_POINT('',(11.6413380533036,3.5823742337682,-36.382189206862));
#2533=CARTESIAN_POINT('Origin',(13.1028931504814,3.5823742337682,-36.0447626253462));
#2534=CARTESIAN_POINT('Origin',(-20.8964047527036,3.5823742337682,-35.9917550692932));
#2535=CARTESIAN_POINT('',(-24.384771555998,3.5823742337682,-36.2170972082758));
#2536=CARTESIAN_POINT('Origin',(-22.895952328536,3.5823742337682,-36.034293193168));
#2537=CARTESIAN_POINT('Origin',(11.1035957241335,3.5823742337682,-9.99175468186306));
#2538=CARTESIAN_POINT('',(11.6035741507433,3.5823742337682,-9.98246527415717));
#2539=CARTESIAN_POINT('Origin',(13.1035741507433,3.5823742337682,-9.98246527415717));
#2540=CARTESIAN_POINT('Ctrl Pts',(-21.4342069986703,-2.1176257662318,3.00824545224739));
#2541=CARTESIAN_POINT('Ctrl Pts',(-27.896404782506,-2.1176257662318,3.00824545224738));
#2542=CARTESIAN_POINT('Ctrl Pts',(-27.896404782506,-2.1176257662318,-2.99175454775261));
#2543=CARTESIAN_POINT('Ctrl Pts',(-21.4342069986703,-2.3176257662318,3.00824545224739));
#2544=CARTESIAN_POINT('Ctrl Pts',(-27.896404782506,-2.3176257662318,3.00824545224738));
#2545=CARTESIAN_POINT('Ctrl Pts',(-27.896404782506,-2.3176257662318,-2.99175454775261));
#2546=CARTESIAN_POINT('',(-21.4342069986703,-2.1176257662318,3.00824545224739));
#2547=CARTESIAN_POINT('Origin',(-21.4342069986703,-2.1176257662318,-2.99175454775261));
#2548=CARTESIAN_POINT('',(-21.4342069986703,-2.1176257662318,3.00824545224739));
#2549=CARTESIAN_POINT('Ctrl Pts',(21.1035957986393,-2.1176257662318,-2.99175454775262));
#2550=CARTESIAN_POINT('Ctrl Pts',(21.1035957986393,-2.1176257662318,3.00824545224738));
#2551=CARTESIAN_POINT('Ctrl Pts',(14.6413980148037,-2.1176257662318,3.00824545224739));
#2552=CARTESIAN_POINT('Ctrl Pts',(21.1035957986393,-2.3176257662318,-2.99175454775262));
#2553=CARTESIAN_POINT('Ctrl Pts',(21.1035957986393,-2.3176257662318,3.00824545224738));
#2554=CARTESIAN_POINT('Ctrl Pts',(14.6413980148037,-2.3176257662318,3.00824545224739));
#2555=CARTESIAN_POINT('',(14.6413980148037,-2.1176257662318,3.00824545224739));
#2556=CARTESIAN_POINT('Origin',(14.6413980148037,-2.1176257662318,-2.99175454775261));
#2557=CARTESIAN_POINT('',(14.6413980148037,-2.1176257662318,3.00824545224739));
#2558=CARTESIAN_POINT('Ctrl Pts',(14.6413980148037,-2.1176257662318,-50.991755233206));
#2559=CARTESIAN_POINT('Ctrl Pts',(21.1035957986393,-2.1176257662318,-50.991755233206));
#2560=CARTESIAN_POINT('Ctrl Pts',(21.1035957986393,-2.1176257662318,-44.991755233206));
#2561=CARTESIAN_POINT('Ctrl Pts',(14.6413980148037,-2.3176257662318,-50.991755233206));
#2562=CARTESIAN_POINT('Ctrl Pts',(21.1035957986393,-2.3176257662318,-50.991755233206));
#2563=CARTESIAN_POINT('Ctrl Pts',(21.1035957986393,-2.3176257662318,-44.991755233206));
#2564=CARTESIAN_POINT('',(14.6413980148037,-2.1176257662318,-50.991755233206));
#2565=CARTESIAN_POINT('Origin',(14.6413980148037,-2.1176257662318,-44.991755233206));
#2566=CARTESIAN_POINT('',(14.6413980148037,-2.1176257662318,-50.991755233206));
#2567=CARTESIAN_POINT('Ctrl Pts',(-27.896404782506,-2.1176257662318,-44.991755233206));
#2568=CARTESIAN_POINT('Ctrl Pts',(-27.896404782506,-2.1176257662318,-50.991755233206));
#2569=CARTESIAN_POINT('Ctrl Pts',(-21.4342069986703,-2.1176257662318,-50.991755233206));
#2570=CARTESIAN_POINT('Ctrl Pts',(-27.896404782506,-2.3176257662318,-44.991755233206));
#2571=CARTESIAN_POINT('Ctrl Pts',(-27.896404782506,-2.3176257662318,-50.991755233206));
#2572=CARTESIAN_POINT('Ctrl Pts',(-21.4342069986703,-2.3176257662318,-50.991755233206));
#2573=CARTESIAN_POINT('',(-21.4342069986703,-2.1176257662318,-50.991755233206));
#2574=CARTESIAN_POINT('Origin',(-21.4342069986703,-2.1176257662318,-44.991755233206));
#2575=CARTESIAN_POINT('',(-21.4342069986703,-2.1176257662318,-50.991755233206));
#2576=CARTESIAN_POINT('Origin',(19.7035959327498,3.98237439768098,-23.9917550134139));
#2577=CARTESIAN_POINT('',(19.1035959327498,3.98237439768098,-33.1917550134139));
#2578=CARTESIAN_POINT('',(19.7035959327498,3.38237439768098,-33.1917550134139));
#2579=CARTESIAN_POINT('Origin',(19.7035959327498,3.98237439768098,-33.1917550134139));
#2580=CARTESIAN_POINT('',(19.1035959327498,3.98237439768098,-14.7917550134139));
#2581=CARTESIAN_POINT('',(19.1035959327498,3.98237439768098,-23.9917550134139));
#2582=CARTESIAN_POINT('',(19.7035959327498,3.38237439768098,-14.7917550134139));
#2583=CARTESIAN_POINT('Origin',(19.7035959327498,3.98237439768098,-14.7917550134139));
#2584=CARTESIAN_POINT('',(19.7035959327498,3.38237439768098,-23.9917550134139));
#2585=CARTESIAN_POINT('Origin',(22.6035959327498,5.88237439768098,-33.1917550134139));
#2586=CARTESIAN_POINT('',(22.4173761194081,3.38237439768098,-33.1917550134139));
#2587=CARTESIAN_POINT('',(20.1035959327498,3.38237439768098,-33.1917550134139));
#2588=CARTESIAN_POINT('',(22.9744621326225,2.55953998857665,-33.1917550134139));
#2589=CARTESIAN_POINT('Origin',(22.4173761194081,2.78237439768098,-33.1917550134139));
#2590=CARTESIAN_POINT('',(24.3818558204409,6.07802414782867,-33.1917550134139));
#2591=CARTESIAN_POINT('',(22.0001475690488,0.123753621382905,-33.1917550134139));
#2592=CARTESIAN_POINT('Origin',(23.5462268006193,6.41227576148516,-33.1917550134139));
#2593=CARTESIAN_POINT('',(19.1035959327498,5.2617501950885,-33.1917550134139));
#2594=CARTESIAN_POINT('Origin',(18.5035959327498,5.2617501950885,-33.1917550134139));
#2595=CARTESIAN_POINT('',(19.1035959327498,3.88237439768098,-33.1917550134139));
#2596=CARTESIAN_POINT('',(21.903594871042,5.38237439768098,-33.1917550134139));
#2597=CARTESIAN_POINT('Origin',(22.603594871042,5.38237439768098,-33.1917550134139));
#2598=CARTESIAN_POINT('Origin',(25.1035959327498,3.38237439768098,-23.9917550134139));
#2599=CARTESIAN_POINT('',(22.4173761194081,3.38237439768098,-14.7917550134139));
#2600=CARTESIAN_POINT('',(20.1035959327498,3.38237439768098,-14.7917550134139));
#2601=CARTESIAN_POINT('',(22.4173761194081,3.38237439768098,-37.49175512331));
#2602=CARTESIAN_POINT('Origin',(-26.4964049166164,3.98237439768098,-23.9917550134139));
#2603=CARTESIAN_POINT('',(-25.8964049166164,3.98237439768098,-14.7917550134139));
#2604=CARTESIAN_POINT('',(-26.4964049166164,3.38237439768098,-14.7917550134139));
#2605=CARTESIAN_POINT('Origin',(-26.4964049166164,3.98237439768098,-14.7917550134139));
#2606=CARTESIAN_POINT('',(-25.8964049166164,3.98237439768098,-33.1917550134139));
#2607=CARTESIAN_POINT('',(-25.8964049166164,3.98237439768098,-23.9917550134139));
#2608=CARTESIAN_POINT('',(-26.4964049166164,3.38237439768098,-33.1917550134139));
#2609=CARTESIAN_POINT('Origin',(-26.4964049166164,3.98237439768098,-33.1917550134139));
#2610=CARTESIAN_POINT('',(-26.4964049166164,3.38237439768098,-23.9917550134139));
#2611=CARTESIAN_POINT('Origin',(-29.3964049166164,5.88237439768098,-33.1917550134139));
#2612=CARTESIAN_POINT('',(-25.8964049166164,5.2617501950885,-33.1917550134139));
#2613=CARTESIAN_POINT('',(-25.8964049166164,7.88237439768098,-33.1917550134139));
#2614=CARTESIAN_POINT('Origin',(-25.2964049166164,5.2617501950885,-33.1917550134139));
#2615=CARTESIAN_POINT('',(-31.1746648043075,6.07802414782867,-33.1917550134139));
#2616=CARTESIAN_POINT('Origin',(-30.3390357844859,6.41227576148516,-33.1917550134139));
#2617=CARTESIAN_POINT('',(-29.7672711164891,2.55953998857665,-33.1917550134139));
#2618=CARTESIAN_POINT('',(-31.0964049029073,5.88237439768098,-33.1917550134139));
#2619=CARTESIAN_POINT('',(-29.2101851032747,3.38237439768098,-33.1917550134139));
#2620=CARTESIAN_POINT('Origin',(-29.2101851032747,2.78237439768098,-33.1917550134139));
#2621=CARTESIAN_POINT('',(-26.8964049166164,3.38237439768098,-33.1917550134139));
#2622=CARTESIAN_POINT('',(-30.0964049166164,5.38237439768098,-33.1917550134139));
#2623=CARTESIAN_POINT('Origin',(-29.3964049166164,5.38237439768098,-33.1917550134139));
#2624=CARTESIAN_POINT('Origin',(-25.8964049166164,7.88237439768098,-23.9917550134139));
#2625=CARTESIAN_POINT('',(-25.8964049166164,5.2617501950885,-14.7917550134139));
#2626=CARTESIAN_POINT('',(-25.8964049166164,3.88237439768098,-14.7917550134139));
#2627=CARTESIAN_POINT('',(-25.8964049166164,5.2617501950885,-50.991755233206));
#2628=CARTESIAN_POINT('Origin',(-29.2101851032747,2.78237439768098,-37.49175512331));
#2629=CARTESIAN_POINT('',(-29.7672711164891,2.55953998857665,-14.7917550134139));
#2630=CARTESIAN_POINT('',(-29.2101851032747,3.38237439768098,-14.7917550134139));
#2631=CARTESIAN_POINT('Origin',(-29.2101851032747,2.78237439768098,-14.7917550134139));
#2632=CARTESIAN_POINT('',(-29.2101851032747,3.38237439768098,-37.49175512331));
#2633=CARTESIAN_POINT('',(-29.7672711164891,2.55953998857665,-37.49175512331));
#2634=CARTESIAN_POINT('Origin',(-26.8964049166164,3.38237439768098,-23.9917550134139));
#2635=CARTESIAN_POINT('',(-26.8964049166164,3.38237439768098,-14.7917550134139));
#2636=CARTESIAN_POINT('Origin',(-25.2964049166164,5.2617501950885,-50.991755233206));
#2637=CARTESIAN_POINT('Origin',(-25.2964049166164,5.2617501950885,-14.7917550134139));
#2638=CARTESIAN_POINT('Origin',(18.5035959327498,5.2617501950885,-50.991755233206));
#2639=CARTESIAN_POINT('',(19.1035959327498,5.2617501950885,-14.7917550134139));
#2640=CARTESIAN_POINT('Origin',(18.5035959327498,5.2617501950885,-14.7917550134139));
#2641=CARTESIAN_POINT('',(19.1035959327498,5.2617501950885,-50.991755233206));
#2642=CARTESIAN_POINT('Origin',(19.1035959327498,3.88237439768098,-23.9917550134139));
#2643=CARTESIAN_POINT('',(19.1035959327498,7.88237439768098,-14.7917550134139));
#2644=CARTESIAN_POINT('Origin',(22.4173761194081,2.78237439768098,-37.49175512331));
#2645=CARTESIAN_POINT('',(22.9744621326225,2.55953998857665,-14.7917550134139));
#2646=CARTESIAN_POINT('Origin',(22.4173761194081,2.78237439768098,-14.7917550134139));
#2647=CARTESIAN_POINT('',(22.9744621326225,2.55953998857665,-37.49175512331));
#2648=CARTESIAN_POINT('Origin',(23.5462268006193,6.41227576148516,-50.991755233206));
#2649=CARTESIAN_POINT('',(24.3818558204409,6.07802414782867,-44.991755233206));
#2650=CARTESIAN_POINT('',(24.3818558204409,6.07802414782867,-50.991755233206));
#2651=CARTESIAN_POINT('Origin',(23.5462268006193,6.41227576148516,-44.991755233206));
#2652=CARTESIAN_POINT('Ctrl Pts',(17.1415140168739,5.53875487137195,-50.091755233206));
#2653=CARTESIAN_POINT('Ctrl Pts',(18.3878617112295,5.84178598830505,-50.091755233206));
#2654=CARTESIAN_POINT('Ctrl Pts',(20.4578203857381,6.39823510593541,-49.5571099052945));
#2655=CARTESIAN_POINT('Ctrl Pts',(22.374148111865,6.98318862583057,-47.8401556921012));
#2656=CARTESIAN_POINT('Ctrl Pts',(23.1337261291671,7.2247730325014,-46.2863668848342));
#2657=CARTESIAN_POINT('Ctrl Pts',(23.270150267872,7.26888637784841,-45.4237341696393));
#2658=CARTESIAN_POINT('Ctrl Pts',(23.270150267872,7.26888637784841,-44.991755233206));
#2659=CARTESIAN_POINT('Ctrl Pts',(17.1415140168739,5.53875487137195,-50.2263949183599));
#2660=CARTESIAN_POINT('Ctrl Pts',(18.4098974937866,5.84718474928727,-50.2366768512071));
#2661=CARTESIAN_POINT('Ctrl Pts',(20.5224922427811,6.41555548037742,-49.7124680099432));
#2662=CARTESIAN_POINT('Ctrl Pts',(22.5092689112732,7.02485274841221,-47.9645138478407));
#2663=CARTESIAN_POINT('Ctrl Pts',(23.3097616505187,7.28119161357402,-46.3501381868486));
#2664=CARTESIAN_POINT('Ctrl Pts',(23.4547768614203,7.32838957431375,-45.4450603906447));
#2665=CARTESIAN_POINT('Ctrl Pts',(23.4547768614203,7.32838957431375,-44.991755233206));
#2666=CARTESIAN_POINT('Ctrl Pts',(17.156027455507,5.47906202213416,-50.4956283835886));
#2667=CARTESIAN_POINT('Ctrl Pts',(18.4716608071786,5.78909996195536,-50.5264826512928));
#2668=CARTESIAN_POINT('Ctrl Pts',(20.6758254211113,6.36408510555139,-50.0231583458075));
#2669=CARTESIAN_POINT('Ctrl Pts',(22.8133583287184,6.99810696592074,-48.2132280190569));
#2670=CARTESIAN_POINT('Ctrl Pts',(23.7005137527299,7.27241151054542,-46.4776677166522));
#2671=CARTESIAN_POINT('Ctrl Pts',(23.8635662827483,7.32366453016894,-45.4877189238853));
#2672=CARTESIAN_POINT('Ctrl Pts',(23.8635662827483,7.32366453016894,-44.991755233206));
#2673=CARTESIAN_POINT('Ctrl Pts',(17.2119682374971,5.24898114674573,-50.7923980485555));
#2674=CARTESIAN_POINT('Ctrl Pts',(18.587704034096,5.53838117079706,-50.8348986373448));
#2675=CARTESIAN_POINT('Ctrl Pts',(20.9010927981829,6.0765605261621,-50.3269779169821));
#2676=CARTESIAN_POINT('Ctrl Pts',(23.1765927581708,6.67243012263074,-48.4290496425498));
#2677=CARTESIAN_POINT('Ctrl Pts',(24.1314724181268,6.93133944383816,-46.5822665055413));
#2678=CARTESIAN_POINT('Ctrl Pts',(24.3078068784293,6.97981534034481,-45.5226788667228));
#2679=CARTESIAN_POINT('Ctrl Pts',(24.3078068784293,6.97981534034481,-44.991755233206));
#2680=CARTESIAN_POINT('Ctrl Pts',(17.2825898100593,4.95851911424737,-50.9573564719944));
#2681=CARTESIAN_POINT('Ctrl Pts',(18.6983686389159,5.2195581637087,-50.9884053772366));
#2682=CARTESIAN_POINT('Ctrl Pts',(21.0710871693773,5.70745147369745,-50.4347864191496));
#2683=CARTESIAN_POINT('Ctrl Pts',(23.3610174125208,6.24018836679356,-48.4619263280324));
#2684=CARTESIAN_POINT('Ctrl Pts',(24.3041434060312,6.46744322326933,-46.5878368442607));
#2685=CARTESIAN_POINT('Ctrl Pts',(24.4767353016866,6.50966740483844,-45.5244633614282));
#2686=CARTESIAN_POINT('Ctrl Pts',(24.4767353016866,6.50966740483844,-44.991755233206));
#2687=CARTESIAN_POINT('Ctrl Pts',(17.3302845827057,4.76235355038637,-50.991755233206));
#2688=CARTESIAN_POINT('Ctrl Pts',(18.7592142260007,5.00651855459582,-51.0039179596514));
#2689=CARTESIAN_POINT('Ctrl Pts',(21.1389440669532,5.46596220833284,-50.4025368046073));
#2690=CARTESIAN_POINT('Ctrl Pts',(23.3747353046643,5.96503407109988,-48.3950898406882));
#2691=CARTESIAN_POINT('Ctrl Pts',(24.2734098370117,6.1745592180737,-46.5454256154651));
#2692=CARTESIAN_POINT('Ctrl Pts',(24.4358871407735,6.21310244634555,-45.5102402024114));
#2693=CARTESIAN_POINT('Ctrl Pts',(24.4358871407735,6.21310244634555,-44.991755233206));
#2694=CARTESIAN_POINT('Ctrl Pts',(17.3541413091068,4.66423235330984,-50.991755233206));
#2695=CARTESIAN_POINT('Ctrl Pts',(18.7863310251123,4.90122524722634,-50.991755233206));
#2696=CARTESIAN_POINT('Ctrl Pts',(21.1616708324751,5.34985482048791,-50.3627607297806));
#2697=CARTESIAN_POINT('Ctrl Pts',(23.3564228433583,5.83743042787293,-48.3428145966122));
#2698=CARTESIAN_POINT('Ctrl Pts',(24.225762422279,6.0407568498256,-46.5148277645332));
#2699=CARTESIAN_POINT('Ctrl Pts',(24.3818558204409,6.07802414782866,-45.4999657466569));
#2700=CARTESIAN_POINT('Ctrl Pts',(24.3818558204409,6.07802414782866,-44.991755233206));
#2701=CARTESIAN_POINT('',(17.3541413091068,4.66423235330985,-50.991755233206));
#2702=CARTESIAN_POINT('Ctrl Pts',(24.3818558204409,6.07802414782866,-44.991755233206));
#2703=CARTESIAN_POINT('Ctrl Pts',(24.3818558204409,6.07802414782866,-45.4999657466569));
#2704=CARTESIAN_POINT('Ctrl Pts',(24.225762422279,6.0407568498256,-46.5148277645332));
#2705=CARTESIAN_POINT('Ctrl Pts',(23.3564228433583,5.83743042787293,-48.3428145966122));
#2706=CARTESIAN_POINT('Ctrl Pts',(21.1616708324751,5.34985482048791,-50.3627607297806));
#2707=CARTESIAN_POINT('Ctrl Pts',(18.7863310251123,4.90122524722634,-50.991755233206));
#2708=CARTESIAN_POINT('Ctrl Pts',(17.3541413091068,4.66423235330984,-50.991755233206));
#2709=CARTESIAN_POINT('Origin',(17.3541413091068,4.66423235330985,-50.091755233206));
#2710=CARTESIAN_POINT('Origin',(-3.39640449193332,90.009906347096,-50.091755233206));
#2711=CARTESIAN_POINT('',(-24.1469502929734,4.66423235330986,-50.991755233206));
#2712=CARTESIAN_POINT('Origin',(-24.1469502929734,4.66423235330985,-50.091755233206));
#2713=CARTESIAN_POINT('Origin',(-3.39640449193332,90.009906347096,-50.991755233206));
#2714=CARTESIAN_POINT('Ctrl Pts',(-30.0629592517386,7.26888637784841,-44.991755233206));
#2715=CARTESIAN_POINT('Ctrl Pts',(-30.0629592517386,7.26888637784841,-45.423741131284));
#2716=CARTESIAN_POINT('Ctrl Pts',(-29.8562268742026,7.2019777381143,-46.7252730456972));
#2717=CARTESIAN_POINT('Ctrl Pts',(-28.6119226698336,6.80722940247183,-48.5270372168894));
#2718=CARTESIAN_POINT('Ctrl Pts',(-26.4191499621256,6.16966250750393,-49.8005547238627));
#2719=CARTESIAN_POINT('Ctrl Pts',(-24.7652348541579,5.74077887170054,-50.091755233206));
#2720=CARTESIAN_POINT('Ctrl Pts',(-23.9343230007406,5.53875487137195,-50.091755233206));
#2721=CARTESIAN_POINT('Ctrl Pts',(-30.247585845287,7.32838957431376,-44.991755233206));
#2722=CARTESIAN_POINT('Ctrl Pts',(-30.247585845287,7.32838957431376,-45.4450676959765));
#2723=CARTESIAN_POINT('Ctrl Pts',(-30.0268478051129,7.25642794997524,-46.8113115542938));
#2724=CARTESIAN_POINT('Ctrl Pts',(-28.7213237919748,6.83975015909561,-48.6691851510738));
#2725=CARTESIAN_POINT('Ctrl Pts',(-26.4666952105231,6.1820971216111,-49.9508279320244));
#2726=CARTESIAN_POINT('Ctrl Pts',(-24.7799256126108,5.74437810369191,-50.2332496507251));
#2727=CARTESIAN_POINT('Ctrl Pts',(-23.9343230007406,5.53875487137195,-50.2263949183599));
#2728=CARTESIAN_POINT('Ctrl Pts',(-30.6563757562035,7.32366091447198,-44.991755233206));
#2729=CARTESIAN_POINT('Ctrl Pts',(-30.6563757562035,7.32366091447198,-45.4877269166896));
#2730=CARTESIAN_POINT('Ctrl Pts',(-30.4062747116405,7.24492207321796,-46.9833769246775));
#2731=CARTESIAN_POINT('Ctrl Pts',(-28.9707274316804,6.80252985167498,-48.9534700139862));
#2732=CARTESIAN_POINT('Ctrl Pts',(-26.5831061430465,6.12800998818649,-50.2513438636269));
#2733=CARTESIAN_POINT('Ctrl Pts',(-24.8259397021625,5.68575638031334,-50.5161979811966));
#2734=CARTESIAN_POINT('Ctrl Pts',(-23.948836666143,5.4790610894461,-50.4956281379016));
#2735=CARTESIAN_POINT('Ctrl Pts',(-31.1006149726472,6.97981331981945,-44.991755233206));
#2736=CARTESIAN_POINT('Ctrl Pts',(-31.1006149726472,6.97981331981945,-45.5226874229313));
#2737=CARTESIAN_POINT('Ctrl Pts',(-30.8294832354603,6.90523645375361,-47.1240940545966));
#2738=CARTESIAN_POINT('Ctrl Pts',(-29.2883423312568,6.48831179107902,-49.2101180844434));
#2739=CARTESIAN_POINT('Ctrl Pts',(-26.7640095459289,5.85556985676508,-50.5571474251426));
#2740=CARTESIAN_POINT('Ctrl Pts',(-24.9219493359761,5.4419170449998,-50.8207318535373));
#2741=CARTESIAN_POINT('Ctrl Pts',(-24.0047773576096,5.24898058637549,-50.7923976710598));
#2742=CARTESIAN_POINT('Ctrl Pts',(-31.2695424273996,6.50966571720287,-44.991755233206));
#2743=CARTESIAN_POINT('Ctrl Pts',(-31.2695424273996,6.50966571720287,-45.5244719463951));
#2744=CARTESIAN_POINT('Ctrl Pts',(-31.0054427926312,6.44506671334073,-47.1307516136725));
#2745=CARTESIAN_POINT('Ctrl Pts',(-29.4755818545766,6.07702381432466,-49.26657038258));
#2746=CARTESIAN_POINT('Ctrl Pts',(-26.9100662440728,5.50671747074705,-50.6863557447202));
#2747=CARTESIAN_POINT('Ctrl Pts',(-25.0192667022434,5.13254735581742,-50.9780554376178));
#2748=CARTESIAN_POINT('Ctrl Pts',(-24.075398938824,4.95851851829116,-50.957355833873));
#2749=CARTESIAN_POINT('Ctrl Pts',(-31.2286961246402,6.21310244634555,-44.991755233206));
#2750=CARTESIAN_POINT('Ctrl Pts',(-31.2286961246402,6.21310244634555,-45.510248558162));
#2751=CARTESIAN_POINT('Ctrl Pts',(-30.9815751086906,6.154461858352,-47.0728406329878));
#2752=CARTESIAN_POINT('Ctrl Pts',(-29.5147529555783,5.81324798178139,-49.2040300862797));
#2753=CARTESIAN_POINT('Ctrl Pts',(-26.9756347964329,5.27640201152716,-50.6762652364891));
#2754=CARTESIAN_POINT('Ctrl Pts',(-25.0757286809071,4.92513284311996,-50.9998638481769));
#2755=CARTESIAN_POINT('Ctrl Pts',(-24.1230935665723,4.76235355038636,-50.991755233206));
#2756=CARTESIAN_POINT('Ctrl Pts',(-31.1746648043075,6.07802414782866,-44.991755233206));
#2757=CARTESIAN_POINT('Ctrl Pts',(-31.1746648043075,6.07802414782866,-45.4999739368274));
#2758=CARTESIAN_POINT('Ctrl Pts',(-30.9381300566898,6.02148764399971,-47.0311879537839));
#2759=CARTESIAN_POINT('Ctrl Pts',(-29.5139580319027,5.68944677284543,-49.1509105081278));
#2760=CARTESIAN_POINT('Ctrl Pts',(-27.0006428783393,5.16441554899493,-50.6491663986845));
#2761=CARTESIAN_POINT('Ctrl Pts',(-25.1017588241408,4.82223016212572,-50.991755233206));
#2762=CARTESIAN_POINT('Ctrl Pts',(-24.1469502929735,4.66423235330984,-50.991755233206));
#2763=CARTESIAN_POINT('',(-31.1746648043075,6.07802414782867,-44.991755233206));
#2764=CARTESIAN_POINT('Ctrl Pts',(-24.1469502929735,4.66423235330984,-50.991755233206));
#2765=CARTESIAN_POINT('Ctrl Pts',(-25.1017588241408,4.82223016212572,-50.991755233206));
#2766=CARTESIAN_POINT('Ctrl Pts',(-27.0006428783393,5.16441554899493,-50.6491663986845));
#2767=CARTESIAN_POINT('Ctrl Pts',(-29.5139580319027,5.68944677284543,-49.1509105081278));
#2768=CARTESIAN_POINT('Ctrl Pts',(-30.9381300566898,6.02148764399971,-47.0311879537839));
#2769=CARTESIAN_POINT('Ctrl Pts',(-31.1746648043075,6.07802414782866,-45.4999739368274));
#2770=CARTESIAN_POINT('Ctrl Pts',(-31.1746648043075,6.07802414782866,-44.991755233206));
#2771=CARTESIAN_POINT('Origin',(-30.3390357844859,6.41227576148516,-44.991755233206));
#2772=CARTESIAN_POINT('Origin',(-30.3390357844859,6.41227576148516,-50.991755233206));
#2773=CARTESIAN_POINT('',(-31.1746648043075,6.07802414782867,-50.991755233206));
#2774=CARTESIAN_POINT('Origin',(-31.8964049166164,7.88237439768098,-50.991755233206));
#2775=CARTESIAN_POINT('',(-28.0010590938057,-1.85598999246585,-44.991755233206));
#2776=CARTESIAN_POINT('',(-31.1746648043075,6.07802414782867,-2.99175454775261));
#2777=CARTESIAN_POINT('',(-28.0515771920201,-1.72969474909423,-2.99175454775261));
#2778=CARTESIAN_POINT('',(-31.1746648043075,6.07802414782867,-14.7917550134139));
#2779=CARTESIAN_POINT('',(-31.1746648043075,6.07802414782867,-50.991755233206));
#2780=CARTESIAN_POINT('',(-31.379163527933,6.5892709481316,-14.7917550134139));
#2781=CARTESIAN_POINT('Origin',(-22.4301989616616,0.372354098577434,-44.991755233206));
#2782=CARTESIAN_POINT('',(-22.4301989616616,0.372354098577434,-50.991755233206));
#2783=CARTESIAN_POINT('Origin',(-3.538892091796,-3.36762576995709,-50.991755233206));
#2784=CARTESIAN_POINT('',(13.6177364481091,-4.67677963911372,-50.991755233206));
#2785=CARTESIAN_POINT('Origin',(13.6177364481091,-4.67677963911372,-44.991755233206));
#2786=CARTESIAN_POINT('',(19.1885965802532,-6.905123730157,-44.991755233206));
#2787=CARTESIAN_POINT('Origin',(21.1035957986393,-2.1176257662318,-50.991755233206));
#2788=CARTESIAN_POINT('',(24.3818558204409,6.07802414782867,-14.7917550134139));
#2789=CARTESIAN_POINT('',(22.5863544770112,1.58927086617522,-14.7917550134139));
#2790=CARTESIAN_POINT('',(24.3818558204409,6.07802414782867,-2.99175454775261));
#2791=CARTESIAN_POINT('',(24.3818558204409,6.07802414782867,-50.991755233206));
#2792=CARTESIAN_POINT('',(19.2242853809449,-6.81590172995667,-2.99175454775261));
#2793=CARTESIAN_POINT('Origin',(23.5462268006193,6.41227576148516,-50.991755233206));
#2794=CARTESIAN_POINT('Origin',(23.5462268006193,6.41227576148516,-14.7917550134139));
#2795=CARTESIAN_POINT('Origin',(23.5462268006193,6.41227576148516,-2.99175454775261));
#2796=CARTESIAN_POINT('Ctrl Pts',(23.270150267872,7.2688863778484,-2.99175454775261));
#2797=CARTESIAN_POINT('Ctrl Pts',(23.270150267872,7.2688863778484,-2.55977561137029));
#2798=CARTESIAN_POINT('Ctrl Pts',(23.0633878741544,7.20196607944689,-1.2580373442363));
#2799=CARTESIAN_POINT('Ctrl Pts',(21.8191112613717,6.80722566400754,0.543446027383202));
#2800=CARTESIAN_POINT('Ctrl Pts',(19.6263547906737,6.16965837058302,1.81705799532427));
#2801=CARTESIAN_POINT('Ctrl Pts',(17.9724124796795,5.74077561597017,2.10824545224739));
#2802=CARTESIAN_POINT('Ctrl Pts',(17.1415140168739,5.53875487137195,2.10824545224739));
#2803=CARTESIAN_POINT('Ctrl Pts',(23.4547768614203,7.32838957431375,-2.99175454775261));
#2804=CARTESIAN_POINT('Ctrl Pts',(23.4547768614203,7.32838957431375,-2.53841386815156));
#2805=CARTESIAN_POINT('Ctrl Pts',(23.2340440183276,7.25640922463494,-1.17188968826385));
#2806=CARTESIAN_POINT('Ctrl Pts',(21.9284860390809,6.83975600411627,0.685705125854767));
#2807=CARTESIAN_POINT('Ctrl Pts',(19.673839841501,6.18211290927225,1.96738112473995));
#2808=CARTESIAN_POINT('Ctrl Pts',(17.9871122313161,5.7443733607209,2.24975689417408));
#2809=CARTESIAN_POINT('Ctrl Pts',(17.1415140168739,5.53875487137195,2.24288513740124));
#2810=CARTESIAN_POINT('Ctrl Pts',(23.8619424800416,7.32366132848623,-2.99175454775261));
#2811=CARTESIAN_POINT('Ctrl Pts',(23.8619424800416,7.32366132848623,-2.49585298583773));
#2812=CARTESIAN_POINT('Ctrl Pts',(23.6121032352918,7.24491022105931,-1.0003110346905));
#2813=CARTESIAN_POINT('Ctrl Pts',(22.1771799905971,6.80248136572777,0.969273562569549));
#2814=CARTESIAN_POINT('Ctrl Pts',(19.7900106970196,6.12791857776244,2.26734540820047));
#2815=CARTESIAN_POINT('Ctrl Pts',(18.0331224271357,5.68566516652501,2.53230273986677));
#2816=CARTESIAN_POINT('Ctrl Pts',(17.1560496442263,5.478970761344,2.51176318451742));
#2817=CARTESIAN_POINT('Ctrl Pts',(24.4307736803599,6.88608082010539,-2.9917545477526));
#2818=CARTESIAN_POINT('Ctrl Pts',(24.4307736803599,6.88608082010539,-2.45117822350658));
#2819=CARTESIAN_POINT('Ctrl Pts',(24.1536413482661,6.81262674274932,-0.820228449164579));
#2820=CARTESIAN_POINT('Ctrl Pts',(22.5830243485132,6.40272576374941,1.29726577622713));
#2821=CARTESIAN_POINT('Ctrl Pts',(20.0208798921532,5.78142187597265,2.6576821925531));
#2822=CARTESIAN_POINT('Ctrl Pts',(18.1553131792188,5.37551989412367,2.92073452232967));
#2823=CARTESIAN_POINT('Ctrl Pts',(17.2271976940659,5.18634336131663,2.89022635248955));
#2824=CARTESIAN_POINT('Ctrl Pts',(24.4899184611062,6.34818074486245,-2.9917545477526));
#2825=CARTESIAN_POINT('Ctrl Pts',(24.4899184611062,6.34818074486245,-2.46260162610773));
#2826=CARTESIAN_POINT('Ctrl Pts',(24.2325367448925,6.28734156847094,-0.867838971347283));
#2827=CARTESIAN_POINT('Ctrl Pts',(22.7224195813934,5.93711217883971,1.27464095373026));
#2828=CARTESIAN_POINT('Ctrl Pts',(20.1572080632417,5.38854814527537,2.72019540019609));
#2829=CARTESIAN_POINT('Ctrl Pts',(18.2569781035216,5.02801330750694,3.02465298748012));
#2830=CARTESIAN_POINT('Ctrl Pts',(17.3064278563045,4.86047474746289,3.00824545224739));
#2831=CARTESIAN_POINT('Ctrl Pts',(24.3818558204409,6.07802414782866,-2.9917545477526));
#2832=CARTESIAN_POINT('Ctrl Pts',(24.3818558204409,6.07802414782866,-2.48354403436161));
#2833=CARTESIAN_POINT('Ctrl Pts',(24.1452868490527,6.02147742336476,-0.952087249498136));
#2834=CARTESIAN_POINT('Ctrl Pts',(22.7211464555152,5.68944305280673,1.16730495240719));
#2835=CARTESIAN_POINT('Ctrl Pts',(20.2078502272664,5.16441041829269,2.66567197351431));
#2836=CARTESIAN_POINT('Ctrl Pts',(18.3089344529979,4.82222761590221,3.00824545224739));
#2837=CARTESIAN_POINT('Ctrl Pts',(17.3541413091068,4.66423235330984,3.00824545224739));
#2838=CARTESIAN_POINT('',(17.3541413091068,4.66423235330985,3.00824545224739));
#2839=CARTESIAN_POINT('Origin',(17.3541413091068,4.66423235330985,2.10824545224739));
#2840=CARTESIAN_POINT('Ctrl Pts',(17.3541413091068,4.66423235330984,3.00824545224739));
#2841=CARTESIAN_POINT('Ctrl Pts',(18.3089344529979,4.82222761590221,3.00824545224739));
#2842=CARTESIAN_POINT('Ctrl Pts',(20.2078502272664,5.16441041829269,2.66567197351431));
#2843=CARTESIAN_POINT('Ctrl Pts',(22.7211464555152,5.68944305280673,1.16730495240719));
#2844=CARTESIAN_POINT('Ctrl Pts',(24.1452868490527,6.02147742336476,-0.952087249498136));
#2845=CARTESIAN_POINT('Ctrl Pts',(24.3818558204409,6.07802414782866,-2.48354403436161));
#2846=CARTESIAN_POINT('Ctrl Pts',(24.3818558204409,6.07802414782866,-2.9917545477526));
#2847=CARTESIAN_POINT('Origin',(-3.39640449193332,90.009906347096,2.10824545224739));
#2848=CARTESIAN_POINT('',(-24.1469502929734,4.66423235330986,3.00824545224739));
#2849=CARTESIAN_POINT('Origin',(-24.1469502929734,4.66423235330986,2.10824545224739));
#2850=CARTESIAN_POINT('Origin',(-3.39640449193332,90.009906347096,3.00824545224739));
#2851=CARTESIAN_POINT('Ctrl Pts',(-23.9343230007406,5.53875487137195,2.10824545224739));
#2852=CARTESIAN_POINT('Ctrl Pts',(-25.1806907808666,5.84179087186483,2.10824545224739));
#2853=CARTESIAN_POINT('Ctrl Pts',(-27.2505846398864,6.3981665662473,1.57338870563317));
#2854=CARTESIAN_POINT('Ctrl Pts',(-29.1669734361062,6.98318037559301,-0.143388620174711));
#2855=CARTESIAN_POINT('Ctrl Pts',(-29.9265720849783,7.22477214282271,-1.69738871585764));
#2856=CARTESIAN_POINT('Ctrl Pts',(-30.0629592517386,7.26888637784841,-2.55976864967463));
#2857=CARTESIAN_POINT('Ctrl Pts',(-30.0629592517386,7.26888637784841,-2.99175454775261));
#2858=CARTESIAN_POINT('Ctrl Pts',(-23.9343230007406,5.53875487137195,2.24288513740124));
#2859=CARTESIAN_POINT('Ctrl Pts',(-25.2027407636692,5.84718757596184,2.25319293867651));
#2860=CARTESIAN_POINT('Ctrl Pts',(-27.315149103839,6.4155216492017,1.72878185602942));
#2861=CARTESIAN_POINT('Ctrl Pts',(-29.3020584153821,7.02485141695389,-0.018904064544984));
#2862=CARTESIAN_POINT('Ctrl Pts',(-30.1026374718915,7.28118784287501,-1.63356564570474));
#2863=CARTESIAN_POINT('Ctrl Pts',(-30.247585845287,7.32838957431375,-2.53840656219386));
#2864=CARTESIAN_POINT('Ctrl Pts',(-30.247585845287,7.32838957431375,-2.99175454775261));
#2865=CARTESIAN_POINT('Ctrl Pts',(-23.9488597825541,5.47896601311853,2.51175537560677));
#2866=CARTESIAN_POINT('Ctrl Pts',(-25.2644901590415,5.7890126174654,2.54256520514852));
#2867=CARTESIAN_POINT('Ctrl Pts',(-27.4680734643594,6.36392168253103,2.03873294137528));
#2868=CARTESIAN_POINT('Ctrl Pts',(-29.6050811961815,6.99804964938525,0.229163303613688));
#2869=CARTESIAN_POINT('Ctrl Pts',(-30.4919140787404,7.27239831074189,-1.50645280746242));
#2870=CARTESIAN_POINT('Ctrl Pts',(-30.6547204177338,7.32364971915601,-2.49584499397644));
#2871=CARTESIAN_POINT('Ctrl Pts',(-30.6547204177338,7.32364971915601,-2.99175454775261));
#2872=CARTESIAN_POINT('Ctrl Pts',(-24.0200086660101,5.18633518448037,2.89020392692051));
#2873=CARTESIAN_POINT('Ctrl Pts',(-25.4122043297552,5.4701045567939,2.93596691917703));
#2874=CARTESIAN_POINT('Ctrl Pts',(-27.7557569755995,5.99825951362184,2.42663944357656));
#2875=CARTESIAN_POINT('Ctrl Pts',(-30.0695818413377,6.58367734063028,0.505021229510037));
#2876=CARTESIAN_POINT('Ctrl Pts',(-31.0434367770213,6.83835276990729,-1.37264507196053));
#2877=CARTESIAN_POINT('Ctrl Pts',(-31.2234845445392,6.88607030507037,-2.4511695116748));
#2878=CARTESIAN_POINT('Ctrl Pts',(-31.2234845445392,6.88607030507037,-2.99175454775261));
#2879=CARTESIAN_POINT('Ctrl Pts',(-24.0992368401712,4.86047474746289,3.00824545224739));
#2880=CARTESIAN_POINT('Ctrl Pts',(-25.5250851893446,5.11178663756135,3.03285715172786));
#2881=CARTESIAN_POINT('Ctrl Pts',(-27.9078346886845,5.58228916073028,2.45908514811011));
#2882=CARTESIAN_POINT('Ctrl Pts',(-30.1855265261716,6.09269129045971,0.465185863262663));
#2883=CARTESIAN_POINT('Ctrl Pts',(-31.114210719974,6.30829694859918,-1.40712150946981));
#2884=CARTESIAN_POINT('Ctrl Pts',(-31.2827274449728,6.34818074486244,-2.46259309837346));
#2885=CARTESIAN_POINT('Ctrl Pts',(-31.2827274449728,6.34818074486244,-2.99175454775261));
#2886=CARTESIAN_POINT('Ctrl Pts',(-24.1469502929735,4.66423235330984,3.00824545224739));
#2887=CARTESIAN_POINT('Ctrl Pts',(-25.5791630897245,4.90122906653366,3.00824545224738));
#2888=CARTESIAN_POINT('Ctrl Pts',(-27.9544319623197,5.34978663570265,2.37900222093654));
#2889=CARTESIAN_POINT('Ctrl Pts',(-30.1492513556046,5.83742088468754,0.359264190574325));
#2890=CARTESIAN_POINT('Ctrl Pts',(-31.0186144983221,6.04075365595025,-1.46897121611147));
#2891=CARTESIAN_POINT('Ctrl Pts',(-31.1746648043075,6.07802414782866,-2.48353584413146));
#2892=CARTESIAN_POINT('Ctrl Pts',(-31.1746648043075,6.07802414782866,-2.99175454775261));
#2893=CARTESIAN_POINT('Origin',(-30.3390357844859,6.41227576148516,-2.99175454775261));
#2894=CARTESIAN_POINT('Ctrl Pts',(-31.1746648043075,6.07802414782866,-2.99175454775261));
#2895=CARTESIAN_POINT('Ctrl Pts',(-31.1746648043075,6.07802414782866,-2.48353584413146));
#2896=CARTESIAN_POINT('Ctrl Pts',(-31.0186144983221,6.04075365595025,-1.46897121611147));
#2897=CARTESIAN_POINT('Ctrl Pts',(-30.1492513556046,5.83742088468754,0.359264190574325));
#2898=CARTESIAN_POINT('Ctrl Pts',(-27.9544319623197,5.34978663570265,2.37900222093654));
#2899=CARTESIAN_POINT('Ctrl Pts',(-25.5791630897245,4.90122906653366,3.00824545224738));
#2900=CARTESIAN_POINT('Ctrl Pts',(-24.1469502929735,4.66423235330984,3.00824545224739));
#2901=CARTESIAN_POINT('Origin',(-30.3390357844859,6.41227576148516,-50.991755233206));
#2902=CARTESIAN_POINT('Origin',(-30.3390357844859,6.41227576148516,-14.7917550134139));
#2903=CARTESIAN_POINT('Origin',(-29.3964049166164,5.88237439768098,-14.7917550134139));
#2904=CARTESIAN_POINT('',(-30.0964049166164,5.38237439768098,-14.7917550134139));
#2905=CARTESIAN_POINT('Origin',(-29.3964049166164,5.38237439768098,-14.7917550134139));
#2906=CARTESIAN_POINT('Origin',(13.6534252488008,-4.58755763891338,-2.99175454775261));
#2907=CARTESIAN_POINT('',(13.6534252488008,-4.58755763891338,3.00824545224739));
#2908=CARTESIAN_POINT('Origin',(-3.64640449565861,-3.1176257662318,3.00824545224739));
#2909=CARTESIAN_POINT('',(-22.480717059876,0.49864934194906,3.00824545224739));
#2910=CARTESIAN_POINT('Origin',(-22.480717059876,0.49864934194906,-2.99175454775261));
#2911=CARTESIAN_POINT('Origin',(22.603594871042,5.38237439768098,-14.7917550134139));
#2912=CARTESIAN_POINT('',(21.903594871042,5.38237439768098,-13.7917550134139));
#2913=CARTESIAN_POINT('Origin',(22.603594871042,5.38237439768098,-13.7917550134139));
#2914=CARTESIAN_POINT('',(21.903594871042,5.38237439768098,-14.7917550134139));
#2915=CARTESIAN_POINT('',(21.903594871042,5.38237439768098,-14.7917550134139));
#2916=CARTESIAN_POINT('Origin',(22.603594871042,5.38237439768098,-14.7917550134139));
#2917=CARTESIAN_POINT('Origin',(22.603594871042,5.38237439768098,-13.7917550134139));
#2918=CARTESIAN_POINT('Origin',(22.603594871042,5.38237439768098,-14.7917550134139));
#2919=CARTESIAN_POINT('',(21.903594871042,5.38237439768098,-34.1917550134139));
#2920=CARTESIAN_POINT('',(21.903594871042,5.38237439768098,-14.7917550134139));
#2921=CARTESIAN_POINT('Origin',(22.603594871042,5.38237439768098,-34.1917550134139));
#2922=CARTESIAN_POINT('Origin',(22.603594871042,5.38237439768098,-34.1917550134139));
#2923=CARTESIAN_POINT('Origin',(-29.3964049166164,5.38237439768098,-14.7917550134139));
#2924=CARTESIAN_POINT('',(-30.0964049166164,5.38237439768098,-34.1917550134139));
#2925=CARTESIAN_POINT('',(-30.0964049166164,5.38237439768098,-14.7917550134139));
#2926=CARTESIAN_POINT('Origin',(-29.3964049166164,5.38237439768098,-34.1917550134139));
#2927=CARTESIAN_POINT('Origin',(-29.3964049166164,5.38237439768098,-34.1917550134139));
#2928=CARTESIAN_POINT('Origin',(-29.3964049166164,5.38237439768098,-14.7917550134139));
#2929=CARTESIAN_POINT('',(-30.0964049166164,5.38237439768098,-13.7917550134139));
#2930=CARTESIAN_POINT('Origin',(-29.3964049166164,5.38237439768098,-13.7917550134139));
#2931=CARTESIAN_POINT('',(-30.0964049166164,5.38237439768098,-14.7917550134139));
#2932=CARTESIAN_POINT('Origin',(9.6035951951423,2.1823742337682,-48.9917545887308));
#2933=CARTESIAN_POINT('Origin',(9.6035951951423,2.1823742337682,-48.9917545887308));
#2934=CARTESIAN_POINT('Origin',(8.10359519514229,2.8823742337682,-49.4917545887308));
#2935=CARTESIAN_POINT('',(9.6035951951423,2.8823742337682,-49.4917545887308));
#2936=CARTESIAN_POINT('Origin',(9.6035951951423,2.8823742337682,-48.9917545887308));
#2937=CARTESIAN_POINT('Origin',(-22.8963999938021,-7.4176257662318,-9.99611766062191));
#2938=CARTESIAN_POINT('',(-24.3818020969144,-7.4176257662318,-10.204877312062));
#2939=CARTESIAN_POINT('Origin',(13.1035741507433,-7.4176257662318,-9.98246527415717));
#2940=CARTESIAN_POINT('',(11.6035741507433,-7.4176257662318,-9.98246527415717));
#2941=CARTESIAN_POINT('Origin',(-22.895952328536,-7.4176257662318,-36.034293193168));
#2942=CARTESIAN_POINT('',(-24.384771555998,-7.4176257662318,-36.2170972082758));
#2943=CARTESIAN_POINT('Origin',(13.1028931504814,-7.4176257662318,-36.0447626253462));
#2944=CARTESIAN_POINT('',(11.6413380533036,-7.4176257662318,-36.382189206862));
#2945=CARTESIAN_POINT('Origin',(22.6035959327498,5.88237439768098,-14.7917550134139));
#2946=CARTESIAN_POINT('Origin',(-3.46764829186466,2.0823742337682,-49.991755233206));
#2947=CARTESIAN_POINT('',(-3.46764829186466,3.0823742337682,-49.991755233206));
#2948=CARTESIAN_POINT('Origin',(-3.39640449193332,3.0823742337682,-23.9917548904793));
#2949=CARTESIAN_POINT('',(-3.52140449379597,3.0823742337682,2.00824545224739));
#2950=CARTESIAN_POINT('Origin',(-3.52140449379597,2.0823742337682,2.00824545224739));
#2951=CARTESIAN_POINT('Origin',(-29.3964049166164,5.38237439768098,-13.7917550134139));
#2952=CARTESIAN_POINT('',(0.,0.,0.));
#2953=UNCERTAINTY_MEASURE_WITH_UNIT(LENGTH_MEASURE(0.01),#2959,
'DISTANCE_ACCURACY_VALUE',
'Maximum model space distance between geometric entities at asserted c
onnectivities');
#2954=UNCERTAINTY_MEASURE_WITH_UNIT(LENGTH_MEASURE(0.01),#2959,
'DISTANCE_ACCURACY_VALUE',
'Maximum model space distance between geometric entities at asserted c
onnectivities');
#2955=UNCERTAINTY_MEASURE_WITH_UNIT(LENGTH_MEASURE(0.01),#2959,
'DISTANCE_ACCURACY_VALUE',
'Maximum model space distance between geometric entities at asserted c
onnectivities');
#2956=(
GEOMETRIC_REPRESENTATION_CONTEXT(3)
GLOBAL_UNCERTAINTY_ASSIGNED_CONTEXT((#2953))
GLOBAL_UNIT_ASSIGNED_CONTEXT((#2959,#2961,#2962))
REPRESENTATION_CONTEXT('','3D')
);
#2957=(
GEOMETRIC_REPRESENTATION_CONTEXT(3)
GLOBAL_UNCERTAINTY_ASSIGNED_CONTEXT((#2954))
GLOBAL_UNIT_ASSIGNED_CONTEXT((#2959,#2961,#2962))
REPRESENTATION_CONTEXT('','3D')
);
#2958=(
GEOMETRIC_REPRESENTATION_CONTEXT(3)
GLOBAL_UNCERTAINTY_ASSIGNED_CONTEXT((#2955))
GLOBAL_UNIT_ASSIGNED_CONTEXT((#2959,#2961,#2962))
REPRESENTATION_CONTEXT('','3D')
);
#2959=(
LENGTH_UNIT()
NAMED_UNIT(*)
SI_UNIT(.MILLI.,.METRE.)
);
#2960=(
LENGTH_UNIT()
NAMED_UNIT(*)
SI_UNIT($,.METRE.)
);
#2961=(
NAMED_UNIT(*)
PLANE_ANGLE_UNIT()
SI_UNIT($,.RADIAN.)
);
#2962=(
NAMED_UNIT(*)
SI_UNIT($,.STERADIAN.)
SOLID_ANGLE_UNIT()
);
#2963=SHAPE_DEFINITION_REPRESENTATION(#2965,#2968);
#2964=SHAPE_DEFINITION_REPRESENTATION(#2966,#2969);
#2965=PRODUCT_DEFINITION_SHAPE('',$,#2971);
#2966=PRODUCT_DEFINITION_SHAPE('',$,#2972);
#2967=PRODUCT_DEFINITION_SHAPE($,$,#14);
#2968=SHAPE_REPRESENTATION('',(#1427,#1595),#2956);
#2969=SHAPE_REPRESENTATION('',(#1428),#2957);
#2970=PRODUCT_DEFINITION_CONTEXT('part definition',#2978,'design');
#2971=PRODUCT_DEFINITION('2025-09-09-16-37-31-994','esp_2.0',#2973,#2970);
#2972=PRODUCT_DEFINITION('2025-09-09-16-37-35-122','Component2',#2974,#2970);
#2973=PRODUCT_DEFINITION_FORMATION('',$,#2980);
#2974=PRODUCT_DEFINITION_FORMATION('',$,#2981);
#2975=PRODUCT_RELATED_PRODUCT_CATEGORY('esp_2.0','esp_2.0',(#2980));
#2976=PRODUCT_RELATED_PRODUCT_CATEGORY('Component2','Component2',(#2981));
#2977=APPLICATION_PROTOCOL_DEFINITION('international standard',
'automotive_design',2009,#2978);
#2978=APPLICATION_CONTEXT(
'Core Data for Automotive Mechanical Design Process');
#2979=PRODUCT_CONTEXT('part definition',#2978,'mechanical');
#2980=PRODUCT('2025-09-09-16-37-31-994','esp_2.0',$,(#2979));
#2981=PRODUCT('2025-09-09-16-37-35-122','Component2',$,(#2979));
#2982=PRESENTATION_STYLE_ASSIGNMENT((#2985));
#2983=PRESENTATION_STYLE_ASSIGNMENT((#2986));
#2984=PRESENTATION_STYLE_ASSIGNMENT((#2987));
#2985=SURFACE_STYLE_USAGE(.BOTH.,#2988);
#2986=SURFACE_STYLE_USAGE(.BOTH.,#2989);
#2987=SURFACE_STYLE_USAGE(.BOTH.,#2990);
#2988=SURFACE_SIDE_STYLE('',(#2991));
#2989=SURFACE_SIDE_STYLE('',(#2992));
#2990=SURFACE_SIDE_STYLE('',(#2993));
#2991=SURFACE_STYLE_FILL_AREA(#2994);
#2992=SURFACE_STYLE_FILL_AREA(#2995);
#2993=SURFACE_STYLE_FILL_AREA(#2996);
#2994=FILL_AREA_STYLE('Steel - Satin',(#2997));
#2995=FILL_AREA_STYLE('Copper - Polished',(#2998));
#2996=FILL_AREA_STYLE('Polymide (Kapton)',(#2999));
#2997=FILL_AREA_STYLE_COLOUR('Steel - Satin',#3000);
#2998=FILL_AREA_STYLE_COLOUR('Copper - Polished',#3001);
#2999=FILL_AREA_STYLE_COLOUR('Polymide (Kapton)',#3002);
#3000=COLOUR_RGB('Steel - Satin',0.627450980392157,0.627450980392157,0.627450980392157);
#3001=COLOUR_RGB('Copper - Polished',0.529411764705882,0.380392156862745,
0.290196078431373);
#3002=COLOUR_RGB('Polymide (Kapton)',0.,0.,0.);
ENDSEC;
END-ISO-10303-21;
