ISO-10303-21;
HEADER;
/* Generated by software containing ST-Developer
 * from STEP Tools, Inc. (www.steptools.com) 
 */

FILE_DESCRIPTION(
/* description */ (''),
/* implementation_level */ '2;1');

FILE_NAME(
/* name */ 'esp_2.0_xiao_mid.step',
/* time_stamp */ '2025-09-18T15:52:17+01:00',
/* author */ (''),
/* organization */ (''),
/* preprocessor_version */ 'ST-DEVELOPER v20.1',
/* originating_system */ 'Autodesk Translation Framework v14.17.0.0',
/* authorisation */ '');

FILE_SCHEMA (('AUTOMOTIVE_DESIGN { 1 0 10303 214 3 1 1 }'));
ENDSEC;

DATA;
#10=MECHANICAL_DESIGN_GEOMETRIC_PRESENTATION_REPRESENTATION('',(#17,#18),
#5153);
#11=ITEM_DEFINED_TRANSFORMATION($,$,#2854,#3139);
#12=(
REPRESENTATION_RELATIONSHIP($,$,#5163,#5162)
REPRESENTATION_RELATIONSHIP_WITH_TRANSFORMATION(#11)
SHAPE_REPRESENTATION_RELATIONSHIP()
);
#13=CONTEXT_DEPENDENT_SHAPE_REPRESENTATION(#12,#5161);
#14=NEXT_ASSEMBLY_USAGE_OCCURRENCE('Component3:1','Component3:1',
'Component3:1',#5165,#5166,'Component3:1');
#15=SHAPE_REPRESENTATION_RELATIONSHIP('SRR','None',#5163,#16);
#16=ADVANCED_BREP_SHAPE_REPRESENTATION('',(#19,#20),#5152);
#17=STYLED_ITEM('',(#5178),#19);
#18=STYLED_ITEM('',(#5178),#20);
#19=MANIFOLD_SOLID_BREP('Body1',#2851);
#20=MANIFOLD_SOLID_BREP('Body9',#2852);
#21=SPHERICAL_SURFACE('',#2971,1.);
#22=SPHERICAL_SURFACE('',#2981,1.);
#23=SPHERICAL_SURFACE('',#2990,1.);
#24=FACE_BOUND('',#890,.T.);
#25=FACE_BOUND('',#891,.T.);
#26=FACE_BOUND('',#892,.T.);
#27=FACE_BOUND('',#893,.T.);
#28=FACE_BOUND('',#894,.T.);
#29=FACE_BOUND('',#895,.T.);
#30=FACE_BOUND('',#896,.T.);
#31=FACE_BOUND('',#897,.T.);
#32=FACE_BOUND('',#898,.T.);
#33=FACE_BOUND('',#899,.T.);
#34=FACE_BOUND('',#900,.T.);
#35=FACE_BOUND('',#930,.T.);
#36=FACE_BOUND('',#931,.T.);
#37=FACE_BOUND('',#932,.T.);
#38=FACE_BOUND('',#933,.T.);
#39=FACE_BOUND('',#941,.T.);
#40=FACE_BOUND('',#974,.T.);
#41=FACE_BOUND('',#978,.T.);
#42=FACE_BOUND('',#987,.T.);
#43=PLANE('',#2862);
#44=PLANE('',#2865);
#45=PLANE('',#2866);
#46=PLANE('',#2870);
#47=PLANE('',#2893);
#48=PLANE('',#2896);
#49=PLANE('',#2900);
#50=PLANE('',#2903);
#51=PLANE('',#2904);
#52=PLANE('',#2906);
#53=PLANE('',#2909);
#54=PLANE('',#2911);
#55=PLANE('',#2912);
#56=PLANE('',#2913);
#57=PLANE('',#2917);
#58=PLANE('',#2933);
#59=PLANE('',#2968);
#60=PLANE('',#2970);
#61=PLANE('',#2988);
#62=PLANE('',#2998);
#63=PLANE('',#3000);
#64=PLANE('',#3002);
#65=PLANE('',#3014);
#66=PLANE('',#3029);
#67=PLANE('',#3031);
#68=PLANE('',#3036);
#69=PLANE('',#3038);
#70=PLANE('',#3041);
#71=PLANE('',#3043);
#72=PLANE('',#3048);
#73=PLANE('',#3049);
#74=PLANE('',#3052);
#75=PLANE('',#3057);
#76=PLANE('',#3060);
#77=PLANE('',#3063);
#78=PLANE('',#3065);
#79=PLANE('',#3066);
#80=PLANE('',#3073);
#81=PLANE('',#3075);
#82=PLANE('',#3076);
#83=PLANE('',#3078);
#84=PLANE('',#3079);
#85=PLANE('',#3085);
#86=PLANE('',#3088);
#87=PLANE('',#3090);
#88=PLANE('',#3093);
#89=PLANE('',#3094);
#90=PLANE('',#3095);
#91=PLANE('',#3098);
#92=PLANE('',#3099);
#93=PLANE('',#3102);
#94=PLANE('',#3104);
#95=PLANE('',#3106);
#96=PLANE('',#3107);
#97=PLANE('',#3109);
#98=PLANE('',#3112);
#99=PLANE('',#3114);
#100=PLANE('',#3116);
#101=PLANE('',#3118);
#102=PLANE('',#3119);
#103=PLANE('',#3121);
#104=PLANE('',#3129);
#105=PLANE('',#3132);
#106=PLANE('',#3133);
#107=PLANE('',#3134);
#108=PLANE('',#3135);
#109=PLANE('',#3136);
#110=PLANE('',#3137);
#111=PLANE('',#3138);
#112=TOROIDAL_SURFACE('',#2857,11.6247919911041,0.8);
#113=TOROIDAL_SURFACE('',#2872,2.8,0.8);
#114=TOROIDAL_SURFACE('',#2879,6.67526515623687,0.8);
#115=TOROIDAL_SURFACE('',#2886,13.5062371808858,0.8);
#116=TOROIDAL_SURFACE('',#2964,2.,1.);
#117=TOROIDAL_SURFACE('',#2976,2.,1.);
#118=TOROIDAL_SURFACE('',#2996,2.,1.);
#119=LINE('',#4056,#377);
#120=LINE('',#4057,#378);
#121=LINE('',#4103,#379);
#122=LINE('',#4106,#380);
#123=LINE('',#4112,#381);
#124=LINE('',#4115,#382);
#125=LINE('',#4117,#383);
#126=LINE('',#4118,#384);
#127=LINE('',#4121,#385);
#128=LINE('',#4125,#386);
#129=LINE('',#4127,#387);
#130=LINE('',#4129,#388);
#131=LINE('',#4130,#389);
#132=LINE('',#4135,#390);
#133=LINE('',#4139,#391);
#134=LINE('',#4141,#392);
#135=LINE('',#4145,#393);
#136=LINE('',#4147,#394);
#137=LINE('',#4148,#395);
#138=LINE('',#4162,#396);
#139=LINE('',#4183,#397);
#140=LINE('',#4198,#398);
#141=LINE('',#4202,#399);
#142=LINE('',#4206,#400);
#143=LINE('',#4354,#401);
#144=LINE('',#4358,#402);
#145=LINE('',#4361,#403);
#146=LINE('',#4364,#404);
#147=LINE('',#4365,#405);
#148=LINE('',#4368,#406);
#149=LINE('',#4372,#407);
#150=LINE('',#4373,#408);
#151=LINE('',#4377,#409);
#152=LINE('',#4379,#410);
#153=LINE('',#4383,#411);
#154=LINE('',#4384,#412);
#155=LINE('',#4387,#413);
#156=LINE('',#4391,#414);
#157=LINE('',#4392,#415);
#158=LINE('',#4396,#416);
#159=LINE('',#4400,#417);
#160=LINE('',#4401,#418);
#161=LINE('',#4406,#419);
#162=LINE('',#4408,#420);
#163=LINE('',#4410,#421);
#164=LINE('',#4412,#422);
#165=LINE('',#4414,#423);
#166=LINE('',#4417,#424);
#167=LINE('',#4420,#425);
#168=LINE('',#4424,#426);
#169=LINE('',#4426,#427);
#170=LINE('',#4428,#428);
#171=LINE('',#4430,#429);
#172=LINE('',#4432,#430);
#173=LINE('',#4434,#431);
#174=LINE('',#4436,#432);
#175=LINE('',#4438,#433);
#176=LINE('',#4439,#434);
#177=LINE('',#4442,#435);
#178=LINE('',#4444,#436);
#179=LINE('',#4445,#437);
#180=LINE('',#4447,#438);
#181=LINE('',#4448,#439);
#182=LINE('',#4451,#440);
#183=LINE('',#4453,#441);
#184=LINE('',#4457,#442);
#185=LINE('',#4461,#443);
#186=LINE('',#4463,#444);
#187=LINE('',#4465,#445);
#188=LINE('',#4471,#446);
#189=LINE('',#4475,#447);
#190=LINE('',#4479,#448);
#191=LINE('',#4485,#449);
#192=LINE('',#4489,#450);
#193=LINE('',#4493,#451);
#194=LINE('',#4495,#452);
#195=LINE('',#4497,#453);
#196=LINE('',#4499,#454);
#197=LINE('',#4501,#455);
#198=LINE('',#4505,#456);
#199=LINE('',#4509,#457);
#200=LINE('',#4513,#458);
#201=LINE('',#4517,#459);
#202=LINE('',#4521,#460);
#203=LINE('',#4525,#461);
#204=LINE('',#4529,#462);
#205=LINE('',#4532,#463);
#206=LINE('',#4536,#464);
#207=LINE('',#4540,#465);
#208=LINE('',#4544,#466);
#209=LINE('',#4548,#467);
#210=LINE('',#4552,#468);
#211=LINE('',#4556,#469);
#212=LINE('',#4558,#470);
#213=LINE('',#4562,#471);
#214=LINE('',#4564,#472);
#215=LINE('',#4568,#473);
#216=LINE('',#4572,#474);
#217=LINE('',#4576,#475);
#218=LINE('',#4580,#476);
#219=LINE('',#4584,#477);
#220=LINE('',#4588,#478);
#221=LINE('',#4592,#479);
#222=LINE('',#4596,#480);
#223=LINE('',#4600,#481);
#224=LINE('',#4606,#482);
#225=LINE('',#4610,#483);
#226=LINE('',#4631,#484);
#227=LINE('',#4633,#485);
#228=LINE('',#4639,#486);
#229=LINE('',#4640,#487);
#230=LINE('',#4642,#488);
#231=LINE('',#4644,#489);
#232=LINE('',#4645,#490);
#233=LINE('',#4647,#491);
#234=LINE('',#4655,#492);
#235=LINE('',#4663,#493);
#236=LINE('',#4670,#494);
#237=LINE('',#4673,#495);
#238=LINE('',#4691,#496);
#239=LINE('',#4693,#497);
#240=LINE('',#4704,#498);
#241=LINE('',#4708,#499);
#242=LINE('',#4710,#500);
#243=LINE('',#4712,#501);
#244=LINE('',#4713,#502);
#245=LINE('',#4718,#503);
#246=LINE('',#4722,#504);
#247=LINE('',#4725,#505);
#248=LINE('',#4730,#506);
#249=LINE('',#4742,#507);
#250=LINE('',#4745,#508);
#251=LINE('',#4746,#509);
#252=LINE('',#4751,#510);
#253=LINE('',#4752,#511);
#254=LINE('',#4756,#512);
#255=LINE('',#4759,#513);
#256=LINE('',#4763,#514);
#257=LINE('',#4767,#515);
#258=LINE('',#4771,#516);
#259=LINE('',#4773,#517);
#260=LINE('',#4775,#518);
#261=LINE('',#4777,#519);
#262=LINE('',#4779,#520);
#263=LINE('',#4783,#521);
#264=LINE('',#4785,#522);
#265=LINE('',#4787,#523);
#266=LINE('',#4791,#524);
#267=LINE('',#4795,#525);
#268=LINE('',#4799,#526);
#269=LINE('',#4803,#527);
#270=LINE('',#4807,#528);
#271=LINE('',#4810,#529);
#272=LINE('',#4813,#530);
#273=LINE('',#4815,#531);
#274=LINE('',#4817,#532);
#275=LINE('',#4818,#533);
#276=LINE('',#4827,#534);
#277=LINE('',#4829,#535);
#278=LINE('',#4832,#536);
#279=LINE('',#4834,#537);
#280=LINE('',#4835,#538);
#281=LINE('',#4837,#539);
#282=LINE('',#4839,#540);
#283=LINE('',#4840,#541);
#284=LINE('',#4841,#542);
#285=LINE('',#4844,#543);
#286=LINE('',#4847,#544);
#287=LINE('',#4849,#545);
#288=LINE('',#4853,#546);
#289=LINE('',#4855,#547);
#290=LINE('',#4857,#548);
#291=LINE('',#4860,#549);
#292=LINE('',#4862,#550);
#293=LINE('',#4865,#551);
#294=LINE('',#4869,#552);
#295=LINE('',#4871,#553);
#296=LINE('',#4872,#554);
#297=LINE('',#4875,#555);
#298=LINE('',#4877,#556);
#299=LINE('',#4878,#557);
#300=LINE('',#4884,#558);
#301=LINE('',#4887,#559);
#302=LINE('',#4888,#560);
#303=LINE('',#4891,#561);
#304=LINE('',#4894,#562);
#305=LINE('',#4897,#563);
#306=LINE('',#4901,#564);
#307=LINE('',#4904,#565);
#308=LINE('',#4908,#566);
#309=LINE('',#4909,#567);
#310=LINE('',#4911,#568);
#311=LINE('',#4913,#569);
#312=LINE('',#4915,#570);
#313=LINE('',#4916,#571);
#314=LINE('',#4919,#572);
#315=LINE('',#4922,#573);
#316=LINE('',#4924,#574);
#317=LINE('',#4926,#575);
#318=LINE('',#4928,#576);
#319=LINE('',#4971,#577);
#320=LINE('',#4973,#578);
#321=LINE('',#4974,#579);
#322=LINE('',#4976,#580);
#323=LINE('',#4978,#581);
#324=LINE('',#4980,#582);
#325=LINE('',#4982,#583);
#326=LINE('',#4985,#584);
#327=LINE('',#5001,#585);
#328=LINE('',#5002,#586);
#329=LINE('',#5004,#587);
#330=LINE('',#5009,#588);
#331=LINE('',#5029,#589);
#332=LINE('',#5033,#590);
#333=LINE('',#5037,#591);
#334=LINE('',#5040,#592);
#335=LINE('',#5042,#593);
#336=LINE('',#5044,#594);
#337=LINE('',#5049,#595);
#338=LINE('',#5050,#596);
#339=LINE('',#5051,#597);
#340=LINE('',#5054,#598);
#341=LINE('',#5056,#599);
#342=LINE('',#5061,#600);
#343=LINE('',#5064,#601);
#344=LINE('',#5068,#602);
#345=LINE('',#5073,#603);
#346=LINE('',#5074,#604);
#347=LINE('',#5078,#605);
#348=LINE('',#5080,#606);
#349=LINE('',#5084,#607);
#350=LINE('',#5086,#608);
#351=LINE('',#5087,#609);
#352=LINE('',#5089,#610);
#353=LINE('',#5091,#611);
#354=LINE('',#5093,#612);
#355=LINE('',#5095,#613);
#356=LINE('',#5099,#614);
#357=LINE('',#5102,#615);
#358=LINE('',#5105,#616);
#359=LINE('',#5108,#617);
#360=LINE('',#5110,#618);
#361=LINE('',#5112,#619);
#362=LINE('',#5114,#620);
#363=LINE('',#5116,#621);
#364=LINE('',#5119,#622);
#365=LINE('',#5124,#623);
#366=LINE('',#5126,#624);
#367=LINE('',#5128,#625);
#368=LINE('',#5129,#626);
#369=LINE('',#5133,#627);
#370=LINE('',#5134,#628);
#371=LINE('',#5135,#629);
#372=LINE('',#5138,#630);
#373=LINE('',#5139,#631);
#374=LINE('',#5142,#632);
#375=LINE('',#5143,#633);
#376=LINE('',#5145,#634);
#377=VECTOR('',#3148,10.);
#378=VECTOR('',#3149,10.);
#379=VECTOR('',#3158,10.);
#380=VECTOR('',#3161,10.);
#381=VECTOR('',#3162,10.);
#382=VECTOR('',#3165,10.);
#383=VECTOR('',#3166,10.);
#384=VECTOR('',#3167,10.);
#385=VECTOR('',#3170,10.);
#386=VECTOR('',#3175,10.);
#387=VECTOR('',#3176,10.);
#388=VECTOR('',#3177,10.);
#389=VECTOR('',#3178,10.);
#390=VECTOR('',#3183,10.);
#391=VECTOR('',#3186,10.);
#392=VECTOR('',#3187,10.);
#393=VECTOR('',#3190,10.);
#394=VECTOR('',#3191,10.);
#395=VECTOR('',#3192,10.);
#396=VECTOR('',#3209,10.);
#397=VECTOR('',#3220,10.);
#398=VECTOR('',#3223,10.);
#399=VECTOR('',#3226,10.);
#400=VECTOR('',#3229,10.);
#401=VECTOR('',#3238,10.);
#402=VECTOR('',#3243,10.);
#403=VECTOR('',#3246,10.);
#404=VECTOR('',#3249,10.);
#405=VECTOR('',#3250,10.);
#406=VECTOR('',#3253,10.);
#407=VECTOR('',#3258,10.);
#408=VECTOR('',#3259,10.);
#409=VECTOR('',#3264,2.);
#410=VECTOR('',#3265,10.);
#411=VECTOR('',#3270,10.);
#412=VECTOR('',#3271,10.);
#413=VECTOR('',#3274,10.);
#414=VECTOR('',#3279,10.);
#415=VECTOR('',#3280,10.);
#416=VECTOR('',#3283,10.);
#417=VECTOR('',#3286,10.);
#418=VECTOR('',#3287,10.);
#419=VECTOR('',#3292,10.);
#420=VECTOR('',#3293,10.);
#421=VECTOR('',#3294,10.);
#422=VECTOR('',#3295,10.);
#423=VECTOR('',#3296,10.);
#424=VECTOR('',#3299,1.);
#425=VECTOR('',#3302,10.);
#426=VECTOR('',#3305,10.);
#427=VECTOR('',#3306,10.);
#428=VECTOR('',#3307,10.);
#429=VECTOR('',#3308,10.);
#430=VECTOR('',#3309,10.);
#431=VECTOR('',#3310,10.);
#432=VECTOR('',#3311,10.);
#433=VECTOR('',#3312,10.);
#434=VECTOR('',#3313,10.);
#435=VECTOR('',#3316,10.);
#436=VECTOR('',#3317,10.);
#437=VECTOR('',#3318,10.);
#438=VECTOR('',#3321,10.);
#439=VECTOR('',#3322,10.);
#440=VECTOR('',#3325,10.);
#441=VECTOR('',#3326,10.);
#442=VECTOR('',#3329,10.);
#443=VECTOR('',#3332,10.);
#444=VECTOR('',#3333,10.);
#445=VECTOR('',#3334,10.);
#446=VECTOR('',#3341,10.);
#447=VECTOR('',#3344,10.);
#448=VECTOR('',#3347,10.);
#449=VECTOR('',#3352,10.);
#450=VECTOR('',#3355,10.);
#451=VECTOR('',#3358,10.);
#452=VECTOR('',#3359,10.);
#453=VECTOR('',#3360,10.);
#454=VECTOR('',#3361,10.);
#455=VECTOR('',#3362,10.);
#456=VECTOR('',#3365,10.);
#457=VECTOR('',#3368,10.);
#458=VECTOR('',#3371,10.);
#459=VECTOR('',#3374,10.);
#460=VECTOR('',#3377,10.);
#461=VECTOR('',#3380,10.);
#462=VECTOR('',#3383,10.);
#463=VECTOR('',#3386,10.);
#464=VECTOR('',#3389,10.);
#465=VECTOR('',#3392,10.);
#466=VECTOR('',#3395,10.);
#467=VECTOR('',#3398,10.);
#468=VECTOR('',#3401,10.);
#469=VECTOR('',#3404,10.);
#470=VECTOR('',#3405,10.);
#471=VECTOR('',#3408,10.);
#472=VECTOR('',#3409,10.);
#473=VECTOR('',#3412,10.);
#474=VECTOR('',#3415,10.);
#475=VECTOR('',#3418,10.);
#476=VECTOR('',#3421,10.);
#477=VECTOR('',#3424,10.);
#478=VECTOR('',#3427,10.);
#479=VECTOR('',#3430,10.);
#480=VECTOR('',#3433,10.);
#481=VECTOR('',#3436,10.);
#482=VECTOR('',#3441,10.);
#483=VECTOR('',#3444,10.);
#484=VECTOR('',#3467,10.);
#485=VECTOR('',#3470,10.);
#486=VECTOR('',#3479,10.);
#487=VECTOR('',#3480,10.);
#488=VECTOR('',#3483,10.);
#489=VECTOR('',#3486,10.);
#490=VECTOR('',#3487,10.);
#491=VECTOR('',#3490,10.);
#492=VECTOR('',#3501,10.);
#493=VECTOR('',#3512,10.);
#494=VECTOR('',#3521,10.);
#495=VECTOR('',#3526,10.);
#496=VECTOR('',#3529,10.);
#497=VECTOR('',#3532,10.);
#498=VECTOR('',#3547,10.);
#499=VECTOR('',#3554,10.);
#500=VECTOR('',#3555,10.);
#501=VECTOR('',#3556,10.);
#502=VECTOR('',#3557,10.);
#503=VECTOR('',#3564,10.);
#504=VECTOR('',#3569,10.);
#505=VECTOR('',#3572,10.);
#506=VECTOR('',#3579,10.);
#507=VECTOR('',#3582,10.);
#508=VECTOR('',#3585,10.);
#509=VECTOR('',#3586,10.);
#510=VECTOR('',#3591,10.);
#511=VECTOR('',#3592,10.);
#512=VECTOR('',#3597,1.03994495233375);
#513=VECTOR('',#3600,10.);
#514=VECTOR('',#3603,10.);
#515=VECTOR('',#3606,10.);
#516=VECTOR('',#3609,10.);
#517=VECTOR('',#3610,10.);
#518=VECTOR('',#3611,10.);
#519=VECTOR('',#3612,10.);
#520=VECTOR('',#3613,10.);
#521=VECTOR('',#3616,10.);
#522=VECTOR('',#3617,10.);
#523=VECTOR('',#3618,10.);
#524=VECTOR('',#3621,10.);
#525=VECTOR('',#3624,10.);
#526=VECTOR('',#3627,10.);
#527=VECTOR('',#3630,10.);
#528=VECTOR('',#3633,10.);
#529=VECTOR('',#3636,10.);
#530=VECTOR('',#3639,10.);
#531=VECTOR('',#3640,10.);
#532=VECTOR('',#3641,10.);
#533=VECTOR('',#3642,10.);
#534=VECTOR('',#3651,10.);
#535=VECTOR('',#3654,10.);
#536=VECTOR('',#3657,10.);
#537=VECTOR('',#3658,10.);
#538=VECTOR('',#3659,10.);
#539=VECTOR('',#3660,10.);
#540=VECTOR('',#3661,10.);
#541=VECTOR('',#3662,10.);
#542=VECTOR('',#3663,10.);
#543=VECTOR('',#3666,10.);
#544=VECTOR('',#3669,10.);
#545=VECTOR('',#3672,1.05555737746232);
#546=VECTOR('',#3677,10.);
#547=VECTOR('',#3678,10.);
#548=VECTOR('',#3681,10.);
#549=VECTOR('',#3684,10.);
#550=VECTOR('',#3685,1.);
#551=VECTOR('',#3688,10.);
#552=VECTOR('',#3693,10.);
#553=VECTOR('',#3696,10.);
#554=VECTOR('',#3697,10.);
#555=VECTOR('',#3700,10.);
#556=VECTOR('',#3701,10.);
#557=VECTOR('',#3702,10.);
#558=VECTOR('',#3711,10.);
#559=VECTOR('',#3714,10.);
#560=VECTOR('',#3715,10.);
#561=VECTOR('',#3718,10.);
#562=VECTOR('',#3723,10.);
#563=VECTOR('',#3726,10.);
#564=VECTOR('',#3731,10.);
#565=VECTOR('',#3736,10.);
#566=VECTOR('',#3743,10.);
#567=VECTOR('',#3744,10.);
#568=VECTOR('',#3747,10.);
#569=VECTOR('',#3750,10.);
#570=VECTOR('',#3753,10.);
#571=VECTOR('',#3754,10.);
#572=VECTOR('',#3759,10.);
#573=VECTOR('',#3764,10.);
#574=VECTOR('',#3767,1.04793153321201);
#575=VECTOR('',#3770,1.04624645469166);
#576=VECTOR('',#3773,10.);
#577=VECTOR('',#3778,10.);
#578=VECTOR('',#3781,10.);
#579=VECTOR('',#3782,10.);
#580=VECTOR('',#3785,10.);
#581=VECTOR('',#3788,10.);
#582=VECTOR('',#3791,10.);
#583=VECTOR('',#3794,10.);
#584=VECTOR('',#3797,1.);
#585=VECTOR('',#3800,10.);
#586=VECTOR('',#3801,10.);
#587=VECTOR('',#3804,1.);
#588=VECTOR('',#3809,10.);
#589=VECTOR('',#3816,1.);
#590=VECTOR('',#3821,10.);
#591=VECTOR('',#3826,10.);
#592=VECTOR('',#3831,10.);
#593=VECTOR('',#3834,10.);
#594=VECTOR('',#3837,1.);
#595=VECTOR('',#3842,10.);
#596=VECTOR('',#3843,10.);
#597=VECTOR('',#3844,10.);
#598=VECTOR('',#3847,10.);
#599=VECTOR('',#3850,10.);
#600=VECTOR('',#3857,10.);
#601=VECTOR('',#3862,10.);
#602=VECTOR('',#3867,10.);
#603=VECTOR('',#3874,10.);
#604=VECTOR('',#3875,1.);
#605=VECTOR('',#3880,10.);
#606=VECTOR('',#3883,10.);
#607=VECTOR('',#3890,10.);
#608=VECTOR('',#3893,10.);
#609=VECTOR('',#3894,10.);
#610=VECTOR('',#3897,10.);
#611=VECTOR('',#3900,10.);
#612=VECTOR('',#3903,10.);
#613=VECTOR('',#3906,10.);
#614=VECTOR('',#3911,10.);
#615=VECTOR('',#3916,10.);
#616=VECTOR('',#3921,1.5);
#617=VECTOR('',#3926,1.5);
#618=VECTOR('',#3929,1.5);
#619=VECTOR('',#3932,1.5);
#620=VECTOR('',#3935,10.);
#621=VECTOR('',#3938,10.);
#622=VECTOR('',#3943,10.);
#623=VECTOR('',#3948,10.);
#624=VECTOR('',#3949,10.);
#625=VECTOR('',#3950,10.);
#626=VECTOR('',#3951,10.);
#627=VECTOR('',#3954,10.);
#628=VECTOR('',#3955,10.);
#629=VECTOR('',#3956,10.);
#630=VECTOR('',#3959,10.);
#631=VECTOR('',#3960,10.);
#632=VECTOR('',#3963,10.);
#633=VECTOR('',#3964,10.);
#634=VECTOR('',#3967,10.);
#635=CYLINDRICAL_SURFACE('',#2856,0.8);
#636=CYLINDRICAL_SURFACE('',#2860,0.8);
#637=CYLINDRICAL_SURFACE('',#2863,12.4247919911041);
#638=CYLINDRICAL_SURFACE('',#2877,0.8);
#639=CYLINDRICAL_SURFACE('',#2882,0.8);
#640=CYLINDRICAL_SURFACE('',#2883,0.8);
#641=CYLINDRICAL_SURFACE('',#2884,0.8);
#642=CYLINDRICAL_SURFACE('',#2889,1.);
#643=CYLINDRICAL_SURFACE('',#2891,1.);
#644=CYLINDRICAL_SURFACE('',#2894,7.47526515623687);
#645=CYLINDRICAL_SURFACE('',#2897,2.);
#646=CYLINDRICAL_SURFACE('',#2901,12.7062371808858);
#647=CYLINDRICAL_SURFACE('',#2961,1.);
#648=CYLINDRICAL_SURFACE('',#2963,1.);
#649=CYLINDRICAL_SURFACE('',#2967,1.);
#650=CYLINDRICAL_SURFACE('',#2969,1.);
#651=CYLINDRICAL_SURFACE('',#2975,1.);
#652=CYLINDRICAL_SURFACE('',#2979,1.);
#653=CYLINDRICAL_SURFACE('',#2984,1.);
#654=CYLINDRICAL_SURFACE('',#2986,1.);
#655=CYLINDRICAL_SURFACE('',#2989,1.);
#656=CYLINDRICAL_SURFACE('',#2994,1.);
#657=CYLINDRICAL_SURFACE('',#2999,1.);
#658=CYLINDRICAL_SURFACE('',#3004,1.);
#659=CYLINDRICAL_SURFACE('',#3006,1.);
#660=CYLINDRICAL_SURFACE('',#3008,2.);
#661=CYLINDRICAL_SURFACE('',#3010,6.);
#662=CYLINDRICAL_SURFACE('',#3012,1.03994495233375);
#663=CYLINDRICAL_SURFACE('',#3032,1.);
#664=CYLINDRICAL_SURFACE('',#3034,1.05555737746232);
#665=CYLINDRICAL_SURFACE('',#3035,1.);
#666=CYLINDRICAL_SURFACE('',#3042,1.);
#667=CYLINDRICAL_SURFACE('',#3044,1.);
#668=CYLINDRICAL_SURFACE('',#3046,1.);
#669=CYLINDRICAL_SURFACE('',#3051,1.);
#670=CYLINDRICAL_SURFACE('',#3054,4.41564893730202);
#671=CYLINDRICAL_SURFACE('',#3056,1.);
#672=CYLINDRICAL_SURFACE('',#3059,1.);
#673=CYLINDRICAL_SURFACE('',#3061,1.);
#674=CYLINDRICAL_SURFACE('',#3062,1.);
#675=CYLINDRICAL_SURFACE('',#3064,1.);
#676=CYLINDRICAL_SURFACE('',#3067,1.04793153321201);
#677=CYLINDRICAL_SURFACE('',#3068,1.04624645469166);
#678=CYLINDRICAL_SURFACE('',#3069,1.);
#679=CYLINDRICAL_SURFACE('',#3070,1.);
#680=CYLINDRICAL_SURFACE('',#3072,1.);
#681=CYLINDRICAL_SURFACE('',#3074,1.);
#682=CYLINDRICAL_SURFACE('',#3077,1.);
#683=CYLINDRICAL_SURFACE('',#3081,1.);
#684=CYLINDRICAL_SURFACE('',#3083,1.);
#685=CYLINDRICAL_SURFACE('',#3089,1.);
#686=CYLINDRICAL_SURFACE('',#3091,1.);
#687=CYLINDRICAL_SURFACE('',#3092,1.);
#688=CYLINDRICAL_SURFACE('',#3100,1.);
#689=CYLINDRICAL_SURFACE('',#3101,2.);
#690=CYLINDRICAL_SURFACE('',#3110,1.);
#691=CYLINDRICAL_SURFACE('',#3111,1.);
#692=CYLINDRICAL_SURFACE('',#3113,6.);
#693=CYLINDRICAL_SURFACE('',#3115,6.);
#694=CYLINDRICAL_SURFACE('',#3117,6.);
#695=CYLINDRICAL_SURFACE('',#3122,4.23166158374992);
#696=CYLINDRICAL_SURFACE('',#3123,1.5);
#697=CYLINDRICAL_SURFACE('',#3124,1.);
#698=CYLINDRICAL_SURFACE('',#3125,1.5);
#699=CYLINDRICAL_SURFACE('',#3126,1.5);
#700=CYLINDRICAL_SURFACE('',#3127,1.5);
#701=CYLINDRICAL_SURFACE('',#3128,1.);
#702=CYLINDRICAL_SURFACE('',#3130,1.);
#703=CYLINDRICAL_SURFACE('',#3131,1.);
#704=FACE_OUTER_BOUND('',#855,.T.);
#705=FACE_OUTER_BOUND('',#856,.T.);
#706=FACE_OUTER_BOUND('',#857,.T.);
#707=FACE_OUTER_BOUND('',#858,.T.);
#708=FACE_OUTER_BOUND('',#859,.T.);
#709=FACE_OUTER_BOUND('',#860,.T.);
#710=FACE_OUTER_BOUND('',#861,.T.);
#711=FACE_OUTER_BOUND('',#862,.T.);
#712=FACE_OUTER_BOUND('',#863,.T.);
#713=FACE_OUTER_BOUND('',#864,.T.);
#714=FACE_OUTER_BOUND('',#865,.T.);
#715=FACE_OUTER_BOUND('',#866,.T.);
#716=FACE_OUTER_BOUND('',#867,.T.);
#717=FACE_OUTER_BOUND('',#868,.T.);
#718=FACE_OUTER_BOUND('',#869,.T.);
#719=FACE_OUTER_BOUND('',#870,.T.);
#720=FACE_OUTER_BOUND('',#871,.T.);
#721=FACE_OUTER_BOUND('',#872,.T.);
#722=FACE_OUTER_BOUND('',#873,.T.);
#723=FACE_OUTER_BOUND('',#874,.T.);
#724=FACE_OUTER_BOUND('',#875,.T.);
#725=FACE_OUTER_BOUND('',#876,.T.);
#726=FACE_OUTER_BOUND('',#877,.T.);
#727=FACE_OUTER_BOUND('',#878,.T.);
#728=FACE_OUTER_BOUND('',#879,.T.);
#729=FACE_OUTER_BOUND('',#880,.T.);
#730=FACE_OUTER_BOUND('',#881,.T.);
#731=FACE_OUTER_BOUND('',#882,.T.);
#732=FACE_OUTER_BOUND('',#883,.T.);
#733=FACE_OUTER_BOUND('',#884,.T.);
#734=FACE_OUTER_BOUND('',#885,.T.);
#735=FACE_OUTER_BOUND('',#886,.T.);
#736=FACE_OUTER_BOUND('',#887,.T.);
#737=FACE_OUTER_BOUND('',#888,.T.);
#738=FACE_OUTER_BOUND('',#889,.T.);
#739=FACE_OUTER_BOUND('',#901,.T.);
#740=FACE_OUTER_BOUND('',#902,.T.);
#741=FACE_OUTER_BOUND('',#903,.T.);
#742=FACE_OUTER_BOUND('',#904,.T.);
#743=FACE_OUTER_BOUND('',#905,.T.);
#744=FACE_OUTER_BOUND('',#906,.T.);
#745=FACE_OUTER_BOUND('',#907,.T.);
#746=FACE_OUTER_BOUND('',#908,.T.);
#747=FACE_OUTER_BOUND('',#909,.T.);
#748=FACE_OUTER_BOUND('',#910,.T.);
#749=FACE_OUTER_BOUND('',#911,.T.);
#750=FACE_OUTER_BOUND('',#912,.T.);
#751=FACE_OUTER_BOUND('',#913,.T.);
#752=FACE_OUTER_BOUND('',#914,.T.);
#753=FACE_OUTER_BOUND('',#915,.T.);
#754=FACE_OUTER_BOUND('',#916,.T.);
#755=FACE_OUTER_BOUND('',#917,.T.);
#756=FACE_OUTER_BOUND('',#918,.T.);
#757=FACE_OUTER_BOUND('',#919,.T.);
#758=FACE_OUTER_BOUND('',#920,.T.);
#759=FACE_OUTER_BOUND('',#921,.T.);
#760=FACE_OUTER_BOUND('',#922,.T.);
#761=FACE_OUTER_BOUND('',#923,.T.);
#762=FACE_OUTER_BOUND('',#924,.T.);
#763=FACE_OUTER_BOUND('',#925,.T.);
#764=FACE_OUTER_BOUND('',#926,.T.);
#765=FACE_OUTER_BOUND('',#927,.T.);
#766=FACE_OUTER_BOUND('',#928,.T.);
#767=FACE_OUTER_BOUND('',#929,.T.);
#768=FACE_OUTER_BOUND('',#934,.T.);
#769=FACE_OUTER_BOUND('',#935,.T.);
#770=FACE_OUTER_BOUND('',#936,.T.);
#771=FACE_OUTER_BOUND('',#937,.T.);
#772=FACE_OUTER_BOUND('',#938,.T.);
#773=FACE_OUTER_BOUND('',#939,.T.);
#774=FACE_OUTER_BOUND('',#940,.T.);
#775=FACE_OUTER_BOUND('',#942,.T.);
#776=FACE_OUTER_BOUND('',#943,.T.);
#777=FACE_OUTER_BOUND('',#944,.T.);
#778=FACE_OUTER_BOUND('',#945,.T.);
#779=FACE_OUTER_BOUND('',#946,.T.);
#780=FACE_OUTER_BOUND('',#947,.T.);
#781=FACE_OUTER_BOUND('',#948,.T.);
#782=FACE_OUTER_BOUND('',#949,.T.);
#783=FACE_OUTER_BOUND('',#950,.T.);
#784=FACE_OUTER_BOUND('',#951,.T.);
#785=FACE_OUTER_BOUND('',#952,.T.);
#786=FACE_OUTER_BOUND('',#953,.T.);
#787=FACE_OUTER_BOUND('',#954,.T.);
#788=FACE_OUTER_BOUND('',#955,.T.);
#789=FACE_OUTER_BOUND('',#956,.T.);
#790=FACE_OUTER_BOUND('',#957,.T.);
#791=FACE_OUTER_BOUND('',#958,.T.);
#792=FACE_OUTER_BOUND('',#959,.T.);
#793=FACE_OUTER_BOUND('',#960,.T.);
#794=FACE_OUTER_BOUND('',#961,.T.);
#795=FACE_OUTER_BOUND('',#962,.T.);
#796=FACE_OUTER_BOUND('',#963,.T.);
#797=FACE_OUTER_BOUND('',#964,.T.);
#798=FACE_OUTER_BOUND('',#965,.T.);
#799=FACE_OUTER_BOUND('',#966,.T.);
#800=FACE_OUTER_BOUND('',#967,.T.);
#801=FACE_OUTER_BOUND('',#968,.T.);
#802=FACE_OUTER_BOUND('',#969,.T.);
#803=FACE_OUTER_BOUND('',#970,.T.);
#804=FACE_OUTER_BOUND('',#971,.T.);
#805=FACE_OUTER_BOUND('',#972,.T.);
#806=FACE_OUTER_BOUND('',#973,.T.);
#807=FACE_OUTER_BOUND('',#975,.T.);
#808=FACE_OUTER_BOUND('',#976,.T.);
#809=FACE_OUTER_BOUND('',#977,.T.);
#810=FACE_OUTER_BOUND('',#979,.T.);
#811=FACE_OUTER_BOUND('',#980,.T.);
#812=FACE_OUTER_BOUND('',#981,.T.);
#813=FACE_OUTER_BOUND('',#982,.T.);
#814=FACE_OUTER_BOUND('',#983,.T.);
#815=FACE_OUTER_BOUND('',#984,.T.);
#816=FACE_OUTER_BOUND('',#985,.T.);
#817=FACE_OUTER_BOUND('',#986,.T.);
#818=FACE_OUTER_BOUND('',#988,.T.);
#819=FACE_OUTER_BOUND('',#989,.T.);
#820=FACE_OUTER_BOUND('',#990,.T.);
#821=FACE_OUTER_BOUND('',#991,.T.);
#822=FACE_OUTER_BOUND('',#992,.T.);
#823=FACE_OUTER_BOUND('',#993,.T.);
#824=FACE_OUTER_BOUND('',#994,.T.);
#825=FACE_OUTER_BOUND('',#995,.T.);
#826=FACE_OUTER_BOUND('',#996,.T.);
#827=FACE_OUTER_BOUND('',#997,.T.);
#828=FACE_OUTER_BOUND('',#998,.T.);
#829=FACE_OUTER_BOUND('',#999,.T.);
#830=FACE_OUTER_BOUND('',#1000,.T.);
#831=FACE_OUTER_BOUND('',#1001,.T.);
#832=FACE_OUTER_BOUND('',#1002,.T.);
#833=FACE_OUTER_BOUND('',#1003,.T.);
#834=FACE_OUTER_BOUND('',#1004,.T.);
#835=FACE_OUTER_BOUND('',#1005,.T.);
#836=FACE_OUTER_BOUND('',#1006,.T.);
#837=FACE_OUTER_BOUND('',#1007,.T.);
#838=FACE_OUTER_BOUND('',#1008,.T.);
#839=FACE_OUTER_BOUND('',#1009,.T.);
#840=FACE_OUTER_BOUND('',#1010,.T.);
#841=FACE_OUTER_BOUND('',#1011,.T.);
#842=FACE_OUTER_BOUND('',#1012,.T.);
#843=FACE_OUTER_BOUND('',#1013,.T.);
#844=FACE_OUTER_BOUND('',#1014,.T.);
#845=FACE_OUTER_BOUND('',#1015,.T.);
#846=FACE_OUTER_BOUND('',#1016,.T.);
#847=FACE_OUTER_BOUND('',#1017,.T.);
#848=FACE_OUTER_BOUND('',#1018,.T.);
#849=FACE_OUTER_BOUND('',#1019,.T.);
#850=FACE_OUTER_BOUND('',#1020,.T.);
#851=FACE_OUTER_BOUND('',#1021,.T.);
#852=FACE_OUTER_BOUND('',#1022,.T.);
#853=FACE_OUTER_BOUND('',#1023,.T.);
#854=FACE_OUTER_BOUND('',#1024,.T.);
#855=EDGE_LOOP('',(#1865,#1866,#1867));
#856=EDGE_LOOP('',(#1868,#1869,#1870,#1871,#1872));
#857=EDGE_LOOP('',(#1873,#1874,#1875,#1876,#1877,#1878));
#858=EDGE_LOOP('',(#1879,#1880,#1881,#1882,#1883,#1884,#1885));
#859=EDGE_LOOP('',(#1886,#1887,#1888,#1889,#1890));
#860=EDGE_LOOP('',(#1891,#1892,#1893,#1894));
#861=EDGE_LOOP('',(#1895,#1896,#1897,#1898,#1899,#1900));
#862=EDGE_LOOP('',(#1901,#1902,#1903,#1904,#1905,#1906,#1907,#1908,#1909,
#1910));
#863=EDGE_LOOP('',(#1911,#1912));
#864=EDGE_LOOP('',(#1913,#1914,#1915,#1916,#1917,#1918));
#865=EDGE_LOOP('',(#1919,#1920,#1921,#1922));
#866=EDGE_LOOP('',(#1923,#1924,#1925,#1926));
#867=EDGE_LOOP('',(#1927,#1928,#1929,#1930));
#868=EDGE_LOOP('',(#1931,#1932,#1933,#1934));
#869=EDGE_LOOP('',(#1935,#1936,#1937,#1938));
#870=EDGE_LOOP('',(#1939,#1940,#1941,#1942,#1943,#1944,#1945,#1946,#1947));
#871=EDGE_LOOP('',(#1948,#1949,#1950));
#872=EDGE_LOOP('',(#1951,#1952,#1953));
#873=EDGE_LOOP('',(#1954,#1955,#1956,#1957));
#874=EDGE_LOOP('',(#1958,#1959,#1960,#1961));
#875=EDGE_LOOP('',(#1962,#1963,#1964,#1965));
#876=EDGE_LOOP('',(#1966,#1967,#1968,#1969));
#877=EDGE_LOOP('',(#1970,#1971,#1972,#1973));
#878=EDGE_LOOP('',(#1974,#1975,#1976,#1977,#1978,#1979,#1980,#1981));
#879=EDGE_LOOP('',(#1982,#1983,#1984,#1985));
#880=EDGE_LOOP('',(#1986,#1987,#1988,#1989));
#881=EDGE_LOOP('',(#1990,#1991,#1992,#1993));
#882=EDGE_LOOP('',(#1994,#1995,#1996,#1997));
#883=EDGE_LOOP('',(#1998,#1999,#2000,#2001,#2002,#2003,#2004,#2005,#2006,
#2007,#2008));
#884=EDGE_LOOP('',(#2009,#2010,#2011,#2012,#2013,#2014,#2015,#2016,#2017,
#2018,#2019,#2020,#2021,#2022));
#885=EDGE_LOOP('',(#2023,#2024,#2025,#2026));
#886=EDGE_LOOP('',(#2027,#2028,#2029,#2030));
#887=EDGE_LOOP('',(#2031,#2032,#2033,#2034,#2035,#2036,#2037,#2038,#2039,
#2040,#2041,#2042,#2043,#2044,#2045));
#888=EDGE_LOOP('',(#2046,#2047,#2048,#2049,#2050,#2051,#2052,#2053,#2054,
#2055,#2056,#2057,#2058,#2059,#2060,#2061,#2062,#2063,#2064,#2065,#2066,
#2067,#2068,#2069,#2070,#2071,#2072,#2073,#2074,#2075,#2076,#2077,#2078,
#2079,#2080,#2081,#2082,#2083,#2084,#2085,#2086));
#889=EDGE_LOOP('',(#2087,#2088,#2089,#2090,#2091,#2092,#2093,#2094));
#890=EDGE_LOOP('',(#2095));
#891=EDGE_LOOP('',(#2096,#2097,#2098,#2099,#2100,#2101,#2102,#2103,#2104,
#2105,#2106,#2107,#2108,#2109,#2110,#2111,#2112,#2113,#2114,#2115));
#892=EDGE_LOOP('',(#2116,#2117,#2118,#2119,#2120,#2121,#2122,#2123,#2124,
#2125,#2126));
#893=EDGE_LOOP('',(#2127));
#894=EDGE_LOOP('',(#2128));
#895=EDGE_LOOP('',(#2129));
#896=EDGE_LOOP('',(#2130));
#897=EDGE_LOOP('',(#2131));
#898=EDGE_LOOP('',(#2132));
#899=EDGE_LOOP('',(#2133));
#900=EDGE_LOOP('',(#2134));
#901=EDGE_LOOP('',(#2135,#2136,#2137,#2138));
#902=EDGE_LOOP('',(#2139,#2140,#2141,#2142));
#903=EDGE_LOOP('',(#2143,#2144,#2145,#2146));
#904=EDGE_LOOP('',(#2147,#2148,#2149,#2150));
#905=EDGE_LOOP('',(#2151,#2152,#2153,#2154,#2155,#2156));
#906=EDGE_LOOP('',(#2157,#2158,#2159,#2160));
#907=EDGE_LOOP('',(#2161,#2162,#2163,#2164,#2165,#2166));
#908=EDGE_LOOP('',(#2167,#2168,#2169));
#909=EDGE_LOOP('',(#2170,#2171,#2172,#2173));
#910=EDGE_LOOP('',(#2174,#2175,#2176,#2177));
#911=EDGE_LOOP('',(#2178,#2179,#2180,#2181));
#912=EDGE_LOOP('',(#2182,#2183,#2184));
#913=EDGE_LOOP('',(#2185,#2186,#2187,#2188));
#914=EDGE_LOOP('',(#2189,#2190,#2191,#2192,#2193));
#915=EDGE_LOOP('',(#2194,#2195,#2196,#2197));
#916=EDGE_LOOP('',(#2198,#2199,#2200,#2201));
#917=EDGE_LOOP('',(#2202,#2203,#2204));
#918=EDGE_LOOP('',(#2205,#2206,#2207,#2208));
#919=EDGE_LOOP('',(#2209,#2210,#2211,#2212));
#920=EDGE_LOOP('',(#2213,#2214,#2215,#2216,#2217,#2218));
#921=EDGE_LOOP('',(#2219,#2220,#2221,#2222));
#922=EDGE_LOOP('',(#2223,#2224,#2225));
#923=EDGE_LOOP('',(#2226,#2227,#2228));
#924=EDGE_LOOP('',(#2229,#2230,#2231,#2232));
#925=EDGE_LOOP('',(#2233,#2234,#2235,#2236));
#926=EDGE_LOOP('',(#2237,#2238,#2239,#2240,#2241,#2242));
#927=EDGE_LOOP('',(#2243,#2244,#2245,#2246));
#928=EDGE_LOOP('',(#2247,#2248,#2249,#2250));
#929=EDGE_LOOP('',(#2251,#2252,#2253,#2254,#2255,#2256,#2257,#2258,#2259,
#2260,#2261,#2262,#2263,#2264,#2265,#2266,#2267,#2268,#2269,#2270,#2271,
#2272,#2273,#2274,#2275,#2276,#2277,#2278,#2279,#2280,#2281,#2282,#2283,
#2284,#2285,#2286));
#930=EDGE_LOOP('',(#2287));
#931=EDGE_LOOP('',(#2288));
#932=EDGE_LOOP('',(#2289));
#933=EDGE_LOOP('',(#2290));
#934=EDGE_LOOP('',(#2291,#2292,#2293,#2294,#2295,#2296,#2297,#2298,#2299,
#2300,#2301));
#935=EDGE_LOOP('',(#2302,#2303,#2304,#2305,#2306,#2307,#2308,#2309,#2310,
#2311));
#936=EDGE_LOOP('',(#2312,#2313,#2314,#2315));
#937=EDGE_LOOP('',(#2316,#2317,#2318,#2319));
#938=EDGE_LOOP('',(#2320,#2321,#2322,#2323));
#939=EDGE_LOOP('',(#2324,#2325,#2326,#2327,#2328,#2329,#2330,#2331));
#940=EDGE_LOOP('',(#2332,#2333,#2334,#2335,#2336,#2337));
#941=EDGE_LOOP('',(#2338));
#942=EDGE_LOOP('',(#2339,#2340,#2341,#2342));
#943=EDGE_LOOP('',(#2343,#2344,#2345,#2346));
#944=EDGE_LOOP('',(#2347,#2348,#2349,#2350,#2351,#2352));
#945=EDGE_LOOP('',(#2353,#2354,#2355,#2356));
#946=EDGE_LOOP('',(#2357,#2358,#2359,#2360));
#947=EDGE_LOOP('',(#2361,#2362,#2363,#2364));
#948=EDGE_LOOP('',(#2365,#2366,#2367,#2368,#2369,#2370,#2371));
#949=EDGE_LOOP('',(#2372,#2373,#2374,#2375));
#950=EDGE_LOOP('',(#2376,#2377,#2378,#2379,#2380,#2381,#2382));
#951=EDGE_LOOP('',(#2383,#2384,#2385,#2386));
#952=EDGE_LOOP('',(#2387,#2388,#2389,#2390));
#953=EDGE_LOOP('',(#2391,#2392,#2393,#2394,#2395));
#954=EDGE_LOOP('',(#2396,#2397,#2398,#2399));
#955=EDGE_LOOP('',(#2400,#2401,#2402,#2403));
#956=EDGE_LOOP('',(#2404,#2405,#2406,#2407));
#957=EDGE_LOOP('',(#2408,#2409,#2410,#2411));
#958=EDGE_LOOP('',(#2412,#2413,#2414,#2415));
#959=EDGE_LOOP('',(#2416,#2417,#2418,#2419));
#960=EDGE_LOOP('',(#2420,#2421,#2422,#2423));
#961=EDGE_LOOP('',(#2424,#2425,#2426,#2427));
#962=EDGE_LOOP('',(#2428,#2429,#2430,#2431));
#963=EDGE_LOOP('',(#2432,#2433,#2434,#2435));
#964=EDGE_LOOP('',(#2436,#2437,#2438,#2439,#2440));
#965=EDGE_LOOP('',(#2441,#2442,#2443,#2444,#2445));
#966=EDGE_LOOP('',(#2446,#2447,#2448,#2449));
#967=EDGE_LOOP('',(#2450,#2451,#2452,#2453));
#968=EDGE_LOOP('',(#2454,#2455,#2456,#2457));
#969=EDGE_LOOP('',(#2458,#2459,#2460,#2461));
#970=EDGE_LOOP('',(#2462,#2463,#2464,#2465));
#971=EDGE_LOOP('',(#2466,#2467,#2468,#2469));
#972=EDGE_LOOP('',(#2470,#2471,#2472,#2473));
#973=EDGE_LOOP('',(#2474,#2475,#2476,#2477,#2478,#2479));
#974=EDGE_LOOP('',(#2480));
#975=EDGE_LOOP('',(#2481,#2482,#2483,#2484,#2485));
#976=EDGE_LOOP('',(#2486,#2487,#2488,#2489,#2490));
#977=EDGE_LOOP('',(#2491,#2492,#2493,#2494,#2495,#2496,#2497,#2498,#2499));
#978=EDGE_LOOP('',(#2500));
#979=EDGE_LOOP('',(#2501,#2502,#2503,#2504));
#980=EDGE_LOOP('',(#2505,#2506,#2507,#2508));
#981=EDGE_LOOP('',(#2509,#2510,#2511,#2512));
#982=EDGE_LOOP('',(#2513,#2514,#2515,#2516));
#983=EDGE_LOOP('',(#2517,#2518,#2519,#2520));
#984=EDGE_LOOP('',(#2521,#2522,#2523,#2524));
#985=EDGE_LOOP('',(#2525,#2526,#2527,#2528));
#986=EDGE_LOOP('',(#2529,#2530,#2531,#2532,#2533,#2534,#2535));
#987=EDGE_LOOP('',(#2536));
#988=EDGE_LOOP('',(#2537,#2538,#2539,#2540,#2541,#2542));
#989=EDGE_LOOP('',(#2543,#2544,#2545,#2546));
#990=EDGE_LOOP('',(#2547,#2548,#2549,#2550));
#991=EDGE_LOOP('',(#2551,#2552,#2553,#2554));
#992=EDGE_LOOP('',(#2555,#2556,#2557,#2558));
#993=EDGE_LOOP('',(#2559,#2560,#2561));
#994=EDGE_LOOP('',(#2562,#2563,#2564,#2565,#2566,#2567,#2568));
#995=EDGE_LOOP('',(#2569,#2570,#2571));
#996=EDGE_LOOP('',(#2572,#2573,#2574,#2575));
#997=EDGE_LOOP('',(#2576,#2577,#2578,#2579));
#998=EDGE_LOOP('',(#2580,#2581,#2582,#2583));
#999=EDGE_LOOP('',(#2584,#2585,#2586,#2587));
#1000=EDGE_LOOP('',(#2588,#2589,#2590,#2591));
#1001=EDGE_LOOP('',(#2592,#2593,#2594,#2595));
#1002=EDGE_LOOP('',(#2596,#2597,#2598,#2599));
#1003=EDGE_LOOP('',(#2600,#2601,#2602,#2603));
#1004=EDGE_LOOP('',(#2604,#2605,#2606,#2607));
#1005=EDGE_LOOP('',(#2608,#2609,#2610,#2611));
#1006=EDGE_LOOP('',(#2612,#2613,#2614,#2615,#2616,#2617,#2618,#2619,#2620,
#2621));
#1007=EDGE_LOOP('',(#2622,#2623,#2624,#2625));
#1008=EDGE_LOOP('',(#2626,#2627,#2628,#2629,#2630,#2631));
#1009=EDGE_LOOP('',(#2632,#2633,#2634,#2635));
#1010=EDGE_LOOP('',(#2636,#2637,#2638,#2639));
#1011=EDGE_LOOP('',(#2640,#2641,#2642,#2643));
#1012=EDGE_LOOP('',(#2644,#2645,#2646,#2647));
#1013=EDGE_LOOP('',(#2648,#2649,#2650,#2651));
#1014=EDGE_LOOP('',(#2652,#2653,#2654,#2655));
#1015=EDGE_LOOP('',(#2656,#2657,#2658,#2659));
#1016=EDGE_LOOP('',(#2660,#2661,#2662,#2663,#2664));
#1017=EDGE_LOOP('',(#2665,#2666,#2667,#2668));
#1018=EDGE_LOOP('',(#2669,#2670,#2671,#2672));
#1019=EDGE_LOOP('',(#2673,#2674,#2675,#2676));
#1020=EDGE_LOOP('',(#2677,#2678,#2679,#2680));
#1021=EDGE_LOOP('',(#2681,#2682,#2683,#2684));
#1022=EDGE_LOOP('',(#2685,#2686,#2687,#2688));
#1023=EDGE_LOOP('',(#2689,#2690,#2691,#2692));
#1024=EDGE_LOOP('',(#2693,#2694,#2695,#2696));
#1025=B_SPLINE_CURVE_WITH_KNOTS('',3,(#4018,#4019,#4020,#4021,#4022,#4023,
#4024,#4025),.UNSPECIFIED.,.F.,.F.,(4,1,1,2,4),(0.,0.01782316096201,0.0356463219240201,
0.0891158048100501,0.0897158029100463),.UNSPECIFIED.);
#1026=B_SPLINE_CURVE_WITH_KNOTS('',3,(#4026,#4027,#4028,#4029,#4030,#4031,
#4032,#4033),.UNSPECIFIED.,.F.,.F.,(4,2,1,1,4),(-0.0897158029100463,-0.0891158048100501,
-0.0356463219240201,-0.01782316096201,0.),.UNSPECIFIED.);
#1027=B_SPLINE_CURVE_WITH_KNOTS('',3,(#4037,#4038,#4039,#4040,#4041,#4042),
 .UNSPECIFIED.,.F.,.F.,(4,2,4),(-0.169074340676706,-0.168490631641615,-0.146703110800182),
 .UNSPECIFIED.);
#1028=B_SPLINE_CURVE_WITH_KNOTS('',3,(#4044,#4045,#4046,#4047,#4048,#4049,
#4050,#4051,#4052,#4053,#4054,#4055),.UNSPECIFIED.,.F.,.F.,(4,2,2,2,2,4),
(0.0177770265850661,0.0256829924746499,0.0507275729014105,0.0846605088172544,
0.113252827874453,0.139622408496229),.UNSPECIFIED.);
#1029=B_SPLINE_CURVE_WITH_KNOTS('',3,(#4060,#4061,#4062,#4063,#4064,#4065),
 .UNSPECIFIED.,.F.,.F.,(4,2,4),(0.0409353858428272,0.476192483701064,0.481980304723569),
 .UNSPECIFIED.);
#1030=B_SPLINE_CURVE_WITH_KNOTS('',3,(#4069,#4070,#4071,#4072,#4073,#4074,
#4075,#4076),.UNSPECIFIED.,.F.,.F.,(4,2,2,4),(-0.00578815631423311,0.,0.281508746693302,
0.347485502902106),.UNSPECIFIED.);
#1031=B_SPLINE_CURVE_WITH_KNOTS('',3,(#4078,#4079,#4080,#4081,#4082,#4083,
#4084,#4085,#4086,#4087),.UNSPECIFIED.,.F.,.F.,(4,2,2,2,4),(-0.240446282572451,
-0.219300570602771,-0.18804077490208,-0.156793787181245,-0.125553174281439),
 .UNSPECIFIED.);
#1032=B_SPLINE_CURVE_WITH_KNOTS('',3,(#4092,#4093,#4094,#4095,#4096,#4097,
#4098,#4099,#4100,#4101),.UNSPECIFIED.,.F.,.F.,(4,2,2,2,4),(-0.104775291331793,
-0.0713443556666379,-0.0241124438372766,0.,0.00177479224370793),
 .UNSPECIFIED.);
#1033=B_SPLINE_CURVE_WITH_KNOTS('',3,(#4108,#4109,#4110,#4111),
 .UNSPECIFIED.,.F.,.F.,(4,4),(-0.104214428908145,-0.000273070073513876),
 .UNSPECIFIED.);
#1034=B_SPLINE_CURVE_WITH_KNOTS('',3,(#4164,#4165,#4166,#4167,#4168,#4169,
#4170,#4171,#4172,#4173,#4174,#4175,#4176,#4177),.UNSPECIFIED.,.F.,.F.,
(4,2,2,2,2,2,4),(-0.128978921911981,-0.128553883843559,-0.110556090030744,
-0.0926506091792593,-0.0605965881893606,-0.0299650350953798,0.),
 .UNSPECIFIED.);
#1035=B_SPLINE_CURVE_WITH_KNOTS('',3,(#4186,#4187,#4188,#4189,#4190,#4191,
#4192,#4193,#4194,#4195,#4196,#4197),.UNSPECIFIED.,.F.,.F.,(4,2,2,2,2,4),
(-0.115552060723408,-0.110418851098459,-0.0937466634688605,-0.0624879152760691,
-0.031240920657815,0.),.UNSPECIFIED.);
#1036=B_SPLINE_CURVE_WITH_KNOTS('',3,(#4207,#4208,#4209,#4210,#4211,#4212,
#4213,#4214,#4215,#4216,#4217,#4218,#4219,#4220),.UNSPECIFIED.,.F.,.F.,
(4,2,2,2,2,2,4),(0.,0.0305496161094424,0.061488468238478,0.0932015810580297,
0.110093129668708,0.127011370630347,0.127423622074657),.UNSPECIFIED.);
#1037=B_SPLINE_CURVE_WITH_KNOTS('',3,(#4265,#4266,#4267,#4268,#4269,#4270,
#4271,#4272),.UNSPECIFIED.,.F.,.F.,(4,1,1,2,4),(-0.0377685659250886,-0.0302148527400709,
-0.0226611395550532,0.,0.000281710748442176),.UNSPECIFIED.);
#1038=B_SPLINE_CURVE_WITH_KNOTS('',3,(#4273,#4274,#4275,#4276,#4277,#4278,
#4279,#4280),.UNSPECIFIED.,.F.,.F.,(4,2,1,1,4),(-0.000281710748442176,0.,
0.0226611395550532,0.0302148527400709,0.0377685659250886),.UNSPECIFIED.);
#1039=B_SPLINE_CURVE_WITH_KNOTS('',3,(#4332,#4333,#4334,#4335,#4336,#4337,
#4338,#4339,#4340,#4341),.UNSPECIFIED.,.F.,.F.,(4,1,1,1,1,2,4),(-0.037782124179609,
-0.0302256993436872,-0.0226692745077654,-0.0151128496718436,-0.0075564248359218,
0.,0.000268539421158415),.UNSPECIFIED.);
#1040=B_SPLINE_CURVE_WITH_KNOTS('',3,(#4342,#4343,#4344,#4345,#4346,#4347,
#4348,#4349,#4350,#4351),.UNSPECIFIED.,.F.,.F.,(4,2,1,1,1,1,4),(-0.000268539421158415,
0.,0.0075564248359218,0.0151128496718436,0.0226692745077654,0.0302256993436872,
0.037782124179609),.UNSPECIFIED.);
#1041=B_SPLINE_CURVE_WITH_KNOTS('',3,(#4675,#4676,#4677,#4678,#4679,#4680,
#4681,#4682,#4683,#4684,#4685,#4686,#4687,#4688),.UNSPECIFIED.,.F.,.F.,
(4,2,2,2,2,2,4),(0.869031743768777,0.879557642175698,0.917699988211917,
0.955842334248136,0.996388144560843,1.0166610497172,1.03693395487355),
 .UNSPECIFIED.);
#1042=B_SPLINE_CURVE_WITH_KNOTS('',3,(#4734,#4735,#4736,#4737,#4738,#4739,
#4740),.UNSPECIFIED.,.F.,.F.,(4,3,4),(2.14078708212297,2.33028269128535,
2.51977830044773),.UNSPECIFIED.);
#1043=B_SPLINE_CURVE_WITH_KNOTS('',3,(#4929,#4930,#4931,#4932,#4933,#4934,
#4935,#4936,#4937,#4938,#4939,#4940,#4941,#4942,#4943,#4944,#4945,#4946,
#4947,#4948),.UNSPECIFIED.,.F.,.F.,(4,2,2,2,2,2,2,2,2,4),(1.1489079618871,
1.15541253828047,1.16191711467383,1.17492626746057,1.20094457303404,1.25298118418097,
1.29363273730298,1.31395851386399,1.334284290425,1.33877922496908),
 .UNSPECIFIED.);
#1044=B_SPLINE_CURVE_WITH_KNOTS('',3,(#4951,#4952,#4953,#4954,#4955,#4956,
#4957,#4958,#4959,#4960,#4961,#4962,#4963,#4964,#4965,#4966,#4967,#4968),
 .UNSPECIFIED.,.F.,.F.,(4,2,2,2,2,2,2,2,4),(0.,0.00747116188138242,0.0149423237627648,
0.0298846475255297,0.0597692950510594,0.119538590102119,0.158565791096627,
0.178079391593882,0.192599980341212),.UNSPECIFIED.);
#1045=B_SPLINE_CURVE_WITH_KNOTS('',3,(#4986,#4987,#4988,#4989,#4990,#4991,
#4992,#4993,#4994,#4995,#4996,#4997,#4998,#4999),.UNSPECIFIED.,.F.,.F.,
(4,2,2,2,2,2,4),(0.,0.0147537003636645,0.029507400727329,0.0590148014546579,
0.118029602909316,0.15314897091799,0.173249065154707),.UNSPECIFIED.);
#1046=B_SPLINE_CURVE_WITH_KNOTS('',3,(#5012,#5013,#5014,#5015,#5016,#5017,
#5018,#5019,#5020,#5021,#5022,#5023,#5024,#5025),.UNSPECIFIED.,.F.,.F.,
(4,2,2,2,2,2,4),(1.03693395487355,1.0572068600299,1.07747976518625,1.11802557549896,
1.15616792153518,1.1943102675714,1.20483616597853),.UNSPECIFIED.);
#1047=CIRCLE('',#2855,0.8);
#1048=CIRCLE('',#2858,11.6247919911041);
#1049=CIRCLE('',#2859,12.4247919911041);
#1050=CIRCLE('',#2861,0.8);
#1051=CIRCLE('',#2864,12.4247919911041);
#1052=CIRCLE('',#2867,2.8);
#1053=CIRCLE('',#2868,6.67526515623687);
#1054=CIRCLE('',#2869,2.);
#1055=CIRCLE('',#2871,13.5062371808858);
#1056=CIRCLE('',#2873,0.799999999999986);
#1057=CIRCLE('',#2874,2.);
#1058=CIRCLE('',#2875,2.);
#1059=CIRCLE('',#2876,0.8);
#1060=CIRCLE('',#2878,0.799999999999998);
#1061=CIRCLE('',#2880,0.8);
#1062=CIRCLE('',#2881,7.47526515623687);
#1063=CIRCLE('',#2885,0.8);
#1064=CIRCLE('',#2887,13.5062371808858);
#1065=CIRCLE('',#2888,12.7062371808858);
#1066=CIRCLE('',#2890,1.);
#1067=CIRCLE('',#2892,1.);
#1068=CIRCLE('',#2895,7.47526515623687);
#1069=CIRCLE('',#2898,2.);
#1070=CIRCLE('',#2899,2.);
#1071=CIRCLE('',#2902,12.7062371808858);
#1072=CIRCLE('',#2905,1.);
#1073=CIRCLE('',#2907,2.);
#1074=CIRCLE('',#2908,2.);
#1075=CIRCLE('',#2910,1.);
#1076=CIRCLE('',#2914,1.);
#1077=CIRCLE('',#2915,1.);
#1078=CIRCLE('',#2916,1.);
#1079=CIRCLE('',#2918,1.);
#1080=CIRCLE('',#2919,1.);
#1081=CIRCLE('',#2920,1.);
#1082=CIRCLE('',#2921,1.);
#1083=CIRCLE('',#2922,1.);
#1084=CIRCLE('',#2923,1.);
#1085=CIRCLE('',#2924,1.);
#1086=CIRCLE('',#2925,2.);
#1087=CIRCLE('',#2926,1.);
#1088=CIRCLE('',#2927,1.);
#1089=CIRCLE('',#2928,1.);
#1090=CIRCLE('',#2929,1.);
#1091=CIRCLE('',#2930,1.);
#1092=CIRCLE('',#2931,1.);
#1093=CIRCLE('',#2932,1.);
#1094=CIRCLE('',#2934,6.);
#1095=CIRCLE('',#2935,6.);
#1096=CIRCLE('',#2936,6.);
#1097=CIRCLE('',#2937,6.);
#1098=CIRCLE('',#2938,1.);
#1099=CIRCLE('',#2939,2.);
#1100=CIRCLE('',#2940,1.);
#1101=CIRCLE('',#2941,1.);
#1102=CIRCLE('',#2942,1.);
#1103=CIRCLE('',#2943,1.);
#1104=CIRCLE('',#2944,1.);
#1105=CIRCLE('',#2945,1.);
#1106=CIRCLE('',#2946,1.);
#1107=CIRCLE('',#2947,1.);
#1108=CIRCLE('',#2948,1.);
#1109=CIRCLE('',#2949,1.);
#1110=CIRCLE('',#2950,1.);
#1111=CIRCLE('',#2951,1.);
#1112=CIRCLE('',#2952,1.);
#1113=CIRCLE('',#2953,1.04793153321201);
#1114=CIRCLE('',#2954,1.03994495233375);
#1115=CIRCLE('',#2955,1.04624645469166);
#1116=CIRCLE('',#2956,1.05555737746232);
#1117=CIRCLE('',#2957,1.5);
#1118=CIRCLE('',#2958,1.5);
#1119=CIRCLE('',#2959,1.5);
#1120=CIRCLE('',#2960,1.5);
#1121=CIRCLE('',#2962,1.);
#1122=CIRCLE('',#2965,1.);
#1123=CIRCLE('',#2966,1.);
#1124=CIRCLE('',#2972,1.);
#1125=CIRCLE('',#2973,1.);
#1126=CIRCLE('',#2974,1.);
#1127=CIRCLE('',#2977,1.);
#1128=CIRCLE('',#2978,1.);
#1129=CIRCLE('',#2980,1.);
#1130=CIRCLE('',#2982,1.);
#1131=CIRCLE('',#2983,1.);
#1132=CIRCLE('',#2985,1.);
#1133=CIRCLE('',#2987,1.);
#1134=CIRCLE('',#2991,1.);
#1135=CIRCLE('',#2992,1.);
#1136=CIRCLE('',#2993,1.);
#1137=CIRCLE('',#2995,1.);
#1138=CIRCLE('',#2997,1.);
#1139=CIRCLE('',#3001,1.);
#1140=CIRCLE('',#3003,1.);
#1141=CIRCLE('',#3005,1.);
#1142=CIRCLE('',#3007,1.);
#1143=CIRCLE('',#3009,2.);
#1144=CIRCLE('',#3011,6.);
#1145=CIRCLE('',#3013,1.03994495233375);
#1146=CIRCLE('',#3015,6.);
#1147=CIRCLE('',#3016,6.);
#1148=CIRCLE('',#3017,6.);
#1149=CIRCLE('',#3018,1.);
#1150=CIRCLE('',#3019,1.);
#1151=CIRCLE('',#3020,1.);
#1152=CIRCLE('',#3021,1.);
#1153=CIRCLE('',#3022,1.);
#1154=CIRCLE('',#3023,1.);
#1155=CIRCLE('',#3024,1.);
#1156=CIRCLE('',#3025,2.);
#1157=CIRCLE('',#3026,1.04793153321201);
#1158=CIRCLE('',#3027,1.04624645469166);
#1159=CIRCLE('',#3028,1.05555737746232);
#1160=CIRCLE('',#3030,1.);
#1161=CIRCLE('',#3033,1.);
#1162=CIRCLE('',#3037,1.);
#1163=CIRCLE('',#3039,1.);
#1164=CIRCLE('',#3040,1.5);
#1165=CIRCLE('',#3045,1.);
#1166=CIRCLE('',#3047,1.);
#1167=CIRCLE('',#3050,1.);
#1168=CIRCLE('',#3053,4.41564893730202);
#1169=CIRCLE('',#3055,4.41564893730202);
#1170=CIRCLE('',#3058,1.);
#1171=CIRCLE('',#3071,1.);
#1172=CIRCLE('',#3080,1.5);
#1173=CIRCLE('',#3082,1.);
#1174=CIRCLE('',#3084,1.);
#1175=CIRCLE('',#3086,1.);
#1176=CIRCLE('',#3087,1.5);
#1177=CIRCLE('',#3096,1.);
#1178=CIRCLE('',#3097,1.5);
#1179=CIRCLE('',#3103,4.23166158374992);
#1180=CIRCLE('',#3105,4.23166158374992);
#1181=CIRCLE('',#3108,1.);
#1182=CIRCLE('',#3120,4.23166158374992);
#1183=VERTEX_POINT('',#4014);
#1184=VERTEX_POINT('',#4015);
#1185=VERTEX_POINT('',#4017);
#1186=VERTEX_POINT('',#4035);
#1187=VERTEX_POINT('',#4036);
#1188=VERTEX_POINT('',#4043);
#1189=VERTEX_POINT('',#4059);
#1190=VERTEX_POINT('',#4066);
#1191=VERTEX_POINT('',#4068);
#1192=VERTEX_POINT('',#4077);
#1193=VERTEX_POINT('',#4090);
#1194=VERTEX_POINT('',#4091);
#1195=VERTEX_POINT('',#4102);
#1196=VERTEX_POINT('',#4104);
#1197=VERTEX_POINT('',#4107);
#1198=VERTEX_POINT('',#4114);
#1199=VERTEX_POINT('',#4116);
#1200=VERTEX_POINT('',#4120);
#1201=VERTEX_POINT('',#4124);
#1202=VERTEX_POINT('',#4126);
#1203=VERTEX_POINT('',#4128);
#1204=VERTEX_POINT('',#4132);
#1205=VERTEX_POINT('',#4134);
#1206=VERTEX_POINT('',#4136);
#1207=VERTEX_POINT('',#4138);
#1208=VERTEX_POINT('',#4140);
#1209=VERTEX_POINT('',#4142);
#1210=VERTEX_POINT('',#4144);
#1211=VERTEX_POINT('',#4146);
#1212=VERTEX_POINT('',#4152);
#1213=VERTEX_POINT('',#4154);
#1214=VERTEX_POINT('',#4156);
#1215=VERTEX_POINT('',#4160);
#1216=VERTEX_POINT('',#4161);
#1217=VERTEX_POINT('',#4179);
#1218=VERTEX_POINT('',#4185);
#1219=VERTEX_POINT('',#4200);
#1220=VERTEX_POINT('',#4201);
#1221=VERTEX_POINT('',#4203);
#1222=VERTEX_POINT('',#4205);
#1223=VERTEX_POINT('',#4264);
#1224=VERTEX_POINT('',#4331);
#1225=VERTEX_POINT('',#4353);
#1226=VERTEX_POINT('',#4357);
#1227=VERTEX_POINT('',#4359);
#1228=VERTEX_POINT('',#4363);
#1229=VERTEX_POINT('',#4367);
#1230=VERTEX_POINT('',#4371);
#1231=VERTEX_POINT('',#4375);
#1232=VERTEX_POINT('',#4378);
#1233=VERTEX_POINT('',#4382);
#1234=VERTEX_POINT('',#4386);
#1235=VERTEX_POINT('',#4390);
#1236=VERTEX_POINT('',#4394);
#1237=VERTEX_POINT('',#4395);
#1238=VERTEX_POINT('',#4397);
#1239=VERTEX_POINT('',#4399);
#1240=VERTEX_POINT('',#4403);
#1241=VERTEX_POINT('',#4405);
#1242=VERTEX_POINT('',#4407);
#1243=VERTEX_POINT('',#4409);
#1244=VERTEX_POINT('',#4411);
#1245=VERTEX_POINT('',#4413);
#1246=VERTEX_POINT('',#4415);
#1247=VERTEX_POINT('',#4419);
#1248=VERTEX_POINT('',#4421);
#1249=VERTEX_POINT('',#4423);
#1250=VERTEX_POINT('',#4425);
#1251=VERTEX_POINT('',#4427);
#1252=VERTEX_POINT('',#4429);
#1253=VERTEX_POINT('',#4431);
#1254=VERTEX_POINT('',#4433);
#1255=VERTEX_POINT('',#4435);
#1256=VERTEX_POINT('',#4437);
#1257=VERTEX_POINT('',#4441);
#1258=VERTEX_POINT('',#4443);
#1259=VERTEX_POINT('',#4450);
#1260=VERTEX_POINT('',#4452);
#1261=VERTEX_POINT('',#4454);
#1262=VERTEX_POINT('',#4456);
#1263=VERTEX_POINT('',#4458);
#1264=VERTEX_POINT('',#4460);
#1265=VERTEX_POINT('',#4462);
#1266=VERTEX_POINT('',#4464);
#1267=VERTEX_POINT('',#4468);
#1268=VERTEX_POINT('',#4470);
#1269=VERTEX_POINT('',#4472);
#1270=VERTEX_POINT('',#4474);
#1271=VERTEX_POINT('',#4476);
#1272=VERTEX_POINT('',#4478);
#1273=VERTEX_POINT('',#4480);
#1274=VERTEX_POINT('',#4482);
#1275=VERTEX_POINT('',#4484);
#1276=VERTEX_POINT('',#4486);
#1277=VERTEX_POINT('',#4488);
#1278=VERTEX_POINT('',#4490);
#1279=VERTEX_POINT('',#4492);
#1280=VERTEX_POINT('',#4494);
#1281=VERTEX_POINT('',#4496);
#1282=VERTEX_POINT('',#4498);
#1283=VERTEX_POINT('',#4500);
#1284=VERTEX_POINT('',#4502);
#1285=VERTEX_POINT('',#4504);
#1286=VERTEX_POINT('',#4506);
#1287=VERTEX_POINT('',#4508);
#1288=VERTEX_POINT('',#4510);
#1289=VERTEX_POINT('',#4512);
#1290=VERTEX_POINT('',#4514);
#1291=VERTEX_POINT('',#4516);
#1292=VERTEX_POINT('',#4518);
#1293=VERTEX_POINT('',#4520);
#1294=VERTEX_POINT('',#4522);
#1295=VERTEX_POINT('',#4524);
#1296=VERTEX_POINT('',#4526);
#1297=VERTEX_POINT('',#4528);
#1298=VERTEX_POINT('',#4530);
#1299=VERTEX_POINT('',#4534);
#1300=VERTEX_POINT('',#4535);
#1301=VERTEX_POINT('',#4537);
#1302=VERTEX_POINT('',#4539);
#1303=VERTEX_POINT('',#4541);
#1304=VERTEX_POINT('',#4543);
#1305=VERTEX_POINT('',#4545);
#1306=VERTEX_POINT('',#4547);
#1307=VERTEX_POINT('',#4550);
#1308=VERTEX_POINT('',#4551);
#1309=VERTEX_POINT('',#4553);
#1310=VERTEX_POINT('',#4555);
#1311=VERTEX_POINT('',#4557);
#1312=VERTEX_POINT('',#4559);
#1313=VERTEX_POINT('',#4561);
#1314=VERTEX_POINT('',#4563);
#1315=VERTEX_POINT('',#4565);
#1316=VERTEX_POINT('',#4567);
#1317=VERTEX_POINT('',#4569);
#1318=VERTEX_POINT('',#4571);
#1319=VERTEX_POINT('',#4573);
#1320=VERTEX_POINT('',#4575);
#1321=VERTEX_POINT('',#4577);
#1322=VERTEX_POINT('',#4579);
#1323=VERTEX_POINT('',#4581);
#1324=VERTEX_POINT('',#4583);
#1325=VERTEX_POINT('',#4585);
#1326=VERTEX_POINT('',#4587);
#1327=VERTEX_POINT('',#4590);
#1328=VERTEX_POINT('',#4591);
#1329=VERTEX_POINT('',#4593);
#1330=VERTEX_POINT('',#4595);
#1331=VERTEX_POINT('',#4597);
#1332=VERTEX_POINT('',#4599);
#1333=VERTEX_POINT('',#4601);
#1334=VERTEX_POINT('',#4603);
#1335=VERTEX_POINT('',#4605);
#1336=VERTEX_POINT('',#4607);
#1337=VERTEX_POINT('',#4609);
#1338=VERTEX_POINT('',#4612);
#1339=VERTEX_POINT('',#4614);
#1340=VERTEX_POINT('',#4616);
#1341=VERTEX_POINT('',#4618);
#1342=VERTEX_POINT('',#4620);
#1343=VERTEX_POINT('',#4622);
#1344=VERTEX_POINT('',#4624);
#1345=VERTEX_POINT('',#4626);
#1346=VERTEX_POINT('',#4629);
#1347=VERTEX_POINT('',#4635);
#1348=VERTEX_POINT('',#4649);
#1349=VERTEX_POINT('',#4651);
#1350=VERTEX_POINT('',#4657);
#1351=VERTEX_POINT('',#4661);
#1352=VERTEX_POINT('',#4665);
#1353=VERTEX_POINT('',#4669);
#1354=VERTEX_POINT('',#4674);
#1355=VERTEX_POINT('',#4689);
#1356=VERTEX_POINT('',#4696);
#1357=VERTEX_POINT('',#4698);
#1358=VERTEX_POINT('',#4702);
#1359=VERTEX_POINT('',#4709);
#1360=VERTEX_POINT('',#4711);
#1361=VERTEX_POINT('',#4716);
#1362=VERTEX_POINT('',#4720);
#1363=VERTEX_POINT('',#4724);
#1364=VERTEX_POINT('',#4728);
#1365=VERTEX_POINT('',#4732);
#1366=VERTEX_POINT('',#4733);
#1367=VERTEX_POINT('',#4741);
#1368=VERTEX_POINT('',#4743);
#1369=VERTEX_POINT('',#4748);
#1370=VERTEX_POINT('',#4749);
#1371=VERTEX_POINT('',#4754);
#1372=VERTEX_POINT('',#4758);
#1373=VERTEX_POINT('',#4760);
#1374=VERTEX_POINT('',#4762);
#1375=VERTEX_POINT('',#4764);
#1376=VERTEX_POINT('',#4766);
#1377=VERTEX_POINT('',#4768);
#1378=VERTEX_POINT('',#4770);
#1379=VERTEX_POINT('',#4772);
#1380=VERTEX_POINT('',#4774);
#1381=VERTEX_POINT('',#4776);
#1382=VERTEX_POINT('',#4778);
#1383=VERTEX_POINT('',#4780);
#1384=VERTEX_POINT('',#4782);
#1385=VERTEX_POINT('',#4784);
#1386=VERTEX_POINT('',#4786);
#1387=VERTEX_POINT('',#4788);
#1388=VERTEX_POINT('',#4790);
#1389=VERTEX_POINT('',#4792);
#1390=VERTEX_POINT('',#4794);
#1391=VERTEX_POINT('',#4796);
#1392=VERTEX_POINT('',#4798);
#1393=VERTEX_POINT('',#4800);
#1394=VERTEX_POINT('',#4802);
#1395=VERTEX_POINT('',#4804);
#1396=VERTEX_POINT('',#4806);
#1397=VERTEX_POINT('',#4809);
#1398=VERTEX_POINT('',#4811);
#1399=VERTEX_POINT('',#4814);
#1400=VERTEX_POINT('',#4816);
#1401=VERTEX_POINT('',#4819);
#1402=VERTEX_POINT('',#4821);
#1403=VERTEX_POINT('',#4823);
#1404=VERTEX_POINT('',#4826);
#1405=VERTEX_POINT('',#4831);
#1406=VERTEX_POINT('',#4833);
#1407=VERTEX_POINT('',#4836);
#1408=VERTEX_POINT('',#4838);
#1409=VERTEX_POINT('',#4843);
#1410=VERTEX_POINT('',#4845);
#1411=VERTEX_POINT('',#4852);
#1412=VERTEX_POINT('',#4854);
#1413=VERTEX_POINT('',#4859);
#1414=VERTEX_POINT('',#4861);
#1415=VERTEX_POINT('',#4863);
#1416=VERTEX_POINT('',#4866);
#1417=VERTEX_POINT('',#4874);
#1418=VERTEX_POINT('',#4876);
#1419=VERTEX_POINT('',#4882);
#1420=VERTEX_POINT('',#4886);
#1421=VERTEX_POINT('',#4890);
#1422=VERTEX_POINT('',#4896);
#1423=VERTEX_POINT('',#4900);
#1424=VERTEX_POINT('',#4950);
#1425=VERTEX_POINT('',#4969);
#1426=VERTEX_POINT('',#4984);
#1427=VERTEX_POINT('',#5005);
#1428=VERTEX_POINT('',#5008);
#1429=VERTEX_POINT('',#5010);
#1430=VERTEX_POINT('',#5027);
#1431=VERTEX_POINT('',#5031);
#1432=VERTEX_POINT('',#5034);
#1433=VERTEX_POINT('',#5047);
#1434=VERTEX_POINT('',#5048);
#1435=VERTEX_POINT('',#5053);
#1436=VERTEX_POINT('',#5057);
#1437=VERTEX_POINT('',#5066);
#1438=VERTEX_POINT('',#5072);
#1439=VERTEX_POINT('',#5076);
#1440=VERTEX_POINT('',#5098);
#1441=VERTEX_POINT('',#5122);
#1442=VERTEX_POINT('',#5123);
#1443=VERTEX_POINT('',#5125);
#1444=VERTEX_POINT('',#5127);
#1445=VERTEX_POINT('',#5131);
#1446=VERTEX_POINT('',#5132);
#1447=VERTEX_POINT('',#5137);
#1448=VERTEX_POINT('',#5141);
#1449=EDGE_CURVE('',#1183,#1184,#1047,.T.);
#1450=EDGE_CURVE('',#1184,#1185,#1025,.T.);
#1451=EDGE_CURVE('',#1185,#1183,#1026,.T.);
#1452=EDGE_CURVE('',#1186,#1187,#1027,.T.);
#1453=EDGE_CURVE('',#1187,#1188,#1028,.T.);
#1454=EDGE_CURVE('',#1188,#1184,#119,.T.);
#1455=EDGE_CURVE('',#1183,#1186,#120,.T.);
#1456=EDGE_CURVE('',#1187,#1189,#1029,.T.);
#1457=EDGE_CURVE('',#1189,#1190,#1048,.T.);
#1458=EDGE_CURVE('',#1190,#1191,#1030,.T.);
#1459=EDGE_CURVE('',#1191,#1192,#1031,.T.);
#1460=EDGE_CURVE('',#1192,#1188,#1049,.T.);
#1461=EDGE_CURVE('',#1193,#1194,#1032,.T.);
#1462=EDGE_CURVE('',#1194,#1195,#121,.T.);
#1463=EDGE_CURVE('',#1195,#1196,#1050,.F.);
#1464=EDGE_CURVE('',#1196,#1192,#122,.T.);
#1465=EDGE_CURVE('',#1191,#1197,#1033,.T.);
#1466=EDGE_CURVE('',#1197,#1193,#123,.T.);
#1467=EDGE_CURVE('',#1188,#1198,#124,.T.);
#1468=EDGE_CURVE('',#1198,#1199,#125,.F.);
#1469=EDGE_CURVE('',#1185,#1199,#126,.T.);
#1470=EDGE_CURVE('',#1200,#1192,#127,.T.);
#1471=EDGE_CURVE('',#1198,#1200,#1051,.T.);
#1472=EDGE_CURVE('',#1201,#1196,#128,.T.);
#1473=EDGE_CURVE('',#1202,#1201,#129,.T.);
#1474=EDGE_CURVE('',#1203,#1202,#130,.T.);
#1475=EDGE_CURVE('',#1200,#1203,#131,.T.);
#1476=EDGE_CURVE('',#1204,#1194,#1052,.T.);
#1477=EDGE_CURVE('',#1205,#1204,#132,.T.);
#1478=EDGE_CURVE('',#1206,#1205,#1053,.T.);
#1479=EDGE_CURVE('',#1207,#1206,#133,.T.);
#1480=EDGE_CURVE('',#1208,#1207,#134,.T.);
#1481=EDGE_CURVE('',#1209,#1208,#1054,.T.);
#1482=EDGE_CURVE('',#1210,#1209,#135,.T.);
#1483=EDGE_CURVE('',#1211,#1210,#136,.T.);
#1484=EDGE_CURVE('',#1211,#1195,#137,.T.);
#1485=EDGE_CURVE('',#1190,#1189,#1055,.T.);
#1486=EDGE_CURVE('',#1193,#1212,#1056,.T.);
#1487=EDGE_CURVE('',#1212,#1213,#1057,.T.);
#1488=EDGE_CURVE('',#1213,#1214,#1058,.T.);
#1489=EDGE_CURVE('',#1204,#1214,#1059,.T.);
#1490=EDGE_CURVE('',#1215,#1216,#138,.T.);
#1491=EDGE_CURVE('',#1216,#1207,#1060,.T.);
#1492=EDGE_CURVE('',#1206,#1215,#1034,.T.);
#1493=EDGE_CURVE('',#1205,#1217,#1061,.T.);
#1494=EDGE_CURVE('',#1217,#1215,#1062,.T.);
#1495=EDGE_CURVE('',#1214,#1217,#139,.T.);
#1496=EDGE_CURVE('',#1197,#1218,#1035,.T.);
#1497=EDGE_CURVE('',#1218,#1212,#140,.T.);
#1498=EDGE_CURVE('',#1219,#1220,#141,.T.);
#1499=EDGE_CURVE('',#1220,#1221,#1063,.T.);
#1500=EDGE_CURVE('',#1221,#1222,#142,.T.);
#1501=EDGE_CURVE('',#1222,#1219,#1036,.T.);
#1502=EDGE_CURVE('',#1186,#1219,#1064,.T.);
#1503=EDGE_CURVE('',#1222,#1218,#1065,.T.);
#1504=EDGE_CURVE('',#1220,#1223,#1037,.T.);
#1505=EDGE_CURVE('',#1223,#1221,#1038,.T.);
#1506=EDGE_CURVE('',#1216,#1224,#1039,.T.);
#1507=EDGE_CURVE('',#1224,#1207,#1040,.T.);
#1508=EDGE_CURVE('',#1224,#1225,#143,.T.);
#1509=EDGE_CURVE('',#1208,#1225,#1066,.T.);
#1510=EDGE_CURVE('',#1216,#1226,#144,.T.);
#1511=EDGE_CURVE('',#1226,#1227,#1067,.F.);
#1512=EDGE_CURVE('',#1227,#1224,#145,.T.);
#1513=EDGE_CURVE('',#1215,#1228,#146,.T.);
#1514=EDGE_CURVE('',#1226,#1228,#147,.T.);
#1515=EDGE_CURVE('',#1229,#1217,#148,.T.);
#1516=EDGE_CURVE('',#1228,#1229,#1068,.T.);
#1517=EDGE_CURVE('',#1214,#1230,#149,.T.);
#1518=EDGE_CURVE('',#1230,#1229,#150,.T.);
#1519=EDGE_CURVE('',#1231,#1231,#1069,.T.);
#1520=EDGE_CURVE('',#1231,#1213,#151,.T.);
#1521=EDGE_CURVE('',#1212,#1232,#152,.T.);
#1522=EDGE_CURVE('',#1230,#1232,#1070,.T.);
#1523=EDGE_CURVE('',#1233,#1218,#153,.T.);
#1524=EDGE_CURVE('',#1233,#1232,#154,.T.);
#1525=EDGE_CURVE('',#1234,#1222,#155,.T.);
#1526=EDGE_CURVE('',#1233,#1234,#1071,.T.);
#1527=EDGE_CURVE('',#1235,#1221,#156,.T.);
#1528=EDGE_CURVE('',#1235,#1234,#157,.T.);
#1529=EDGE_CURVE('',#1236,#1237,#158,.T.);
#1530=EDGE_CURVE('',#1237,#1238,#1072,.T.);
#1531=EDGE_CURVE('',#1239,#1238,#159,.T.);
#1532=EDGE_CURVE('',#1236,#1239,#160,.T.);
#1533=EDGE_CURVE('',#1240,#1183,#1073,.T.);
#1534=EDGE_CURVE('',#1241,#1240,#161,.T.);
#1535=EDGE_CURVE('',#1242,#1241,#162,.T.);
#1536=EDGE_CURVE('',#1242,#1243,#163,.T.);
#1537=EDGE_CURVE('',#1244,#1243,#164,.T.);
#1538=EDGE_CURVE('',#1245,#1244,#165,.T.);
#1539=EDGE_CURVE('',#1246,#1245,#1074,.T.);
#1540=EDGE_CURVE('',#1220,#1246,#166,.T.);
#1541=EDGE_CURVE('',#1201,#1247,#167,.T.);
#1542=EDGE_CURVE('',#1248,#1211,#1075,.T.);
#1543=EDGE_CURVE('',#1249,#1248,#168,.T.);
#1544=EDGE_CURVE('',#1250,#1249,#169,.T.);
#1545=EDGE_CURVE('',#1251,#1250,#170,.T.);
#1546=EDGE_CURVE('',#1252,#1251,#171,.T.);
#1547=EDGE_CURVE('',#1253,#1252,#172,.T.);
#1548=EDGE_CURVE('',#1254,#1253,#173,.T.);
#1549=EDGE_CURVE('',#1255,#1254,#174,.T.);
#1550=EDGE_CURVE('',#1256,#1255,#175,.T.);
#1551=EDGE_CURVE('',#1247,#1256,#176,.T.);
#1552=EDGE_CURVE('',#1257,#1236,#177,.T.);
#1553=EDGE_CURVE('',#1258,#1239,#178,.T.);
#1554=EDGE_CURVE('',#1258,#1257,#179,.T.);
#1555=EDGE_CURVE('',#1202,#1257,#180,.T.);
#1556=EDGE_CURVE('',#1203,#1258,#181,.T.);
#1557=EDGE_CURVE('',#1259,#1238,#182,.T.);
#1558=EDGE_CURVE('',#1260,#1259,#183,.T.);
#1559=EDGE_CURVE('',#1260,#1261,#1076,.T.);
#1560=EDGE_CURVE('',#1261,#1262,#184,.T.);
#1561=EDGE_CURVE('',#1262,#1263,#1077,.T.);
#1562=EDGE_CURVE('',#1263,#1264,#185,.T.);
#1563=EDGE_CURVE('',#1265,#1264,#186,.T.);
#1564=EDGE_CURVE('',#1266,#1265,#187,.T.);
#1565=EDGE_CURVE('',#1266,#1199,#1078,.T.);
#1566=EDGE_CURVE('',#1267,#1235,#1079,.F.);
#1567=EDGE_CURVE('',#1267,#1268,#188,.T.);
#1568=EDGE_CURVE('',#1269,#1268,#1080,.T.);
#1569=EDGE_CURVE('',#1270,#1269,#189,.T.);
#1570=EDGE_CURVE('',#1271,#1270,#1081,.T.);
#1571=EDGE_CURVE('',#1271,#1272,#190,.T.);
#1572=EDGE_CURVE('',#1273,#1272,#1082,.T.);
#1573=EDGE_CURVE('',#1274,#1273,#1083,.T.);
#1574=EDGE_CURVE('',#1274,#1275,#191,.T.);
#1575=EDGE_CURVE('',#1276,#1275,#1084,.F.);
#1576=EDGE_CURVE('',#1276,#1277,#192,.T.);
#1577=EDGE_CURVE('',#1277,#1278,#1085,.T.);
#1578=EDGE_CURVE('',#1278,#1279,#193,.T.);
#1579=EDGE_CURVE('',#1280,#1279,#194,.T.);
#1580=EDGE_CURVE('',#1280,#1281,#195,.T.);
#1581=EDGE_CURVE('',#1281,#1282,#196,.T.);
#1582=EDGE_CURVE('',#1282,#1283,#197,.T.);
#1583=EDGE_CURVE('',#1283,#1284,#1086,.T.);
#1584=EDGE_CURVE('',#1284,#1285,#198,.T.);
#1585=EDGE_CURVE('',#1286,#1285,#1087,.T.);
#1586=EDGE_CURVE('',#1286,#1287,#199,.T.);
#1587=EDGE_CURVE('',#1288,#1287,#1088,.T.);
#1588=EDGE_CURVE('',#1289,#1288,#200,.T.);
#1589=EDGE_CURVE('',#1290,#1289,#1089,.T.);
#1590=EDGE_CURVE('',#1290,#1291,#201,.T.);
#1591=EDGE_CURVE('',#1292,#1291,#1090,.T.);
#1592=EDGE_CURVE('',#1292,#1293,#202,.T.);
#1593=EDGE_CURVE('',#1294,#1293,#1091,.T.);
#1594=EDGE_CURVE('',#1294,#1295,#203,.T.);
#1595=EDGE_CURVE('',#1296,#1295,#1092,.T.);
#1596=EDGE_CURVE('',#1297,#1296,#204,.T.);
#1597=EDGE_CURVE('',#1298,#1297,#1093,.T.);
#1598=EDGE_CURVE('',#1227,#1298,#205,.T.);
#1599=EDGE_CURVE('',#1299,#1300,#206,.T.);
#1600=EDGE_CURVE('',#1300,#1301,#1094,.T.);
#1601=EDGE_CURVE('',#1301,#1302,#207,.T.);
#1602=EDGE_CURVE('',#1302,#1303,#1095,.T.);
#1603=EDGE_CURVE('',#1303,#1304,#208,.T.);
#1604=EDGE_CURVE('',#1304,#1305,#1096,.T.);
#1605=EDGE_CURVE('',#1305,#1306,#209,.T.);
#1606=EDGE_CURVE('',#1306,#1299,#1097,.T.);
#1607=EDGE_CURVE('',#1307,#1308,#210,.T.);
#1608=EDGE_CURVE('',#1308,#1309,#1098,.T.);
#1609=EDGE_CURVE('',#1309,#1310,#211,.T.);
#1610=EDGE_CURVE('',#1310,#1311,#212,.T.);
#1611=EDGE_CURVE('',#1311,#1312,#1099,.T.);
#1612=EDGE_CURVE('',#1312,#1313,#213,.T.);
#1613=EDGE_CURVE('',#1313,#1314,#214,.T.);
#1614=EDGE_CURVE('',#1314,#1315,#1100,.T.);
#1615=EDGE_CURVE('',#1316,#1315,#215,.T.);
#1616=EDGE_CURVE('',#1317,#1316,#1101,.T.);
#1617=EDGE_CURVE('',#1317,#1318,#216,.T.);
#1618=EDGE_CURVE('',#1319,#1318,#1102,.T.);
#1619=EDGE_CURVE('',#1319,#1320,#217,.T.);
#1620=EDGE_CURVE('',#1321,#1320,#1103,.T.);
#1621=EDGE_CURVE('',#1321,#1322,#218,.T.);
#1622=EDGE_CURVE('',#1323,#1322,#1104,.T.);
#1623=EDGE_CURVE('',#1323,#1324,#219,.T.);
#1624=EDGE_CURVE('',#1325,#1324,#1105,.T.);
#1625=EDGE_CURVE('',#1325,#1326,#220,.T.);
#1626=EDGE_CURVE('',#1326,#1307,#1106,.T.);
#1627=EDGE_CURVE('',#1327,#1328,#221,.T.);
#1628=EDGE_CURVE('',#1328,#1329,#1107,.T.);
#1629=EDGE_CURVE('',#1329,#1330,#222,.T.);
#1630=EDGE_CURVE('',#1331,#1330,#1108,.T.);
#1631=EDGE_CURVE('',#1331,#1332,#223,.T.);
#1632=EDGE_CURVE('',#1333,#1332,#1109,.T.);
#1633=EDGE_CURVE('',#1333,#1334,#1110,.T.);
#1634=EDGE_CURVE('',#1334,#1335,#224,.T.);
#1635=EDGE_CURVE('',#1335,#1336,#1111,.T.);
#1636=EDGE_CURVE('',#1336,#1337,#225,.T.);
#1637=EDGE_CURVE('',#1327,#1337,#1112,.T.);
#1638=EDGE_CURVE('',#1338,#1338,#1113,.T.);
#1639=EDGE_CURVE('',#1339,#1339,#1114,.T.);
#1640=EDGE_CURVE('',#1340,#1340,#1115,.T.);
#1641=EDGE_CURVE('',#1341,#1341,#1116,.T.);
#1642=EDGE_CURVE('',#1342,#1342,#1117,.T.);
#1643=EDGE_CURVE('',#1343,#1343,#1118,.T.);
#1644=EDGE_CURVE('',#1344,#1344,#1119,.T.);
#1645=EDGE_CURVE('',#1345,#1345,#1120,.T.);
#1646=EDGE_CURVE('',#1246,#1346,#1121,.T.);
#1647=EDGE_CURVE('',#1346,#1223,#226,.T.);
#1648=EDGE_CURVE('',#1223,#1267,#227,.T.);
#1649=EDGE_CURVE('',#1185,#1347,#1122,.T.);
#1650=EDGE_CURVE('',#1240,#1347,#1123,.T.);
#1651=EDGE_CURVE('',#1268,#1327,#228,.T.);
#1652=EDGE_CURVE('',#1337,#1269,#229,.T.);
#1653=EDGE_CURVE('',#1346,#1328,#230,.T.);
#1654=EDGE_CURVE('',#1316,#1298,#231,.T.);
#1655=EDGE_CURVE('',#1297,#1317,#232,.T.);
#1656=EDGE_CURVE('',#1225,#1315,#233,.T.);
#1657=EDGE_CURVE('',#1241,#1348,#1124,.T.);
#1658=EDGE_CURVE('',#1348,#1349,#1125,.T.);
#1659=EDGE_CURVE('',#1349,#1241,#1126,.T.);
#1660=EDGE_CURVE('',#1347,#1348,#234,.T.);
#1661=EDGE_CURVE('',#1245,#1350,#1127,.T.);
#1662=EDGE_CURVE('',#1350,#1346,#1128,.T.);
#1663=EDGE_CURVE('',#1244,#1351,#1129,.T.);
#1664=EDGE_CURVE('',#1351,#1350,#235,.T.);
#1665=EDGE_CURVE('',#1244,#1352,#1130,.T.);
#1666=EDGE_CURVE('',#1352,#1351,#1131,.T.);
#1667=EDGE_CURVE('',#1349,#1353,#236,.T.);
#1668=EDGE_CURVE('',#1353,#1242,#1132,.F.);
#1669=EDGE_CURVE('',#1348,#1265,#237,.T.);
#1670=EDGE_CURVE('',#1265,#1354,#1041,.F.);
#1671=EDGE_CURVE('',#1354,#1355,#1133,.F.);
#1672=EDGE_CURVE('',#1355,#1349,#238,.T.);
#1673=EDGE_CURVE('',#1266,#1347,#239,.T.);
#1674=EDGE_CURVE('',#1210,#1356,#1134,.T.);
#1675=EDGE_CURVE('',#1356,#1357,#1135,.T.);
#1676=EDGE_CURVE('',#1357,#1210,#1136,.T.);
#1677=EDGE_CURVE('',#1209,#1358,#1137,.T.);
#1678=EDGE_CURVE('',#1358,#1356,#240,.T.);
#1679=EDGE_CURVE('',#1225,#1358,#1138,.T.);
#1680=EDGE_CURVE('',#1314,#1358,#241,.T.);
#1681=EDGE_CURVE('',#1359,#1313,#242,.T.);
#1682=EDGE_CURVE('',#1359,#1360,#243,.T.);
#1683=EDGE_CURVE('',#1356,#1360,#244,.T.);
#1684=EDGE_CURVE('',#1361,#1251,#1139,.T.);
#1685=EDGE_CURVE('',#1361,#1252,#245,.T.);
#1686=EDGE_CURVE('',#1254,#1362,#1140,.T.);
#1687=EDGE_CURVE('',#1362,#1253,#246,.T.);
#1688=EDGE_CURVE('',#1362,#1363,#247,.T.);
#1689=EDGE_CURVE('',#1255,#1363,#1141,.T.);
#1690=EDGE_CURVE('',#1364,#1250,#1142,.T.);
#1691=EDGE_CURVE('',#1364,#1361,#248,.T.);
#1692=EDGE_CURVE('',#1365,#1366,#1042,.F.);
#1693=EDGE_CURVE('',#1365,#1367,#249,.T.);
#1694=EDGE_CURVE('',#1368,#1367,#1143,.T.);
#1695=EDGE_CURVE('',#1284,#1368,#250,.T.);
#1696=EDGE_CURVE('',#1283,#1366,#251,.T.);
#1697=EDGE_CURVE('',#1369,#1370,#1144,.T.);
#1698=EDGE_CURVE('',#1369,#1299,#252,.T.);
#1699=EDGE_CURVE('',#1306,#1370,#253,.T.);
#1700=EDGE_CURVE('',#1371,#1371,#1145,.T.);
#1701=EDGE_CURVE('',#1371,#1339,#254,.T.);
#1702=EDGE_CURVE('',#1370,#1372,#255,.T.);
#1703=EDGE_CURVE('',#1372,#1373,#1146,.T.);
#1704=EDGE_CURVE('',#1373,#1374,#256,.T.);
#1705=EDGE_CURVE('',#1374,#1375,#1147,.T.);
#1706=EDGE_CURVE('',#1375,#1376,#257,.T.);
#1707=EDGE_CURVE('',#1376,#1377,#1148,.T.);
#1708=EDGE_CURVE('',#1377,#1378,#258,.T.);
#1709=EDGE_CURVE('',#1378,#1379,#259,.T.);
#1710=EDGE_CURVE('',#1379,#1380,#260,.T.);
#1711=EDGE_CURVE('',#1380,#1381,#261,.T.);
#1712=EDGE_CURVE('',#1381,#1382,#262,.T.);
#1713=EDGE_CURVE('',#1382,#1383,#1149,.T.);
#1714=EDGE_CURVE('',#1383,#1384,#263,.T.);
#1715=EDGE_CURVE('',#1384,#1385,#264,.T.);
#1716=EDGE_CURVE('',#1385,#1386,#265,.T.);
#1717=EDGE_CURVE('',#1386,#1387,#1150,.T.);
#1718=EDGE_CURVE('',#1387,#1388,#266,.T.);
#1719=EDGE_CURVE('',#1388,#1389,#1151,.T.);
#1720=EDGE_CURVE('',#1389,#1390,#267,.T.);
#1721=EDGE_CURVE('',#1390,#1391,#1152,.T.);
#1722=EDGE_CURVE('',#1391,#1392,#268,.T.);
#1723=EDGE_CURVE('',#1392,#1393,#1153,.T.);
#1724=EDGE_CURVE('',#1393,#1394,#269,.T.);
#1725=EDGE_CURVE('',#1394,#1395,#1154,.T.);
#1726=EDGE_CURVE('',#1395,#1396,#270,.T.);
#1727=EDGE_CURVE('',#1396,#1256,#1155,.T.);
#1728=EDGE_CURVE('',#1363,#1397,#271,.T.);
#1729=EDGE_CURVE('',#1397,#1398,#1156,.T.);
#1730=EDGE_CURVE('',#1398,#1368,#272,.T.);
#1731=EDGE_CURVE('',#1367,#1399,#273,.T.);
#1732=EDGE_CURVE('',#1399,#1400,#274,.T.);
#1733=EDGE_CURVE('',#1400,#1369,#275,.T.);
#1734=EDGE_CURVE('',#1401,#1401,#1157,.T.);
#1735=EDGE_CURVE('',#1402,#1402,#1158,.T.);
#1736=EDGE_CURVE('',#1403,#1403,#1159,.T.);
#1737=EDGE_CURVE('',#1404,#1364,#276,.T.);
#1738=EDGE_CURVE('',#1359,#1404,#1160,.F.);
#1739=EDGE_CURVE('',#1312,#1397,#277,.T.);
#1740=EDGE_CURVE('',#1405,#1351,#278,.T.);
#1741=EDGE_CURVE('',#1405,#1406,#279,.T.);
#1742=EDGE_CURVE('',#1381,#1406,#280,.T.);
#1743=EDGE_CURVE('',#1380,#1407,#281,.T.);
#1744=EDGE_CURVE('',#1407,#1408,#282,.T.);
#1745=EDGE_CURVE('',#1330,#1408,#283,.T.);
#1746=EDGE_CURVE('',#1350,#1329,#284,.T.);
#1747=EDGE_CURVE('',#1382,#1409,#285,.T.);
#1748=EDGE_CURVE('',#1410,#1409,#1161,.T.);
#1749=EDGE_CURVE('',#1410,#1383,#286,.T.);
#1750=EDGE_CURVE('',#1403,#1341,#287,.T.);
#1751=EDGE_CURVE('',#1411,#1410,#288,.T.);
#1752=EDGE_CURVE('',#1412,#1411,#289,.T.);
#1753=EDGE_CURVE('',#1243,#1412,#1162,.F.);
#1754=EDGE_CURVE('',#1384,#1353,#290,.T.);
#1755=EDGE_CURVE('',#1413,#1409,#291,.T.);
#1756=EDGE_CURVE('',#1414,#1413,#292,.T.);
#1757=EDGE_CURVE('',#1414,#1415,#1163,.T.);
#1758=EDGE_CURVE('',#1415,#1411,#293,.F.);
#1759=EDGE_CURVE('',#1416,#1416,#1164,.T.);
#1760=EDGE_CURVE('',#1318,#1296,#294,.T.);
#1761=EDGE_CURVE('',#1273,#1333,#295,.T.);
#1762=EDGE_CURVE('',#1332,#1274,#296,.T.);
#1763=EDGE_CURVE('',#1417,#1331,#297,.T.);
#1764=EDGE_CURVE('',#1417,#1418,#298,.T.);
#1765=EDGE_CURVE('',#1275,#1418,#299,.T.);
#1766=EDGE_CURVE('',#1408,#1417,#1165,.T.);
#1767=EDGE_CURVE('',#1418,#1419,#1166,.T.);
#1768=EDGE_CURVE('',#1419,#1276,#300,.T.);
#1769=EDGE_CURVE('',#1419,#1420,#301,.T.);
#1770=EDGE_CURVE('',#1277,#1420,#302,.T.);
#1771=EDGE_CURVE('',#1421,#1407,#303,.T.);
#1772=EDGE_CURVE('',#1420,#1421,#1167,.T.);
#1773=EDGE_CURVE('',#1421,#1278,#304,.T.);
#1774=EDGE_CURVE('',#1422,#1379,#305,.T.);
#1775=EDGE_CURVE('',#1422,#1279,#1168,.T.);
#1776=EDGE_CURVE('',#1423,#1422,#306,.T.);
#1777=EDGE_CURVE('',#1280,#1423,#1169,.T.);
#1778=EDGE_CURVE('',#1272,#1334,#307,.T.);
#1779=EDGE_CURVE('',#1413,#1406,#1170,.T.);
#1780=EDGE_CURVE('',#1289,#1325,#308,.T.);
#1781=EDGE_CURVE('',#1324,#1290,#309,.T.);
#1782=EDGE_CURVE('',#1291,#1323,#310,.T.);
#1783=EDGE_CURVE('',#1322,#1292,#311,.T.);
#1784=EDGE_CURVE('',#1320,#1294,#312,.T.);
#1785=EDGE_CURVE('',#1293,#1321,#313,.T.);
#1786=EDGE_CURVE('',#1295,#1319,#314,.T.);
#1787=EDGE_CURVE('',#1326,#1288,#315,.T.);
#1788=EDGE_CURVE('',#1401,#1338,#316,.T.);
#1789=EDGE_CURVE('',#1402,#1340,#317,.T.);
#1790=EDGE_CURVE('',#1352,#1415,#318,.T.);
#1791=EDGE_CURVE('',#1405,#1414,#1043,.T.);
#1792=EDGE_CURVE('',#1360,#1424,#1044,.T.);
#1793=EDGE_CURVE('',#1424,#1425,#1171,.F.);
#1794=EDGE_CURVE('',#1425,#1357,#319,.T.);
#1795=EDGE_CURVE('',#1262,#1391,#320,.T.);
#1796=EDGE_CURVE('',#1263,#1390,#321,.T.);
#1797=EDGE_CURVE('',#1261,#1392,#322,.T.);
#1798=EDGE_CURVE('',#1260,#1393,#323,.T.);
#1799=EDGE_CURVE('',#1264,#1389,#324,.T.);
#1800=EDGE_CURVE('',#1259,#1394,#325,.T.);
#1801=EDGE_CURVE('',#1237,#1426,#326,.T.);
#1802=EDGE_CURVE('',#1259,#1426,#1045,.T.);
#1803=EDGE_CURVE('',#1425,#1249,#327,.T.);
#1804=EDGE_CURVE('',#1357,#1248,#328,.T.);
#1805=EDGE_CURVE('',#1404,#1424,#329,.T.);
#1806=EDGE_CURVE('',#1427,#1427,#1172,.T.);
#1807=EDGE_CURVE('',#1428,#1388,#330,.T.);
#1808=EDGE_CURVE('',#1429,#1428,#1173,.T.);
#1809=EDGE_CURVE('',#1264,#1429,#1046,.T.);
#1810=EDGE_CURVE('',#1430,#1426,#1174,.T.);
#1811=EDGE_CURVE('',#1430,#1395,#331,.T.);
#1812=EDGE_CURVE('',#1431,#1247,#1175,.T.);
#1813=EDGE_CURVE('',#1431,#1430,#332,.T.);
#1814=EDGE_CURVE('',#1432,#1432,#1176,.T.);
#1815=EDGE_CURVE('',#1396,#1431,#333,.T.);
#1816=EDGE_CURVE('',#1270,#1336,#334,.T.);
#1817=EDGE_CURVE('',#1412,#1352,#335,.T.);
#1818=EDGE_CURVE('',#1429,#1354,#336,.T.);
#1819=EDGE_CURVE('',#1433,#1434,#337,.T.);
#1820=EDGE_CURVE('',#1386,#1434,#338,.T.);
#1821=EDGE_CURVE('',#1433,#1385,#339,.T.);
#1822=EDGE_CURVE('',#1435,#1428,#340,.T.);
#1823=EDGE_CURVE('',#1434,#1435,#1177,.T.);
#1824=EDGE_CURVE('',#1433,#1355,#341,.T.);
#1825=EDGE_CURVE('',#1436,#1436,#1178,.T.);
#1826=EDGE_CURVE('',#1435,#1387,#342,.T.);
#1827=EDGE_CURVE('',#1398,#1311,#343,.T.);
#1828=EDGE_CURVE('',#1365,#1437,#1179,.T.);
#1829=EDGE_CURVE('',#1437,#1399,#344,.T.);
#1830=EDGE_CURVE('',#1282,#1366,#1180,.T.);
#1831=EDGE_CURVE('',#1438,#1310,#345,.T.);
#1832=EDGE_CURVE('',#1438,#1285,#346,.T.);
#1833=EDGE_CURVE('',#1285,#1439,#1181,.T.);
#1834=EDGE_CURVE('',#1439,#1438,#347,.T.);
#1835=EDGE_CURVE('',#1439,#1309,#348,.T.);
#1836=EDGE_CURVE('',#1423,#1378,#349,.T.);
#1837=EDGE_CURVE('',#1376,#1301,#350,.T.);
#1838=EDGE_CURVE('',#1300,#1377,#351,.T.);
#1839=EDGE_CURVE('',#1302,#1375,#352,.T.);
#1840=EDGE_CURVE('',#1374,#1303,#353,.T.);
#1841=EDGE_CURVE('',#1304,#1373,#354,.T.);
#1842=EDGE_CURVE('',#1372,#1305,#355,.T.);
#1843=EDGE_CURVE('',#1440,#1400,#356,.T.);
#1844=EDGE_CURVE('',#1440,#1281,#1182,.T.);
#1845=EDGE_CURVE('',#1437,#1440,#357,.T.);
#1846=EDGE_CURVE('',#1343,#1436,#358,.T.);
#1847=EDGE_CURVE('',#1342,#1416,#359,.T.);
#1848=EDGE_CURVE('',#1344,#1427,#360,.T.);
#1849=EDGE_CURVE('',#1345,#1432,#361,.T.);
#1850=EDGE_CURVE('',#1287,#1307,#362,.T.);
#1851=EDGE_CURVE('',#1308,#1286,#363,.T.);
#1852=EDGE_CURVE('',#1335,#1271,#364,.T.);
#1853=EDGE_CURVE('',#1441,#1442,#365,.T.);
#1854=EDGE_CURVE('',#1443,#1442,#366,.T.);
#1855=EDGE_CURVE('',#1444,#1443,#367,.T.);
#1856=EDGE_CURVE('',#1444,#1441,#368,.T.);
#1857=EDGE_CURVE('',#1445,#1446,#369,.T.);
#1858=EDGE_CURVE('',#1446,#1444,#370,.T.);
#1859=EDGE_CURVE('',#1443,#1445,#371,.T.);
#1860=EDGE_CURVE('',#1446,#1447,#372,.T.);
#1861=EDGE_CURVE('',#1447,#1441,#373,.T.);
#1862=EDGE_CURVE('',#1448,#1447,#374,.T.);
#1863=EDGE_CURVE('',#1442,#1448,#375,.T.);
#1864=EDGE_CURVE('',#1448,#1445,#376,.T.);
#1865=ORIENTED_EDGE('',*,*,#1449,.T.);
#1866=ORIENTED_EDGE('',*,*,#1450,.T.);
#1867=ORIENTED_EDGE('',*,*,#1451,.T.);
#1868=ORIENTED_EDGE('',*,*,#1452,.T.);
#1869=ORIENTED_EDGE('',*,*,#1453,.T.);
#1870=ORIENTED_EDGE('',*,*,#1454,.T.);
#1871=ORIENTED_EDGE('',*,*,#1449,.F.);
#1872=ORIENTED_EDGE('',*,*,#1455,.T.);
#1873=ORIENTED_EDGE('',*,*,#1456,.T.);
#1874=ORIENTED_EDGE('',*,*,#1457,.T.);
#1875=ORIENTED_EDGE('',*,*,#1458,.T.);
#1876=ORIENTED_EDGE('',*,*,#1459,.T.);
#1877=ORIENTED_EDGE('',*,*,#1460,.T.);
#1878=ORIENTED_EDGE('',*,*,#1453,.F.);
#1879=ORIENTED_EDGE('',*,*,#1461,.T.);
#1880=ORIENTED_EDGE('',*,*,#1462,.T.);
#1881=ORIENTED_EDGE('',*,*,#1463,.T.);
#1882=ORIENTED_EDGE('',*,*,#1464,.T.);
#1883=ORIENTED_EDGE('',*,*,#1459,.F.);
#1884=ORIENTED_EDGE('',*,*,#1465,.T.);
#1885=ORIENTED_EDGE('',*,*,#1466,.T.);
#1886=ORIENTED_EDGE('',*,*,#1450,.F.);
#1887=ORIENTED_EDGE('',*,*,#1454,.F.);
#1888=ORIENTED_EDGE('',*,*,#1467,.T.);
#1889=ORIENTED_EDGE('',*,*,#1468,.T.);
#1890=ORIENTED_EDGE('',*,*,#1469,.F.);
#1891=ORIENTED_EDGE('',*,*,#1460,.F.);
#1892=ORIENTED_EDGE('',*,*,#1470,.F.);
#1893=ORIENTED_EDGE('',*,*,#1471,.F.);
#1894=ORIENTED_EDGE('',*,*,#1467,.F.);
#1895=ORIENTED_EDGE('',*,*,#1464,.F.);
#1896=ORIENTED_EDGE('',*,*,#1472,.F.);
#1897=ORIENTED_EDGE('',*,*,#1473,.F.);
#1898=ORIENTED_EDGE('',*,*,#1474,.F.);
#1899=ORIENTED_EDGE('',*,*,#1475,.F.);
#1900=ORIENTED_EDGE('',*,*,#1470,.T.);
#1901=ORIENTED_EDGE('',*,*,#1462,.F.);
#1902=ORIENTED_EDGE('',*,*,#1476,.F.);
#1903=ORIENTED_EDGE('',*,*,#1477,.F.);
#1904=ORIENTED_EDGE('',*,*,#1478,.F.);
#1905=ORIENTED_EDGE('',*,*,#1479,.F.);
#1906=ORIENTED_EDGE('',*,*,#1480,.F.);
#1907=ORIENTED_EDGE('',*,*,#1481,.F.);
#1908=ORIENTED_EDGE('',*,*,#1482,.F.);
#1909=ORIENTED_EDGE('',*,*,#1483,.F.);
#1910=ORIENTED_EDGE('',*,*,#1484,.T.);
#1911=ORIENTED_EDGE('',*,*,#1457,.F.);
#1912=ORIENTED_EDGE('',*,*,#1485,.F.);
#1913=ORIENTED_EDGE('',*,*,#1461,.F.);
#1914=ORIENTED_EDGE('',*,*,#1486,.T.);
#1915=ORIENTED_EDGE('',*,*,#1487,.T.);
#1916=ORIENTED_EDGE('',*,*,#1488,.T.);
#1917=ORIENTED_EDGE('',*,*,#1489,.F.);
#1918=ORIENTED_EDGE('',*,*,#1476,.T.);
#1919=ORIENTED_EDGE('',*,*,#1490,.T.);
#1920=ORIENTED_EDGE('',*,*,#1491,.T.);
#1921=ORIENTED_EDGE('',*,*,#1479,.T.);
#1922=ORIENTED_EDGE('',*,*,#1492,.T.);
#1923=ORIENTED_EDGE('',*,*,#1478,.T.);
#1924=ORIENTED_EDGE('',*,*,#1493,.T.);
#1925=ORIENTED_EDGE('',*,*,#1494,.T.);
#1926=ORIENTED_EDGE('',*,*,#1492,.F.);
#1927=ORIENTED_EDGE('',*,*,#1489,.T.);
#1928=ORIENTED_EDGE('',*,*,#1495,.T.);
#1929=ORIENTED_EDGE('',*,*,#1493,.F.);
#1930=ORIENTED_EDGE('',*,*,#1477,.T.);
#1931=ORIENTED_EDGE('',*,*,#1466,.F.);
#1932=ORIENTED_EDGE('',*,*,#1496,.T.);
#1933=ORIENTED_EDGE('',*,*,#1497,.T.);
#1934=ORIENTED_EDGE('',*,*,#1486,.F.);
#1935=ORIENTED_EDGE('',*,*,#1498,.T.);
#1936=ORIENTED_EDGE('',*,*,#1499,.T.);
#1937=ORIENTED_EDGE('',*,*,#1500,.T.);
#1938=ORIENTED_EDGE('',*,*,#1501,.T.);
#1939=ORIENTED_EDGE('',*,*,#1452,.F.);
#1940=ORIENTED_EDGE('',*,*,#1502,.T.);
#1941=ORIENTED_EDGE('',*,*,#1501,.F.);
#1942=ORIENTED_EDGE('',*,*,#1503,.T.);
#1943=ORIENTED_EDGE('',*,*,#1496,.F.);
#1944=ORIENTED_EDGE('',*,*,#1465,.F.);
#1945=ORIENTED_EDGE('',*,*,#1458,.F.);
#1946=ORIENTED_EDGE('',*,*,#1485,.T.);
#1947=ORIENTED_EDGE('',*,*,#1456,.F.);
#1948=ORIENTED_EDGE('',*,*,#1499,.F.);
#1949=ORIENTED_EDGE('',*,*,#1504,.T.);
#1950=ORIENTED_EDGE('',*,*,#1505,.T.);
#1951=ORIENTED_EDGE('',*,*,#1491,.F.);
#1952=ORIENTED_EDGE('',*,*,#1506,.T.);
#1953=ORIENTED_EDGE('',*,*,#1507,.T.);
#1954=ORIENTED_EDGE('',*,*,#1507,.F.);
#1955=ORIENTED_EDGE('',*,*,#1508,.T.);
#1956=ORIENTED_EDGE('',*,*,#1509,.F.);
#1957=ORIENTED_EDGE('',*,*,#1480,.T.);
#1958=ORIENTED_EDGE('',*,*,#1506,.F.);
#1959=ORIENTED_EDGE('',*,*,#1510,.T.);
#1960=ORIENTED_EDGE('',*,*,#1511,.T.);
#1961=ORIENTED_EDGE('',*,*,#1512,.T.);
#1962=ORIENTED_EDGE('',*,*,#1490,.F.);
#1963=ORIENTED_EDGE('',*,*,#1513,.T.);
#1964=ORIENTED_EDGE('',*,*,#1514,.F.);
#1965=ORIENTED_EDGE('',*,*,#1510,.F.);
#1966=ORIENTED_EDGE('',*,*,#1494,.F.);
#1967=ORIENTED_EDGE('',*,*,#1515,.F.);
#1968=ORIENTED_EDGE('',*,*,#1516,.F.);
#1969=ORIENTED_EDGE('',*,*,#1513,.F.);
#1970=ORIENTED_EDGE('',*,*,#1495,.F.);
#1971=ORIENTED_EDGE('',*,*,#1517,.T.);
#1972=ORIENTED_EDGE('',*,*,#1518,.T.);
#1973=ORIENTED_EDGE('',*,*,#1515,.T.);
#1974=ORIENTED_EDGE('',*,*,#1519,.F.);
#1975=ORIENTED_EDGE('',*,*,#1520,.T.);
#1976=ORIENTED_EDGE('',*,*,#1487,.F.);
#1977=ORIENTED_EDGE('',*,*,#1521,.T.);
#1978=ORIENTED_EDGE('',*,*,#1522,.F.);
#1979=ORIENTED_EDGE('',*,*,#1517,.F.);
#1980=ORIENTED_EDGE('',*,*,#1488,.F.);
#1981=ORIENTED_EDGE('',*,*,#1520,.F.);
#1982=ORIENTED_EDGE('',*,*,#1497,.F.);
#1983=ORIENTED_EDGE('',*,*,#1523,.F.);
#1984=ORIENTED_EDGE('',*,*,#1524,.T.);
#1985=ORIENTED_EDGE('',*,*,#1521,.F.);
#1986=ORIENTED_EDGE('',*,*,#1503,.F.);
#1987=ORIENTED_EDGE('',*,*,#1525,.F.);
#1988=ORIENTED_EDGE('',*,*,#1526,.F.);
#1989=ORIENTED_EDGE('',*,*,#1523,.T.);
#1990=ORIENTED_EDGE('',*,*,#1500,.F.);
#1991=ORIENTED_EDGE('',*,*,#1527,.F.);
#1992=ORIENTED_EDGE('',*,*,#1528,.T.);
#1993=ORIENTED_EDGE('',*,*,#1525,.T.);
#1994=ORIENTED_EDGE('',*,*,#1529,.T.);
#1995=ORIENTED_EDGE('',*,*,#1530,.T.);
#1996=ORIENTED_EDGE('',*,*,#1531,.F.);
#1997=ORIENTED_EDGE('',*,*,#1532,.F.);
#1998=ORIENTED_EDGE('',*,*,#1455,.F.);
#1999=ORIENTED_EDGE('',*,*,#1533,.F.);
#2000=ORIENTED_EDGE('',*,*,#1534,.F.);
#2001=ORIENTED_EDGE('',*,*,#1535,.F.);
#2002=ORIENTED_EDGE('',*,*,#1536,.T.);
#2003=ORIENTED_EDGE('',*,*,#1537,.F.);
#2004=ORIENTED_EDGE('',*,*,#1538,.F.);
#2005=ORIENTED_EDGE('',*,*,#1539,.F.);
#2006=ORIENTED_EDGE('',*,*,#1540,.F.);
#2007=ORIENTED_EDGE('',*,*,#1498,.F.);
#2008=ORIENTED_EDGE('',*,*,#1502,.F.);
#2009=ORIENTED_EDGE('',*,*,#1541,.F.);
#2010=ORIENTED_EDGE('',*,*,#1472,.T.);
#2011=ORIENTED_EDGE('',*,*,#1463,.F.);
#2012=ORIENTED_EDGE('',*,*,#1484,.F.);
#2013=ORIENTED_EDGE('',*,*,#1542,.F.);
#2014=ORIENTED_EDGE('',*,*,#1543,.F.);
#2015=ORIENTED_EDGE('',*,*,#1544,.F.);
#2016=ORIENTED_EDGE('',*,*,#1545,.F.);
#2017=ORIENTED_EDGE('',*,*,#1546,.F.);
#2018=ORIENTED_EDGE('',*,*,#1547,.F.);
#2019=ORIENTED_EDGE('',*,*,#1548,.F.);
#2020=ORIENTED_EDGE('',*,*,#1549,.F.);
#2021=ORIENTED_EDGE('',*,*,#1550,.F.);
#2022=ORIENTED_EDGE('',*,*,#1551,.F.);
#2023=ORIENTED_EDGE('',*,*,#1552,.T.);
#2024=ORIENTED_EDGE('',*,*,#1532,.T.);
#2025=ORIENTED_EDGE('',*,*,#1553,.F.);
#2026=ORIENTED_EDGE('',*,*,#1554,.T.);
#2027=ORIENTED_EDGE('',*,*,#1555,.T.);
#2028=ORIENTED_EDGE('',*,*,#1554,.F.);
#2029=ORIENTED_EDGE('',*,*,#1556,.F.);
#2030=ORIENTED_EDGE('',*,*,#1474,.T.);
#2031=ORIENTED_EDGE('',*,*,#1475,.T.);
#2032=ORIENTED_EDGE('',*,*,#1556,.T.);
#2033=ORIENTED_EDGE('',*,*,#1553,.T.);
#2034=ORIENTED_EDGE('',*,*,#1531,.T.);
#2035=ORIENTED_EDGE('',*,*,#1557,.F.);
#2036=ORIENTED_EDGE('',*,*,#1558,.F.);
#2037=ORIENTED_EDGE('',*,*,#1559,.T.);
#2038=ORIENTED_EDGE('',*,*,#1560,.T.);
#2039=ORIENTED_EDGE('',*,*,#1561,.T.);
#2040=ORIENTED_EDGE('',*,*,#1562,.T.);
#2041=ORIENTED_EDGE('',*,*,#1563,.F.);
#2042=ORIENTED_EDGE('',*,*,#1564,.F.);
#2043=ORIENTED_EDGE('',*,*,#1565,.T.);
#2044=ORIENTED_EDGE('',*,*,#1468,.F.);
#2045=ORIENTED_EDGE('',*,*,#1471,.T.);
#2046=ORIENTED_EDGE('',*,*,#1522,.T.);
#2047=ORIENTED_EDGE('',*,*,#1524,.F.);
#2048=ORIENTED_EDGE('',*,*,#1526,.T.);
#2049=ORIENTED_EDGE('',*,*,#1528,.F.);
#2050=ORIENTED_EDGE('',*,*,#1566,.F.);
#2051=ORIENTED_EDGE('',*,*,#1567,.T.);
#2052=ORIENTED_EDGE('',*,*,#1568,.F.);
#2053=ORIENTED_EDGE('',*,*,#1569,.F.);
#2054=ORIENTED_EDGE('',*,*,#1570,.F.);
#2055=ORIENTED_EDGE('',*,*,#1571,.T.);
#2056=ORIENTED_EDGE('',*,*,#1572,.F.);
#2057=ORIENTED_EDGE('',*,*,#1573,.F.);
#2058=ORIENTED_EDGE('',*,*,#1574,.T.);
#2059=ORIENTED_EDGE('',*,*,#1575,.F.);
#2060=ORIENTED_EDGE('',*,*,#1576,.T.);
#2061=ORIENTED_EDGE('',*,*,#1577,.T.);
#2062=ORIENTED_EDGE('',*,*,#1578,.T.);
#2063=ORIENTED_EDGE('',*,*,#1579,.F.);
#2064=ORIENTED_EDGE('',*,*,#1580,.T.);
#2065=ORIENTED_EDGE('',*,*,#1581,.T.);
#2066=ORIENTED_EDGE('',*,*,#1582,.T.);
#2067=ORIENTED_EDGE('',*,*,#1583,.T.);
#2068=ORIENTED_EDGE('',*,*,#1584,.T.);
#2069=ORIENTED_EDGE('',*,*,#1585,.F.);
#2070=ORIENTED_EDGE('',*,*,#1586,.T.);
#2071=ORIENTED_EDGE('',*,*,#1587,.F.);
#2072=ORIENTED_EDGE('',*,*,#1588,.F.);
#2073=ORIENTED_EDGE('',*,*,#1589,.F.);
#2074=ORIENTED_EDGE('',*,*,#1590,.T.);
#2075=ORIENTED_EDGE('',*,*,#1591,.F.);
#2076=ORIENTED_EDGE('',*,*,#1592,.T.);
#2077=ORIENTED_EDGE('',*,*,#1593,.F.);
#2078=ORIENTED_EDGE('',*,*,#1594,.T.);
#2079=ORIENTED_EDGE('',*,*,#1595,.F.);
#2080=ORIENTED_EDGE('',*,*,#1596,.F.);
#2081=ORIENTED_EDGE('',*,*,#1597,.F.);
#2082=ORIENTED_EDGE('',*,*,#1598,.F.);
#2083=ORIENTED_EDGE('',*,*,#1511,.F.);
#2084=ORIENTED_EDGE('',*,*,#1514,.T.);
#2085=ORIENTED_EDGE('',*,*,#1516,.T.);
#2086=ORIENTED_EDGE('',*,*,#1518,.F.);
#2087=ORIENTED_EDGE('',*,*,#1599,.T.);
#2088=ORIENTED_EDGE('',*,*,#1600,.T.);
#2089=ORIENTED_EDGE('',*,*,#1601,.T.);
#2090=ORIENTED_EDGE('',*,*,#1602,.T.);
#2091=ORIENTED_EDGE('',*,*,#1603,.T.);
#2092=ORIENTED_EDGE('',*,*,#1604,.T.);
#2093=ORIENTED_EDGE('',*,*,#1605,.T.);
#2094=ORIENTED_EDGE('',*,*,#1606,.T.);
#2095=ORIENTED_EDGE('',*,*,#1519,.T.);
#2096=ORIENTED_EDGE('',*,*,#1607,.T.);
#2097=ORIENTED_EDGE('',*,*,#1608,.T.);
#2098=ORIENTED_EDGE('',*,*,#1609,.T.);
#2099=ORIENTED_EDGE('',*,*,#1610,.T.);
#2100=ORIENTED_EDGE('',*,*,#1611,.T.);
#2101=ORIENTED_EDGE('',*,*,#1612,.T.);
#2102=ORIENTED_EDGE('',*,*,#1613,.T.);
#2103=ORIENTED_EDGE('',*,*,#1614,.T.);
#2104=ORIENTED_EDGE('',*,*,#1615,.F.);
#2105=ORIENTED_EDGE('',*,*,#1616,.F.);
#2106=ORIENTED_EDGE('',*,*,#1617,.T.);
#2107=ORIENTED_EDGE('',*,*,#1618,.F.);
#2108=ORIENTED_EDGE('',*,*,#1619,.T.);
#2109=ORIENTED_EDGE('',*,*,#1620,.F.);
#2110=ORIENTED_EDGE('',*,*,#1621,.T.);
#2111=ORIENTED_EDGE('',*,*,#1622,.F.);
#2112=ORIENTED_EDGE('',*,*,#1623,.T.);
#2113=ORIENTED_EDGE('',*,*,#1624,.F.);
#2114=ORIENTED_EDGE('',*,*,#1625,.T.);
#2115=ORIENTED_EDGE('',*,*,#1626,.T.);
#2116=ORIENTED_EDGE('',*,*,#1627,.T.);
#2117=ORIENTED_EDGE('',*,*,#1628,.T.);
#2118=ORIENTED_EDGE('',*,*,#1629,.T.);
#2119=ORIENTED_EDGE('',*,*,#1630,.F.);
#2120=ORIENTED_EDGE('',*,*,#1631,.T.);
#2121=ORIENTED_EDGE('',*,*,#1632,.F.);
#2122=ORIENTED_EDGE('',*,*,#1633,.T.);
#2123=ORIENTED_EDGE('',*,*,#1634,.T.);
#2124=ORIENTED_EDGE('',*,*,#1635,.T.);
#2125=ORIENTED_EDGE('',*,*,#1636,.T.);
#2126=ORIENTED_EDGE('',*,*,#1637,.F.);
#2127=ORIENTED_EDGE('',*,*,#1638,.T.);
#2128=ORIENTED_EDGE('',*,*,#1639,.T.);
#2129=ORIENTED_EDGE('',*,*,#1640,.T.);
#2130=ORIENTED_EDGE('',*,*,#1641,.T.);
#2131=ORIENTED_EDGE('',*,*,#1642,.T.);
#2132=ORIENTED_EDGE('',*,*,#1643,.T.);
#2133=ORIENTED_EDGE('',*,*,#1644,.T.);
#2134=ORIENTED_EDGE('',*,*,#1645,.T.);
#2135=ORIENTED_EDGE('',*,*,#1504,.F.);
#2136=ORIENTED_EDGE('',*,*,#1540,.T.);
#2137=ORIENTED_EDGE('',*,*,#1646,.T.);
#2138=ORIENTED_EDGE('',*,*,#1647,.T.);
#2139=ORIENTED_EDGE('',*,*,#1505,.F.);
#2140=ORIENTED_EDGE('',*,*,#1648,.T.);
#2141=ORIENTED_EDGE('',*,*,#1566,.T.);
#2142=ORIENTED_EDGE('',*,*,#1527,.T.);
#2143=ORIENTED_EDGE('',*,*,#1451,.F.);
#2144=ORIENTED_EDGE('',*,*,#1649,.T.);
#2145=ORIENTED_EDGE('',*,*,#1650,.F.);
#2146=ORIENTED_EDGE('',*,*,#1533,.T.);
#2147=ORIENTED_EDGE('',*,*,#1568,.T.);
#2148=ORIENTED_EDGE('',*,*,#1651,.T.);
#2149=ORIENTED_EDGE('',*,*,#1637,.T.);
#2150=ORIENTED_EDGE('',*,*,#1652,.T.);
#2151=ORIENTED_EDGE('',*,*,#1651,.F.);
#2152=ORIENTED_EDGE('',*,*,#1567,.F.);
#2153=ORIENTED_EDGE('',*,*,#1648,.F.);
#2154=ORIENTED_EDGE('',*,*,#1647,.F.);
#2155=ORIENTED_EDGE('',*,*,#1653,.T.);
#2156=ORIENTED_EDGE('',*,*,#1627,.F.);
#2157=ORIENTED_EDGE('',*,*,#1616,.T.);
#2158=ORIENTED_EDGE('',*,*,#1654,.T.);
#2159=ORIENTED_EDGE('',*,*,#1597,.T.);
#2160=ORIENTED_EDGE('',*,*,#1655,.T.);
#2161=ORIENTED_EDGE('',*,*,#1654,.F.);
#2162=ORIENTED_EDGE('',*,*,#1615,.T.);
#2163=ORIENTED_EDGE('',*,*,#1656,.F.);
#2164=ORIENTED_EDGE('',*,*,#1508,.F.);
#2165=ORIENTED_EDGE('',*,*,#1512,.F.);
#2166=ORIENTED_EDGE('',*,*,#1598,.T.);
#2167=ORIENTED_EDGE('',*,*,#1657,.T.);
#2168=ORIENTED_EDGE('',*,*,#1658,.T.);
#2169=ORIENTED_EDGE('',*,*,#1659,.T.);
#2170=ORIENTED_EDGE('',*,*,#1650,.T.);
#2171=ORIENTED_EDGE('',*,*,#1660,.T.);
#2172=ORIENTED_EDGE('',*,*,#1657,.F.);
#2173=ORIENTED_EDGE('',*,*,#1534,.T.);
#2174=ORIENTED_EDGE('',*,*,#1661,.T.);
#2175=ORIENTED_EDGE('',*,*,#1662,.T.);
#2176=ORIENTED_EDGE('',*,*,#1646,.F.);
#2177=ORIENTED_EDGE('',*,*,#1539,.T.);
#2178=ORIENTED_EDGE('',*,*,#1663,.T.);
#2179=ORIENTED_EDGE('',*,*,#1664,.T.);
#2180=ORIENTED_EDGE('',*,*,#1661,.F.);
#2181=ORIENTED_EDGE('',*,*,#1538,.T.);
#2182=ORIENTED_EDGE('',*,*,#1663,.F.);
#2183=ORIENTED_EDGE('',*,*,#1665,.T.);
#2184=ORIENTED_EDGE('',*,*,#1666,.T.);
#2185=ORIENTED_EDGE('',*,*,#1659,.F.);
#2186=ORIENTED_EDGE('',*,*,#1667,.T.);
#2187=ORIENTED_EDGE('',*,*,#1668,.T.);
#2188=ORIENTED_EDGE('',*,*,#1535,.T.);
#2189=ORIENTED_EDGE('',*,*,#1658,.F.);
#2190=ORIENTED_EDGE('',*,*,#1669,.T.);
#2191=ORIENTED_EDGE('',*,*,#1670,.T.);
#2192=ORIENTED_EDGE('',*,*,#1671,.T.);
#2193=ORIENTED_EDGE('',*,*,#1672,.T.);
#2194=ORIENTED_EDGE('',*,*,#1660,.F.);
#2195=ORIENTED_EDGE('',*,*,#1673,.F.);
#2196=ORIENTED_EDGE('',*,*,#1564,.T.);
#2197=ORIENTED_EDGE('',*,*,#1669,.F.);
#2198=ORIENTED_EDGE('',*,*,#1649,.F.);
#2199=ORIENTED_EDGE('',*,*,#1469,.T.);
#2200=ORIENTED_EDGE('',*,*,#1565,.F.);
#2201=ORIENTED_EDGE('',*,*,#1673,.T.);
#2202=ORIENTED_EDGE('',*,*,#1674,.T.);
#2203=ORIENTED_EDGE('',*,*,#1675,.T.);
#2204=ORIENTED_EDGE('',*,*,#1676,.T.);
#2205=ORIENTED_EDGE('',*,*,#1677,.T.);
#2206=ORIENTED_EDGE('',*,*,#1678,.T.);
#2207=ORIENTED_EDGE('',*,*,#1674,.F.);
#2208=ORIENTED_EDGE('',*,*,#1482,.T.);
#2209=ORIENTED_EDGE('',*,*,#1509,.T.);
#2210=ORIENTED_EDGE('',*,*,#1679,.T.);
#2211=ORIENTED_EDGE('',*,*,#1677,.F.);
#2212=ORIENTED_EDGE('',*,*,#1481,.T.);
#2213=ORIENTED_EDGE('',*,*,#1678,.F.);
#2214=ORIENTED_EDGE('',*,*,#1680,.F.);
#2215=ORIENTED_EDGE('',*,*,#1613,.F.);
#2216=ORIENTED_EDGE('',*,*,#1681,.F.);
#2217=ORIENTED_EDGE('',*,*,#1682,.T.);
#2218=ORIENTED_EDGE('',*,*,#1683,.F.);
#2219=ORIENTED_EDGE('',*,*,#1679,.F.);
#2220=ORIENTED_EDGE('',*,*,#1656,.T.);
#2221=ORIENTED_EDGE('',*,*,#1614,.F.);
#2222=ORIENTED_EDGE('',*,*,#1680,.T.);
#2223=ORIENTED_EDGE('',*,*,#1684,.F.);
#2224=ORIENTED_EDGE('',*,*,#1685,.T.);
#2225=ORIENTED_EDGE('',*,*,#1546,.T.);
#2226=ORIENTED_EDGE('',*,*,#1686,.F.);
#2227=ORIENTED_EDGE('',*,*,#1548,.T.);
#2228=ORIENTED_EDGE('',*,*,#1687,.F.);
#2229=ORIENTED_EDGE('',*,*,#1686,.T.);
#2230=ORIENTED_EDGE('',*,*,#1688,.T.);
#2231=ORIENTED_EDGE('',*,*,#1689,.F.);
#2232=ORIENTED_EDGE('',*,*,#1549,.T.);
#2233=ORIENTED_EDGE('',*,*,#1684,.T.);
#2234=ORIENTED_EDGE('',*,*,#1545,.T.);
#2235=ORIENTED_EDGE('',*,*,#1690,.F.);
#2236=ORIENTED_EDGE('',*,*,#1691,.T.);
#2237=ORIENTED_EDGE('',*,*,#1692,.F.);
#2238=ORIENTED_EDGE('',*,*,#1693,.T.);
#2239=ORIENTED_EDGE('',*,*,#1694,.F.);
#2240=ORIENTED_EDGE('',*,*,#1695,.F.);
#2241=ORIENTED_EDGE('',*,*,#1583,.F.);
#2242=ORIENTED_EDGE('',*,*,#1696,.T.);
#2243=ORIENTED_EDGE('',*,*,#1697,.F.);
#2244=ORIENTED_EDGE('',*,*,#1698,.T.);
#2245=ORIENTED_EDGE('',*,*,#1606,.F.);
#2246=ORIENTED_EDGE('',*,*,#1699,.T.);
#2247=ORIENTED_EDGE('',*,*,#1700,.F.);
#2248=ORIENTED_EDGE('',*,*,#1701,.T.);
#2249=ORIENTED_EDGE('',*,*,#1639,.F.);
#2250=ORIENTED_EDGE('',*,*,#1701,.F.);
#2251=ORIENTED_EDGE('',*,*,#1697,.T.);
#2252=ORIENTED_EDGE('',*,*,#1702,.T.);
#2253=ORIENTED_EDGE('',*,*,#1703,.T.);
#2254=ORIENTED_EDGE('',*,*,#1704,.T.);
#2255=ORIENTED_EDGE('',*,*,#1705,.T.);
#2256=ORIENTED_EDGE('',*,*,#1706,.T.);
#2257=ORIENTED_EDGE('',*,*,#1707,.T.);
#2258=ORIENTED_EDGE('',*,*,#1708,.T.);
#2259=ORIENTED_EDGE('',*,*,#1709,.T.);
#2260=ORIENTED_EDGE('',*,*,#1710,.T.);
#2261=ORIENTED_EDGE('',*,*,#1711,.T.);
#2262=ORIENTED_EDGE('',*,*,#1712,.T.);
#2263=ORIENTED_EDGE('',*,*,#1713,.T.);
#2264=ORIENTED_EDGE('',*,*,#1714,.T.);
#2265=ORIENTED_EDGE('',*,*,#1715,.T.);
#2266=ORIENTED_EDGE('',*,*,#1716,.T.);
#2267=ORIENTED_EDGE('',*,*,#1717,.T.);
#2268=ORIENTED_EDGE('',*,*,#1718,.T.);
#2269=ORIENTED_EDGE('',*,*,#1719,.T.);
#2270=ORIENTED_EDGE('',*,*,#1720,.T.);
#2271=ORIENTED_EDGE('',*,*,#1721,.T.);
#2272=ORIENTED_EDGE('',*,*,#1722,.T.);
#2273=ORIENTED_EDGE('',*,*,#1723,.T.);
#2274=ORIENTED_EDGE('',*,*,#1724,.T.);
#2275=ORIENTED_EDGE('',*,*,#1725,.T.);
#2276=ORIENTED_EDGE('',*,*,#1726,.T.);
#2277=ORIENTED_EDGE('',*,*,#1727,.T.);
#2278=ORIENTED_EDGE('',*,*,#1550,.T.);
#2279=ORIENTED_EDGE('',*,*,#1689,.T.);
#2280=ORIENTED_EDGE('',*,*,#1728,.T.);
#2281=ORIENTED_EDGE('',*,*,#1729,.T.);
#2282=ORIENTED_EDGE('',*,*,#1730,.T.);
#2283=ORIENTED_EDGE('',*,*,#1694,.T.);
#2284=ORIENTED_EDGE('',*,*,#1731,.T.);
#2285=ORIENTED_EDGE('',*,*,#1732,.T.);
#2286=ORIENTED_EDGE('',*,*,#1733,.T.);
#2287=ORIENTED_EDGE('',*,*,#1700,.T.);
#2288=ORIENTED_EDGE('',*,*,#1734,.T.);
#2289=ORIENTED_EDGE('',*,*,#1735,.T.);
#2290=ORIENTED_EDGE('',*,*,#1736,.T.);
#2291=ORIENTED_EDGE('',*,*,#1691,.F.);
#2292=ORIENTED_EDGE('',*,*,#1737,.F.);
#2293=ORIENTED_EDGE('',*,*,#1738,.F.);
#2294=ORIENTED_EDGE('',*,*,#1681,.T.);
#2295=ORIENTED_EDGE('',*,*,#1612,.F.);
#2296=ORIENTED_EDGE('',*,*,#1739,.T.);
#2297=ORIENTED_EDGE('',*,*,#1728,.F.);
#2298=ORIENTED_EDGE('',*,*,#1688,.F.);
#2299=ORIENTED_EDGE('',*,*,#1687,.T.);
#2300=ORIENTED_EDGE('',*,*,#1547,.T.);
#2301=ORIENTED_EDGE('',*,*,#1685,.F.);
#2302=ORIENTED_EDGE('',*,*,#1664,.F.);
#2303=ORIENTED_EDGE('',*,*,#1740,.F.);
#2304=ORIENTED_EDGE('',*,*,#1741,.T.);
#2305=ORIENTED_EDGE('',*,*,#1742,.F.);
#2306=ORIENTED_EDGE('',*,*,#1711,.F.);
#2307=ORIENTED_EDGE('',*,*,#1743,.T.);
#2308=ORIENTED_EDGE('',*,*,#1744,.T.);
#2309=ORIENTED_EDGE('',*,*,#1745,.F.);
#2310=ORIENTED_EDGE('',*,*,#1629,.F.);
#2311=ORIENTED_EDGE('',*,*,#1746,.F.);
#2312=ORIENTED_EDGE('',*,*,#1747,.T.);
#2313=ORIENTED_EDGE('',*,*,#1748,.F.);
#2314=ORIENTED_EDGE('',*,*,#1749,.T.);
#2315=ORIENTED_EDGE('',*,*,#1713,.F.);
#2316=ORIENTED_EDGE('',*,*,#1736,.F.);
#2317=ORIENTED_EDGE('',*,*,#1750,.T.);
#2318=ORIENTED_EDGE('',*,*,#1641,.F.);
#2319=ORIENTED_EDGE('',*,*,#1750,.F.);
#2320=ORIENTED_EDGE('',*,*,#1662,.F.);
#2321=ORIENTED_EDGE('',*,*,#1746,.T.);
#2322=ORIENTED_EDGE('',*,*,#1628,.F.);
#2323=ORIENTED_EDGE('',*,*,#1653,.F.);
#2324=ORIENTED_EDGE('',*,*,#1749,.F.);
#2325=ORIENTED_EDGE('',*,*,#1751,.F.);
#2326=ORIENTED_EDGE('',*,*,#1752,.F.);
#2327=ORIENTED_EDGE('',*,*,#1753,.F.);
#2328=ORIENTED_EDGE('',*,*,#1536,.F.);
#2329=ORIENTED_EDGE('',*,*,#1668,.F.);
#2330=ORIENTED_EDGE('',*,*,#1754,.F.);
#2331=ORIENTED_EDGE('',*,*,#1714,.F.);
#2332=ORIENTED_EDGE('',*,*,#1748,.T.);
#2333=ORIENTED_EDGE('',*,*,#1755,.F.);
#2334=ORIENTED_EDGE('',*,*,#1756,.F.);
#2335=ORIENTED_EDGE('',*,*,#1757,.T.);
#2336=ORIENTED_EDGE('',*,*,#1758,.T.);
#2337=ORIENTED_EDGE('',*,*,#1751,.T.);
#2338=ORIENTED_EDGE('',*,*,#1759,.T.);
#2339=ORIENTED_EDGE('',*,*,#1655,.F.);
#2340=ORIENTED_EDGE('',*,*,#1596,.T.);
#2341=ORIENTED_EDGE('',*,*,#1760,.F.);
#2342=ORIENTED_EDGE('',*,*,#1617,.F.);
#2343=ORIENTED_EDGE('',*,*,#1573,.T.);
#2344=ORIENTED_EDGE('',*,*,#1761,.T.);
#2345=ORIENTED_EDGE('',*,*,#1632,.T.);
#2346=ORIENTED_EDGE('',*,*,#1762,.T.);
#2347=ORIENTED_EDGE('',*,*,#1762,.F.);
#2348=ORIENTED_EDGE('',*,*,#1631,.F.);
#2349=ORIENTED_EDGE('',*,*,#1763,.F.);
#2350=ORIENTED_EDGE('',*,*,#1764,.T.);
#2351=ORIENTED_EDGE('',*,*,#1765,.F.);
#2352=ORIENTED_EDGE('',*,*,#1574,.F.);
#2353=ORIENTED_EDGE('',*,*,#1766,.T.);
#2354=ORIENTED_EDGE('',*,*,#1763,.T.);
#2355=ORIENTED_EDGE('',*,*,#1630,.T.);
#2356=ORIENTED_EDGE('',*,*,#1745,.T.);
#2357=ORIENTED_EDGE('',*,*,#1767,.T.);
#2358=ORIENTED_EDGE('',*,*,#1768,.T.);
#2359=ORIENTED_EDGE('',*,*,#1575,.T.);
#2360=ORIENTED_EDGE('',*,*,#1765,.T.);
#2361=ORIENTED_EDGE('',*,*,#1768,.F.);
#2362=ORIENTED_EDGE('',*,*,#1769,.T.);
#2363=ORIENTED_EDGE('',*,*,#1770,.F.);
#2364=ORIENTED_EDGE('',*,*,#1576,.F.);
#2365=ORIENTED_EDGE('',*,*,#1767,.F.);
#2366=ORIENTED_EDGE('',*,*,#1764,.F.);
#2367=ORIENTED_EDGE('',*,*,#1766,.F.);
#2368=ORIENTED_EDGE('',*,*,#1744,.F.);
#2369=ORIENTED_EDGE('',*,*,#1771,.F.);
#2370=ORIENTED_EDGE('',*,*,#1772,.F.);
#2371=ORIENTED_EDGE('',*,*,#1769,.F.);
#2372=ORIENTED_EDGE('',*,*,#1577,.F.);
#2373=ORIENTED_EDGE('',*,*,#1770,.T.);
#2374=ORIENTED_EDGE('',*,*,#1772,.T.);
#2375=ORIENTED_EDGE('',*,*,#1773,.T.);
#2376=ORIENTED_EDGE('',*,*,#1773,.F.);
#2377=ORIENTED_EDGE('',*,*,#1771,.T.);
#2378=ORIENTED_EDGE('',*,*,#1743,.F.);
#2379=ORIENTED_EDGE('',*,*,#1710,.F.);
#2380=ORIENTED_EDGE('',*,*,#1774,.F.);
#2381=ORIENTED_EDGE('',*,*,#1775,.T.);
#2382=ORIENTED_EDGE('',*,*,#1578,.F.);
#2383=ORIENTED_EDGE('',*,*,#1775,.F.);
#2384=ORIENTED_EDGE('',*,*,#1776,.F.);
#2385=ORIENTED_EDGE('',*,*,#1777,.F.);
#2386=ORIENTED_EDGE('',*,*,#1579,.T.);
#2387=ORIENTED_EDGE('',*,*,#1761,.F.);
#2388=ORIENTED_EDGE('',*,*,#1572,.T.);
#2389=ORIENTED_EDGE('',*,*,#1778,.T.);
#2390=ORIENTED_EDGE('',*,*,#1633,.F.);
#2391=ORIENTED_EDGE('',*,*,#1742,.T.);
#2392=ORIENTED_EDGE('',*,*,#1779,.F.);
#2393=ORIENTED_EDGE('',*,*,#1755,.T.);
#2394=ORIENTED_EDGE('',*,*,#1747,.F.);
#2395=ORIENTED_EDGE('',*,*,#1712,.F.);
#2396=ORIENTED_EDGE('',*,*,#1589,.T.);
#2397=ORIENTED_EDGE('',*,*,#1780,.T.);
#2398=ORIENTED_EDGE('',*,*,#1624,.T.);
#2399=ORIENTED_EDGE('',*,*,#1781,.T.);
#2400=ORIENTED_EDGE('',*,*,#1781,.F.);
#2401=ORIENTED_EDGE('',*,*,#1623,.F.);
#2402=ORIENTED_EDGE('',*,*,#1782,.F.);
#2403=ORIENTED_EDGE('',*,*,#1590,.F.);
#2404=ORIENTED_EDGE('',*,*,#1591,.T.);
#2405=ORIENTED_EDGE('',*,*,#1782,.T.);
#2406=ORIENTED_EDGE('',*,*,#1622,.T.);
#2407=ORIENTED_EDGE('',*,*,#1783,.T.);
#2408=ORIENTED_EDGE('',*,*,#1620,.T.);
#2409=ORIENTED_EDGE('',*,*,#1784,.T.);
#2410=ORIENTED_EDGE('',*,*,#1593,.T.);
#2411=ORIENTED_EDGE('',*,*,#1785,.T.);
#2412=ORIENTED_EDGE('',*,*,#1783,.F.);
#2413=ORIENTED_EDGE('',*,*,#1621,.F.);
#2414=ORIENTED_EDGE('',*,*,#1785,.F.);
#2415=ORIENTED_EDGE('',*,*,#1592,.F.);
#2416=ORIENTED_EDGE('',*,*,#1618,.T.);
#2417=ORIENTED_EDGE('',*,*,#1760,.T.);
#2418=ORIENTED_EDGE('',*,*,#1595,.T.);
#2419=ORIENTED_EDGE('',*,*,#1786,.T.);
#2420=ORIENTED_EDGE('',*,*,#1784,.F.);
#2421=ORIENTED_EDGE('',*,*,#1619,.F.);
#2422=ORIENTED_EDGE('',*,*,#1786,.F.);
#2423=ORIENTED_EDGE('',*,*,#1594,.F.);
#2424=ORIENTED_EDGE('',*,*,#1780,.F.);
#2425=ORIENTED_EDGE('',*,*,#1588,.T.);
#2426=ORIENTED_EDGE('',*,*,#1787,.F.);
#2427=ORIENTED_EDGE('',*,*,#1625,.F.);
#2428=ORIENTED_EDGE('',*,*,#1734,.F.);
#2429=ORIENTED_EDGE('',*,*,#1788,.T.);
#2430=ORIENTED_EDGE('',*,*,#1638,.F.);
#2431=ORIENTED_EDGE('',*,*,#1788,.F.);
#2432=ORIENTED_EDGE('',*,*,#1735,.F.);
#2433=ORIENTED_EDGE('',*,*,#1789,.T.);
#2434=ORIENTED_EDGE('',*,*,#1640,.F.);
#2435=ORIENTED_EDGE('',*,*,#1789,.F.);
#2436=ORIENTED_EDGE('',*,*,#1666,.F.);
#2437=ORIENTED_EDGE('',*,*,#1790,.T.);
#2438=ORIENTED_EDGE('',*,*,#1757,.F.);
#2439=ORIENTED_EDGE('',*,*,#1791,.F.);
#2440=ORIENTED_EDGE('',*,*,#1740,.T.);
#2441=ORIENTED_EDGE('',*,*,#1675,.F.);
#2442=ORIENTED_EDGE('',*,*,#1683,.T.);
#2443=ORIENTED_EDGE('',*,*,#1792,.T.);
#2444=ORIENTED_EDGE('',*,*,#1793,.T.);
#2445=ORIENTED_EDGE('',*,*,#1794,.T.);
#2446=ORIENTED_EDGE('',*,*,#1561,.F.);
#2447=ORIENTED_EDGE('',*,*,#1795,.T.);
#2448=ORIENTED_EDGE('',*,*,#1721,.F.);
#2449=ORIENTED_EDGE('',*,*,#1796,.F.);
#2450=ORIENTED_EDGE('',*,*,#1795,.F.);
#2451=ORIENTED_EDGE('',*,*,#1560,.F.);
#2452=ORIENTED_EDGE('',*,*,#1797,.T.);
#2453=ORIENTED_EDGE('',*,*,#1722,.F.);
#2454=ORIENTED_EDGE('',*,*,#1559,.F.);
#2455=ORIENTED_EDGE('',*,*,#1798,.T.);
#2456=ORIENTED_EDGE('',*,*,#1723,.F.);
#2457=ORIENTED_EDGE('',*,*,#1797,.F.);
#2458=ORIENTED_EDGE('',*,*,#1796,.T.);
#2459=ORIENTED_EDGE('',*,*,#1720,.F.);
#2460=ORIENTED_EDGE('',*,*,#1799,.F.);
#2461=ORIENTED_EDGE('',*,*,#1562,.F.);
#2462=ORIENTED_EDGE('',*,*,#1798,.F.);
#2463=ORIENTED_EDGE('',*,*,#1558,.T.);
#2464=ORIENTED_EDGE('',*,*,#1800,.T.);
#2465=ORIENTED_EDGE('',*,*,#1724,.F.);
#2466=ORIENTED_EDGE('',*,*,#1801,.T.);
#2467=ORIENTED_EDGE('',*,*,#1802,.F.);
#2468=ORIENTED_EDGE('',*,*,#1557,.T.);
#2469=ORIENTED_EDGE('',*,*,#1530,.F.);
#2470=ORIENTED_EDGE('',*,*,#1803,.T.);
#2471=ORIENTED_EDGE('',*,*,#1543,.T.);
#2472=ORIENTED_EDGE('',*,*,#1804,.F.);
#2473=ORIENTED_EDGE('',*,*,#1794,.F.);
#2474=ORIENTED_EDGE('',*,*,#1803,.F.);
#2475=ORIENTED_EDGE('',*,*,#1793,.F.);
#2476=ORIENTED_EDGE('',*,*,#1805,.F.);
#2477=ORIENTED_EDGE('',*,*,#1737,.T.);
#2478=ORIENTED_EDGE('',*,*,#1690,.T.);
#2479=ORIENTED_EDGE('',*,*,#1544,.T.);
#2480=ORIENTED_EDGE('',*,*,#1806,.T.);
#2481=ORIENTED_EDGE('',*,*,#1807,.F.);
#2482=ORIENTED_EDGE('',*,*,#1808,.F.);
#2483=ORIENTED_EDGE('',*,*,#1809,.F.);
#2484=ORIENTED_EDGE('',*,*,#1799,.T.);
#2485=ORIENTED_EDGE('',*,*,#1719,.F.);
#2486=ORIENTED_EDGE('',*,*,#1810,.F.);
#2487=ORIENTED_EDGE('',*,*,#1811,.T.);
#2488=ORIENTED_EDGE('',*,*,#1725,.F.);
#2489=ORIENTED_EDGE('',*,*,#1800,.F.);
#2490=ORIENTED_EDGE('',*,*,#1802,.T.);
#2491=ORIENTED_EDGE('',*,*,#1541,.T.);
#2492=ORIENTED_EDGE('',*,*,#1812,.F.);
#2493=ORIENTED_EDGE('',*,*,#1813,.T.);
#2494=ORIENTED_EDGE('',*,*,#1810,.T.);
#2495=ORIENTED_EDGE('',*,*,#1801,.F.);
#2496=ORIENTED_EDGE('',*,*,#1529,.F.);
#2497=ORIENTED_EDGE('',*,*,#1552,.F.);
#2498=ORIENTED_EDGE('',*,*,#1555,.F.);
#2499=ORIENTED_EDGE('',*,*,#1473,.T.);
#2500=ORIENTED_EDGE('',*,*,#1814,.T.);
#2501=ORIENTED_EDGE('',*,*,#1813,.F.);
#2502=ORIENTED_EDGE('',*,*,#1815,.F.);
#2503=ORIENTED_EDGE('',*,*,#1726,.F.);
#2504=ORIENTED_EDGE('',*,*,#1811,.F.);
#2505=ORIENTED_EDGE('',*,*,#1812,.T.);
#2506=ORIENTED_EDGE('',*,*,#1551,.T.);
#2507=ORIENTED_EDGE('',*,*,#1727,.F.);
#2508=ORIENTED_EDGE('',*,*,#1815,.T.);
#2509=ORIENTED_EDGE('',*,*,#1652,.F.);
#2510=ORIENTED_EDGE('',*,*,#1636,.F.);
#2511=ORIENTED_EDGE('',*,*,#1816,.F.);
#2512=ORIENTED_EDGE('',*,*,#1569,.T.);
#2513=ORIENTED_EDGE('',*,*,#1665,.F.);
#2514=ORIENTED_EDGE('',*,*,#1537,.T.);
#2515=ORIENTED_EDGE('',*,*,#1753,.T.);
#2516=ORIENTED_EDGE('',*,*,#1817,.T.);
#2517=ORIENTED_EDGE('',*,*,#1818,.T.);
#2518=ORIENTED_EDGE('',*,*,#1670,.F.);
#2519=ORIENTED_EDGE('',*,*,#1563,.T.);
#2520=ORIENTED_EDGE('',*,*,#1809,.T.);
#2521=ORIENTED_EDGE('',*,*,#1817,.F.);
#2522=ORIENTED_EDGE('',*,*,#1752,.T.);
#2523=ORIENTED_EDGE('',*,*,#1758,.F.);
#2524=ORIENTED_EDGE('',*,*,#1790,.F.);
#2525=ORIENTED_EDGE('',*,*,#1819,.T.);
#2526=ORIENTED_EDGE('',*,*,#1820,.F.);
#2527=ORIENTED_EDGE('',*,*,#1716,.F.);
#2528=ORIENTED_EDGE('',*,*,#1821,.F.);
#2529=ORIENTED_EDGE('',*,*,#1818,.F.);
#2530=ORIENTED_EDGE('',*,*,#1808,.T.);
#2531=ORIENTED_EDGE('',*,*,#1822,.F.);
#2532=ORIENTED_EDGE('',*,*,#1823,.F.);
#2533=ORIENTED_EDGE('',*,*,#1819,.F.);
#2534=ORIENTED_EDGE('',*,*,#1824,.T.);
#2535=ORIENTED_EDGE('',*,*,#1671,.F.);
#2536=ORIENTED_EDGE('',*,*,#1825,.F.);
#2537=ORIENTED_EDGE('',*,*,#1672,.F.);
#2538=ORIENTED_EDGE('',*,*,#1824,.F.);
#2539=ORIENTED_EDGE('',*,*,#1821,.T.);
#2540=ORIENTED_EDGE('',*,*,#1715,.F.);
#2541=ORIENTED_EDGE('',*,*,#1754,.T.);
#2542=ORIENTED_EDGE('',*,*,#1667,.F.);
#2543=ORIENTED_EDGE('',*,*,#1807,.T.);
#2544=ORIENTED_EDGE('',*,*,#1718,.F.);
#2545=ORIENTED_EDGE('',*,*,#1826,.F.);
#2546=ORIENTED_EDGE('',*,*,#1822,.T.);
#2547=ORIENTED_EDGE('',*,*,#1823,.T.);
#2548=ORIENTED_EDGE('',*,*,#1826,.T.);
#2549=ORIENTED_EDGE('',*,*,#1717,.F.);
#2550=ORIENTED_EDGE('',*,*,#1820,.T.);
#2551=ORIENTED_EDGE('',*,*,#1827,.F.);
#2552=ORIENTED_EDGE('',*,*,#1729,.F.);
#2553=ORIENTED_EDGE('',*,*,#1739,.F.);
#2554=ORIENTED_EDGE('',*,*,#1611,.F.);
#2555=ORIENTED_EDGE('',*,*,#1693,.F.);
#2556=ORIENTED_EDGE('',*,*,#1828,.T.);
#2557=ORIENTED_EDGE('',*,*,#1829,.T.);
#2558=ORIENTED_EDGE('',*,*,#1731,.F.);
#2559=ORIENTED_EDGE('',*,*,#1696,.F.);
#2560=ORIENTED_EDGE('',*,*,#1582,.F.);
#2561=ORIENTED_EDGE('',*,*,#1830,.T.);
#2562=ORIENTED_EDGE('',*,*,#1695,.T.);
#2563=ORIENTED_EDGE('',*,*,#1730,.F.);
#2564=ORIENTED_EDGE('',*,*,#1827,.T.);
#2565=ORIENTED_EDGE('',*,*,#1610,.F.);
#2566=ORIENTED_EDGE('',*,*,#1831,.F.);
#2567=ORIENTED_EDGE('',*,*,#1832,.T.);
#2568=ORIENTED_EDGE('',*,*,#1584,.F.);
#2569=ORIENTED_EDGE('',*,*,#1833,.F.);
#2570=ORIENTED_EDGE('',*,*,#1832,.F.);
#2571=ORIENTED_EDGE('',*,*,#1834,.F.);
#2572=ORIENTED_EDGE('',*,*,#1835,.F.);
#2573=ORIENTED_EDGE('',*,*,#1834,.T.);
#2574=ORIENTED_EDGE('',*,*,#1831,.T.);
#2575=ORIENTED_EDGE('',*,*,#1609,.F.);
#2576=ORIENTED_EDGE('',*,*,#1738,.T.);
#2577=ORIENTED_EDGE('',*,*,#1805,.T.);
#2578=ORIENTED_EDGE('',*,*,#1792,.F.);
#2579=ORIENTED_EDGE('',*,*,#1682,.F.);
#2580=ORIENTED_EDGE('',*,*,#1779,.T.);
#2581=ORIENTED_EDGE('',*,*,#1741,.F.);
#2582=ORIENTED_EDGE('',*,*,#1791,.T.);
#2583=ORIENTED_EDGE('',*,*,#1756,.T.);
#2584=ORIENTED_EDGE('',*,*,#1836,.F.);
#2585=ORIENTED_EDGE('',*,*,#1776,.T.);
#2586=ORIENTED_EDGE('',*,*,#1774,.T.);
#2587=ORIENTED_EDGE('',*,*,#1709,.F.);
#2588=ORIENTED_EDGE('',*,*,#1837,.T.);
#2589=ORIENTED_EDGE('',*,*,#1600,.F.);
#2590=ORIENTED_EDGE('',*,*,#1838,.T.);
#2591=ORIENTED_EDGE('',*,*,#1707,.F.);
#2592=ORIENTED_EDGE('',*,*,#1839,.F.);
#2593=ORIENTED_EDGE('',*,*,#1601,.F.);
#2594=ORIENTED_EDGE('',*,*,#1837,.F.);
#2595=ORIENTED_EDGE('',*,*,#1706,.F.);
#2596=ORIENTED_EDGE('',*,*,#1840,.T.);
#2597=ORIENTED_EDGE('',*,*,#1602,.F.);
#2598=ORIENTED_EDGE('',*,*,#1839,.T.);
#2599=ORIENTED_EDGE('',*,*,#1705,.F.);
#2600=ORIENTED_EDGE('',*,*,#1841,.F.);
#2601=ORIENTED_EDGE('',*,*,#1603,.F.);
#2602=ORIENTED_EDGE('',*,*,#1840,.F.);
#2603=ORIENTED_EDGE('',*,*,#1704,.F.);
#2604=ORIENTED_EDGE('',*,*,#1842,.T.);
#2605=ORIENTED_EDGE('',*,*,#1604,.F.);
#2606=ORIENTED_EDGE('',*,*,#1841,.T.);
#2607=ORIENTED_EDGE('',*,*,#1703,.F.);
#2608=ORIENTED_EDGE('',*,*,#1699,.F.);
#2609=ORIENTED_EDGE('',*,*,#1605,.F.);
#2610=ORIENTED_EDGE('',*,*,#1842,.F.);
#2611=ORIENTED_EDGE('',*,*,#1702,.F.);
#2612=ORIENTED_EDGE('',*,*,#1733,.F.);
#2613=ORIENTED_EDGE('',*,*,#1843,.F.);
#2614=ORIENTED_EDGE('',*,*,#1844,.T.);
#2615=ORIENTED_EDGE('',*,*,#1580,.F.);
#2616=ORIENTED_EDGE('',*,*,#1777,.T.);
#2617=ORIENTED_EDGE('',*,*,#1836,.T.);
#2618=ORIENTED_EDGE('',*,*,#1708,.F.);
#2619=ORIENTED_EDGE('',*,*,#1838,.F.);
#2620=ORIENTED_EDGE('',*,*,#1599,.F.);
#2621=ORIENTED_EDGE('',*,*,#1698,.F.);
#2622=ORIENTED_EDGE('',*,*,#1829,.F.);
#2623=ORIENTED_EDGE('',*,*,#1845,.T.);
#2624=ORIENTED_EDGE('',*,*,#1843,.T.);
#2625=ORIENTED_EDGE('',*,*,#1732,.F.);
#2626=ORIENTED_EDGE('',*,*,#1844,.F.);
#2627=ORIENTED_EDGE('',*,*,#1845,.F.);
#2628=ORIENTED_EDGE('',*,*,#1828,.F.);
#2629=ORIENTED_EDGE('',*,*,#1692,.T.);
#2630=ORIENTED_EDGE('',*,*,#1830,.F.);
#2631=ORIENTED_EDGE('',*,*,#1581,.F.);
#2632=ORIENTED_EDGE('',*,*,#1643,.F.);
#2633=ORIENTED_EDGE('',*,*,#1846,.T.);
#2634=ORIENTED_EDGE('',*,*,#1825,.T.);
#2635=ORIENTED_EDGE('',*,*,#1846,.F.);
#2636=ORIENTED_EDGE('',*,*,#1676,.F.);
#2637=ORIENTED_EDGE('',*,*,#1804,.T.);
#2638=ORIENTED_EDGE('',*,*,#1542,.T.);
#2639=ORIENTED_EDGE('',*,*,#1483,.T.);
#2640=ORIENTED_EDGE('',*,*,#1642,.F.);
#2641=ORIENTED_EDGE('',*,*,#1847,.T.);
#2642=ORIENTED_EDGE('',*,*,#1759,.F.);
#2643=ORIENTED_EDGE('',*,*,#1847,.F.);
#2644=ORIENTED_EDGE('',*,*,#1644,.F.);
#2645=ORIENTED_EDGE('',*,*,#1848,.T.);
#2646=ORIENTED_EDGE('',*,*,#1806,.F.);
#2647=ORIENTED_EDGE('',*,*,#1848,.F.);
#2648=ORIENTED_EDGE('',*,*,#1645,.F.);
#2649=ORIENTED_EDGE('',*,*,#1849,.T.);
#2650=ORIENTED_EDGE('',*,*,#1814,.F.);
#2651=ORIENTED_EDGE('',*,*,#1849,.F.);
#2652=ORIENTED_EDGE('',*,*,#1587,.T.);
#2653=ORIENTED_EDGE('',*,*,#1850,.T.);
#2654=ORIENTED_EDGE('',*,*,#1626,.F.);
#2655=ORIENTED_EDGE('',*,*,#1787,.T.);
#2656=ORIENTED_EDGE('',*,*,#1607,.F.);
#2657=ORIENTED_EDGE('',*,*,#1850,.F.);
#2658=ORIENTED_EDGE('',*,*,#1586,.F.);
#2659=ORIENTED_EDGE('',*,*,#1851,.F.);
#2660=ORIENTED_EDGE('',*,*,#1585,.T.);
#2661=ORIENTED_EDGE('',*,*,#1833,.T.);
#2662=ORIENTED_EDGE('',*,*,#1835,.T.);
#2663=ORIENTED_EDGE('',*,*,#1608,.F.);
#2664=ORIENTED_EDGE('',*,*,#1851,.T.);
#2665=ORIENTED_EDGE('',*,*,#1570,.T.);
#2666=ORIENTED_EDGE('',*,*,#1816,.T.);
#2667=ORIENTED_EDGE('',*,*,#1635,.F.);
#2668=ORIENTED_EDGE('',*,*,#1852,.T.);
#2669=ORIENTED_EDGE('',*,*,#1852,.F.);
#2670=ORIENTED_EDGE('',*,*,#1634,.F.);
#2671=ORIENTED_EDGE('',*,*,#1778,.F.);
#2672=ORIENTED_EDGE('',*,*,#1571,.F.);
#2673=ORIENTED_EDGE('',*,*,#1853,.T.);
#2674=ORIENTED_EDGE('',*,*,#1854,.F.);
#2675=ORIENTED_EDGE('',*,*,#1855,.F.);
#2676=ORIENTED_EDGE('',*,*,#1856,.T.);
#2677=ORIENTED_EDGE('',*,*,#1857,.T.);
#2678=ORIENTED_EDGE('',*,*,#1858,.T.);
#2679=ORIENTED_EDGE('',*,*,#1855,.T.);
#2680=ORIENTED_EDGE('',*,*,#1859,.T.);
#2681=ORIENTED_EDGE('',*,*,#1860,.T.);
#2682=ORIENTED_EDGE('',*,*,#1861,.T.);
#2683=ORIENTED_EDGE('',*,*,#1856,.F.);
#2684=ORIENTED_EDGE('',*,*,#1858,.F.);
#2685=ORIENTED_EDGE('',*,*,#1862,.F.);
#2686=ORIENTED_EDGE('',*,*,#1863,.F.);
#2687=ORIENTED_EDGE('',*,*,#1853,.F.);
#2688=ORIENTED_EDGE('',*,*,#1861,.F.);
#2689=ORIENTED_EDGE('',*,*,#1864,.T.);
#2690=ORIENTED_EDGE('',*,*,#1859,.F.);
#2691=ORIENTED_EDGE('',*,*,#1854,.T.);
#2692=ORIENTED_EDGE('',*,*,#1863,.T.);
#2693=ORIENTED_EDGE('',*,*,#1862,.T.);
#2694=ORIENTED_EDGE('',*,*,#1860,.F.);
#2695=ORIENTED_EDGE('',*,*,#1857,.F.);
#2696=ORIENTED_EDGE('',*,*,#1864,.F.);
#2697=B_SPLINE_SURFACE_WITH_KNOTS('',3,3,((#3974,#3975,#3976,#3977,#3978,
#3979,#3980,#3981),(#3982,#3983,#3984,#3985,#3986,#3987,#3988,#3989),(#3990,
#3991,#3992,#3993,#3994,#3995,#3996,#3997),(#3998,#3999,#4000,#4001,#4002,
#4003,#4004,#4005),(#4006,#4007,#4008,#4009,#4010,#4011,#4012,#4013)),
 .UNSPECIFIED.,.F.,.F.,.F.,(4,1,4),(4,2,1,1,4),(0.,0.571428571428571,1.),
(-0.0897158029100463,-0.0891158048100501,-0.0356463219240201,-0.01782316096201,
0.),.UNSPECIFIED.);
#2698=B_SPLINE_SURFACE_WITH_KNOTS('',3,3,((#4224,#4225,#4226,#4227,#4228,
#4229,#4230,#4231),(#4232,#4233,#4234,#4235,#4236,#4237,#4238,#4239),(#4240,
#4241,#4242,#4243,#4244,#4245,#4246,#4247),(#4248,#4249,#4250,#4251,#4252,
#4253,#4254,#4255),(#4256,#4257,#4258,#4259,#4260,#4261,#4262,#4263)),
 .UNSPECIFIED.,.F.,.F.,.F.,(4,1,4),(4,2,1,1,4),(0.,0.571428571428571,1.),
(-0.000281710748442176,0.,0.0226611395550532,0.0302148527400709,0.0377685659250886),
 .UNSPECIFIED.);
#2699=B_SPLINE_SURFACE_WITH_KNOTS('',3,3,((#4281,#4282,#4283,#4284,#4285,
#4286,#4287,#4288,#4289,#4290),(#4291,#4292,#4293,#4294,#4295,#4296,#4297,
#4298,#4299,#4300),(#4301,#4302,#4303,#4304,#4305,#4306,#4307,#4308,#4309,
#4310),(#4311,#4312,#4313,#4314,#4315,#4316,#4317,#4318,#4319,#4320),(#4321,
#4322,#4323,#4324,#4325,#4326,#4327,#4328,#4329,#4330)),.UNSPECIFIED.,.F.,
 .F.,.F.,(4,1,4),(4,2,1,1,1,1,4),(0.,0.571428571428571,1.),(-0.000268539421158415,
0.,0.0075564248359218,0.0151128496718436,0.0226692745077654,0.0302256993436872,
0.037782124179609),.UNSPECIFIED.);
#2700=ADVANCED_FACE('',(#704),#2697,.F.);
#2701=ADVANCED_FACE('',(#705),#635,.T.);
#2702=ADVANCED_FACE('',(#706),#112,.T.);
#2703=ADVANCED_FACE('',(#707),#636,.T.);
#2704=ADVANCED_FACE('',(#708),#43,.F.);
#2705=ADVANCED_FACE('',(#709),#637,.T.);
#2706=ADVANCED_FACE('',(#710),#44,.T.);
#2707=ADVANCED_FACE('',(#711),#45,.T.);
#2708=ADVANCED_FACE('',(#712),#46,.T.);
#2709=ADVANCED_FACE('',(#713),#113,.T.);
#2710=ADVANCED_FACE('',(#714),#638,.T.);
#2711=ADVANCED_FACE('',(#715),#114,.T.);
#2712=ADVANCED_FACE('',(#716),#639,.T.);
#2713=ADVANCED_FACE('',(#717),#640,.T.);
#2714=ADVANCED_FACE('',(#718),#641,.T.);
#2715=ADVANCED_FACE('',(#719),#115,.T.);
#2716=ADVANCED_FACE('',(#720),#2698,.F.);
#2717=ADVANCED_FACE('',(#721),#2699,.F.);
#2718=ADVANCED_FACE('',(#722),#642,.T.);
#2719=ADVANCED_FACE('',(#723),#643,.T.);
#2720=ADVANCED_FACE('',(#724),#47,.F.);
#2721=ADVANCED_FACE('',(#725),#644,.T.);
#2722=ADVANCED_FACE('',(#726),#48,.F.);
#2723=ADVANCED_FACE('',(#727),#645,.F.);
#2724=ADVANCED_FACE('',(#728),#49,.F.);
#2725=ADVANCED_FACE('',(#729),#646,.F.);
#2726=ADVANCED_FACE('',(#730),#50,.F.);
#2727=ADVANCED_FACE('',(#731),#51,.F.);
#2728=ADVANCED_FACE('',(#732),#52,.T.);
#2729=ADVANCED_FACE('',(#733),#53,.F.);
#2730=ADVANCED_FACE('',(#734),#54,.F.);
#2731=ADVANCED_FACE('',(#735),#55,.T.);
#2732=ADVANCED_FACE('',(#736),#56,.F.);
#2733=ADVANCED_FACE('',(#737),#57,.F.);
#2734=ADVANCED_FACE('',(#738,#24,#25,#26,#27,#28,#29,#30,#31,#32,#33,#34),
#58,.F.);
#2735=ADVANCED_FACE('',(#739),#647,.T.);
#2736=ADVANCED_FACE('',(#740),#648,.T.);
#2737=ADVANCED_FACE('',(#741),#116,.T.);
#2738=ADVANCED_FACE('',(#742),#649,.F.);
#2739=ADVANCED_FACE('',(#743),#59,.T.);
#2740=ADVANCED_FACE('',(#744),#650,.F.);
#2741=ADVANCED_FACE('',(#745),#60,.T.);
#2742=ADVANCED_FACE('',(#746),#21,.T.);
#2743=ADVANCED_FACE('',(#747),#651,.T.);
#2744=ADVANCED_FACE('',(#748),#117,.T.);
#2745=ADVANCED_FACE('',(#749),#652,.T.);
#2746=ADVANCED_FACE('',(#750),#22,.T.);
#2747=ADVANCED_FACE('',(#751),#653,.T.);
#2748=ADVANCED_FACE('',(#752),#654,.T.);
#2749=ADVANCED_FACE('',(#753),#61,.T.);
#2750=ADVANCED_FACE('',(#754),#655,.F.);
#2751=ADVANCED_FACE('',(#755),#23,.T.);
#2752=ADVANCED_FACE('',(#756),#656,.T.);
#2753=ADVANCED_FACE('',(#757),#118,.T.);
#2754=ADVANCED_FACE('',(#758),#62,.T.);
#2755=ADVANCED_FACE('',(#759),#657,.F.);
#2756=ADVANCED_FACE('',(#760),#63,.F.);
#2757=ADVANCED_FACE('',(#761),#64,.F.);
#2758=ADVANCED_FACE('',(#762),#658,.F.);
#2759=ADVANCED_FACE('',(#763),#659,.F.);
#2760=ADVANCED_FACE('',(#764),#660,.F.);
#2761=ADVANCED_FACE('',(#765),#661,.T.);
#2762=ADVANCED_FACE('',(#766),#662,.F.);
#2763=ADVANCED_FACE('',(#767,#35,#36,#37,#38),#65,.T.);
#2764=ADVANCED_FACE('',(#768),#66,.F.);
#2765=ADVANCED_FACE('',(#769),#67,.F.);
#2766=ADVANCED_FACE('',(#770),#663,.F.);
#2767=ADVANCED_FACE('',(#771),#664,.F.);
#2768=ADVANCED_FACE('',(#772),#665,.F.);
#2769=ADVANCED_FACE('',(#773),#68,.F.);
#2770=ADVANCED_FACE('',(#774,#39),#69,.F.);
#2771=ADVANCED_FACE('',(#775),#70,.T.);
#2772=ADVANCED_FACE('',(#776),#666,.T.);
#2773=ADVANCED_FACE('',(#777),#71,.F.);
#2774=ADVANCED_FACE('',(#778),#667,.F.);
#2775=ADVANCED_FACE('',(#779),#668,.T.);
#2776=ADVANCED_FACE('',(#780),#72,.T.);
#2777=ADVANCED_FACE('',(#781),#73,.F.);
#2778=ADVANCED_FACE('',(#782),#669,.F.);
#2779=ADVANCED_FACE('',(#783),#74,.F.);
#2780=ADVANCED_FACE('',(#784),#670,.F.);
#2781=ADVANCED_FACE('',(#785),#671,.F.);
#2782=ADVANCED_FACE('',(#786),#75,.F.);
#2783=ADVANCED_FACE('',(#787),#672,.T.);
#2784=ADVANCED_FACE('',(#788),#76,.F.);
#2785=ADVANCED_FACE('',(#789),#673,.F.);
#2786=ADVANCED_FACE('',(#790),#674,.F.);
#2787=ADVANCED_FACE('',(#791),#77,.F.);
#2788=ADVANCED_FACE('',(#792),#675,.T.);
#2789=ADVANCED_FACE('',(#793),#78,.F.);
#2790=ADVANCED_FACE('',(#794),#79,.T.);
#2791=ADVANCED_FACE('',(#795),#676,.F.);
#2792=ADVANCED_FACE('',(#796),#677,.F.);
#2793=ADVANCED_FACE('',(#797),#678,.T.);
#2794=ADVANCED_FACE('',(#798),#679,.T.);
#2795=ADVANCED_FACE('',(#799),#680,.F.);
#2796=ADVANCED_FACE('',(#800),#80,.F.);
#2797=ADVANCED_FACE('',(#801),#681,.F.);
#2798=ADVANCED_FACE('',(#802),#81,.T.);
#2799=ADVANCED_FACE('',(#803),#82,.T.);
#2800=ADVANCED_FACE('',(#804),#682,.T.);
#2801=ADVANCED_FACE('',(#805),#83,.F.);
#2802=ADVANCED_FACE('',(#806,#40),#84,.F.);
#2803=ADVANCED_FACE('',(#807),#683,.T.);
#2804=ADVANCED_FACE('',(#808),#684,.T.);
#2805=ADVANCED_FACE('',(#809,#41),#85,.F.);
#2806=ADVANCED_FACE('',(#810),#86,.F.);
#2807=ADVANCED_FACE('',(#811),#685,.F.);
#2808=ADVANCED_FACE('',(#812),#87,.T.);
#2809=ADVANCED_FACE('',(#813),#686,.T.);
#2810=ADVANCED_FACE('',(#814),#687,.T.);
#2811=ADVANCED_FACE('',(#815),#88,.F.);
#2812=ADVANCED_FACE('',(#816),#89,.F.);
#2813=ADVANCED_FACE('',(#817,#42),#90,.F.);
#2814=ADVANCED_FACE('',(#818),#91,.F.);
#2815=ADVANCED_FACE('',(#819),#92,.F.);
#2816=ADVANCED_FACE('',(#820),#688,.F.);
#2817=ADVANCED_FACE('',(#821),#689,.T.);
#2818=ADVANCED_FACE('',(#822),#93,.F.);
#2819=ADVANCED_FACE('',(#823),#94,.F.);
#2820=ADVANCED_FACE('',(#824),#95,.T.);
#2821=ADVANCED_FACE('',(#825),#96,.T.);
#2822=ADVANCED_FACE('',(#826),#97,.T.);
#2823=ADVANCED_FACE('',(#827),#690,.T.);
#2824=ADVANCED_FACE('',(#828),#691,.T.);
#2825=ADVANCED_FACE('',(#829),#98,.T.);
#2826=ADVANCED_FACE('',(#830),#692,.T.);
#2827=ADVANCED_FACE('',(#831),#99,.T.);
#2828=ADVANCED_FACE('',(#832),#693,.T.);
#2829=ADVANCED_FACE('',(#833),#100,.F.);
#2830=ADVANCED_FACE('',(#834),#694,.T.);
#2831=ADVANCED_FACE('',(#835),#101,.T.);
#2832=ADVANCED_FACE('',(#836),#102,.F.);
#2833=ADVANCED_FACE('',(#837),#103,.T.);
#2834=ADVANCED_FACE('',(#838),#695,.F.);
#2835=ADVANCED_FACE('',(#839),#696,.F.);
#2836=ADVANCED_FACE('',(#840),#697,.T.);
#2837=ADVANCED_FACE('',(#841),#698,.F.);
#2838=ADVANCED_FACE('',(#842),#699,.F.);
#2839=ADVANCED_FACE('',(#843),#700,.F.);
#2840=ADVANCED_FACE('',(#844),#701,.F.);
#2841=ADVANCED_FACE('',(#845),#104,.F.);
#2842=ADVANCED_FACE('',(#846),#702,.F.);
#2843=ADVANCED_FACE('',(#847),#703,.F.);
#2844=ADVANCED_FACE('',(#848),#105,.F.);
#2845=ADVANCED_FACE('',(#849),#106,.F.);
#2846=ADVANCED_FACE('',(#850),#107,.T.);
#2847=ADVANCED_FACE('',(#851),#108,.F.);
#2848=ADVANCED_FACE('',(#852),#109,.F.);
#2849=ADVANCED_FACE('',(#853),#110,.T.);
#2850=ADVANCED_FACE('',(#854),#111,.F.);
#2851=CLOSED_SHELL('',(#2700,#2701,#2702,#2703,#2704,#2705,#2706,#2707,
#2708,#2709,#2710,#2711,#2712,#2713,#2714,#2715,#2716,#2717,#2718,#2719,
#2720,#2721,#2722,#2723,#2724,#2725,#2726,#2727,#2728,#2729,#2730,#2731,
#2732,#2733,#2734,#2735,#2736,#2737,#2738,#2739,#2740,#2741,#2742,#2743,
#2744,#2745,#2746,#2747,#2748,#2749,#2750,#2751,#2752,#2753,#2754,#2755,
#2756,#2757,#2758,#2759,#2760,#2761,#2762,#2763,#2764,#2765,#2766,#2767,
#2768,#2769,#2770,#2771,#2772,#2773,#2774,#2775,#2776,#2777,#2778,#2779,
#2780,#2781,#2782,#2783,#2784,#2785,#2786,#2787,#2788,#2789,#2790,#2791,
#2792,#2793,#2794,#2795,#2796,#2797,#2798,#2799,#2800,#2801,#2802,#2803,
#2804,#2805,#2806,#2807,#2808,#2809,#2810,#2811,#2812,#2813,#2814,#2815,
#2816,#2817,#2818,#2819,#2820,#2821,#2822,#2823,#2824,#2825,#2826,#2827,
#2828,#2829,#2830,#2831,#2832,#2833,#2834,#2835,#2836,#2837,#2838,#2839,
#2840,#2841,#2842,#2843,#2844));
#2852=CLOSED_SHELL('',(#2845,#2846,#2847,#2848,#2849,#2850));
#2853=AXIS2_PLACEMENT_3D('',#3972,#3140,#3141);
#2854=AXIS2_PLACEMENT_3D('',#3973,#3142,#3143);
#2855=AXIS2_PLACEMENT_3D('',#4016,#3144,#3145);
#2856=AXIS2_PLACEMENT_3D('',#4034,#3146,#3147);
#2857=AXIS2_PLACEMENT_3D('',#4058,#3150,#3151);
#2858=AXIS2_PLACEMENT_3D('',#4067,#3152,#3153);
#2859=AXIS2_PLACEMENT_3D('',#4088,#3154,#3155);
#2860=AXIS2_PLACEMENT_3D('',#4089,#3156,#3157);
#2861=AXIS2_PLACEMENT_3D('',#4105,#3159,#3160);
#2862=AXIS2_PLACEMENT_3D('',#4113,#3163,#3164);
#2863=AXIS2_PLACEMENT_3D('',#4119,#3168,#3169);
#2864=AXIS2_PLACEMENT_3D('',#4122,#3171,#3172);
#2865=AXIS2_PLACEMENT_3D('',#4123,#3173,#3174);
#2866=AXIS2_PLACEMENT_3D('',#4131,#3179,#3180);
#2867=AXIS2_PLACEMENT_3D('',#4133,#3181,#3182);
#2868=AXIS2_PLACEMENT_3D('',#4137,#3184,#3185);
#2869=AXIS2_PLACEMENT_3D('',#4143,#3188,#3189);
#2870=AXIS2_PLACEMENT_3D('',#4149,#3193,#3194);
#2871=AXIS2_PLACEMENT_3D('',#4150,#3195,#3196);
#2872=AXIS2_PLACEMENT_3D('',#4151,#3197,#3198);
#2873=AXIS2_PLACEMENT_3D('',#4153,#3199,#3200);
#2874=AXIS2_PLACEMENT_3D('',#4155,#3201,#3202);
#2875=AXIS2_PLACEMENT_3D('',#4157,#3203,#3204);
#2876=AXIS2_PLACEMENT_3D('',#4158,#3205,#3206);
#2877=AXIS2_PLACEMENT_3D('',#4159,#3207,#3208);
#2878=AXIS2_PLACEMENT_3D('',#4163,#3210,#3211);
#2879=AXIS2_PLACEMENT_3D('',#4178,#3212,#3213);
#2880=AXIS2_PLACEMENT_3D('',#4180,#3214,#3215);
#2881=AXIS2_PLACEMENT_3D('',#4181,#3216,#3217);
#2882=AXIS2_PLACEMENT_3D('',#4182,#3218,#3219);
#2883=AXIS2_PLACEMENT_3D('',#4184,#3221,#3222);
#2884=AXIS2_PLACEMENT_3D('',#4199,#3224,#3225);
#2885=AXIS2_PLACEMENT_3D('',#4204,#3227,#3228);
#2886=AXIS2_PLACEMENT_3D('',#4221,#3230,#3231);
#2887=AXIS2_PLACEMENT_3D('',#4222,#3232,#3233);
#2888=AXIS2_PLACEMENT_3D('',#4223,#3234,#3235);
#2889=AXIS2_PLACEMENT_3D('',#4352,#3236,#3237);
#2890=AXIS2_PLACEMENT_3D('',#4355,#3239,#3240);
#2891=AXIS2_PLACEMENT_3D('',#4356,#3241,#3242);
#2892=AXIS2_PLACEMENT_3D('',#4360,#3244,#3245);
#2893=AXIS2_PLACEMENT_3D('',#4362,#3247,#3248);
#2894=AXIS2_PLACEMENT_3D('',#4366,#3251,#3252);
#2895=AXIS2_PLACEMENT_3D('',#4369,#3254,#3255);
#2896=AXIS2_PLACEMENT_3D('',#4370,#3256,#3257);
#2897=AXIS2_PLACEMENT_3D('',#4374,#3260,#3261);
#2898=AXIS2_PLACEMENT_3D('',#4376,#3262,#3263);
#2899=AXIS2_PLACEMENT_3D('',#4380,#3266,#3267);
#2900=AXIS2_PLACEMENT_3D('',#4381,#3268,#3269);
#2901=AXIS2_PLACEMENT_3D('',#4385,#3272,#3273);
#2902=AXIS2_PLACEMENT_3D('',#4388,#3275,#3276);
#2903=AXIS2_PLACEMENT_3D('',#4389,#3277,#3278);
#2904=AXIS2_PLACEMENT_3D('',#4393,#3281,#3282);
#2905=AXIS2_PLACEMENT_3D('',#4398,#3284,#3285);
#2906=AXIS2_PLACEMENT_3D('',#4402,#3288,#3289);
#2907=AXIS2_PLACEMENT_3D('',#4404,#3290,#3291);
#2908=AXIS2_PLACEMENT_3D('',#4416,#3297,#3298);
#2909=AXIS2_PLACEMENT_3D('',#4418,#3300,#3301);
#2910=AXIS2_PLACEMENT_3D('',#4422,#3303,#3304);
#2911=AXIS2_PLACEMENT_3D('',#4440,#3314,#3315);
#2912=AXIS2_PLACEMENT_3D('',#4446,#3319,#3320);
#2913=AXIS2_PLACEMENT_3D('',#4449,#3323,#3324);
#2914=AXIS2_PLACEMENT_3D('',#4455,#3327,#3328);
#2915=AXIS2_PLACEMENT_3D('',#4459,#3330,#3331);
#2916=AXIS2_PLACEMENT_3D('',#4466,#3335,#3336);
#2917=AXIS2_PLACEMENT_3D('',#4467,#3337,#3338);
#2918=AXIS2_PLACEMENT_3D('',#4469,#3339,#3340);
#2919=AXIS2_PLACEMENT_3D('',#4473,#3342,#3343);
#2920=AXIS2_PLACEMENT_3D('',#4477,#3345,#3346);
#2921=AXIS2_PLACEMENT_3D('',#4481,#3348,#3349);
#2922=AXIS2_PLACEMENT_3D('',#4483,#3350,#3351);
#2923=AXIS2_PLACEMENT_3D('',#4487,#3353,#3354);
#2924=AXIS2_PLACEMENT_3D('',#4491,#3356,#3357);
#2925=AXIS2_PLACEMENT_3D('',#4503,#3363,#3364);
#2926=AXIS2_PLACEMENT_3D('',#4507,#3366,#3367);
#2927=AXIS2_PLACEMENT_3D('',#4511,#3369,#3370);
#2928=AXIS2_PLACEMENT_3D('',#4515,#3372,#3373);
#2929=AXIS2_PLACEMENT_3D('',#4519,#3375,#3376);
#2930=AXIS2_PLACEMENT_3D('',#4523,#3378,#3379);
#2931=AXIS2_PLACEMENT_3D('',#4527,#3381,#3382);
#2932=AXIS2_PLACEMENT_3D('',#4531,#3384,#3385);
#2933=AXIS2_PLACEMENT_3D('',#4533,#3387,#3388);
#2934=AXIS2_PLACEMENT_3D('',#4538,#3390,#3391);
#2935=AXIS2_PLACEMENT_3D('',#4542,#3393,#3394);
#2936=AXIS2_PLACEMENT_3D('',#4546,#3396,#3397);
#2937=AXIS2_PLACEMENT_3D('',#4549,#3399,#3400);
#2938=AXIS2_PLACEMENT_3D('',#4554,#3402,#3403);
#2939=AXIS2_PLACEMENT_3D('',#4560,#3406,#3407);
#2940=AXIS2_PLACEMENT_3D('',#4566,#3410,#3411);
#2941=AXIS2_PLACEMENT_3D('',#4570,#3413,#3414);
#2942=AXIS2_PLACEMENT_3D('',#4574,#3416,#3417);
#2943=AXIS2_PLACEMENT_3D('',#4578,#3419,#3420);
#2944=AXIS2_PLACEMENT_3D('',#4582,#3422,#3423);
#2945=AXIS2_PLACEMENT_3D('',#4586,#3425,#3426);
#2946=AXIS2_PLACEMENT_3D('',#4589,#3428,#3429);
#2947=AXIS2_PLACEMENT_3D('',#4594,#3431,#3432);
#2948=AXIS2_PLACEMENT_3D('',#4598,#3434,#3435);
#2949=AXIS2_PLACEMENT_3D('',#4602,#3437,#3438);
#2950=AXIS2_PLACEMENT_3D('',#4604,#3439,#3440);
#2951=AXIS2_PLACEMENT_3D('',#4608,#3442,#3443);
#2952=AXIS2_PLACEMENT_3D('',#4611,#3445,#3446);
#2953=AXIS2_PLACEMENT_3D('',#4613,#3447,#3448);
#2954=AXIS2_PLACEMENT_3D('',#4615,#3449,#3450);
#2955=AXIS2_PLACEMENT_3D('',#4617,#3451,#3452);
#2956=AXIS2_PLACEMENT_3D('',#4619,#3453,#3454);
#2957=AXIS2_PLACEMENT_3D('',#4621,#3455,#3456);
#2958=AXIS2_PLACEMENT_3D('',#4623,#3457,#3458);
#2959=AXIS2_PLACEMENT_3D('',#4625,#3459,#3460);
#2960=AXIS2_PLACEMENT_3D('',#4627,#3461,#3462);
#2961=AXIS2_PLACEMENT_3D('',#4628,#3463,#3464);
#2962=AXIS2_PLACEMENT_3D('',#4630,#3465,#3466);
#2963=AXIS2_PLACEMENT_3D('',#4632,#3468,#3469);
#2964=AXIS2_PLACEMENT_3D('',#4634,#3471,#3472);
#2965=AXIS2_PLACEMENT_3D('',#4636,#3473,#3474);
#2966=AXIS2_PLACEMENT_3D('',#4637,#3475,#3476);
#2967=AXIS2_PLACEMENT_3D('',#4638,#3477,#3478);
#2968=AXIS2_PLACEMENT_3D('',#4641,#3481,#3482);
#2969=AXIS2_PLACEMENT_3D('',#4643,#3484,#3485);
#2970=AXIS2_PLACEMENT_3D('',#4646,#3488,#3489);
#2971=AXIS2_PLACEMENT_3D('',#4648,#3491,#3492);
#2972=AXIS2_PLACEMENT_3D('',#4650,#3493,#3494);
#2973=AXIS2_PLACEMENT_3D('',#4652,#3495,#3496);
#2974=AXIS2_PLACEMENT_3D('',#4653,#3497,#3498);
#2975=AXIS2_PLACEMENT_3D('',#4654,#3499,#3500);
#2976=AXIS2_PLACEMENT_3D('',#4656,#3502,#3503);
#2977=AXIS2_PLACEMENT_3D('',#4658,#3504,#3505);
#2978=AXIS2_PLACEMENT_3D('',#4659,#3506,#3507);
#2979=AXIS2_PLACEMENT_3D('',#4660,#3508,#3509);
#2980=AXIS2_PLACEMENT_3D('',#4662,#3510,#3511);
#2981=AXIS2_PLACEMENT_3D('',#4664,#3513,#3514);
#2982=AXIS2_PLACEMENT_3D('',#4666,#3515,#3516);
#2983=AXIS2_PLACEMENT_3D('',#4667,#3517,#3518);
#2984=AXIS2_PLACEMENT_3D('',#4668,#3519,#3520);
#2985=AXIS2_PLACEMENT_3D('',#4671,#3522,#3523);
#2986=AXIS2_PLACEMENT_3D('',#4672,#3524,#3525);
#2987=AXIS2_PLACEMENT_3D('',#4690,#3527,#3528);
#2988=AXIS2_PLACEMENT_3D('',#4692,#3530,#3531);
#2989=AXIS2_PLACEMENT_3D('',#4694,#3533,#3534);
#2990=AXIS2_PLACEMENT_3D('',#4695,#3535,#3536);
#2991=AXIS2_PLACEMENT_3D('',#4697,#3537,#3538);
#2992=AXIS2_PLACEMENT_3D('',#4699,#3539,#3540);
#2993=AXIS2_PLACEMENT_3D('',#4700,#3541,#3542);
#2994=AXIS2_PLACEMENT_3D('',#4701,#3543,#3544);
#2995=AXIS2_PLACEMENT_3D('',#4703,#3545,#3546);
#2996=AXIS2_PLACEMENT_3D('',#4705,#3548,#3549);
#2997=AXIS2_PLACEMENT_3D('',#4706,#3550,#3551);
#2998=AXIS2_PLACEMENT_3D('',#4707,#3552,#3553);
#2999=AXIS2_PLACEMENT_3D('',#4714,#3558,#3559);
#3000=AXIS2_PLACEMENT_3D('',#4715,#3560,#3561);
#3001=AXIS2_PLACEMENT_3D('',#4717,#3562,#3563);
#3002=AXIS2_PLACEMENT_3D('',#4719,#3565,#3566);
#3003=AXIS2_PLACEMENT_3D('',#4721,#3567,#3568);
#3004=AXIS2_PLACEMENT_3D('',#4723,#3570,#3571);
#3005=AXIS2_PLACEMENT_3D('',#4726,#3573,#3574);
#3006=AXIS2_PLACEMENT_3D('',#4727,#3575,#3576);
#3007=AXIS2_PLACEMENT_3D('',#4729,#3577,#3578);
#3008=AXIS2_PLACEMENT_3D('',#4731,#3580,#3581);
#3009=AXIS2_PLACEMENT_3D('',#4744,#3583,#3584);
#3010=AXIS2_PLACEMENT_3D('',#4747,#3587,#3588);
#3011=AXIS2_PLACEMENT_3D('',#4750,#3589,#3590);
#3012=AXIS2_PLACEMENT_3D('',#4753,#3593,#3594);
#3013=AXIS2_PLACEMENT_3D('',#4755,#3595,#3596);
#3014=AXIS2_PLACEMENT_3D('',#4757,#3598,#3599);
#3015=AXIS2_PLACEMENT_3D('',#4761,#3601,#3602);
#3016=AXIS2_PLACEMENT_3D('',#4765,#3604,#3605);
#3017=AXIS2_PLACEMENT_3D('',#4769,#3607,#3608);
#3018=AXIS2_PLACEMENT_3D('',#4781,#3614,#3615);
#3019=AXIS2_PLACEMENT_3D('',#4789,#3619,#3620);
#3020=AXIS2_PLACEMENT_3D('',#4793,#3622,#3623);
#3021=AXIS2_PLACEMENT_3D('',#4797,#3625,#3626);
#3022=AXIS2_PLACEMENT_3D('',#4801,#3628,#3629);
#3023=AXIS2_PLACEMENT_3D('',#4805,#3631,#3632);
#3024=AXIS2_PLACEMENT_3D('',#4808,#3634,#3635);
#3025=AXIS2_PLACEMENT_3D('',#4812,#3637,#3638);
#3026=AXIS2_PLACEMENT_3D('',#4820,#3643,#3644);
#3027=AXIS2_PLACEMENT_3D('',#4822,#3645,#3646);
#3028=AXIS2_PLACEMENT_3D('',#4824,#3647,#3648);
#3029=AXIS2_PLACEMENT_3D('',#4825,#3649,#3650);
#3030=AXIS2_PLACEMENT_3D('',#4828,#3652,#3653);
#3031=AXIS2_PLACEMENT_3D('',#4830,#3655,#3656);
#3032=AXIS2_PLACEMENT_3D('',#4842,#3664,#3665);
#3033=AXIS2_PLACEMENT_3D('',#4846,#3667,#3668);
#3034=AXIS2_PLACEMENT_3D('',#4848,#3670,#3671);
#3035=AXIS2_PLACEMENT_3D('',#4850,#3673,#3674);
#3036=AXIS2_PLACEMENT_3D('',#4851,#3675,#3676);
#3037=AXIS2_PLACEMENT_3D('',#4856,#3679,#3680);
#3038=AXIS2_PLACEMENT_3D('',#4858,#3682,#3683);
#3039=AXIS2_PLACEMENT_3D('',#4864,#3686,#3687);
#3040=AXIS2_PLACEMENT_3D('',#4867,#3689,#3690);
#3041=AXIS2_PLACEMENT_3D('',#4868,#3691,#3692);
#3042=AXIS2_PLACEMENT_3D('',#4870,#3694,#3695);
#3043=AXIS2_PLACEMENT_3D('',#4873,#3698,#3699);
#3044=AXIS2_PLACEMENT_3D('',#4879,#3703,#3704);
#3045=AXIS2_PLACEMENT_3D('',#4880,#3705,#3706);
#3046=AXIS2_PLACEMENT_3D('',#4881,#3707,#3708);
#3047=AXIS2_PLACEMENT_3D('',#4883,#3709,#3710);
#3048=AXIS2_PLACEMENT_3D('',#4885,#3712,#3713);
#3049=AXIS2_PLACEMENT_3D('',#4889,#3716,#3717);
#3050=AXIS2_PLACEMENT_3D('',#4892,#3719,#3720);
#3051=AXIS2_PLACEMENT_3D('',#4893,#3721,#3722);
#3052=AXIS2_PLACEMENT_3D('',#4895,#3724,#3725);
#3053=AXIS2_PLACEMENT_3D('',#4898,#3727,#3728);
#3054=AXIS2_PLACEMENT_3D('',#4899,#3729,#3730);
#3055=AXIS2_PLACEMENT_3D('',#4902,#3732,#3733);
#3056=AXIS2_PLACEMENT_3D('',#4903,#3734,#3735);
#3057=AXIS2_PLACEMENT_3D('',#4905,#3737,#3738);
#3058=AXIS2_PLACEMENT_3D('',#4906,#3739,#3740);
#3059=AXIS2_PLACEMENT_3D('',#4907,#3741,#3742);
#3060=AXIS2_PLACEMENT_3D('',#4910,#3745,#3746);
#3061=AXIS2_PLACEMENT_3D('',#4912,#3748,#3749);
#3062=AXIS2_PLACEMENT_3D('',#4914,#3751,#3752);
#3063=AXIS2_PLACEMENT_3D('',#4917,#3755,#3756);
#3064=AXIS2_PLACEMENT_3D('',#4918,#3757,#3758);
#3065=AXIS2_PLACEMENT_3D('',#4920,#3760,#3761);
#3066=AXIS2_PLACEMENT_3D('',#4921,#3762,#3763);
#3067=AXIS2_PLACEMENT_3D('',#4923,#3765,#3766);
#3068=AXIS2_PLACEMENT_3D('',#4925,#3768,#3769);
#3069=AXIS2_PLACEMENT_3D('',#4927,#3771,#3772);
#3070=AXIS2_PLACEMENT_3D('',#4949,#3774,#3775);
#3071=AXIS2_PLACEMENT_3D('',#4970,#3776,#3777);
#3072=AXIS2_PLACEMENT_3D('',#4972,#3779,#3780);
#3073=AXIS2_PLACEMENT_3D('',#4975,#3783,#3784);
#3074=AXIS2_PLACEMENT_3D('',#4977,#3786,#3787);
#3075=AXIS2_PLACEMENT_3D('',#4979,#3789,#3790);
#3076=AXIS2_PLACEMENT_3D('',#4981,#3792,#3793);
#3077=AXIS2_PLACEMENT_3D('',#4983,#3795,#3796);
#3078=AXIS2_PLACEMENT_3D('',#5000,#3798,#3799);
#3079=AXIS2_PLACEMENT_3D('',#5003,#3802,#3803);
#3080=AXIS2_PLACEMENT_3D('',#5006,#3805,#3806);
#3081=AXIS2_PLACEMENT_3D('',#5007,#3807,#3808);
#3082=AXIS2_PLACEMENT_3D('',#5011,#3810,#3811);
#3083=AXIS2_PLACEMENT_3D('',#5026,#3812,#3813);
#3084=AXIS2_PLACEMENT_3D('',#5028,#3814,#3815);
#3085=AXIS2_PLACEMENT_3D('',#5030,#3817,#3818);
#3086=AXIS2_PLACEMENT_3D('',#5032,#3819,#3820);
#3087=AXIS2_PLACEMENT_3D('',#5035,#3822,#3823);
#3088=AXIS2_PLACEMENT_3D('',#5036,#3824,#3825);
#3089=AXIS2_PLACEMENT_3D('',#5038,#3827,#3828);
#3090=AXIS2_PLACEMENT_3D('',#5039,#3829,#3830);
#3091=AXIS2_PLACEMENT_3D('',#5041,#3832,#3833);
#3092=AXIS2_PLACEMENT_3D('',#5043,#3835,#3836);
#3093=AXIS2_PLACEMENT_3D('',#5045,#3838,#3839);
#3094=AXIS2_PLACEMENT_3D('',#5046,#3840,#3841);
#3095=AXIS2_PLACEMENT_3D('',#5052,#3845,#3846);
#3096=AXIS2_PLACEMENT_3D('',#5055,#3848,#3849);
#3097=AXIS2_PLACEMENT_3D('',#5058,#3851,#3852);
#3098=AXIS2_PLACEMENT_3D('',#5059,#3853,#3854);
#3099=AXIS2_PLACEMENT_3D('',#5060,#3855,#3856);
#3100=AXIS2_PLACEMENT_3D('',#5062,#3858,#3859);
#3101=AXIS2_PLACEMENT_3D('',#5063,#3860,#3861);
#3102=AXIS2_PLACEMENT_3D('',#5065,#3863,#3864);
#3103=AXIS2_PLACEMENT_3D('',#5067,#3865,#3866);
#3104=AXIS2_PLACEMENT_3D('',#5069,#3868,#3869);
#3105=AXIS2_PLACEMENT_3D('',#5070,#3870,#3871);
#3106=AXIS2_PLACEMENT_3D('',#5071,#3872,#3873);
#3107=AXIS2_PLACEMENT_3D('',#5075,#3876,#3877);
#3108=AXIS2_PLACEMENT_3D('',#5077,#3878,#3879);
#3109=AXIS2_PLACEMENT_3D('',#5079,#3881,#3882);
#3110=AXIS2_PLACEMENT_3D('',#5081,#3884,#3885);
#3111=AXIS2_PLACEMENT_3D('',#5082,#3886,#3887);
#3112=AXIS2_PLACEMENT_3D('',#5083,#3888,#3889);
#3113=AXIS2_PLACEMENT_3D('',#5085,#3891,#3892);
#3114=AXIS2_PLACEMENT_3D('',#5088,#3895,#3896);
#3115=AXIS2_PLACEMENT_3D('',#5090,#3898,#3899);
#3116=AXIS2_PLACEMENT_3D('',#5092,#3901,#3902);
#3117=AXIS2_PLACEMENT_3D('',#5094,#3904,#3905);
#3118=AXIS2_PLACEMENT_3D('',#5096,#3907,#3908);
#3119=AXIS2_PLACEMENT_3D('',#5097,#3909,#3910);
#3120=AXIS2_PLACEMENT_3D('',#5100,#3912,#3913);
#3121=AXIS2_PLACEMENT_3D('',#5101,#3914,#3915);
#3122=AXIS2_PLACEMENT_3D('',#5103,#3917,#3918);
#3123=AXIS2_PLACEMENT_3D('',#5104,#3919,#3920);
#3124=AXIS2_PLACEMENT_3D('',#5106,#3922,#3923);
#3125=AXIS2_PLACEMENT_3D('',#5107,#3924,#3925);
#3126=AXIS2_PLACEMENT_3D('',#5109,#3927,#3928);
#3127=AXIS2_PLACEMENT_3D('',#5111,#3930,#3931);
#3128=AXIS2_PLACEMENT_3D('',#5113,#3933,#3934);
#3129=AXIS2_PLACEMENT_3D('',#5115,#3936,#3937);
#3130=AXIS2_PLACEMENT_3D('',#5117,#3939,#3940);
#3131=AXIS2_PLACEMENT_3D('',#5118,#3941,#3942);
#3132=AXIS2_PLACEMENT_3D('',#5120,#3944,#3945);
#3133=AXIS2_PLACEMENT_3D('',#5121,#3946,#3947);
#3134=AXIS2_PLACEMENT_3D('',#5130,#3952,#3953);
#3135=AXIS2_PLACEMENT_3D('',#5136,#3957,#3958);
#3136=AXIS2_PLACEMENT_3D('',#5140,#3961,#3962);
#3137=AXIS2_PLACEMENT_3D('',#5144,#3965,#3966);
#3138=AXIS2_PLACEMENT_3D('',#5146,#3968,#3969);
#3139=AXIS2_PLACEMENT_3D('',#5147,#3970,#3971);
#3140=DIRECTION('axis',(0.,0.,1.));
#3141=DIRECTION('refdir',(1.,0.,0.));
#3142=DIRECTION('axis',(0.,0.,1.));
#3143=DIRECTION('refdir',(1.,0.,0.));
#3144=DIRECTION('center_axis',(1.,0.,0.));
#3145=DIRECTION('ref_axis',(0.,-1.,0.));
#3146=DIRECTION('center_axis',(-1.,0.,0.));
#3147=DIRECTION('ref_axis',(0.,-0.707106781186547,-0.707106781186548));
#3148=DIRECTION('',(1.,0.,0.));
#3149=DIRECTION('',(-1.,0.,0.));
#3150=DIRECTION('center_axis',(0.,-1.,0.));
#3151=DIRECTION('ref_axis',(0.,0.,-1.));
#3152=DIRECTION('center_axis',(0.,1.,0.));
#3153=DIRECTION('ref_axis',(0.533325902106147,0.,-0.845909854619666));
#3154=DIRECTION('center_axis',(0.,-1.,0.));
#3155=DIRECTION('ref_axis',(0.533325902106147,0.,-0.845909854619666));
#3156=DIRECTION('center_axis',(1.,0.,4.5006602945876E-15));
#3157=DIRECTION('ref_axis',(3.18925030670142E-15,-0.707106781186548,-0.707106781186547));
#3158=DIRECTION('',(-1.,0.,-4.5006602945876E-15));
#3159=DIRECTION('center_axis',(-1.,0.,0.));
#3160=DIRECTION('ref_axis',(3.18925030670142E-15,-0.707106781186548,-0.707106781186547));
#3161=DIRECTION('',(1.,0.,4.5006602945876E-15));
#3162=DIRECTION('',(-1.,0.,-4.5006602945876E-15));
#3163=DIRECTION('center_axis',(0.,5.55111512312578E-17,1.));
#3164=DIRECTION('ref_axis',(1.,0.,0.));
#3165=DIRECTION('',(0.,1.,0.));
#3166=DIRECTION('',(-1.,0.,0.));
#3167=DIRECTION('',(0.,1.,-5.55111512312578E-17));
#3168=DIRECTION('center_axis',(0.,-1.,0.));
#3169=DIRECTION('ref_axis',(-0.0560161415446737,0.,-0.998429863278562));
#3170=DIRECTION('',(0.,-1.,0.));
#3171=DIRECTION('center_axis',(0.,1.,0.));
#3172=DIRECTION('ref_axis',(-0.0560161415446737,0.,-0.998429863278562));
#3173=DIRECTION('center_axis',(4.5006602945876E-15,0.,-1.));
#3174=DIRECTION('ref_axis',(1.,-2.39882041388417E-23,4.5006602945876E-15));
#3175=DIRECTION('',(0.,-1.,0.));
#3176=DIRECTION('',(-1.,0.,0.));
#3177=DIRECTION('',(0.,-1.,0.));
#3178=DIRECTION('',(-1.,0.,-4.5006602945876E-15));
#3179=DIRECTION('center_axis',(0.,-1.,0.));
#3180=DIRECTION('ref_axis',(1.,0.,0.));
#3181=DIRECTION('center_axis',(0.,-1.,0.));
#3182=DIRECTION('ref_axis',(-1.,0.,-9.71445146547013E-16));
#3183=DIRECTION('',(-1.,0.,-8.701496012056E-16));
#3184=DIRECTION('center_axis',(0.,1.,0.));
#3185=DIRECTION('ref_axis',(0.469336859682417,0.,-0.883019202590435));
#3186=DIRECTION('',(-4.2700885562506E-17,0.,-1.));
#3187=DIRECTION('',(1.,0.,0.));
#3188=DIRECTION('center_axis',(0.,-1.,0.));
#3189=DIRECTION('ref_axis',(-0.707106781186548,0.,-0.707106781186547));
#3190=DIRECTION('',(0.,0.,-1.));
#3191=DIRECTION('',(1.,0.,0.));
#3192=DIRECTION('',(0.,0.,-1.));
#3193=DIRECTION('center_axis',(0.,-1.,0.));
#3194=DIRECTION('ref_axis',(1.,0.,0.));
#3195=DIRECTION('center_axis',(0.,-1.,0.));
#3196=DIRECTION('ref_axis',(0.513445723206444,0.,-0.858122071340093));
#3197=DIRECTION('center_axis',(0.,1.,0.));
#3198=DIRECTION('ref_axis',(0.,0.,1.));
#3199=DIRECTION('center_axis',(-1.,0.,0.));
#3200=DIRECTION('ref_axis',(0.,-1.,0.));
#3201=DIRECTION('center_axis',(0.,1.,0.));
#3202=DIRECTION('ref_axis',(-1.,0.,-9.71445146547014E-16));
#3203=DIRECTION('center_axis',(0.,1.,0.));
#3204=DIRECTION('ref_axis',(-1.,0.,-9.71445146547014E-16));
#3205=DIRECTION('center_axis',(1.,0.,0.));
#3206=DIRECTION('ref_axis',(0.,-1.,0.));
#3207=DIRECTION('center_axis',(4.2700885562506E-17,0.,1.));
#3208=DIRECTION('ref_axis',(0.707106781186547,-0.707106781186548,0.));
#3209=DIRECTION('',(4.2700885562506E-17,0.,1.));
#3210=DIRECTION('center_axis',(0.,0.,-1.));
#3211=DIRECTION('ref_axis',(1.,5.20417042793043E-16,0.));
#3212=DIRECTION('center_axis',(0.,-1.,0.));
#3213=DIRECTION('ref_axis',(0.,0.,-1.));
#3214=DIRECTION('center_axis',(1.,0.,2.77555756156261E-15));
#3215=DIRECTION('ref_axis',(0.,-1.,0.));
#3216=DIRECTION('center_axis',(0.,-1.,0.));
#3217=DIRECTION('ref_axis',(0.469336859682416,0.,-0.883019202590435));
#3218=DIRECTION('center_axis',(1.,0.,8.701496012056E-16));
#3219=DIRECTION('ref_axis',(4.9065389333868E-16,-0.707106781186548,-0.707106781186548));
#3220=DIRECTION('',(1.,0.,8.701496012056E-16));
#3221=DIRECTION('center_axis',(1.,0.,8.701496012056E-16));
#3222=DIRECTION('ref_axis',(-9.81307786677359E-16,-0.707106781186547,0.707106781186548));
#3223=DIRECTION('',(-1.,0.,-8.701496012056E-16));
#3224=DIRECTION('center_axis',(4.2700885562506E-17,0.,1.));
#3225=DIRECTION('ref_axis',(-0.707106781186547,-0.707106781186548,0.));
#3226=DIRECTION('',(4.2700885562506E-17,0.,1.));
#3227=DIRECTION('center_axis',(0.,0.,-1.));
#3228=DIRECTION('ref_axis',(-4.33680868994202E-17,-1.,0.));
#3229=DIRECTION('',(-4.2700885562506E-17,0.,-1.));
#3230=DIRECTION('center_axis',(0.,1.,0.));
#3231=DIRECTION('ref_axis',(0.519179050138032,0.,-0.854665498249327));
#3232=DIRECTION('center_axis',(0.,-1.,0.));
#3233=DIRECTION('ref_axis',(0.513445723206444,0.,-0.858122071340093));
#3234=DIRECTION('center_axis',(0.,1.,0.));
#3235=DIRECTION('ref_axis',(0.513445723206444,0.,-0.858122071340093));
#3236=DIRECTION('center_axis',(-1.,0.,0.));
#3237=DIRECTION('ref_axis',(0.,-0.707106781186547,0.707106781186548));
#3238=DIRECTION('',(-1.,0.,0.));
#3239=DIRECTION('center_axis',(-1.,0.,0.));
#3240=DIRECTION('ref_axis',(0.,-1.,0.));
#3241=DIRECTION('center_axis',(5.05768243244989E-16,-1.,0.));
#3242=DIRECTION('ref_axis',(0.707106781186548,2.94392336003208E-16,0.707106781186548));
#3243=DIRECTION('',(-5.05768243244989E-16,1.,0.));
#3244=DIRECTION('center_axis',(0.,1.,0.));
#3245=DIRECTION('ref_axis',(0.707106781186548,2.94392336003208E-16,0.707106781186548));
#3246=DIRECTION('',(5.05768243244989E-16,-1.,0.));
#3247=DIRECTION('center_axis',(-1.,-5.05768243244989E-16,4.2700885562506E-17));
#3248=DIRECTION('ref_axis',(-5.05768243244989E-16,1.,-5.72466676738333E-27));
#3249=DIRECTION('',(-5.05768243244989E-16,1.,2.49362996373927E-47));
#3250=DIRECTION('',(-4.2700885562506E-17,0.,-1.));
#3251=DIRECTION('center_axis',(0.,-1.,0.));
#3252=DIRECTION('ref_axis',(-8.91117306011969E-16,0.,-1.));
#3253=DIRECTION('',(0.,-1.,0.));
#3254=DIRECTION('center_axis',(0.,1.,0.));
#3255=DIRECTION('ref_axis',(-8.91117306011969E-16,0.,-1.));
#3256=DIRECTION('center_axis',(-8.701496012056E-16,0.,1.));
#3257=DIRECTION('ref_axis',(1.,-2.39882041388417E-23,8.701496012056E-16));
#3258=DIRECTION('',(-4.44089209850063E-16,1.,0.));
#3259=DIRECTION('',(1.,-2.39882041388417E-23,8.701496012056E-16));
#3260=DIRECTION('center_axis',(4.44089209850063E-16,-1.,0.));
#3261=DIRECTION('ref_axis',(1.,4.44089209850063E-16,-4.93038065763133E-32));
#3262=DIRECTION('center_axis',(0.,-1.,0.));
#3263=DIRECTION('ref_axis',(1.,5.55111512312578E-16,-4.93038065763133E-32));
#3264=DIRECTION('',(4.44089209850063E-16,-1.,0.));
#3265=DIRECTION('',(-4.44089209850063E-16,1.,0.));
#3266=DIRECTION('center_axis',(0.,1.,0.));
#3267=DIRECTION('ref_axis',(1.,5.55111512312578E-16,-4.93038065763133E-32));
#3268=DIRECTION('center_axis',(8.701496012056E-16,0.,-1.));
#3269=DIRECTION('ref_axis',(-1.,2.39882041388417E-23,-8.701496012056E-16));
#3270=DIRECTION('',(0.,-1.,0.));
#3271=DIRECTION('',(-1.,2.39882041388417E-23,-8.701496012056E-16));
#3272=DIRECTION('center_axis',(0.,-1.,0.));
#3273=DIRECTION('ref_axis',(-0.0539085878812968,0.,-0.998545874836326));
#3274=DIRECTION('',(0.,-1.,0.));
#3275=DIRECTION('center_axis',(0.,-1.,0.));
#3276=DIRECTION('ref_axis',(-0.0539085878812968,0.,-0.998545874836326));
#3277=DIRECTION('center_axis',(1.,5.05768243244989E-16,-4.2700885562506E-17));
#3278=DIRECTION('ref_axis',(5.05768243244989E-16,-1.,5.72465128607916E-27));
#3279=DIRECTION('',(5.05768243244989E-16,-1.,0.));
#3280=DIRECTION('',(0.,0.,-1.));
#3281=DIRECTION('center_axis',(1.59514802388672E-15,0.,-1.));
#3282=DIRECTION('ref_axis',(-1.,0.,-1.59514802388672E-15));
#3283=DIRECTION('',(1.,0.,1.59514802388672E-15));
#3284=DIRECTION('center_axis',(-1.59514802388672E-15,0.,1.));
#3285=DIRECTION('ref_axis',(0.953939201416946,-0.3,0.));
#3286=DIRECTION('',(1.,-2.39882041388417E-23,8.701496012056E-16));
#3287=DIRECTION('',(0.,1.,0.));
#3288=DIRECTION('center_axis',(0.,-1.,0.));
#3289=DIRECTION('ref_axis',(1.,0.,0.));
#3290=DIRECTION('center_axis',(0.,-1.,0.));
#3291=DIRECTION('ref_axis',(0.707106781186548,0.,0.707106781186547));
#3292=DIRECTION('',(0.,0.,1.));
#3293=DIRECTION('',(-1.,0.,0.));
#3294=DIRECTION('',(0.,0.,1.));
#3295=DIRECTION('',(1.,0.,0.));
#3296=DIRECTION('',(0.,0.,1.));
#3297=DIRECTION('center_axis',(0.,-1.,0.));
#3298=DIRECTION('ref_axis',(0.707106781186548,0.,-0.707106781186547));
#3299=DIRECTION('',(1.,0.,0.));
#3300=DIRECTION('center_axis',(-1.,0.,0.));
#3301=DIRECTION('ref_axis',(0.,0.,1.));
#3302=DIRECTION('',(0.,0.,-1.));
#3303=DIRECTION('center_axis',(1.,0.,0.));
#3304=DIRECTION('ref_axis',(0.,-0.707106781186547,0.707106781186548));
#3305=DIRECTION('',(0.,-1.,0.));
#3306=DIRECTION('',(0.,0.,-1.));
#3307=DIRECTION('',(0.,1.,0.));
#3308=DIRECTION('',(0.,3.98272932104305E-34,-1.));
#3309=DIRECTION('',(0.,1.,0.));
#3310=DIRECTION('',(0.,0.,1.));
#3311=DIRECTION('',(0.,1.,0.));
#3312=DIRECTION('',(0.,0.,1.));
#3313=DIRECTION('',(0.,-1.,0.));
#3314=DIRECTION('center_axis',(-1.,0.,-1.59514802388672E-15));
#3315=DIRECTION('ref_axis',(0.,1.,0.));
#3316=DIRECTION('',(1.59514802388672E-15,0.,-1.));
#3317=DIRECTION('',(1.59514802388672E-15,0.,-1.));
#3318=DIRECTION('',(0.,-1.,0.));
#3319=DIRECTION('center_axis',(0.00954137165556366,0.,-0.999954480077434));
#3320=DIRECTION('ref_axis',(0.,-1.,0.));
#3321=DIRECTION('',(-0.999954480077434,0.,-0.00954137165556366));
#3322=DIRECTION('',(-0.999954480077434,0.,-0.00954137165556366));
#3323=DIRECTION('center_axis',(0.,1.,0.));
#3324=DIRECTION('ref_axis',(0.,0.,1.));
#3325=DIRECTION('',(0.,0.,1.));
#3326=DIRECTION('',(0.,0.,1.));
#3327=DIRECTION('center_axis',(0.,-1.,0.));
#3328=DIRECTION('ref_axis',(-0.707106781186546,0.,-0.707106781186549));
#3329=DIRECTION('',(1.,0.,0.));
#3330=DIRECTION('center_axis',(0.,-1.,0.));
#3331=DIRECTION('ref_axis',(0.707106781186549,0.,-0.707106781186546));
#3332=DIRECTION('',(0.,0.,1.));
#3333=DIRECTION('',(0.,0.,-1.));
#3334=DIRECTION('',(0.,0.,-1.));
#3335=DIRECTION('center_axis',(0.,-1.,0.));
#3336=DIRECTION('ref_axis',(0.707106781186548,0.,0.707106781186547));
#3337=DIRECTION('center_axis',(0.,1.,0.));
#3338=DIRECTION('ref_axis',(0.,0.,1.));
#3339=DIRECTION('center_axis',(0.,1.,0.));
#3340=DIRECTION('ref_axis',(-0.707106781186547,-3.43457725337076E-16,0.707106781186548));
#3341=DIRECTION('',(1.,0.,0.));
#3342=DIRECTION('center_axis',(0.,-1.,0.));
#3343=DIRECTION('ref_axis',(-0.707106781186547,0.,-0.707106781186548));
#3344=DIRECTION('',(0.,0.,-1.));
#3345=DIRECTION('center_axis',(0.,-1.,0.));
#3346=DIRECTION('ref_axis',(-0.707106781186545,0.,0.70710678118655));
#3347=DIRECTION('',(1.,0.,0.));
#3348=DIRECTION('center_axis',(0.,-1.,0.));
#3349=DIRECTION('ref_axis',(0.707106781186546,0.,0.707106781186549));
#3350=DIRECTION('center_axis',(0.,1.,0.));
#3351=DIRECTION('ref_axis',(-0.499999999999999,0.,-0.866025403784439));
#3352=DIRECTION('',(1.,0.,0.));
#3353=DIRECTION('center_axis',(0.,1.,0.));
#3354=DIRECTION('ref_axis',(-0.707106781186549,0.,-0.707106781186546));
#3355=DIRECTION('',(0.,0.,1.));
#3356=DIRECTION('center_axis',(0.,-1.,0.));
#3357=DIRECTION('ref_axis',(0.707106781186548,0.,0.707106781186547));
#3358=DIRECTION('',(-1.,0.,0.));
#3359=DIRECTION('',(0.,0.,-1.));
#3360=DIRECTION('',(-1.,0.,0.));
#3361=DIRECTION('',(0.,0.,-1.));
#3362=DIRECTION('',(-1.,0.,0.));
#3363=DIRECTION('center_axis',(0.,-1.,0.));
#3364=DIRECTION('ref_axis',(-0.707106781186547,0.,0.707106781186548));
#3365=DIRECTION('',(0.,0.,-1.));
#3366=DIRECTION('center_axis',(0.,-1.,0.));
#3367=DIRECTION('ref_axis',(-0.707106781186545,0.,0.70710678118655));
#3368=DIRECTION('',(1.,0.,0.));
#3369=DIRECTION('center_axis',(0.,-1.,0.));
#3370=DIRECTION('ref_axis',(0.707106781186545,0.,0.70710678118655));
#3371=DIRECTION('',(0.,0.,1.));
#3372=DIRECTION('center_axis',(0.,1.,0.));
#3373=DIRECTION('ref_axis',(-0.707106781186549,0.,-0.707106781186546));
#3374=DIRECTION('',(1.,0.,0.));
#3375=DIRECTION('center_axis',(0.,-1.,0.));
#3376=DIRECTION('ref_axis',(0.707106781186547,0.,0.707106781186548));
#3377=DIRECTION('',(-4.93038065763132E-32,0.,-1.));
#3378=DIRECTION('center_axis',(0.,-1.,0.));
#3379=DIRECTION('ref_axis',(0.707106781186547,0.,-0.707106781186548));
#3380=DIRECTION('',(-1.,0.,4.93038065763132E-32));
#3381=DIRECTION('center_axis',(0.,1.,0.));
#3382=DIRECTION('ref_axis',(-0.707106781186547,0.,0.707106781186548));
#3383=DIRECTION('',(0.,0.,1.));
#3384=DIRECTION('center_axis',(0.,-1.,0.));
#3385=DIRECTION('ref_axis',(0.707106781186548,0.,-0.707106781186548));
#3386=DIRECTION('',(1.,5.05768243244989E-16,0.));
#3387=DIRECTION('center_axis',(0.,-1.,0.));
#3388=DIRECTION('ref_axis',(1.,0.,0.));
#3389=DIRECTION('',(1.,0.,0.));
#3390=DIRECTION('center_axis',(0.,1.,0.));
#3391=DIRECTION('ref_axis',(0.707106781186548,0.,0.707106781186547));
#3392=DIRECTION('',(0.,0.,-1.));
#3393=DIRECTION('center_axis',(0.,1.,0.));
#3394=DIRECTION('ref_axis',(0.707106781186548,0.,-0.707106781186547));
#3395=DIRECTION('',(-1.,0.,0.));
#3396=DIRECTION('center_axis',(0.,1.,0.));
#3397=DIRECTION('ref_axis',(-0.707106781186548,0.,-0.707106781186547));
#3398=DIRECTION('',(0.,0.,1.));
#3399=DIRECTION('center_axis',(0.,1.,0.));
#3400=DIRECTION('ref_axis',(-0.707106781186548,0.,0.707106781186547));
#3401=DIRECTION('',(-1.,0.,0.));
#3402=DIRECTION('center_axis',(0.,-1.,0.));
#3403=DIRECTION('ref_axis',(-0.707106781186545,0.,0.70710678118655));
#3404=DIRECTION('',(1.,0.,0.));
#3405=DIRECTION('',(0.,0.,-1.));
#3406=DIRECTION('center_axis',(0.,1.,0.));
#3407=DIRECTION('ref_axis',(0.707106781186547,0.,-0.707106781186548));
#3408=DIRECTION('',(-1.,0.,0.));
#3409=DIRECTION('',(0.,0.,-1.));
#3410=DIRECTION('center_axis',(0.,-1.,0.));
#3411=DIRECTION('ref_axis',(-0.707106781186548,0.,-0.707106781186548));
#3412=DIRECTION('',(-1.,0.,4.2700885562506E-17));
#3413=DIRECTION('center_axis',(0.,1.,0.));
#3414=DIRECTION('ref_axis',(0.707106781186548,0.,-0.707106781186548));
#3415=DIRECTION('',(4.2700885562506E-17,0.,1.));
#3416=DIRECTION('center_axis',(0.,-1.,0.));
#3417=DIRECTION('ref_axis',(-0.707106781186547,0.,0.707106781186548));
#3418=DIRECTION('',(1.,0.,-4.93038065763132E-32));
#3419=DIRECTION('center_axis',(0.,1.,0.));
#3420=DIRECTION('ref_axis',(0.707106781186547,0.,-0.707106781186548));
#3421=DIRECTION('',(4.93038065763132E-32,0.,1.));
#3422=DIRECTION('center_axis',(0.,1.,0.));
#3423=DIRECTION('ref_axis',(0.707106781186547,0.,0.707106781186548));
#3424=DIRECTION('',(-1.,0.,0.));
#3425=DIRECTION('center_axis',(0.,-1.,0.));
#3426=DIRECTION('ref_axis',(-0.707106781186549,0.,-0.707106781186546));
#3427=DIRECTION('',(4.2700885562506E-17,0.,1.));
#3428=DIRECTION('center_axis',(0.,-1.,0.));
#3429=DIRECTION('ref_axis',(0.707106781186545,0.,0.70710678118655));
#3430=DIRECTION('',(1.,0.,0.));
#3431=DIRECTION('center_axis',(0.,-1.,0.));
#3432=DIRECTION('ref_axis',(0.707106781186548,0.,-0.707106781186548));
#3433=DIRECTION('',(0.,0.,1.));
#3434=DIRECTION('center_axis',(0.,1.,0.));
#3435=DIRECTION('ref_axis',(0.707106781186549,0.,0.707106781186546));
#3436=DIRECTION('',(-1.,0.,0.));
#3437=DIRECTION('center_axis',(0.,-1.,0.));
#3438=DIRECTION('ref_axis',(-0.499999999999999,0.,-0.866025403784439));
#3439=DIRECTION('center_axis',(0.,-1.,0.));
#3440=DIRECTION('ref_axis',(0.707106781186546,0.,0.707106781186549));
#3441=DIRECTION('',(-1.,0.,0.));
#3442=DIRECTION('center_axis',(0.,-1.,0.));
#3443=DIRECTION('ref_axis',(-0.707106781186545,0.,0.70710678118655));
#3444=DIRECTION('',(0.,0.,-1.));
#3445=DIRECTION('center_axis',(0.,1.,0.));
#3446=DIRECTION('ref_axis',(-0.707106781186547,0.,-0.707106781186548));
#3447=DIRECTION('center_axis',(0.,-1.,0.));
#3448=DIRECTION('ref_axis',(1.,2.80477395694776E-15,6.61744371713286E-24));
#3449=DIRECTION('center_axis',(0.,-1.,0.));
#3450=DIRECTION('ref_axis',(1.,2.80477395694776E-15,6.61744371713286E-24));
#3451=DIRECTION('center_axis',(0.,-1.,0.));
#3452=DIRECTION('ref_axis',(1.,2.80477395694776E-15,6.61744371713286E-24));
#3453=DIRECTION('center_axis',(0.,-1.,0.));
#3454=DIRECTION('ref_axis',(1.,2.80477395694776E-15,6.61744371713286E-24));
#3455=DIRECTION('center_axis',(0.,-1.,0.));
#3456=DIRECTION('ref_axis',(1.,0.,0.));
#3457=DIRECTION('center_axis',(0.,-1.,0.));
#3458=DIRECTION('ref_axis',(1.,0.,0.));
#3459=DIRECTION('center_axis',(0.,-1.,0.));
#3460=DIRECTION('ref_axis',(1.,0.,0.));
#3461=DIRECTION('center_axis',(0.,-1.,0.));
#3462=DIRECTION('ref_axis',(1.,0.,0.));
#3463=DIRECTION('center_axis',(1.,0.,0.));
#3464=DIRECTION('ref_axis',(0.,-0.707106781186547,0.707106781186548));
#3465=DIRECTION('center_axis',(-1.,0.,0.));
#3466=DIRECTION('ref_axis',(0.,-1.,0.));
#3467=DIRECTION('',(-1.,0.,0.));
#3468=DIRECTION('center_axis',(5.05768243244989E-16,-1.,0.));
#3469=DIRECTION('ref_axis',(-0.707106781186547,-3.43457725337076E-16,0.707106781186548));
#3470=DIRECTION('',(-5.05768243244989E-16,1.,0.));
#3471=DIRECTION('center_axis',(0.,-1.,0.));
#3472=DIRECTION('ref_axis',(0.531088554596093,0.,0.84731632061293));
#3473=DIRECTION('center_axis',(0.,1.,0.));
#3474=DIRECTION('ref_axis',(0.707106781186548,0.,0.707106781186547));
#3475=DIRECTION('center_axis',(0.,0.,-1.));
#3476=DIRECTION('ref_axis',(0.,-1.,0.));
#3477=DIRECTION('center_axis',(0.,1.,0.));
#3478=DIRECTION('ref_axis',(-0.707106781186547,0.,-0.707106781186548));
#3479=DIRECTION('',(0.,1.,0.));
#3480=DIRECTION('',(0.,-1.,0.));
#3481=DIRECTION('center_axis',(0.,0.,1.));
#3482=DIRECTION('ref_axis',(1.,0.,0.));
#3483=DIRECTION('',(0.,1.,0.));
#3484=DIRECTION('center_axis',(0.,-1.,0.));
#3485=DIRECTION('ref_axis',(0.707106781186548,0.,-0.707106781186548));
#3486=DIRECTION('',(0.,-1.,0.));
#3487=DIRECTION('',(0.,1.,0.));
#3488=DIRECTION('center_axis',(0.,0.,1.));
#3489=DIRECTION('ref_axis',(1.,0.,0.));
#3490=DIRECTION('',(0.,1.,0.));
#3491=DIRECTION('center_axis',(-0.816496580927726,0.408248290463863,0.408248290463862));
#3492=DIRECTION('ref_axis',(-0.577350269189626,-0.577350269189626,-0.577350269189625));
#3493=DIRECTION('center_axis',(0.,-1.11022302462516E-15,-1.));
#3494=DIRECTION('ref_axis',(0.,-1.,1.11022302462516E-15));
#3495=DIRECTION('center_axis',(0.,-1.,0.));
#3496=DIRECTION('ref_axis',(-0.707106781186546,0.,-0.707106781186549));
#3497=DIRECTION('center_axis',(-1.,0.,0.));
#3498=DIRECTION('ref_axis',(0.,-0.707106781186548,-0.707106781186547));
#3499=DIRECTION('center_axis',(0.,0.,-1.));
#3500=DIRECTION('ref_axis',(-0.707106781186548,-0.707106781186547,0.));
#3501=DIRECTION('',(0.,0.,-1.));
#3502=DIRECTION('center_axis',(0.,-1.,0.));
#3503=DIRECTION('ref_axis',(0.,0.,-1.));
#3504=DIRECTION('center_axis',(0.,0.,-1.));
#3505=DIRECTION('ref_axis',(0.,-1.,0.));
#3506=DIRECTION('center_axis',(0.,1.,0.));
#3507=DIRECTION('ref_axis',(0.707106781186548,0.,-0.707106781186547));
#3508=DIRECTION('center_axis',(0.,0.,-1.));
#3509=DIRECTION('ref_axis',(-0.707106781186548,-0.707106781186547,0.));
#3510=DIRECTION('center_axis',(2.22044604925021E-15,0.,-1.));
#3511=DIRECTION('ref_axis',(0.,-1.,0.));
#3512=DIRECTION('',(0.,0.,-1.));
#3513=DIRECTION('center_axis',(0.408248290463858,-0.816496580927721,-0.408248290463879));
#3514=DIRECTION('ref_axis',(-0.577350269189607,-0.577350269189634,0.577350269189637));
#3515=DIRECTION('center_axis',(-1.,0.,0.));
#3516=DIRECTION('ref_axis',(0.,-0.707106781186547,0.707106781186548));
#3517=DIRECTION('center_axis',(0.,-1.,0.));
#3518=DIRECTION('ref_axis',(-0.707106781186546,0.,0.707106781186549));
#3519=DIRECTION('center_axis',(-1.,0.,0.));
#3520=DIRECTION('ref_axis',(0.,-0.707106781186548,-0.707106781186547));
#3521=DIRECTION('',(1.,0.,0.));
#3522=DIRECTION('center_axis',(1.,0.,0.));
#3523=DIRECTION('ref_axis',(0.,-0.707106781186548,-0.707106781186547));
#3524=DIRECTION('center_axis',(0.,-1.,0.));
#3525=DIRECTION('ref_axis',(-0.707106781186547,0.,-0.707106781186548));
#3526=DIRECTION('',(0.,1.,0.));
#3527=DIRECTION('center_axis',(0.,1.,0.));
#3528=DIRECTION('ref_axis',(-0.707106781186547,0.,-0.707106781186548));
#3529=DIRECTION('',(0.,-1.,0.));
#3530=DIRECTION('center_axis',(-1.,0.,0.));
#3531=DIRECTION('ref_axis',(0.,0.,1.));
#3532=DIRECTION('',(0.,-1.,5.55111512312578E-17));
#3533=DIRECTION('center_axis',(0.,1.,-5.55111512312578E-17));
#3534=DIRECTION('ref_axis',(0.707106781186548,0.,0.707106781186547));
#3535=DIRECTION('center_axis',(0.408248290463863,-0.408248290463862,-0.816496580927726));
#3536=DIRECTION('ref_axis',(0.577350269189626,-0.577350269189626,0.577350269189625));
#3537=DIRECTION('center_axis',(0.,-2.22044604925031E-15,1.));
#3538=DIRECTION('ref_axis',(0.,-1.,-2.22044604925031E-15));
#3539=DIRECTION('center_axis',(0.,-1.,0.));
#3540=DIRECTION('ref_axis',(0.707106781186549,0.,0.707106781186546));
#3541=DIRECTION('center_axis',(1.,0.,0.));
#3542=DIRECTION('ref_axis',(0.,-0.707106781186547,0.707106781186548));
#3543=DIRECTION('center_axis',(0.,0.,1.));
#3544=DIRECTION('ref_axis',(0.707106781186548,-0.707106781186547,0.));
#3545=DIRECTION('center_axis',(0.,0.,1.));
#3546=DIRECTION('ref_axis',(0.,-1.,0.));
#3547=DIRECTION('',(0.,0.,1.));
#3548=DIRECTION('center_axis',(0.,-1.,0.));
#3549=DIRECTION('ref_axis',(0.,0.,-1.));
#3550=DIRECTION('center_axis',(0.,1.,0.));
#3551=DIRECTION('ref_axis',(-0.707106781186548,0.,-0.707106781186547));
#3552=DIRECTION('center_axis',(1.,0.,0.));
#3553=DIRECTION('ref_axis',(0.,0.,-1.));
#3554=DIRECTION('',(0.,-1.,0.));
#3555=DIRECTION('',(0.,1.,0.));
#3556=DIRECTION('',(0.,0.,-1.));
#3557=DIRECTION('',(0.,1.,0.));
#3558=DIRECTION('center_axis',(0.,1.,0.));
#3559=DIRECTION('ref_axis',(-0.707106781186548,0.,-0.707106781186548));
#3560=DIRECTION('center_axis',(0.,1.,3.98272932104305E-34));
#3561=DIRECTION('ref_axis',(0.,3.98272932104305E-34,-1.));
#3562=DIRECTION('center_axis',(0.,-1.,-3.98272932104305E-34));
#3563=DIRECTION('ref_axis',(-0.707106781186549,0.,0.707106781186546));
#3564=DIRECTION('',(-1.,0.,0.));
#3565=DIRECTION('center_axis',(0.,-1.,0.));
#3566=DIRECTION('ref_axis',(0.,0.,1.));
#3567=DIRECTION('center_axis',(0.,1.,0.));
#3568=DIRECTION('ref_axis',(-0.707106781186549,0.,0.707106781186546));
#3569=DIRECTION('',(-1.,0.,0.));
#3570=DIRECTION('center_axis',(0.,1.,0.));
#3571=DIRECTION('ref_axis',(-0.707106781186549,0.,0.707106781186546));
#3572=DIRECTION('',(0.,-1.,0.));
#3573=DIRECTION('center_axis',(0.,1.,0.));
#3574=DIRECTION('ref_axis',(-0.707106781186549,0.,0.707106781186546));
#3575=DIRECTION('center_axis',(0.,1.,0.));
#3576=DIRECTION('ref_axis',(-0.707106781186549,0.,0.707106781186546));
#3577=DIRECTION('center_axis',(0.,-1.,0.));
#3578=DIRECTION('ref_axis',(-0.707106781186549,0.,0.707106781186546));
#3579=DIRECTION('',(0.,-1.,0.));
#3580=DIRECTION('center_axis',(0.,1.,0.));
#3581=DIRECTION('ref_axis',(-0.707106781186547,0.,0.707106781186548));
#3582=DIRECTION('',(0.,-1.,0.));
#3583=DIRECTION('center_axis',(0.,1.,0.));
#3584=DIRECTION('ref_axis',(-0.707106781186547,0.,0.707106781186548));
#3585=DIRECTION('',(0.,-1.,0.));
#3586=DIRECTION('',(0.,-1.,0.));
#3587=DIRECTION('center_axis',(0.,1.,0.));
#3588=DIRECTION('ref_axis',(-0.707106781186548,0.,0.707106781186547));
#3589=DIRECTION('center_axis',(0.,-1.,0.));
#3590=DIRECTION('ref_axis',(-0.707106781186548,0.,0.707106781186547));
#3591=DIRECTION('',(0.,1.,0.));
#3592=DIRECTION('',(0.,-1.,0.));
#3593=DIRECTION('center_axis',(-2.80477395694776E-15,1.,0.));
#3594=DIRECTION('ref_axis',(1.,2.80477395694776E-15,6.61744371713286E-24));
#3595=DIRECTION('center_axis',(0.,1.,0.));
#3596=DIRECTION('ref_axis',(1.,2.80477395694776E-15,6.61744371713286E-24));
#3597=DIRECTION('',(-2.80477395694776E-15,1.,0.));
#3598=DIRECTION('center_axis',(0.,-1.,0.));
#3599=DIRECTION('ref_axis',(0.,0.,-1.));
#3600=DIRECTION('',(0.,0.,-1.));
#3601=DIRECTION('center_axis',(0.,-1.,0.));
#3602=DIRECTION('ref_axis',(-0.707106781186548,0.,-0.707106781186547));
#3603=DIRECTION('',(1.,0.,0.));
#3604=DIRECTION('center_axis',(0.,-1.,0.));
#3605=DIRECTION('ref_axis',(0.707106781186548,0.,-0.707106781186547));
#3606=DIRECTION('',(0.,0.,1.));
#3607=DIRECTION('center_axis',(0.,-1.,0.));
#3608=DIRECTION('ref_axis',(0.707106781186548,0.,0.707106781186547));
#3609=DIRECTION('',(-1.,0.,0.));
#3610=DIRECTION('',(0.,0.,-1.));
#3611=DIRECTION('',(1.,0.,-2.94719322334618E-16));
#3612=DIRECTION('',(-4.93038065763132E-32,0.,-1.));
#3613=DIRECTION('',(1.,0.,0.));
#3614=DIRECTION('center_axis',(0.,1.,0.));
#3615=DIRECTION('ref_axis',(0.707106781186549,0.,0.707106781186546));
#3616=DIRECTION('',(0.,0.,-1.));
#3617=DIRECTION('',(1.,0.,0.));
#3618=DIRECTION('',(0.,0.,-1.));
#3619=DIRECTION('center_axis',(0.,1.,0.));
#3620=DIRECTION('ref_axis',(0.707106781186549,0.,-0.707106781186546));
#3621=DIRECTION('',(-1.,0.,0.));
#3622=DIRECTION('center_axis',(0.,-1.,0.));
#3623=DIRECTION('ref_axis',(-0.707106781186548,0.,0.707106781186548));
#3624=DIRECTION('',(0.,0.,-1.));
#3625=DIRECTION('center_axis',(0.,1.,0.));
#3626=DIRECTION('ref_axis',(0.707106781186549,0.,-0.707106781186546));
#3627=DIRECTION('',(-1.,0.,0.));
#3628=DIRECTION('center_axis',(0.,1.,0.));
#3629=DIRECTION('ref_axis',(-0.707106781186546,0.,-0.707106781186549));
#3630=DIRECTION('',(0.,0.,1.));
#3631=DIRECTION('center_axis',(0.,-1.,0.));
#3632=DIRECTION('ref_axis',(1.,0.,0.));
#3633=DIRECTION('',(-1.,0.,0.));
#3634=DIRECTION('center_axis',(0.,1.,0.));
#3635=DIRECTION('ref_axis',(-0.707106781186549,0.,-0.707106781186546));
#3636=DIRECTION('',(1.,0.,0.));
#3637=DIRECTION('center_axis',(0.,-1.,0.));
#3638=DIRECTION('ref_axis',(0.707106781186547,0.,-0.707106781186548));
#3639=DIRECTION('',(0.,0.,1.));
#3640=DIRECTION('',(1.,0.,-2.94719322334618E-16));
#3641=DIRECTION('',(0.,0.,1.));
#3642=DIRECTION('',(-1.,0.,0.));
#3643=DIRECTION('center_axis',(0.,1.,0.));
#3644=DIRECTION('ref_axis',(1.,2.80477395694776E-15,6.61744371713286E-24));
#3645=DIRECTION('center_axis',(0.,1.,0.));
#3646=DIRECTION('ref_axis',(1.,2.80477395694776E-15,6.61744371713286E-24));
#3647=DIRECTION('center_axis',(0.,1.,0.));
#3648=DIRECTION('ref_axis',(1.,2.80477395694776E-15,6.61744371713286E-24));
#3649=DIRECTION('center_axis',(0.,0.,1.));
#3650=DIRECTION('ref_axis',(1.,0.,0.));
#3651=DIRECTION('',(-1.,0.,0.));
#3652=DIRECTION('center_axis',(0.,0.,1.));
#3653=DIRECTION('ref_axis',(0.99498743710662,-0.0999999999999998,0.));
#3654=DIRECTION('',(0.,-1.,0.));
#3655=DIRECTION('center_axis',(1.,0.,0.));
#3656=DIRECTION('ref_axis',(0.,0.,-1.));
#3657=DIRECTION('',(0.,-1.,0.));
#3658=DIRECTION('',(0.,0.,1.));
#3659=DIRECTION('',(0.,1.,0.));
#3660=DIRECTION('',(0.,1.,0.));
#3661=DIRECTION('',(-4.93038065763132E-32,7.58520179583535E-32,-1.));
#3662=DIRECTION('',(0.,-1.,0.));
#3663=DIRECTION('',(0.,1.,0.));
#3664=DIRECTION('center_axis',(0.,-1.,0.));
#3665=DIRECTION('ref_axis',(0.707106781186549,0.,0.707106781186546));
#3666=DIRECTION('',(0.,1.,0.));
#3667=DIRECTION('center_axis',(0.,-1.,0.));
#3668=DIRECTION('ref_axis',(0.707106781186549,0.,0.707106781186546));
#3669=DIRECTION('',(0.,-1.,0.));
#3670=DIRECTION('center_axis',(-2.80477395694776E-15,1.,0.));
#3671=DIRECTION('ref_axis',(1.,2.80477395694776E-15,6.61744371713286E-24));
#3672=DIRECTION('',(-2.80477395694776E-15,1.,0.));
#3673=DIRECTION('center_axis',(0.,-1.,0.));
#3674=DIRECTION('ref_axis',(0.707106781186548,0.,-0.707106781186548));
#3675=DIRECTION('center_axis',(1.,0.,0.));
#3676=DIRECTION('ref_axis',(0.,0.,-1.));
#3677=DIRECTION('',(0.,0.,1.));
#3678=DIRECTION('',(0.,1.,0.));
#3679=DIRECTION('center_axis',(1.,0.,0.));
#3680=DIRECTION('ref_axis',(0.,-0.707106781186547,0.707106781186548));
#3681=DIRECTION('',(0.,1.,0.));
#3682=DIRECTION('center_axis',(0.,1.,0.));
#3683=DIRECTION('ref_axis',(0.,0.,1.));
#3684=DIRECTION('',(1.,0.,0.));
#3685=DIRECTION('',(0.,0.,1.));
#3686=DIRECTION('center_axis',(0.,1.,0.));
#3687=DIRECTION('ref_axis',(-0.707106781186546,0.,0.707106781186549));
#3688=DIRECTION('',(-1.,0.,0.));
#3689=DIRECTION('center_axis',(0.,1.,0.));
#3690=DIRECTION('ref_axis',(1.,0.,0.));
#3691=DIRECTION('center_axis',(-1.,0.,0.));
#3692=DIRECTION('ref_axis',(0.,0.,-1.));
#3693=DIRECTION('',(0.,-1.,0.));
#3694=DIRECTION('center_axis',(0.,-1.,0.));
#3695=DIRECTION('ref_axis',(-0.499999999999999,0.,-0.866025403784439));
#3696=DIRECTION('',(0.,1.,0.));
#3697=DIRECTION('',(0.,-1.,0.));
#3698=DIRECTION('center_axis',(0.,0.,1.));
#3699=DIRECTION('ref_axis',(0.,-1.,0.));
#3700=DIRECTION('',(0.,1.,0.));
#3701=DIRECTION('',(-1.,0.,0.));
#3702=DIRECTION('',(0.,-1.,0.));
#3703=DIRECTION('center_axis',(0.,-1.,0.));
#3704=DIRECTION('ref_axis',(0.707106781186549,0.,0.707106781186546));
#3705=DIRECTION('center_axis',(0.,-1.,0.));
#3706=DIRECTION('ref_axis',(0.707106781186549,0.,0.707106781186546));
#3707=DIRECTION('center_axis',(0.,-1.,0.));
#3708=DIRECTION('ref_axis',(-0.707106781186549,0.,-0.707106781186546));
#3709=DIRECTION('center_axis',(0.,1.,0.));
#3710=DIRECTION('ref_axis',(-0.707106781186549,0.,-0.707106781186546));
#3711=DIRECTION('',(0.,1.,0.));
#3712=DIRECTION('center_axis',(-1.,0.,0.));
#3713=DIRECTION('ref_axis',(0.,0.,1.));
#3714=DIRECTION('',(0.,0.,1.));
#3715=DIRECTION('',(0.,-1.,0.));
#3716=DIRECTION('center_axis',(0.,1.,0.));
#3717=DIRECTION('ref_axis',(0.,0.,1.));
#3718=DIRECTION('',(1.,-2.39882041388417E-23,-4.47670574445622E-17));
#3719=DIRECTION('center_axis',(0.,-1.,0.));
#3720=DIRECTION('ref_axis',(0.707106781186548,0.,0.707106781186547));
#3721=DIRECTION('center_axis',(0.,-1.,0.));
#3722=DIRECTION('ref_axis',(0.707106781186548,0.,0.707106781186547));
#3723=DIRECTION('',(0.,1.,0.));
#3724=DIRECTION('center_axis',(2.94719322334618E-16,0.,1.));
#3725=DIRECTION('ref_axis',(1.,0.,-2.94719322334618E-16));
#3726=DIRECTION('',(0.,-1.,0.));
#3727=DIRECTION('center_axis',(2.94719322334618E-16,0.,1.));
#3728=DIRECTION('ref_axis',(1.55431223447522E-15,-1.,0.));
#3729=DIRECTION('center_axis',(0.,0.,-1.));
#3730=DIRECTION('ref_axis',(1.55431223447522E-15,-1.,0.));
#3731=DIRECTION('',(0.,0.,-1.));
#3732=DIRECTION('center_axis',(0.,0.,-1.));
#3733=DIRECTION('ref_axis',(1.55431223447522E-15,-1.,0.));
#3734=DIRECTION('center_axis',(0.,1.,0.));
#3735=DIRECTION('ref_axis',(0.707106781186546,0.,0.707106781186549));
#3736=DIRECTION('',(0.,1.,0.));
#3737=DIRECTION('center_axis',(0.,0.,1.));
#3738=DIRECTION('ref_axis',(1.,0.,0.));
#3739=DIRECTION('center_axis',(0.,0.,-1.));
#3740=DIRECTION('ref_axis',(-0.99498743710662,-0.0999999999999998,0.));
#3741=DIRECTION('center_axis',(0.,-1.,0.));
#3742=DIRECTION('ref_axis',(-0.707106781186549,0.,-0.707106781186546));
#3743=DIRECTION('',(0.,1.,0.));
#3744=DIRECTION('',(0.,-1.,0.));
#3745=DIRECTION('center_axis',(0.,0.,1.));
#3746=DIRECTION('ref_axis',(1.,0.,0.));
#3747=DIRECTION('',(0.,1.,0.));
#3748=DIRECTION('center_axis',(0.,1.,0.));
#3749=DIRECTION('ref_axis',(0.707106781186547,0.,0.707106781186548));
#3750=DIRECTION('',(0.,-1.,0.));
#3751=DIRECTION('center_axis',(0.,1.,0.));
#3752=DIRECTION('ref_axis',(0.707106781186547,0.,-0.707106781186548));
#3753=DIRECTION('',(0.,-1.,0.));
#3754=DIRECTION('',(0.,1.,0.));
#3755=DIRECTION('center_axis',(1.,0.,-4.93038065763132E-32));
#3756=DIRECTION('ref_axis',(-4.93038065763132E-32,-1.02742723897477E-39,
-1.));
#3757=DIRECTION('center_axis',(0.,1.,0.));
#3758=DIRECTION('ref_axis',(-0.707106781186547,0.,0.707106781186548));
#3759=DIRECTION('',(0.,1.,0.));
#3760=DIRECTION('center_axis',(-4.93038065763132E-32,0.,-1.));
#3761=DIRECTION('ref_axis',(-1.,2.39882041388417E-23,4.93038065763132E-32));
#3762=DIRECTION('center_axis',(-1.,0.,0.));
#3763=DIRECTION('ref_axis',(0.,0.,-1.));
#3764=DIRECTION('',(0.,-1.,0.));
#3765=DIRECTION('center_axis',(-2.80477395694776E-15,1.,0.));
#3766=DIRECTION('ref_axis',(1.,2.80477395694776E-15,6.61744371713286E-24));
#3767=DIRECTION('',(-2.80477395694776E-15,1.,0.));
#3768=DIRECTION('center_axis',(-2.80477395694776E-15,1.,0.));
#3769=DIRECTION('ref_axis',(1.,2.80477395694776E-15,6.61744371713286E-24));
#3770=DIRECTION('',(-2.80477395694776E-15,1.,0.));
#3771=DIRECTION('center_axis',(0.,-1.,0.));
#3772=DIRECTION('ref_axis',(-0.707106781186546,0.,0.707106781186549));
#3773=DIRECTION('',(0.,1.,0.));
#3774=DIRECTION('center_axis',(0.,-1.,0.));
#3775=DIRECTION('ref_axis',(0.707106781186549,0.,0.707106781186546));
#3776=DIRECTION('center_axis',(0.,1.,0.));
#3777=DIRECTION('ref_axis',(0.707106781186549,0.,0.707106781186546));
#3778=DIRECTION('',(0.,-1.,0.));
#3779=DIRECTION('center_axis',(0.,-1.,0.));
#3780=DIRECTION('ref_axis',(0.707106781186549,0.,-0.707106781186546));
#3781=DIRECTION('',(0.,-1.,0.));
#3782=DIRECTION('',(0.,-1.,0.));
#3783=DIRECTION('center_axis',(0.,0.,-1.));
#3784=DIRECTION('ref_axis',(-1.,0.,0.));
#3785=DIRECTION('',(0.,-1.,0.));
#3786=DIRECTION('center_axis',(0.,-1.,0.));
#3787=DIRECTION('ref_axis',(-0.707106781186546,0.,-0.707106781186549));
#3788=DIRECTION('',(0.,-1.,0.));
#3789=DIRECTION('center_axis',(-1.,0.,0.));
#3790=DIRECTION('ref_axis',(0.,0.,1.));
#3791=DIRECTION('',(0.,-1.,0.));
#3792=DIRECTION('center_axis',(1.,0.,0.));
#3793=DIRECTION('ref_axis',(0.,0.,-1.));
#3794=DIRECTION('',(0.,-1.,0.));
#3795=DIRECTION('center_axis',(0.,0.,-1.));
#3796=DIRECTION('ref_axis',(0.953939201416946,-0.3,0.));
#3797=DIRECTION('',(0.,0.,-1.));
#3798=DIRECTION('center_axis',(0.,0.,-1.));
#3799=DIRECTION('ref_axis',(-1.,0.,0.));
#3800=DIRECTION('',(-1.,0.,0.));
#3801=DIRECTION('',(-1.,0.,0.));
#3802=DIRECTION('center_axis',(0.,1.,0.));
#3803=DIRECTION('ref_axis',(0.,0.,1.));
#3804=DIRECTION('',(0.,0.,-1.));
#3805=DIRECTION('center_axis',(0.,1.,0.));
#3806=DIRECTION('ref_axis',(1.,0.,0.));
#3807=DIRECTION('center_axis',(0.,-1.,0.));
#3808=DIRECTION('ref_axis',(-0.707106781186548,0.,0.707106781186548));
#3809=DIRECTION('',(0.,-1.,0.));
#3810=DIRECTION('center_axis',(0.,1.,0.));
#3811=DIRECTION('ref_axis',(-0.707106781186548,0.,0.707106781186548));
#3812=DIRECTION('center_axis',(0.,-1.,0.));
#3813=DIRECTION('ref_axis',(1.,0.,0.));
#3814=DIRECTION('center_axis',(0.,1.,0.));
#3815=DIRECTION('ref_axis',(1.,0.,0.));
#3816=DIRECTION('',(0.,-1.,0.));
#3817=DIRECTION('center_axis',(0.,1.,0.));
#3818=DIRECTION('ref_axis',(0.,0.,1.));
#3819=DIRECTION('center_axis',(0.,1.,0.));
#3820=DIRECTION('ref_axis',(-0.707106781186549,0.,-0.707106781186546));
#3821=DIRECTION('',(1.,0.,0.));
#3822=DIRECTION('center_axis',(0.,1.,0.));
#3823=DIRECTION('ref_axis',(1.,0.,0.));
#3824=DIRECTION('center_axis',(0.,0.,-1.));
#3825=DIRECTION('ref_axis',(-1.,0.,0.));
#3826=DIRECTION('',(0.,1.,0.));
#3827=DIRECTION('center_axis',(0.,-1.,0.));
#3828=DIRECTION('ref_axis',(-0.707106781186549,0.,-0.707106781186546));
#3829=DIRECTION('center_axis',(1.,0.,0.));
#3830=DIRECTION('ref_axis',(0.,0.,1.));
#3831=DIRECTION('',(0.,1.,0.));
#3832=DIRECTION('center_axis',(-1.,0.,0.));
#3833=DIRECTION('ref_axis',(0.,-0.707106781186547,0.707106781186548));
#3834=DIRECTION('',(-1.,0.,0.));
#3835=DIRECTION('center_axis',(0.,0.,1.));
#3836=DIRECTION('ref_axis',(-0.953939201416946,-0.3,0.));
#3837=DIRECTION('',(0.,0.,1.));
#3838=DIRECTION('center_axis',(0.,0.,-1.));
#3839=DIRECTION('ref_axis',(-1.,0.,0.));
#3840=DIRECTION('center_axis',(1.,0.,0.));
#3841=DIRECTION('ref_axis',(0.,0.,-1.));
#3842=DIRECTION('',(0.,0.,-1.));
#3843=DIRECTION('',(0.,1.,0.));
#3844=DIRECTION('',(0.,-1.,0.));
#3845=DIRECTION('center_axis',(0.,1.,0.));
#3846=DIRECTION('ref_axis',(0.,0.,1.));
#3847=DIRECTION('',(-1.,0.,0.));
#3848=DIRECTION('center_axis',(0.,1.,0.));
#3849=DIRECTION('ref_axis',(0.707106781186549,0.,-0.707106781186546));
#3850=DIRECTION('',(-1.,0.,0.));
#3851=DIRECTION('center_axis',(0.,-1.,0.));
#3852=DIRECTION('ref_axis',(1.,0.,0.));
#3853=DIRECTION('center_axis',(0.,0.,1.));
#3854=DIRECTION('ref_axis',(1.,0.,0.));
#3855=DIRECTION('center_axis',(0.,0.,-1.));
#3856=DIRECTION('ref_axis',(-1.,0.,0.));
#3857=DIRECTION('',(0.,-1.,0.));
#3858=DIRECTION('center_axis',(0.,1.,0.));
#3859=DIRECTION('ref_axis',(0.707106781186549,0.,-0.707106781186546));
#3860=DIRECTION('center_axis',(0.,1.,0.));
#3861=DIRECTION('ref_axis',(0.707106781186547,0.,-0.707106781186548));
#3862=DIRECTION('',(0.,1.,0.));
#3863=DIRECTION('center_axis',(2.94719322334618E-16,0.,1.));
#3864=DIRECTION('ref_axis',(1.,0.,-2.94719322334618E-16));
#3865=DIRECTION('center_axis',(2.94719322334618E-16,0.,1.));
#3866=DIRECTION('ref_axis',(1.55431223447522E-15,-1.,0.));
#3867=DIRECTION('',(0.,-1.,0.));
#3868=DIRECTION('center_axis',(2.94719322334618E-16,0.,1.));
#3869=DIRECTION('ref_axis',(1.,0.,-2.94719322334618E-16));
#3870=DIRECTION('center_axis',(2.94719322334618E-16,0.,1.));
#3871=DIRECTION('ref_axis',(1.55431223447522E-15,-1.,0.));
#3872=DIRECTION('center_axis',(1.,0.,0.));
#3873=DIRECTION('ref_axis',(0.,0.,-1.));
#3874=DIRECTION('',(0.,1.,0.));
#3875=DIRECTION('',(2.94719322334618E-16,0.,1.));
#3876=DIRECTION('center_axis',(0.,1.,0.));
#3877=DIRECTION('ref_axis',(2.94719322334618E-16,0.,1.));
#3878=DIRECTION('center_axis',(0.,-1.,0.));
#3879=DIRECTION('ref_axis',(-0.707106781186545,0.,0.70710678118655));
#3880=DIRECTION('',(1.,0.,0.));
#3881=DIRECTION('center_axis',(0.,0.,1.));
#3882=DIRECTION('ref_axis',(0.,-1.,0.));
#3883=DIRECTION('',(0.,1.,0.));
#3884=DIRECTION('center_axis',(0.,0.,-1.));
#3885=DIRECTION('ref_axis',(0.99498743710662,-0.0999999999999998,0.));
#3886=DIRECTION('center_axis',(0.,0.,1.));
#3887=DIRECTION('ref_axis',(-0.99498743710662,-0.0999999999999998,0.));
#3888=DIRECTION('center_axis',(-1.,0.,0.));
#3889=DIRECTION('ref_axis',(0.,0.,-1.));
#3890=DIRECTION('',(0.,-1.,0.));
#3891=DIRECTION('center_axis',(0.,-1.,0.));
#3892=DIRECTION('ref_axis',(0.707106781186548,0.,0.707106781186547));
#3893=DIRECTION('',(0.,1.,0.));
#3894=DIRECTION('',(0.,-1.,0.));
#3895=DIRECTION('center_axis',(1.,0.,0.));
#3896=DIRECTION('ref_axis',(0.,0.,1.));
#3897=DIRECTION('',(0.,-1.,0.));
#3898=DIRECTION('center_axis',(0.,1.,0.));
#3899=DIRECTION('ref_axis',(0.707106781186548,0.,-0.707106781186547));
#3900=DIRECTION('',(0.,1.,0.));
#3901=DIRECTION('center_axis',(0.,0.,1.));
#3902=DIRECTION('ref_axis',(1.,0.,0.));
#3903=DIRECTION('',(0.,-1.,0.));
#3904=DIRECTION('center_axis',(0.,-1.,0.));
#3905=DIRECTION('ref_axis',(-0.707106781186548,0.,-0.707106781186547));
#3906=DIRECTION('',(0.,1.,0.));
#3907=DIRECTION('center_axis',(-1.,0.,0.));
#3908=DIRECTION('ref_axis',(0.,0.,-1.));
#3909=DIRECTION('center_axis',(0.,0.,-1.));
#3910=DIRECTION('ref_axis',(-1.,0.,0.));
#3911=DIRECTION('',(0.,-1.,0.));
#3912=DIRECTION('center_axis',(0.,0.,-1.));
#3913=DIRECTION('ref_axis',(1.55431223447522E-15,-1.,0.));
#3914=DIRECTION('center_axis',(1.,0.,0.));
#3915=DIRECTION('ref_axis',(0.,0.,1.));
#3916=DIRECTION('',(0.,0.,1.));
#3917=DIRECTION('center_axis',(0.,0.,-1.));
#3918=DIRECTION('ref_axis',(1.55431223447522E-15,-1.,0.));
#3919=DIRECTION('center_axis',(0.,-1.,0.));
#3920=DIRECTION('ref_axis',(1.,0.,0.));
#3921=DIRECTION('',(0.,-1.,0.));
#3922=DIRECTION('center_axis',(-1.,0.,0.));
#3923=DIRECTION('ref_axis',(0.,-0.707106781186547,0.707106781186548));
#3924=DIRECTION('center_axis',(0.,-1.,0.));
#3925=DIRECTION('ref_axis',(1.,0.,0.));
#3926=DIRECTION('',(0.,-1.,0.));
#3927=DIRECTION('center_axis',(0.,-1.,0.));
#3928=DIRECTION('ref_axis',(1.,0.,0.));
#3929=DIRECTION('',(0.,-1.,0.));
#3930=DIRECTION('center_axis',(0.,-1.,0.));
#3931=DIRECTION('ref_axis',(1.,0.,0.));
#3932=DIRECTION('',(0.,-1.,0.));
#3933=DIRECTION('center_axis',(0.,1.,0.));
#3934=DIRECTION('ref_axis',(0.707106781186545,0.,0.70710678118655));
#3935=DIRECTION('',(0.,1.,0.));
#3936=DIRECTION('center_axis',(0.,0.,1.));
#3937=DIRECTION('ref_axis',(1.,0.,0.));
#3938=DIRECTION('',(0.,-1.,0.));
#3939=DIRECTION('center_axis',(0.,1.,0.));
#3940=DIRECTION('ref_axis',(-0.707106781186545,0.,0.70710678118655));
#3941=DIRECTION('center_axis',(0.,1.,0.));
#3942=DIRECTION('ref_axis',(-0.707106781186545,0.,0.70710678118655));
#3943=DIRECTION('',(0.,-1.,0.));
#3944=DIRECTION('center_axis',(0.,0.,1.));
#3945=DIRECTION('ref_axis',(1.,0.,0.));
#3946=DIRECTION('center_axis',(0.,0.642787609686539,0.766044443118978));
#3947=DIRECTION('ref_axis',(1.,0.,0.));
#3948=DIRECTION('',(4.33875843458409E-16,-0.766044443118978,0.642787609686539));
#3949=DIRECTION('',(1.,0.,0.));
#3950=DIRECTION('',(0.,-0.766044443118978,0.642787609686539));
#3951=DIRECTION('',(1.,9.32704150880686E-18,-7.82631709001502E-18));
#3952=DIRECTION('center_axis',(-1.,0.,0.));
#3953=DIRECTION('ref_axis',(0.,0.,1.));
#3954=DIRECTION('',(0.,1.,0.));
#3955=DIRECTION('',(0.,3.98272932104305E-34,-1.));
#3956=DIRECTION('',(0.,0.,1.));
#3957=DIRECTION('center_axis',(9.32704150880686E-18,-1.,-3.98272932104305E-34));
#3958=DIRECTION('ref_axis',(-1.,-9.32704150880686E-18,4.16333634234626E-17));
#3959=DIRECTION('',(1.,9.32704150880686E-18,0.));
#3960=DIRECTION('',(-7.98951514554661E-17,-3.46912461873237E-34,-1.));
#3961=DIRECTION('center_axis',(-1.,-4.99344696596663E-16,7.98951514554661E-17));
#3962=DIRECTION('ref_axis',(7.98951514554661E-17,0.,1.));
#3963=DIRECTION('',(-5.05768243244989E-16,1.,0.));
#3964=DIRECTION('',(7.98951514554661E-17,0.,1.));
#3965=DIRECTION('center_axis',(0.,-1.,0.));
#3966=DIRECTION('ref_axis',(0.,0.,-1.));
#3967=DIRECTION('',(-1.,0.,0.));
#3968=DIRECTION('center_axis',(0.,0.,-1.));
#3969=DIRECTION('ref_axis',(0.,-1.,0.));
#3970=DIRECTION('',(4.16333634234625E-17,5.72476358918888E-27,0.999999999999997));
#3971=DIRECTION('',(1.,-5.05768267237154E-16,4.93038065763134E-32));
#3972=CARTESIAN_POINT('',(0.,0.,0.));
#3973=CARTESIAN_POINT('',(0.,0.,0.));
#3974=CARTESIAN_POINT('Ctrl Pts',(11.2999997094274,-0.299999999999999,2.685015836071));
#3975=CARTESIAN_POINT('Ctrl Pts',(11.2989456202122,-0.303162267646245,2.685015836071));
#3976=CARTESIAN_POINT('Ctrl Pts',(11.2978905357704,-0.306326479872563,2.68503113047605));
#3977=CARTESIAN_POINT('Ctrl Pts',(11.2030181599909,-0.591035013815727,2.68717817063907));
#3978=CARTESIAN_POINT('Ctrl Pts',(11.0739134624637,-0.970053950576825,2.83693034329593));
#3979=CARTESIAN_POINT('Ctrl Pts',(10.7190744116985,-1.25123641714914,3.21382785435873));
#3980=CARTESIAN_POINT('Ctrl Pts',(10.5327824650297,-1.3,3.39178860708557));
#3981=CARTESIAN_POINT('Ctrl Pts',(10.4282199207192,-1.3,3.48501583607101));
#3982=CARTESIAN_POINT('Ctrl Pts',(11.2999997094274,-0.299999999999999,2.685015836071));
#3983=CARTESIAN_POINT('Ctrl Pts',(11.2987628823379,-0.302681572754663,2.6850365792357));
#3984=CARTESIAN_POINT('Ctrl Pts',(11.2975940417376,-0.305361550236599,2.68500194225802));
#3985=CARTESIAN_POINT('Ctrl Pts',(11.1869346164831,-0.546685167251256,2.68773064000807));
#3986=CARTESIAN_POINT('Ctrl Pts',(11.044537275176,-0.868892930062357,2.7751605172996));
#3987=CARTESIAN_POINT('Ctrl Pts',(10.7109425072395,-1.18275987192683,3.03539363743791));
#3988=CARTESIAN_POINT('Ctrl Pts',(10.5324163866953,-1.2720720133549,3.17039384991898));
#3989=CARTESIAN_POINT('Ctrl Pts',(10.4282199207192,-1.3,3.2456563957975));
#3990=CARTESIAN_POINT('Ctrl Pts',(11.2999997094274,-0.299999999999999,2.685015836071));
#3991=CARTESIAN_POINT('Ctrl Pts',(11.2984985046602,-0.301840973382936,2.68501675303916));
#3992=CARTESIAN_POINT('Ctrl Pts',(11.297016144065,-0.303670562399002,2.68501607595831));
#3993=CARTESIAN_POINT('Ctrl Pts',(11.1616442645874,-0.469359976444007,2.68549841790396));
#3994=CARTESIAN_POINT('Ctrl Pts',(10.9874044865552,-0.688480168071348,2.70479682914856));
#3995=CARTESIAN_POINT('Ctrl Pts',(10.678086662884,-0.954782654665872,2.77090952583598));
#3996=CARTESIAN_POINT('Ctrl Pts',(10.5212932034828,-1.05463031417364,2.80850861407429));
#3997=CARTESIAN_POINT('Ctrl Pts',(10.4282199207192,-1.09923611979739,2.8310885555235));
#3998=CARTESIAN_POINT('Ctrl Pts',(11.2999997094274,-0.299999999999999,2.685015836071));
#3999=CARTESIAN_POINT('Ctrl Pts',(11.2982174084697,-0.300994823019613,2.685015836071));
#4000=CARTESIAN_POINT('Ctrl Pts',(11.296452467571,-0.301987103139667,2.68501583607101));
#4001=CARTESIAN_POINT('Ctrl Pts',(11.1359484081176,-0.391529700998049,2.68501583607098));
#4002=CARTESIAN_POINT('Ctrl Pts',(10.9259924387185,-0.510355243231458,2.68501583607101));
#4003=CARTESIAN_POINT('Ctrl Pts',(10.6279668572121,-0.629525210860037,2.685015836071));
#4004=CARTESIAN_POINT('Ctrl Pts',(10.4976211679467,-0.666170021519566,2.685015836071));
#4005=CARTESIAN_POINT('Ctrl Pts',(10.4282199207192,-0.67951958020513,2.685015836071));
#4006=CARTESIAN_POINT('Ctrl Pts',(11.2999997094274,-0.299999999999999,2.685015836071));
#4007=CARTESIAN_POINT('Ctrl Pts',(11.2981023488397,-0.300632453529351,2.685015836071));
#4008=CARTESIAN_POINT('Ctrl Pts',(11.2962055413582,-0.301265295974533,2.68501583607101));
#4009=CARTESIAN_POINT('Ctrl Pts',(11.1251502459948,-0.358207002761046,2.68501583607098));
#4010=CARTESIAN_POINT('Ctrl Pts',(10.899753633772,-0.434010790115492,2.68501583607101));
#4011=CARTESIAN_POINT('Ctrl Pts',(10.606514982511,-0.490247283429445,2.685015836071));
#4012=CARTESIAN_POINT('Ctrl Pts',(10.4876304572593,-0.499999999999999,2.685015836071));
#4013=CARTESIAN_POINT('Ctrl Pts',(10.4282199207192,-0.499999999999999,2.685015836071));
#4014=CARTESIAN_POINT('',(10.4282199207192,-1.3,3.48501583607101));
#4015=CARTESIAN_POINT('',(10.4282199207192,-0.499999999999999,2.685015836071));
#4016=CARTESIAN_POINT('Origin',(10.4282199207192,-0.499999999999999,3.48501583607101));
#4017=CARTESIAN_POINT('',(11.2999997094274,-0.299999999999999,2.685015836071));
#4018=CARTESIAN_POINT('Ctrl Pts',(10.4282199207192,-0.499999999999999,2.685015836071));
#4019=CARTESIAN_POINT('Ctrl Pts',(10.4876304572593,-0.499999999999999,2.685015836071));
#4020=CARTESIAN_POINT('Ctrl Pts',(10.606514982511,-0.490247283429445,2.685015836071));
#4021=CARTESIAN_POINT('Ctrl Pts',(10.899753633772,-0.434010790115492,2.68501583607101));
#4022=CARTESIAN_POINT('Ctrl Pts',(11.1251502459948,-0.358207002761046,2.68501583607098));
#4023=CARTESIAN_POINT('Ctrl Pts',(11.2962055413582,-0.301265295974533,2.68501583607101));
#4024=CARTESIAN_POINT('Ctrl Pts',(11.2981023488397,-0.300632453529351,2.685015836071));
#4025=CARTESIAN_POINT('Ctrl Pts',(11.2999997094274,-0.299999999999999,2.685015836071));
#4026=CARTESIAN_POINT('Ctrl Pts',(11.2999997094274,-0.299999999999999,2.685015836071));
#4027=CARTESIAN_POINT('Ctrl Pts',(11.2989456202122,-0.303162267646245,2.685015836071));
#4028=CARTESIAN_POINT('Ctrl Pts',(11.2978905357704,-0.306326479872563,2.68503113047605));
#4029=CARTESIAN_POINT('Ctrl Pts',(11.2030181599909,-0.591035013815727,2.68717817063907));
#4030=CARTESIAN_POINT('Ctrl Pts',(11.0739134624637,-0.970053950576825,2.83693034329593));
#4031=CARTESIAN_POINT('Ctrl Pts',(10.7190744116985,-1.25123641714914,3.21382785435873));
#4032=CARTESIAN_POINT('Ctrl Pts',(10.5327824650297,-1.3,3.39178860708557));
#4033=CARTESIAN_POINT('Ctrl Pts',(10.4282199207192,-1.3,3.48501583607101));
#4034=CARTESIAN_POINT('Origin',(4.84907331163173,-0.499999999999999,3.48501583607101));
#4035=CARTESIAN_POINT('',(-0.321937097788845,-1.3,3.48501583607101));
#4036=CARTESIAN_POINT('',(-0.555752183503475,-1.28599233498821,3.33596534348619));
#4037=CARTESIAN_POINT('Ctrl Pts',(-0.321937097788845,-1.3,3.48501583607101));
#4038=CARTESIAN_POINT('Ctrl Pts',(-0.323963049865501,-1.3,3.48371194902659));
#4039=CARTESIAN_POINT('Ctrl Pts',(-0.325989154042096,-1.29999681227246,
3.48240828642279));
#4040=CARTESIAN_POINT('Ctrl Pts',(-0.40364675711995,-1.29975259275657,3.43245316778578));
#4041=CARTESIAN_POINT('Ctrl Pts',(-0.479876942235869,-1.29507652322483,
3.38386925980168));
#4042=CARTESIAN_POINT('Ctrl Pts',(-0.555752183503456,-1.28599233498821,
3.33596534348616));
#4043=CARTESIAN_POINT('',(-0.110772292992474,-0.499999999999999,2.685015836071));
#4044=CARTESIAN_POINT('Ctrl Pts',(-0.555752183503371,-1.28599233498818,
3.33596534348603));
#4045=CARTESIAN_POINT('Ctrl Pts',(-0.540853749045951,-1.28194094801106,
3.31460104569096));
#4046=CARTESIAN_POINT('Ctrl Pts',(-0.526057125123656,-1.277006722723,3.29333946147073));
#4047=CARTESIAN_POINT('Ctrl Pts',(-0.464965426453296,-1.25273818708365,
3.20538251032397));
#4048=CARTESIAN_POINT('Ctrl Pts',(-0.419858349992943,-1.22534753542462,
3.14001249220739));
#4049=CARTESIAN_POINT('Ctrl Pts',(-0.319935548931352,-1.13935320745393,
2.99441080823358));
#4050=CARTESIAN_POINT('Ctrl Pts',(-0.26751241302334,-1.07323715966631,2.91736027379688));
#4051=CARTESIAN_POINT('Ctrl Pts',(-0.187807059748487,-0.921833111497955,
2.79963368412026));
#4052=CARTESIAN_POINT('Ctrl Pts',(-0.158418943311492,-0.842183544856226,
2.75597093303075));
#4053=CARTESIAN_POINT('Ctrl Pts',(-0.120353130874164,-0.673203518431443,
2.69932375733792));
#4054=CARTESIAN_POINT('Ctrl Pts',(-0.110772292992506,-0.587377807388493,
2.685015836071));
#4055=CARTESIAN_POINT('Ctrl Pts',(-0.110772292992506,-0.499999999999999,
2.685015836071));
#4056=CARTESIAN_POINT('',(4.84907331163173,-0.499999999999999,2.685015836071));
#4057=CARTESIAN_POINT('',(4.84907331163173,-1.3,3.48501583607101));
#4058=CARTESIAN_POINT('Origin',(-11.604010795885,-0.499999999999999,7.40528327953573));
#4059=CARTESIAN_POINT('',(-2.93198785052228,-1.3,-0.336280313921322));
#4060=CARTESIAN_POINT('Ctrl Pts',(-0.555752183503448,-1.28599233498821,
3.33596534348618));
#4061=CARTESIAN_POINT('Ctrl Pts',(-1.11818118086681,-1.29856874717395,2.00084604159498));
#4062=CARTESIAN_POINT('Ctrl Pts',(-1.90844324782765,-1.29995016227233,0.772277944074147));
#4063=CARTESIAN_POINT('Ctrl Pts',(-2.90571517839097,-1.29999968286443,-0.308018007928601));
#4064=CARTESIAN_POINT('Ctrl Pts',(-2.91883516176662,-1.3,-0.322164379827683));
#4065=CARTESIAN_POINT('Ctrl Pts',(-2.93198785052228,-1.3,-0.336280313921325));
#4066=CARTESIAN_POINT('',(-8.79010528849926,-1.3,-3.87380022188146));
#4067=CARTESIAN_POINT('Origin',(-11.604010795885,-1.3,7.40528327953573));
#4068=CARTESIAN_POINT('',(-12.2804191112525,-1.29222408589158,-4.31127002125402));
#4069=CARTESIAN_POINT('Ctrl Pts',(-8.79010528849926,-1.3,-3.87380022188146));
#4070=CARTESIAN_POINT('Ctrl Pts',(-8.80872155714469,-1.3,-3.8788684916639));
#4071=CARTESIAN_POINT('Ctrl Pts',(-8.82734953682342,-1.29999968286443,-3.88389364586239));
#4072=CARTESIAN_POINT('Ctrl Pts',(-9.75252884987625,-1.29996742699207,-4.13117670155631));
#4073=CARTESIAN_POINT('Ctrl Pts',(-10.6834478478606,-1.29924839241627,-4.27060402808868));
#4074=CARTESIAN_POINT('Ctrl Pts',(-11.840948481636,-1.2945616260067,-4.31267084411229));
#4075=CARTESIAN_POINT('Ctrl Pts',(-12.0607726015237,-1.29349875885003,-4.3148598551616));
#4076=CARTESIAN_POINT('Ctrl Pts',(-12.2804191112525,-1.29222408589158,-4.31127002125395));
#4077=CARTESIAN_POINT('',(-12.2999997027218,-0.499999999999999,-5.00000008940687));
#4078=CARTESIAN_POINT('Ctrl Pts',(-12.2804191112524,-1.29222408589158,-4.31127002125392));
#4079=CARTESIAN_POINT('Ctrl Pts',(-12.2824227457569,-1.28246676422574,-4.38074058809218));
#4080=CARTESIAN_POINT('Ctrl Pts',(-12.2843761586086,-1.26359136896772,-4.44878310941456));
#4081=CARTESIAN_POINT('Ctrl Pts',(-12.2889700128901,-1.19513771183273,-4.60943077616919));
#4082=CARTESIAN_POINT('Ctrl Pts',(-12.2914394438818,-1.13597725864492,-4.69637287454715));
#4083=CARTESIAN_POINT('Ctrl Pts',(-12.2955785822314,-0.987675866026873,
-4.84266358869184));
#4084=CARTESIAN_POINT('Ctrl Pts',(-12.2972095055348,-0.899964657634696,
-4.90062503504652));
#4085=CARTESIAN_POINT('Ctrl Pts',(-12.299430446094,-0.707269242800021,-4.97966801702384));
#4086=CARTESIAN_POINT('Ctrl Pts',(-12.2999997027218,-0.604133550409543,
-5.00000008940687));
#4087=CARTESIAN_POINT('Ctrl Pts',(-12.2999997027218,-0.499999999999999,
-5.00000008940687));
#4088=CARTESIAN_POINT('Origin',(-11.604010795885,-0.499999999999999,7.40528327953573));
#4089=CARTESIAN_POINT('Origin',(1.18164008316078,-0.499999999999999,-4.20000008940681));
#4090=CARTESIAN_POINT('',(-17.4035957882084,-1.29319509804822,-4.30412278833596));
#4091=CARTESIAN_POINT('',(-18.46322217627,-1.3,-4.2000000894069));
#4092=CARTESIAN_POINT('Ctrl Pts',(-17.4035957882084,-1.29319509804823,-4.3041227883359));
#4093=CARTESIAN_POINT('Ctrl Pts',(-17.5152704021483,-1.29319509804823,-4.3041227883359));
#4094=CARTESIAN_POINT('Ctrl Pts',(-17.626776056382,-1.29367311880623,-4.30065531317948));
#4095=CARTESIAN_POINT('Ctrl Pts',(-17.8956500381804,-1.29564190992353,-4.2839688179501));
#4096=CARTESIAN_POINT('Ctrl Pts',(-18.0523830411476,-1.29750070445889,-4.26733842392384));
#4097=CARTESIAN_POINT('Ctrl Pts',(-18.28765641558,-1.29943877061898,-4.23223149693477));
#4098=CARTESIAN_POINT('Ctrl Pts',(-18.3668880099983,-1.29992805336177,-4.21864926959809));
#4099=CARTESIAN_POINT('Ctrl Pts',(-18.4516105201675,-1.29999755983582,-4.20227272082784));
#4100=CARTESIAN_POINT('Ctrl Pts',(-18.4574172419176,-1.30000000000001,-4.20114091685078));
#4101=CARTESIAN_POINT('Ctrl Pts',(-18.46322217627,-1.30000000000001,-4.2000000894069));
#4102=CARTESIAN_POINT('',(-21.0000002831221,-1.3,-4.20000008940691));
#4103=CARTESIAN_POINT('',(1.18164008316078,-1.3,-4.20000008940681));
#4104=CARTESIAN_POINT('',(-21.0000002831221,-0.499999999999999,-5.00000008940697));
#4105=CARTESIAN_POINT('Origin',(-21.0000002831221,-0.499999999999999,-4.20000008940691));
#4106=CARTESIAN_POINT('',(1.18164008316078,-0.499999999999999,-5.00000008940681));
#4107=CARTESIAN_POINT('',(-13.3185198884647,-1.29319523811143,-4.30412173264434));
#4108=CARTESIAN_POINT('Ctrl Pts',(-12.2804191112525,-1.29222408589158,-4.31127002125395));
#4109=CARTESIAN_POINT('Ctrl Pts',(-12.6263378109472,-1.29161716409705,-4.31559120718345));
#4110=CARTESIAN_POINT('Ctrl Pts',(-12.9721738087931,-1.29200117141799,-4.3132180829346));
#4111=CARTESIAN_POINT('Ctrl Pts',(-13.318519888173,-1.29319523808632,-4.30412172153574));
#4112=CARTESIAN_POINT('',(1.18164008316078,-1.2931952380863,-4.30412172153584));
#4113=CARTESIAN_POINT('Origin',(-5.95185337301124,2.02187575168667,2.685015836071));
#4114=CARTESIAN_POINT('',(-0.110772292992474,0.900000000000017,2.68501583607108));
#4115=CARTESIAN_POINT('',(-0.110772292992474,0.900000000000017,2.685015836071));
#4116=CARTESIAN_POINT('',(11.2999997094274,0.900000000000001,2.68501583607101));
#4117=CARTESIAN_POINT('',(-2.97592668377389,0.900000000000001,2.68501583607101));
#4118=CARTESIAN_POINT('',(11.2999997094274,1.41093787584334,2.685015836071));
#4119=CARTESIAN_POINT('Origin',(-11.604010795885,0.900000000000017,7.40528327953573));
#4120=CARTESIAN_POINT('',(-12.2999997027218,0.900000000000017,-5.00000008940687));
#4121=CARTESIAN_POINT('',(-12.2999997027218,0.900000000000017,-5.00000008940687));
#4122=CARTESIAN_POINT('Origin',(-11.604010795885,0.900000000000001,7.40528327953573));
#4123=CARTESIAN_POINT('Origin',(-13.2867198299532,0.900000000000017,-5.00000008940688));
#4124=CARTESIAN_POINT('',(-21.0000002831221,0.200000000000001,-5.00000008940697));
#4125=CARTESIAN_POINT('',(-21.0000002831221,-4.3,-5.00000008940697));
#4126=CARTESIAN_POINT('',(-13.2867198299626,0.200000000000001,-5.00000008940697));
#4127=CARTESIAN_POINT('',(-17.325000138022,0.200000000000001,-5.00000008940697));
#4128=CARTESIAN_POINT('',(-13.2867198299532,0.900000000000017,-5.00000008940688));
#4129=CARTESIAN_POINT('',(-13.2867198299532,0.900000000000017,-5.00000008940688));
#4130=CARTESIAN_POINT('',(-6.64335991224485,0.900000000000001,-5.00000008940685));
#4131=CARTESIAN_POINT('Origin',(15.6499999962747,-1.3,4.52779923864799));
#4132=CARTESIAN_POINT('',(-17.4035957882084,-1.3,1.19175655692816));
#4133=CARTESIAN_POINT('Origin',(-17.4035957882084,-1.3,-1.60824548726502));
#4134=CARTESIAN_POINT('',(-13.2999997027218,-1.3,1.19175655692824));
#4135=CARTESIAN_POINT('',(-0.876797895966852,-1.3,1.19175655692817));
#4136=CARTESIAN_POINT('',(-7.90399970272182,-1.3,3.93734629322645));
#4137=CARTESIAN_POINT('Origin',(-13.2999997027218,-1.3,7.86702171316511));
#4138=CARTESIAN_POINT('',(-7.90399970272182,-1.3,5.26178862050327));
#4139=CARTESIAN_POINT('',(-7.90399970272182,-1.3,5.39479392957567));
#4140=CARTESIAN_POINT('',(-11.2999997027218,-1.3,5.26178862050327));
#4141=CARTESIAN_POINT('',(-4.84647814282686,-1.3,5.26178862050327));
#4142=CARTESIAN_POINT('',(-13.2999997027218,-1.3,7.26178862050327));
#4143=CARTESIAN_POINT('Origin',(-11.2999997027218,-1.3,7.26178862050327));
#4144=CARTESIAN_POINT('',(-13.2999997027218,-1.3,13.0180224781998));
#4145=CARTESIAN_POINT('',(-13.2999997027218,-1.3,-5.89999979697168));
#4146=CARTESIAN_POINT('',(-21.0000002831221,-1.3,13.0180224781998));
#4147=CARTESIAN_POINT('',(-13.9749998478219,-1.3,13.0180224781998));
#4148=CARTESIAN_POINT('',(-21.0000002831221,-1.3,14.0180224781998));
#4149=CARTESIAN_POINT('Origin',(15.6499999962747,-1.3,4.52779923864799));
#4150=CARTESIAN_POINT('Origin',(-12.6150243990154,-1.3,9.07951736800069));
#4151=CARTESIAN_POINT('Origin',(-17.4035957882084,-0.500000000000013,-1.60824548726502));
#4152=CARTESIAN_POINT('',(-17.4035957882084,-0.500000000000013,-3.60824335366488));
#4153=CARTESIAN_POINT('Origin',(-17.4035957882084,-0.500000000000013,-4.40824548726502));
#4154=CARTESIAN_POINT('',(-19.4035957882084,-0.500000000000014,-1.60824548726502));
#4155=CARTESIAN_POINT('Origin',(-17.4035957882084,-0.500000000000013,-1.60824548726502));
#4156=CARTESIAN_POINT('',(-17.4035957882084,-0.499999999999999,0.391756556928158));
#4157=CARTESIAN_POINT('Origin',(-17.4035957882084,-0.500000000000013,-1.60824548726502));
#4158=CARTESIAN_POINT('Origin',(-17.4035957882084,-0.499999999999999,1.19175655692816));
#4159=CARTESIAN_POINT('Origin',(-7.90399970272182,-0.499999999999999,5.39479392957567));
#4160=CARTESIAN_POINT('',(-7.10399970272182,-0.499999999999998,3.68501583607108));
#4161=CARTESIAN_POINT('',(-7.10399970272182,-0.499999999999998,5.26178862050327));
#4162=CARTESIAN_POINT('',(-7.10399970272182,-0.499999999999998,5.39479392957567));
#4163=CARTESIAN_POINT('Origin',(-7.90399970272182,-0.499999999999999,5.26178862050327));
#4164=CARTESIAN_POINT('Ctrl Pts',(-7.90399970272182,-1.3,3.93734629322645));
#4165=CARTESIAN_POINT('Ctrl Pts',(-7.90265017496978,-1.3,3.93690696843596));
#4166=CARTESIAN_POINT('Ctrl Pts',(-7.90130062688081,-1.29999658520285,3.93646771069803));
#4167=CARTESIAN_POINT('Ctrl Pts',(-7.84280555229903,-1.29970055017384,3.91743162818015));
#4168=CARTESIAN_POINT('Ctrl Pts',(-7.78575501576006,-1.29328860038146,3.89899900725423));
#4169=CARTESIAN_POINT('Ctrl Pts',(-7.67410187066812,-1.26837617573371,3.86316496632859));
#4170=CARTESIAN_POINT('Ctrl Pts',(-7.61971100785436,-1.24998727000086,3.84582998581635));
#4171=CARTESIAN_POINT('Ctrl Pts',(-7.47426705346573,-1.18257497610115,3.79974903522303));
#4172=CARTESIAN_POINT('Ctrl Pts',(-7.3893510169465,-1.12135555304419,3.77317469380291));
#4173=CARTESIAN_POINT('Ctrl Pts',(-7.25003310433738,-0.971512176329685,
3.72987414822409));
#4174=CARTESIAN_POINT('Ctrl Pts',(-7.19575649506826,-0.885608030540514,
3.71316335492147));
#4175=CARTESIAN_POINT('Ctrl Pts',(-7.12270306333404,-0.698580228230185,
3.6907263281833));
#4176=CARTESIAN_POINT('Ctrl Pts',(-7.10399970272182,-0.599883450317931,
3.68501583607107));
#4177=CARTESIAN_POINT('Ctrl Pts',(-7.10399970272182,-0.499999999999999,
3.68501583607107));
#4178=CARTESIAN_POINT('Origin',(-13.2999997027218,-0.499999999999999,7.86702171316511));
#4179=CARTESIAN_POINT('',(-13.2999997027218,-0.499999999999999,0.391756556928162));
#4180=CARTESIAN_POINT('Origin',(-13.2999997027218,-0.499999999999999,1.19175655692824));
#4181=CARTESIAN_POINT('Origin',(-13.2999997027218,-0.499999999999999,7.86702171316511));
#4182=CARTESIAN_POINT('Origin',(-0.876797895966852,-0.499999999999999,1.19175655692817));
#4183=CARTESIAN_POINT('',(-0.876797895966851,-0.499999999999999,0.391756556928172));
#4184=CARTESIAN_POINT('Origin',(1.67500014677645,-0.499999999999999,-4.40824335366486));
#4185=CARTESIAN_POINT('',(-13.2999997027202,-0.499999999999999,-3.60824335366487));
#4186=CARTESIAN_POINT('Ctrl Pts',(-13.3185198884647,-1.29319523956963,-4.30412173283576));
#4187=CARTESIAN_POINT('Ctrl Pts',(-13.3180749047225,-1.29097117426919,-4.28717887318038));
#4188=CARTESIAN_POINT('Ctrl Pts',(-13.3176312630585,-1.28820371983536,-4.27030320539437));
#4189=CARTESIAN_POINT('Ctrl Pts',(-13.3157553838276,-1.27415079132722,-4.1990137219395));
#4190=CARTESIAN_POINT('Ctrl Pts',(-13.3143499859064,-1.25775713838489,-4.14577272807326));
#4191=CARTESIAN_POINT('Ctrl Pts',(-13.3104601848942,-1.19514862761187,-3.99883037475748));
#4192=CARTESIAN_POINT('Ctrl Pts',(-13.3081444836792,-1.13598890480164,-3.91188540384439));
#4193=CARTESIAN_POINT('Ctrl Pts',(-13.3042336140872,-0.987687769486823,
-3.76558825123597));
#4194=CARTESIAN_POINT('Ctrl Pts',(-13.3026759792391,-0.899974707276217,
-3.70762380268314));
#4195=CARTESIAN_POINT('Ctrl Pts',(-13.3005487730009,-0.707274995662034,
-3.62857651387917));
#4196=CARTESIAN_POINT('Ctrl Pts',(-13.2999997027202,-0.604136402192715,
-3.60824335366487));
#4197=CARTESIAN_POINT('Ctrl Pts',(-13.2999997027202,-0.499999999999999,
-3.60824335366487));
#4198=CARTESIAN_POINT('',(1.67500014677645,-0.499999999999999,-3.60824335366486));
#4199=CARTESIAN_POINT('Origin',(-0.310772292992476,-0.499999999999999,5.39479392957567));
#4200=CARTESIAN_POINT('',(-0.310772292992476,-1.3,3.50961405665213));
#4201=CARTESIAN_POINT('',(-0.310772292992476,-1.3,5.26178862050327));
#4202=CARTESIAN_POINT('',(-0.310772292992476,-1.3,5.39479392957567));
#4203=CARTESIAN_POINT('',(-1.11077229299248,-0.499999999999999,5.26178862050327));
#4204=CARTESIAN_POINT('Origin',(-0.310772292992476,-0.499999999999999,5.26178862050327));
#4205=CARTESIAN_POINT('',(-1.11077229299248,-0.499999999999999,3.68501583607107));
#4206=CARTESIAN_POINT('',(-1.11077229299248,-0.499999999999999,5.39479392957567));
#4207=CARTESIAN_POINT('Ctrl Pts',(-1.11077229299248,-0.499999999999999,
3.68501583607106));
#4208=CARTESIAN_POINT('Ctrl Pts',(-1.11077229299248,-0.601832053698141,
3.68501583607106));
#4209=CARTESIAN_POINT('Ctrl Pts',(-1.09133325501589,-0.702551171024593,
3.68067974129233));
#4210=CARTESIAN_POINT('Ctrl Pts',(-1.01553798741898,-0.892265099841465,
3.66383097776486));
#4211=CARTESIAN_POINT('Ctrl Pts',(-0.959525558738776,-0.979084857566577,
3.65139784109583));
#4212=CARTESIAN_POINT('Ctrl Pts',(-0.816800921409662,-1.12838310678435,
3.61988371367998));
#4213=CARTESIAN_POINT('Ctrl Pts',(-0.730744704076418,-1.18875706436317,
3.60095450989575));
#4214=CARTESIAN_POINT('Ctrl Pts',(-0.585469166010991,-1.25338910136199,
3.56920144352443));
#4215=CARTESIAN_POINT('Ctrl Pts',(-0.532853811810886,-1.27053115059877,
3.55773481279091));
#4216=CARTESIAN_POINT('Ctrl Pts',(-0.42498825052343,-1.29372714488475,3.53430424225277));
#4217=CARTESIAN_POINT('Ctrl Pts',(-0.369975392362362,-1.29971169931536,
3.5223920136554));
#4218=CARTESIAN_POINT('Ctrl Pts',(-0.313461024334984,-1.29999661126056,
3.51019430751367));
#4219=CARTESIAN_POINT('Ctrl Pts',(-0.31211666187899,-1.3,3.50990417144343));
#4220=CARTESIAN_POINT('Ctrl Pts',(-0.310772292992476,-1.3,3.50961405665213));
#4221=CARTESIAN_POINT('Origin',(-12.6150243990154,-0.499999999999999,9.07951736800069));
#4222=CARTESIAN_POINT('Origin',(-12.6150243990154,-1.3,9.07951736800069));
#4223=CARTESIAN_POINT('Origin',(-12.6150243990154,-0.499999999999999,9.07951736800069));
#4224=CARTESIAN_POINT('Ctrl Pts',(-0.110772292992484,-0.299999999999999,
6.26178862050327));
#4225=CARTESIAN_POINT('Ctrl Pts',(-0.11409224482854,-0.300663990367215,
6.26178862050327));
#4226=CARTESIAN_POINT('Ctrl Pts',(-0.1174213083662,-0.301329803074746,6.26177704427123));
#4227=CARTESIAN_POINT('Ctrl Pts',(-0.386728837886461,-0.355191308978761,
6.25849416321586));
#4228=CARTESIAN_POINT('Ctrl Pts',(-0.754621212583303,-0.428769783918162,
6.11967990960385));
#4229=CARTESIAN_POINT('Ctrl Pts',(-1.06092024183562,-0.49002958976862,5.64081527795896));
#4230=CARTESIAN_POINT('Ctrl Pts',(-1.11077229299248,-0.499999999999999,
5.38768384025356));
#4231=CARTESIAN_POINT('Ctrl Pts',(-1.11077229299248,-0.499999999999999,
5.26178862050327));
#4232=CARTESIAN_POINT('Ctrl Pts',(-0.110772292992483,-0.299999999999999,
6.26178862050327));
#4233=CARTESIAN_POINT('Ctrl Pts',(-0.113575710394005,-0.301160119077645,
6.26164198250821));
#4234=CARTESIAN_POINT('Ctrl Pts',(-0.116421269458799,-0.302351856750405,
6.26194283233786));
#4235=CARTESIAN_POINT('Ctrl Pts',(-0.344002798510517,-0.39707392753289,
6.25249463665972));
#4236=CARTESIAN_POINT('Ctrl Pts',(-0.659647473004616,-0.526664662983787,
6.18554961475914));
#4237=CARTESIAN_POINT('Ctrl Pts',(-1.03315616967793,-0.699473343459097,
5.72716836577114));
#4238=CARTESIAN_POINT('Ctrl Pts',(-1.11174888755297,-0.740099761638525,
5.41822766219146));
#4239=CARTESIAN_POINT('Ctrl Pts',(-1.11077229299248,-0.739359440273507,
5.26178862050327));
#4240=CARTESIAN_POINT('Ctrl Pts',(-0.110772292992482,-0.3,6.26178862050327));
#4241=CARTESIAN_POINT('Ctrl Pts',(-0.112707258188341,-0.302065326035023,
6.26178175058848));
#4242=CARTESIAN_POINT('Ctrl Pts',(-0.11462883663666,-0.304106957190035,
6.261826294711));
#4243=CARTESIAN_POINT('Ctrl Pts',(-0.271322497831641,-0.471052974977849,
6.25581946432983));
#4244=CARTESIAN_POINT('Ctrl Pts',(-0.483347380527532,-0.697894773745256,
6.23505726100123));
#4245=CARTESIAN_POINT('Ctrl Pts',(-0.824932141009095,-1.06361416338501,
5.80420179661209));
#4246=CARTESIAN_POINT('Ctrl Pts',(-0.91030420745513,-1.15429390891142,5.44493753819108));
#4247=CARTESIAN_POINT('Ctrl Pts',(-0.910140987243921,-1.15408635119568,
5.26178862050327));
#4248=CARTESIAN_POINT('Ctrl Pts',(-0.110772292992481,-0.300000000000001,
6.26178862050327));
#4249=CARTESIAN_POINT('Ctrl Pts',(-0.111808379892498,-0.302932551010164,
6.26167864200697));
#4250=CARTESIAN_POINT('Ctrl Pts',(-0.112868636323965,-0.305898986193181,
6.2619013853212));
#4251=CARTESIAN_POINT('Ctrl Pts',(-0.197375565886862,-0.543912015361847,
6.25399451829876));
#4252=CARTESIAN_POINT('Ctrl Pts',(-0.312963236209861,-0.872618614906797,
6.16908218847032));
#4253=CARTESIAN_POINT('Ctrl Pts',(-0.457884698028961,-1.22932489472484,
5.7055800938181));
#4254=CARTESIAN_POINT('Ctrl Pts',(-0.490847114221371,-1.30073244592037,
5.41059170670699));
#4255=CARTESIAN_POINT('Ctrl Pts',(-0.490291873197607,-1.3,5.26178862050327));
#4256=CARTESIAN_POINT('Ctrl Pts',(-0.110772292992481,-0.300000000000001,
6.26178862050327));
#4257=CARTESIAN_POINT('Ctrl Pts',(-0.111436283359673,-0.303319951836063,
6.26178862050327));
#4258=CARTESIAN_POINT('Ctrl Pts',(-0.112102096067222,-0.306649015373733,
6.26177704427123));
#4259=CARTESIAN_POINT('Ctrl Pts',(-0.165963601971267,-0.575956544893804,
6.25849416321586));
#4260=CARTESIAN_POINT('Ctrl Pts',(-0.239542076910641,-0.943848919590812,
6.11967990960385));
#4261=CARTESIAN_POINT('Ctrl Pts',(-0.300801882761104,-1.2501479488431,5.64081527795896));
#4262=CARTESIAN_POINT('Ctrl Pts',(-0.310772292992476,-1.3,5.38768384025356));
#4263=CARTESIAN_POINT('Ctrl Pts',(-0.310772292992476,-1.3,5.26178862050327));
#4264=CARTESIAN_POINT('',(-0.110772292992477,-0.299999999999999,6.26178862050327));
#4265=CARTESIAN_POINT('Ctrl Pts',(-0.310772292992476,-1.3,5.26178862050327));
#4266=CARTESIAN_POINT('Ctrl Pts',(-0.310772292992476,-1.3,5.38768384025356));
#4267=CARTESIAN_POINT('Ctrl Pts',(-0.300801882761104,-1.2501479488431,5.64081527795896));
#4268=CARTESIAN_POINT('Ctrl Pts',(-0.239542076910641,-0.943848919590812,
6.11967990960385));
#4269=CARTESIAN_POINT('Ctrl Pts',(-0.165963601971267,-0.575956544893804,
6.25849416321586));
#4270=CARTESIAN_POINT('Ctrl Pts',(-0.112102096067222,-0.306649015373733,
6.26177704427123));
#4271=CARTESIAN_POINT('Ctrl Pts',(-0.111436283359673,-0.303319951836063,
6.26178862050327));
#4272=CARTESIAN_POINT('Ctrl Pts',(-0.110772292992481,-0.300000000000001,
6.26178862050327));
#4273=CARTESIAN_POINT('Ctrl Pts',(-0.110772292992484,-0.299999999999999,
6.26178862050327));
#4274=CARTESIAN_POINT('Ctrl Pts',(-0.11409224482854,-0.300663990367215,
6.26178862050327));
#4275=CARTESIAN_POINT('Ctrl Pts',(-0.1174213083662,-0.301329803074746,6.26177704427123));
#4276=CARTESIAN_POINT('Ctrl Pts',(-0.386728837886461,-0.355191308978761,
6.25849416321586));
#4277=CARTESIAN_POINT('Ctrl Pts',(-0.754621212583303,-0.428769783918162,
6.11967990960385));
#4278=CARTESIAN_POINT('Ctrl Pts',(-1.06092024183562,-0.49002958976862,5.64081527795896));
#4279=CARTESIAN_POINT('Ctrl Pts',(-1.11077229299248,-0.499999999999999,
5.38768384025356));
#4280=CARTESIAN_POINT('Ctrl Pts',(-1.11077229299248,-0.499999999999999,
5.26178862050327));
#4281=CARTESIAN_POINT('Ctrl Pts',(-8.10399970272183,-0.299999999999999,
6.26178862050327));
#4282=CARTESIAN_POINT('Ctrl Pts',(-8.10336675636894,-0.303164731765128,
6.26178862050327));
#4283=CARTESIAN_POINT('Ctrl Pts',(-8.10273382287245,-0.306329399247284,
6.26177335044663));
#4284=CARTESIAN_POINT('Ctrl Pts',(-8.08429026006542,-0.398547213281802,
6.26090987851477));
#4285=CARTESIAN_POINT('Ctrl Pts',(-8.04859357728567,-0.577030627180933,
6.23551215800394));
#4286=CARTESIAN_POINT('Ctrl Pts',(-7.9971826238334,-0.834085394442026,6.12345058465437));
#4287=CARTESIAN_POINT('Ctrl Pts',(-7.95059556693534,-1.06702067893245,5.92871720452785));
#4288=CARTESIAN_POINT('Ctrl Pts',(-7.91421843987709,-1.24890631422364,5.64029292063));
#4289=CARTESIAN_POINT('Ctrl Pts',(-7.90399970272183,-1.3,5.3877290344353));
#4290=CARTESIAN_POINT('Ctrl Pts',(-7.90399970272183,-1.3,5.26178862050327));
#4291=CARTESIAN_POINT('Ctrl Pts',(-8.10399970272183,-0.299999999999999,
6.26178862050327));
#4292=CARTESIAN_POINT('Ctrl Pts',(-8.10288259871071,-0.302683432131541,
6.26178707417679));
#4293=CARTESIAN_POINT('Ctrl Pts',(-8.10177182631377,-0.305363764447822,
6.26178005937909));
#4294=CARTESIAN_POINT('Ctrl Pts',(-8.06920415276208,-0.383558124480976,
6.26111557808268));
#4295=CARTESIAN_POINT('Ctrl Pts',(-8.00637084463171,-0.534839426311861,
6.24384094432359));
#4296=CARTESIAN_POINT('Ctrl Pts',(-7.90928790961916,-0.765338041080975,
6.16245404842395));
#4297=CARTESIAN_POINT('Ctrl Pts',(-7.80796693249177,-0.999061237322075,
6.0051482075144));
#4298=CARTESIAN_POINT('Ctrl Pts',(-7.7049924249834,-1.22092709093802,5.72436322697511));
#4299=CARTESIAN_POINT('Ctrl Pts',(-7.66378635916775,-1.30108933079225,5.41963449541637));
#4300=CARTESIAN_POINT('Ctrl Pts',(-7.66464026244832,-1.3,5.26178862050327));
#4301=CARTESIAN_POINT('Ctrl Pts',(-8.10399970272183,-0.299999999999999,
6.26178862050327));
#4302=CARTESIAN_POINT('Ctrl Pts',(-8.10203976605806,-0.30183986941199,6.26178783538435));
#4303=CARTESIAN_POINT('Ctrl Pts',(-8.10008224762833,-0.303675660238311,
6.26178264226106));
#4304=CARTESIAN_POINT('Ctrl Pts',(-8.04298125369174,-0.357285057499429,
6.26134267244176));
#4305=CARTESIAN_POINT('Ctrl Pts',(-7.93284164106766,-0.460615363503631,
6.2497203648884));
#4306=CARTESIAN_POINT('Ctrl Pts',(-7.75593908370634,-0.62620308416235,6.19246557151825));
#4307=CARTESIAN_POINT('Ctrl Pts',(-7.56018694108072,-0.808819495733831,
6.06633766495732));
#4308=CARTESIAN_POINT('Ctrl Pts',(-7.34103122352462,-1.0136624114136,5.79881039833869));
#4309=CARTESIAN_POINT('Ctrl Pts',(-7.2494273886157,-1.09988175580282,5.44603021829568));
#4310=CARTESIAN_POINT('Ctrl Pts',(-7.2500684852267,-1.09923940097269,5.26178862050327));
#4311=CARTESIAN_POINT('Ctrl Pts',(-8.10399970272183,-0.299999999999999,
6.26178862050327));
#4312=CARTESIAN_POINT('Ctrl Pts',(-8.10119594568208,-0.300996064597207,
6.26178746075841));
#4313=CARTESIAN_POINT('Ctrl Pts',(-8.09839452957452,-0.301987377268473,
6.26177838214598));
#4314=CARTESIAN_POINT('Ctrl Pts',(-8.01669430604061,-0.331024023133693,
6.2610641531907));
#4315=CARTESIAN_POINT('Ctrl Pts',(-7.85861247619289,-0.387073174926613,
6.24175874774368));
#4316=CARTESIAN_POINT('Ctrl Pts',(-7.62147482330062,-0.472738114549002,
6.15270318248155));
#4317=CARTESIAN_POINT('Ctrl Pts',(-7.38794860499721,-0.560375611619143,
5.98604045676776));
#4318=CARTESIAN_POINT('Ctrl Pts',(-7.17607780596242,-0.646700774014965,
5.70334565038883));
#4319=CARTESIAN_POINT('Ctrl Pts',(-7.10318270462764,-0.680160007665558,
5.4116581301711));
#4320=CARTESIAN_POINT('Ctrl Pts',(-7.10399970272183,-0.679519580205129,
5.26178862050327));
#4321=CARTESIAN_POINT('Ctrl Pts',(-8.10399970272183,-0.299999999999999,
6.26178862050327));
#4322=CARTESIAN_POINT('Ctrl Pts',(-8.10083497095684,-0.300632946353587,
6.26178862050327));
#4323=CARTESIAN_POINT('Ctrl Pts',(-8.09767030347495,-0.301265879849442,
6.26177335044664));
#4324=CARTESIAN_POINT('Ctrl Pts',(-8.00545248943998,-0.319709442656202,
6.26090987851477));
#4325=CARTESIAN_POINT('Ctrl Pts',(-7.82696907554109,-0.355406125436141,
6.23551215800395));
#4326=CARTESIAN_POINT('Ctrl Pts',(-7.56991430827983,-0.406817078888317,
6.12345058465437));
#4327=CARTESIAN_POINT('Ctrl Pts',(-7.33697902378943,-0.453404135786461,
5.92871720452785));
#4328=CARTESIAN_POINT('Ctrl Pts',(-7.1550933884982,-0.489781262844697,5.64029292063));
#4329=CARTESIAN_POINT('Ctrl Pts',(-7.10399970272183,-0.499999999999998,
5.3877290344353));
#4330=CARTESIAN_POINT('Ctrl Pts',(-7.10399970272183,-0.499999999999998,
5.26178862050327));
#4331=CARTESIAN_POINT('',(-8.10399970272183,-0.299999999999999,6.26178862050327));
#4332=CARTESIAN_POINT('Ctrl Pts',(-7.10399970272183,-0.499999999999998,
5.26178862050327));
#4333=CARTESIAN_POINT('Ctrl Pts',(-7.10399970272183,-0.499999999999998,
5.3877290344353));
#4334=CARTESIAN_POINT('Ctrl Pts',(-7.1550933884982,-0.489781262844697,5.64029292063));
#4335=CARTESIAN_POINT('Ctrl Pts',(-7.33697902378943,-0.453404135786461,
5.92871720452785));
#4336=CARTESIAN_POINT('Ctrl Pts',(-7.56991430827983,-0.406817078888317,
6.12345058465437));
#4337=CARTESIAN_POINT('Ctrl Pts',(-7.82696907554109,-0.355406125436141,
6.23551215800395));
#4338=CARTESIAN_POINT('Ctrl Pts',(-8.00545248943998,-0.319709442656202,
6.26090987851477));
#4339=CARTESIAN_POINT('Ctrl Pts',(-8.09767030347495,-0.301265879849442,
6.26177335044664));
#4340=CARTESIAN_POINT('Ctrl Pts',(-8.10083497095684,-0.300632946353587,
6.26178862050327));
#4341=CARTESIAN_POINT('Ctrl Pts',(-8.10399970272183,-0.299999999999999,
6.26178862050327));
#4342=CARTESIAN_POINT('Ctrl Pts',(-8.10399970272183,-0.299999999999999,
6.26178862050327));
#4343=CARTESIAN_POINT('Ctrl Pts',(-8.10336675636894,-0.303164731765128,
6.26178862050327));
#4344=CARTESIAN_POINT('Ctrl Pts',(-8.10273382287245,-0.306329399247284,
6.26177335044663));
#4345=CARTESIAN_POINT('Ctrl Pts',(-8.08429026006542,-0.398547213281802,
6.26090987851477));
#4346=CARTESIAN_POINT('Ctrl Pts',(-8.04859357728567,-0.577030627180933,
6.23551215800394));
#4347=CARTESIAN_POINT('Ctrl Pts',(-7.9971826238334,-0.834085394442026,6.12345058465437));
#4348=CARTESIAN_POINT('Ctrl Pts',(-7.95059556693534,-1.06702067893245,5.92871720452785));
#4349=CARTESIAN_POINT('Ctrl Pts',(-7.91421843987709,-1.24890631422364,5.64029292063));
#4350=CARTESIAN_POINT('Ctrl Pts',(-7.90399970272183,-1.3,5.3877290344353));
#4351=CARTESIAN_POINT('Ctrl Pts',(-7.90399970272183,-1.3,5.26178862050327));
#4352=CARTESIAN_POINT('Origin',(-4.84647814282686,-0.299999999999999,5.26178862050327));
#4353=CARTESIAN_POINT('',(-11.2999997027218,-0.299999999999999,6.26178862050327));
#4354=CARTESIAN_POINT('',(-4.84647814282686,-0.299999999999999,6.26178862050327));
#4355=CARTESIAN_POINT('Origin',(-11.2999997027218,-0.299999999999999,5.26178862050327));
#4356=CARTESIAN_POINT('Origin',(-8.10399970272183,-0.515463865143093,5.26178862050327));
#4357=CARTESIAN_POINT('',(-7.10399970272182,0.900000000000001,5.26178862050327));
#4358=CARTESIAN_POINT('',(-7.10399970272182,-0.515463865143092,5.26178862050327));
#4359=CARTESIAN_POINT('',(-8.10399970272183,0.900000000000001,6.26178862050327));
#4360=CARTESIAN_POINT('Origin',(-8.10399970272183,0.899999999999997,5.26178862050327));
#4361=CARTESIAN_POINT('',(-8.10399970272183,-0.515463865143093,6.26178862050327));
#4362=CARTESIAN_POINT('Origin',(-7.10399970272182,-1.93092773028618,6.26178862050335));
#4363=CARTESIAN_POINT('',(-7.10399970272182,0.900000000000017,3.68501583607108));
#4364=CARTESIAN_POINT('',(-7.10399970272182,-0.515463865143081,3.68501583607108));
#4365=CARTESIAN_POINT('',(-7.10399970272182,0.900000000000001,4.88089427113612));
#4366=CARTESIAN_POINT('Origin',(-13.2999997027218,0.900000000000017,7.86702171316511));
#4367=CARTESIAN_POINT('',(-13.2999997027218,0.900000000000017,0.391756556928242));
#4368=CARTESIAN_POINT('',(-13.2999997027218,0.900000000000017,0.391756556928162));
#4369=CARTESIAN_POINT('Origin',(-13.2999997027218,0.900000000000001,7.86702171316511));
#4370=CARTESIAN_POINT('Origin',(-17.4035957882084,-1.29999999999997,0.391756556928158));
#4371=CARTESIAN_POINT('',(-17.4035957882084,0.900000000000001,0.391756556928158));
#4372=CARTESIAN_POINT('',(-17.4035957882084,3.30000000000001,0.391756556928158));
#4373=CARTESIAN_POINT('',(-17.4035957882084,0.90000000000003,0.391756556928158));
#4374=CARTESIAN_POINT('Origin',(-17.4035957882084,3.30000000000001,-1.60824548726502));
#4375=CARTESIAN_POINT('',(-19.4035957882084,1.29999999999999,-1.60824548726502));
#4376=CARTESIAN_POINT('Origin',(-17.4035957882084,1.29999999999999,-1.60824548726502));
#4377=CARTESIAN_POINT('',(-19.4035957882084,3.30000000000001,-1.60824548726502));
#4378=CARTESIAN_POINT('',(-17.4035957882084,0.900000000000001,-3.60824335366488));
#4379=CARTESIAN_POINT('',(-17.4035957882084,3.30000000000001,-3.60824335366488));
#4380=CARTESIAN_POINT('Origin',(-17.4035957882084,0.899999999999991,-1.60824548726502));
#4381=CARTESIAN_POINT('Origin',(-12.2999997027218,-1.29999999999997,-3.60824335366487));
#4382=CARTESIAN_POINT('',(-13.2999997027218,0.900000000000017,-3.60824335366478));
#4383=CARTESIAN_POINT('',(-13.2999997027202,0.900000000000017,-3.60824335366487));
#4384=CARTESIAN_POINT('',(-17.4035957882084,0.90000000000003,-3.60824335366488));
#4385=CARTESIAN_POINT('Origin',(-12.6150243990154,0.900000000000017,9.07951736800069));
#4386=CARTESIAN_POINT('',(-1.11077229299247,0.900000000000017,3.68501583607108));
#4387=CARTESIAN_POINT('',(-1.11077229299248,0.900000000000017,3.68501583607107));
#4388=CARTESIAN_POINT('Origin',(-12.6150243990154,0.900000000000001,9.07951736800069));
#4389=CARTESIAN_POINT('Origin',(-1.11077229299248,-0.382374227046965,6.26178862050335));
#4390=CARTESIAN_POINT('',(-1.11077229299248,0.900000000000018,5.26178862050327));
#4391=CARTESIAN_POINT('',(-1.11077229299248,0.258812886476516,5.26178862050327));
#4392=CARTESIAN_POINT('',(-1.11077229299248,0.900000000000018,6.26178862050335));
#4393=CARTESIAN_POINT('Origin',(-12.2999997027218,-1.29999999999997,-5.00024335366478));
#4394=CARTESIAN_POINT('',(-13.2999997027202,0.200000000000001,-5.00024335366487));
#4395=CARTESIAN_POINT('',(-13.2539389041388,0.200000000000001,-5.00024335366478));
#4396=CARTESIAN_POINT('',(-12.7769693034303,0.200000000000001,-5.00024335366478));
#4397=CARTESIAN_POINT('',(-12.2999997027218,0.900000000000001,-5.00024335366487));
#4398=CARTESIAN_POINT('Origin',(-13.2539389041388,1.2,-5.00024335366478));
#4399=CARTESIAN_POINT('',(-13.2999997027218,0.900000000000017,-5.00024335366478));
#4400=CARTESIAN_POINT('',(-17.4035957882084,0.90000000000003,-5.00024335366487));
#4401=CARTESIAN_POINT('',(-13.2999997027202,0.900000000000017,-5.00024335366487));
#4402=CARTESIAN_POINT('Origin',(15.6499999962747,-1.3,4.52779923864799));
#4403=CARTESIAN_POINT('',(13.2999997094274,-1.3,1.685015836071));
#4404=CARTESIAN_POINT('Origin',(11.2999997094274,-1.3,1.685015836071));
#4405=CARTESIAN_POINT('',(13.2999997094274,-1.3,-5.00000008940697));
#4406=CARTESIAN_POINT('',(13.2999997094274,-1.3,13.6638993645141));
#4407=CARTESIAN_POINT('',(21.0000002831221,-1.3,-5.00000008940697));
#4408=CARTESIAN_POINT('',(13.974999852851,-1.3,-5.00000008940697));
#4409=CARTESIAN_POINT('',(21.0000002831221,-1.3,13.0180224781998));
#4410=CARTESIAN_POINT('',(21.0000002831221,-1.3,9.7638997310827));
#4411=CARTESIAN_POINT('',(13.2999997094274,-1.3,13.0180224781998));
#4412=CARTESIAN_POINT('',(17.3250001396984,-1.3,13.0180224781998));
#4413=CARTESIAN_POINT('',(13.2999997094274,-1.3,7.26178862050327));
#4414=CARTESIAN_POINT('',(13.2999997094274,-1.3,13.3888997888247));
#4415=CARTESIAN_POINT('',(11.2999997094274,-1.3,5.26178862050327));
#4416=CARTESIAN_POINT('Origin',(11.2999997094274,-1.3,7.26178862050327));
#4417=CARTESIAN_POINT('',(10.8035218517715,-1.3,5.26178862050327));
#4418=CARTESIAN_POINT('Origin',(-21.0000002831221,-4.3,-11.0150522078612));
#4419=CARTESIAN_POINT('',(-21.0000002831221,0.200000000000001,-11.0006832938865));
#4420=CARTESIAN_POINT('',(-21.0000002831221,0.200000000000001,-10.0112891819729));
#4421=CARTESIAN_POINT('',(-21.0000002831221,-0.299999999999999,14.0180224781998));
#4422=CARTESIAN_POINT('Origin',(-21.0000002831221,-0.299999999999999,13.0180224781998));
#4423=CARTESIAN_POINT('',(-21.0000002831221,0.200000000000001,14.0180224781998));
#4424=CARTESIAN_POINT('',(-21.0000002831221,-4.3,14.0180224781998));
#4425=CARTESIAN_POINT('',(-21.0000002831221,0.200000000000001,19.0000002980232));
#4426=CARTESIAN_POINT('',(-21.0000002831221,0.200000000000001,14.0180224781998));
#4427=CARTESIAN_POINT('',(-20.9999997027218,-1.96231022790093,19.0000002980232));
#4428=CARTESIAN_POINT('',(-21.0000002831221,-4.3,19.0000002980232));
#4429=CARTESIAN_POINT('',(-20.9999997027218,-1.96231022790093,20.0000002980232));
#4430=CARTESIAN_POINT('',(-20.9999997027218,-1.96231022790093,-4.76910551652233));
#4431=CARTESIAN_POINT('',(-20.9999997027218,-2.1,20.0000002980232));
#4432=CARTESIAN_POINT('',(-20.9999997027218,-1.75,20.0000002980232));
#4433=CARTESIAN_POINT('',(-20.9999997027218,-2.1,19.0000002980232));
#4434=CARTESIAN_POINT('',(-20.9999997027218,-2.1,-13.0441055165224));
#4435=CARTESIAN_POINT('',(-21.0000002831221,-4.8,19.0000002980232));
#4436=CARTESIAN_POINT('',(-21.0000002831221,-4.3,19.0000002980232));
#4437=CARTESIAN_POINT('',(-21.0000002831221,-4.8,-11.0006832938865));
#4438=CARTESIAN_POINT('',(-21.0000002831221,-4.8,-4.00752608157884));
#4439=CARTESIAN_POINT('',(-21.0000002831221,-4.3,-11.0006832938865));
#4440=CARTESIAN_POINT('Origin',(-13.2999997027202,-1.3,-3.60824335366487));
#4441=CARTESIAN_POINT('',(-13.2999997027202,0.200000000000001,-5.0001268033765));
#4442=CARTESIAN_POINT('',(-13.2999997027202,0.200000000000001,-4.80412172153592));
#4443=CARTESIAN_POINT('',(-13.2999997027218,0.900000000000017,-5.00012680337651));
#4444=CARTESIAN_POINT('',(-13.2999997027218,0.900000000000017,-3.60824335366478));
#4445=CARTESIAN_POINT('',(-13.2999997027202,-0.199999999999991,-5.0001268033765));
#4446=CARTESIAN_POINT('Origin',(-13.2867198299532,0.900000000000017,-5.00000008940688));
#4447=CARTESIAN_POINT('',(-13.2751013278638,0.200000000000001,-4.99988922791395));
#4448=CARTESIAN_POINT('',(-6.60341572521863,0.900000000000001,-4.93622929821497));
#4449=CARTESIAN_POINT('Origin',(5.4634574642165E-9,0.900000000000001,3.4999999217689));
#4450=CARTESIAN_POINT('',(-12.2999997027218,0.900000000000001,-13.0006832938865));
#4451=CARTESIAN_POINT('',(-12.2999997027218,0.900000000000001,-6.14999986588955));
#4452=CARTESIAN_POINT('',(-12.2999997027218,0.900000000000001,-21.299999653548));
#4453=CARTESIAN_POINT('',(-12.2999997027218,0.900000000000001,-6.14999986588955));
#4454=CARTESIAN_POINT('',(-11.2999997027218,0.900000000000001,-22.299999653548));
#4455=CARTESIAN_POINT('Origin',(-11.2999997027218,0.900000000000001,-21.299999653548));
#4456=CARTESIAN_POINT('',(11.2999997094274,0.900000000000001,-22.299999653548));
#4457=CARTESIAN_POINT('',(-2.97592668377389,0.900000000000001,-22.299999653548));
#4458=CARTESIAN_POINT('',(12.2999997094274,0.900000000000001,-21.299999653548));
#4459=CARTESIAN_POINT('Origin',(11.2999997094274,0.900000000000001,-21.299999653548));
#4460=CARTESIAN_POINT('',(12.2999997094274,0.900000000000001,-13.0006832938865));
#4461=CARTESIAN_POINT('',(12.2999997094274,0.900000000000001,13.1499997060746));
#4462=CARTESIAN_POINT('',(12.2999997094274,0.900000000000001,-5.00000008940697));
#4463=CARTESIAN_POINT('',(12.2999997094274,0.900000000000001,13.1499997060746));
#4464=CARTESIAN_POINT('',(12.2999997094274,0.900000000000001,1.685015836071));
#4465=CARTESIAN_POINT('',(12.2999997094274,0.900000000000001,7.00589405544178));
#4466=CARTESIAN_POINT('Origin',(11.2999997094274,0.900000000000001,1.685015836071));
#4467=CARTESIAN_POINT('Origin',(5.4634574642165E-9,0.900000000000001,3.4999999217689));
#4468=CARTESIAN_POINT('',(-0.110772292992478,0.900000000000001,6.26178862050327));
#4469=CARTESIAN_POINT('Origin',(-0.110772292992477,0.900000000000001,5.26178862050327));
#4470=CARTESIAN_POINT('',(6.95185338393816,0.900000000000001,6.26178862050327));
#4471=CARTESIAN_POINT('',(2.97852185636585,0.900000000000001,6.26178862050327));
#4472=CARTESIAN_POINT('',(5.95185338393816,0.900000000000001,7.26178862050327));
#4473=CARTESIAN_POINT('Origin',(6.95185338393816,0.900000000000001,7.26178862050327));
#4474=CARTESIAN_POINT('',(5.95185338393816,0.900000000000001,24.5000003799796));
#4475=CARTESIAN_POINT('',(5.95185338393816,0.900000000000001,-6.14999986588955));
#4476=CARTESIAN_POINT('',(6.95185338393816,0.900000000000001,25.5000003799796));
#4477=CARTESIAN_POINT('Origin',(6.95185338393816,0.900000000000001,24.5000003799796));
#4478=CARTESIAN_POINT('',(8.09,0.900000000000001,25.5000003799796));
#4479=CARTESIAN_POINT('',(2.97592669470081,0.900000000000001,25.5000003799796));
#4480=CARTESIAN_POINT('',(8.95602540378444,0.900000000000001,25.0000003799796));
#4481=CARTESIAN_POINT('Origin',(8.09,0.900000000000001,24.5000003799796));
#4482=CARTESIAN_POINT('',(9.82205080756888,0.900000000000001,24.5000003799796));
#4483=CARTESIAN_POINT('Origin',(9.82205080756888,0.900000000000001,25.5000003799796));
#4484=CARTESIAN_POINT('',(10.1999997094274,0.900000000000001,24.5000003799796));
#4485=CARTESIAN_POINT('',(9.09,0.900000000000001,24.5000003799796));
#4486=CARTESIAN_POINT('',(9.19999970942736,0.900000000000001,25.5000003799796));
#4487=CARTESIAN_POINT('Origin',(10.1999997094274,0.900000000000001,25.5000003799796));
#4488=CARTESIAN_POINT('',(9.19999970942736,0.900000000000001,26.75));
#4489=CARTESIAN_POINT('',(9.19999970942736,0.900000000000001,13.1499997060746));
#4490=CARTESIAN_POINT('',(8.19999970942736,0.9,27.75));
#4491=CARTESIAN_POINT('Origin',(8.19999970942736,0.900000000000001,26.75));
#4492=CARTESIAN_POINT('',(6.67615767988163,0.900000000000001,27.75));
#4493=CARTESIAN_POINT('',(8.89,0.9,27.75));
#4494=CARTESIAN_POINT('',(6.67615767988163,0.900000000000001,30.0000003874302));
#4495=CARTESIAN_POINT('',(6.67615767988163,0.900000000000001,30.0000003874302));
#4496=CARTESIAN_POINT('',(-6.42336851712634,0.899999999999981,30.0000003874302));
#4497=CARTESIAN_POINT('',(0.625000012044954,0.900000000000001,30.0000003874302));
#4498=CARTESIAN_POINT('',(-6.42336851712634,0.899999999999981,27.75));
#4499=CARTESIAN_POINT('',(-6.42336851712634,0.899999999999981,30.0000003874302));
#4500=CARTESIAN_POINT('',(-6.89999970272183,0.9,27.75));
#4501=CARTESIAN_POINT('',(-9.09,0.9,27.75));
#4502=CARTESIAN_POINT('',(-8.89999970272183,0.900000000000001,25.75));
#4503=CARTESIAN_POINT('Origin',(-6.89999970272183,0.900000000000001,25.75));
#4504=CARTESIAN_POINT('',(-8.9,0.9,25.0864302564354));
#4505=CARTESIAN_POINT('',(-8.89999970272183,0.900000000000001,-6.14999986588955));
#4506=CARTESIAN_POINT('',(-8.09,0.900000000000001,25.5000003799796));
#4507=CARTESIAN_POINT('Origin',(-8.09,0.900000000000001,24.5000003799796));
#4508=CARTESIAN_POINT('',(-6.95185337301124,0.900000000000001,25.5000003799796));
#4509=CARTESIAN_POINT('',(-4.5000000643235,0.900000000000001,25.5000003799796));
#4510=CARTESIAN_POINT('',(-5.95185337301124,0.900000000000001,24.5000003799796));
#4511=CARTESIAN_POINT('Origin',(-6.95185337301124,0.900000000000001,24.5000003799796));
#4512=CARTESIAN_POINT('',(-5.95185337301124,0.900000000000001,20.999755835712));
#4513=CARTESIAN_POINT('',(-5.95185337301124,0.900000000000001,13.1499997094274));
#4514=CARTESIAN_POINT('',(-4.95185337301124,0.900000000000001,19.999755835712));
#4515=CARTESIAN_POINT('Origin',(-4.95185337301124,0.900000000000001,20.999755835712));
#4516=CARTESIAN_POINT('',(-1.60359563678503,0.900000000000001,19.999755835712));
#4517=CARTESIAN_POINT('',(-2.97592668377389,0.900000000000001,19.999755835712));
#4518=CARTESIAN_POINT('',(-0.603595636785033,0.900000000000001,18.999755835712));
#4519=CARTESIAN_POINT('Origin',(-1.60359563678503,0.900000000000001,18.999755835712));
#4520=CARTESIAN_POINT('',(-0.603595636785033,0.900000000000001,13.9610810915754));
#4521=CARTESIAN_POINT('',(-0.603595636785033,0.900000000000001,10.9958778787404));
#4522=CARTESIAN_POINT('',(-1.60359563678503,0.900000000000001,12.9610810915754));
#4523=CARTESIAN_POINT('Origin',(-1.60359563678503,0.900000000000001,13.9610810915754));
#4524=CARTESIAN_POINT('',(-4.95185337301124,0.900000000000001,12.9610810915754));
#4525=CARTESIAN_POINT('',(-0.301797815660788,0.900000000000001,12.9610810915754));
#4526=CARTESIAN_POINT('',(-5.95185337301124,0.900000000000001,11.9610810915754));
#4527=CARTESIAN_POINT('Origin',(-4.95185337301124,0.900000000000001,11.9610810915754));
#4528=CARTESIAN_POINT('',(-5.95185337301124,0.900000000000001,7.26178862050327));
#4529=CARTESIAN_POINT('',(-5.95185337301124,0.900000000000001,13.1499997094274));
#4530=CARTESIAN_POINT('',(-6.95185337301124,0.900000000000015,6.26178862050327));
#4531=CARTESIAN_POINT('Origin',(-6.95185337301124,0.900000000000001,7.26178862050327));
#4532=CARTESIAN_POINT('',(-0.573276013187172,0.900000000000018,6.26178862050327));
#4533=CARTESIAN_POINT('Origin',(1.50000002235174,1.3,3.00000004470348));
#4534=CARTESIAN_POINT('',(-17.0000002682209,1.3,30.0000003874302));
#4535=CARTESIAN_POINT('',(20.0000003129244,1.3,30.0000003874302));
#4536=CARTESIAN_POINT('',(1.3750000204891,1.3,30.0000003874302));
#4537=CARTESIAN_POINT('',(26.0000003129244,1.3,24.0000003874302));
#4538=CARTESIAN_POINT('Origin',(20.0000003129244,1.3,24.0000003874302));
#4539=CARTESIAN_POINT('',(26.0000003129244,1.3,-18.0000002980232));
#4540=CARTESIAN_POINT('',(26.0000003129244,1.3,31.0000003874302));
#4541=CARTESIAN_POINT('',(20.0000003129244,1.3,-24.0000002980232));
#4542=CARTESIAN_POINT('Origin',(20.0000003129244,1.3,-18.0000002980232));
#4543=CARTESIAN_POINT('',(-17.0000002682209,1.3,-24.0000002980232));
#4544=CARTESIAN_POINT('',(1.4287562224204,1.3,-24.0000002980232));
#4545=CARTESIAN_POINT('',(-23.0000002682209,1.3,-18.0000002980232));
#4546=CARTESIAN_POINT('Origin',(-17.0000002682209,1.3,-18.0000002980232));
#4547=CARTESIAN_POINT('',(-23.0000002682209,1.3,24.0000003874302));
#4548=CARTESIAN_POINT('',(-23.0000002682209,1.3,-25.0000002980232));
#4549=CARTESIAN_POINT('Origin',(-17.0000002682209,1.3,24.0000003874302));
#4550=CARTESIAN_POINT('',(-6.95185337301124,1.3,25.5000003799796));
#4551=CARTESIAN_POINT('',(-8.09,1.3,25.5000003799796));
#4552=CARTESIAN_POINT('',(-3.75000005587935,1.3,25.5000003799796));
#4553=CARTESIAN_POINT('',(-9.09,1.3,24.5000003799796));
#4554=CARTESIAN_POINT('Origin',(-8.09,1.3,24.5000003799796));
#4555=CARTESIAN_POINT('',(-8.9,1.3,24.5000003799796));
#4556=CARTESIAN_POINT('',(-12.3,1.3,24.5000003799796));
#4557=CARTESIAN_POINT('',(-8.89999970272183,1.3,22.0000002980232));
#4558=CARTESIAN_POINT('',(-8.89999970272183,1.3,-6.39999980442226));
#4559=CARTESIAN_POINT('',(-10.8999997027218,1.3,20.0000002980232));
#4560=CARTESIAN_POINT('Origin',(-10.8999997027218,1.3,22.0000002980232));
#4561=CARTESIAN_POINT('',(-12.2999997027218,1.3,20.0000002980232));
#4562=CARTESIAN_POINT('',(-12.2999997027218,1.3,20.0000002980232));
#4563=CARTESIAN_POINT('',(-12.2999997027218,1.3,7.26178862050327));
#4564=CARTESIAN_POINT('',(-12.2999997027218,1.3,-6.39999980442226));
#4565=CARTESIAN_POINT('',(-11.2999997027218,1.3,6.26178862050327));
#4566=CARTESIAN_POINT('Origin',(-11.2999997027218,1.3,7.26178862050327));
#4567=CARTESIAN_POINT('',(-6.95185337301124,1.3,6.26178862050335));
#4568=CARTESIAN_POINT('',(0.750000012852253,1.3,6.26178862050335));
#4569=CARTESIAN_POINT('',(-5.95185337301124,1.3,7.26178862050327));
#4570=CARTESIAN_POINT('Origin',(-6.95185337301124,1.3,7.26178862050327));
#4571=CARTESIAN_POINT('',(-5.95185337301124,1.3,11.9610810915754));
#4572=CARTESIAN_POINT('',(-5.95185337301124,1.3,4.63089433260341));
#4573=CARTESIAN_POINT('',(-4.95185337301124,1.3,12.9610810915754));
#4574=CARTESIAN_POINT('Origin',(-4.95185337301124,1.3,11.9610810915754));
#4575=CARTESIAN_POINT('',(-1.60359563678503,1.3,12.9610810915754));
#4576=CARTESIAN_POINT('',(0.448202192783355,1.3,12.9610810915754));
#4577=CARTESIAN_POINT('',(-0.603595636785033,1.3,13.9610810915754));
#4578=CARTESIAN_POINT('Origin',(-1.60359563678503,1.3,13.9610810915754));
#4579=CARTESIAN_POINT('',(-0.603595636785033,1.3,18.999755835712));
#4580=CARTESIAN_POINT('',(-0.603595636785033,1.3,10.7458779402077));
#4581=CARTESIAN_POINT('',(-1.60359563678503,1.3,19.999755835712));
#4582=CARTESIAN_POINT('Origin',(-1.60359563678503,1.3,18.999755835712));
#4583=CARTESIAN_POINT('',(-4.95185337301124,1.3,19.999755835712));
#4584=CARTESIAN_POINT('',(-2.22592667532975,1.3,19.999755835712));
#4585=CARTESIAN_POINT('',(-5.95185337301124,1.3,20.999755835712));
#4586=CARTESIAN_POINT('Origin',(-4.95185337301124,1.3,20.999755835712));
#4587=CARTESIAN_POINT('',(-5.95185337301124,1.3,24.5000003799796));
#4588=CARTESIAN_POINT('',(-5.95185337301124,1.3,4.63089433260341));
#4589=CARTESIAN_POINT('Origin',(-6.95185337301124,1.3,24.5000003799796));
#4590=CARTESIAN_POINT('',(6.95185338393816,1.3,6.26178862050327));
#4591=CARTESIAN_POINT('',(11.2999997094274,1.3,6.26178862050327));
#4592=CARTESIAN_POINT('',(5.95185338393816,1.3,6.26178862050327));
#4593=CARTESIAN_POINT('',(12.2999997094274,1.3,7.26178862050327));
#4594=CARTESIAN_POINT('Origin',(11.2999997094274,1.3,7.26178862050327));
#4595=CARTESIAN_POINT('',(12.2999997094274,1.3,23.5000003799796));
#4596=CARTESIAN_POINT('',(12.2999997094274,1.3,-6.39999980442226));
#4597=CARTESIAN_POINT('',(11.2999997094274,1.3,24.5000003799796));
#4598=CARTESIAN_POINT('Origin',(11.2999997094274,1.3,23.5000003799796));
#4599=CARTESIAN_POINT('',(9.82205080756888,1.3,24.5000003799796));
#4600=CARTESIAN_POINT('',(5.29500001117587,1.3,24.5000003799796));
#4601=CARTESIAN_POINT('',(8.95602540378444,1.3,25.0000003799796));
#4602=CARTESIAN_POINT('Origin',(9.82205080756888,1.3,25.5000003799796));
#4603=CARTESIAN_POINT('',(8.09,1.3,25.5000003799796));
#4604=CARTESIAN_POINT('Origin',(8.09,1.3,24.5000003799796));
#4605=CARTESIAN_POINT('',(6.95185338393816,1.3,25.5000003799796));
#4606=CARTESIAN_POINT('',(3.72592670314495,1.3,25.5000003799796));
#4607=CARTESIAN_POINT('',(5.95185338393816,1.3,24.5000003799796));
#4608=CARTESIAN_POINT('Origin',(6.95185338393816,1.3,24.5000003799796));
#4609=CARTESIAN_POINT('',(5.95185338393816,1.3,7.26178862050327));
#4610=CARTESIAN_POINT('',(5.95185338393816,1.3,-8.67258742188276));
#4611=CARTESIAN_POINT('Origin',(6.95185338393816,1.3,7.26178862050327));
#4612=CARTESIAN_POINT('',(-15.448650776993,1.30000000000003,-16.8834268674681));
#4613=CARTESIAN_POINT('Origin',(-14.400719243781,1.29999999999996,-16.8834268674681));
#4614=CARTESIAN_POINT('',(-15.4406641961153,1.30000000000003,22.6165731325318));
#4615=CARTESIAN_POINT('Origin',(-14.4007192437815,1.29999999999996,22.6165731325318));
#4616=CARTESIAN_POINT('',(16.5030343015273,1.30000000000012,-16.8834268674676));
#4617=CARTESIAN_POINT('Origin',(17.5492807562189,1.30000000000005,-16.8834268674676));
#4618=CARTESIAN_POINT('',(16.493723378756,1.30000000000012,22.6165731325323));
#4619=CARTESIAN_POINT('Origin',(17.5492807562184,1.30000000000005,22.6165731325323));
#4620=CARTESIAN_POINT('',(16.4999786650283,1.3,17.0092896610256));
#4621=CARTESIAN_POINT('Origin',(17.9999786650283,1.3,17.0092896610256));
#4622=CARTESIAN_POINT('',(16.4992976647665,1.3,-9.05300769016338));
#4623=CARTESIAN_POINT('Origin',(17.9992976647665,1.3,-9.05300769016338));
#4624=CARTESIAN_POINT('',(-19.499995479517,1.3,16.9956372745609));
#4625=CARTESIAN_POINT('Origin',(-17.999995479517,1.3,16.9956372745609));
#4626=CARTESIAN_POINT('',(-19.499547814251,1.3,-9.04253825798524));
#4627=CARTESIAN_POINT('Origin',(-17.999547814251,1.3,-9.04253825798524));
#4628=CARTESIAN_POINT('Origin',(10.8035218517715,-0.299999999999999,5.26178862050327));
#4629=CARTESIAN_POINT('',(11.2999997094274,-0.299999999999999,6.26178862050327));
#4630=CARTESIAN_POINT('Origin',(11.2999997094274,-0.299999999999999,5.26178862050327));
#4631=CARTESIAN_POINT('',(10.8035218517715,-0.299999999999999,6.26178862050327));
#4632=CARTESIAN_POINT('Origin',(-0.110772292992477,0.258812886476516,5.26178862050327));
#4633=CARTESIAN_POINT('',(-0.110772292992477,0.258812886476516,6.26178862050327));
#4634=CARTESIAN_POINT('Origin',(11.2999997094274,-0.299999999999999,1.685015836071));
#4635=CARTESIAN_POINT('',(12.2999997094274,-0.299999999999999,1.685015836071));
#4636=CARTESIAN_POINT('Origin',(11.2999997094274,-0.299999999999999,1.685015836071));
#4637=CARTESIAN_POINT('Origin',(13.2999997094274,-0.299999999999999,1.685015836071));
#4638=CARTESIAN_POINT('Origin',(6.95185338393816,0.950000000000001,7.26178862050327));
#4639=CARTESIAN_POINT('',(6.95185338393816,0.950000000000001,6.26178862050327));
#4640=CARTESIAN_POINT('',(5.95185338393816,0.950000000000001,7.26178862050327));
#4641=CARTESIAN_POINT('Origin',(5.95704370726824,0.900000000000001,6.26178862050327));
#4642=CARTESIAN_POINT('',(11.2999997094274,1.1,6.26178862050327));
#4643=CARTESIAN_POINT('Origin',(-6.95185337301124,0.950000000000001,7.26178862050327));
#4644=CARTESIAN_POINT('',(-6.95185337301124,0.950000000000001,6.26178862050327));
#4645=CARTESIAN_POINT('',(-5.95185337301124,0.950000000000001,7.26178862050327));
#4646=CARTESIAN_POINT('Origin',(5.95704370726824,0.900000000000001,6.26178862050327));
#4647=CARTESIAN_POINT('',(-11.2999997027218,0.850000000000001,6.26178862050327));
#4648=CARTESIAN_POINT('Origin',(13.2999997094274,-0.299999999999999,-5.00000008940697));
#4649=CARTESIAN_POINT('',(12.2999997094274,-0.299999999999999,-5.00000008940697));
#4650=CARTESIAN_POINT('Origin',(13.2999997094274,-0.299999999999999,-5.00000008940697));
#4651=CARTESIAN_POINT('',(13.2999997094274,-0.299999999999999,-6.00000008940697));
#4652=CARTESIAN_POINT('Origin',(13.2999997094274,-0.299999999999999,-5.00000008940697));
#4653=CARTESIAN_POINT('Origin',(13.2999997094274,-0.299999999999999,-5.00000008940697));
#4654=CARTESIAN_POINT('Origin',(13.2999997094274,-0.299999999999999,13.6638993645141));
#4655=CARTESIAN_POINT('',(12.2999997094274,-0.299999999999999,13.6638993645141));
#4656=CARTESIAN_POINT('Origin',(11.2999997094274,-0.299999999999999,7.26178862050327));
#4657=CARTESIAN_POINT('',(12.2999997094274,-0.299999999999999,7.26178862050327));
#4658=CARTESIAN_POINT('Origin',(13.2999997094274,-0.299999999999999,7.26178862050327));
#4659=CARTESIAN_POINT('Origin',(11.2999997094274,-0.299999999999999,7.26178862050327));
#4660=CARTESIAN_POINT('Origin',(13.2999997094274,-0.299999999999999,13.3888997888247));
#4661=CARTESIAN_POINT('',(12.2999997094274,-0.299999999999999,13.0180224781998));
#4662=CARTESIAN_POINT('Origin',(13.2999997094274,-0.299999999999999,13.0180224781998));
#4663=CARTESIAN_POINT('',(12.2999997094274,-0.299999999999999,13.3888997888247));
#4664=CARTESIAN_POINT('Origin',(13.2999997094274,-0.299999999999999,13.0180224781998));
#4665=CARTESIAN_POINT('',(13.2999997094274,-0.299999999999999,14.0180224781998));
#4666=CARTESIAN_POINT('Origin',(13.2999997094274,-0.299999999999999,13.0180224781998));
#4667=CARTESIAN_POINT('Origin',(13.2999997094274,-0.299999999999999,13.0180224781998));
#4668=CARTESIAN_POINT('Origin',(13.974999852851,-0.299999999999999,-5.00000008940697));
#4669=CARTESIAN_POINT('',(21.0000002831221,-0.299999999999999,-6.00000008940697));
#4670=CARTESIAN_POINT('',(13.974999852851,-0.299999999999999,-6.00000008940697));
#4671=CARTESIAN_POINT('Origin',(21.0000002831221,-0.299999999999999,-5.00000008940697));
#4672=CARTESIAN_POINT('Origin',(13.2999997094274,-1.75,-5.00000008940697));
#4673=CARTESIAN_POINT('',(12.2999997094274,-1.75,-5.00000008940697));
#4674=CARTESIAN_POINT('',(13.2539389108443,0.200000000000001,-5.99893872757945));
#4675=CARTESIAN_POINT('Ctrl Pts',(13.2539389108425,0.2,-5.99893872757937));
#4676=CARTESIAN_POINT('Ctrl Pts',(13.2181338567795,0.200000000000064,-5.99728776592818));
#4677=CARTESIAN_POINT('Ctrl Pts',(13.1827321325732,0.201935571676848,-5.99371329049784));
#4678=CARTESIAN_POINT('Ctrl Pts',(13.023261306965,0.21888609384921,-5.96922877857046));
#4679=CARTESIAN_POINT('Ctrl Pts',(12.9006422158062,0.256933894774501,-5.92496075352335));
#4680=CARTESIAN_POINT('Ctrl Pts',(12.6889775171112,0.366326934045244,-5.80105590558425));
#4681=CARTESIAN_POINT('Ctrl Pts',(12.5996852962484,0.437421833895791,-5.72161967999533));
#4682=CARTESIAN_POINT('Ctrl Pts',(12.460016274548,0.583149458888838,-5.55412612848449));
#4683=CARTESIAN_POINT('Ctrl Pts',(12.4014377120067,0.67010395849472,-5.45324831411974));
#4684=CARTESIAN_POINT('Ctrl Pts',(12.3424667665488,0.786348093198791,-5.29383206162653));
#4685=CARTESIAN_POINT('Ctrl Pts',(12.3274606200567,0.822441942909515,-5.23976331948318));
#4686=CARTESIAN_POINT('Ctrl Pts',(12.3063619522795,0.879047554355353,-5.12649989081607));
#4687=CARTESIAN_POINT('Ctrl Pts',(12.2999997094274,0.900000000000007,-5.06757643992815));
#4688=CARTESIAN_POINT('Ctrl Pts',(12.2999997094274,0.900000000000008,-5.00000008940697));
#4689=CARTESIAN_POINT('',(13.2999997094274,0.200000000000001,-6.00000008940697));
#4690=CARTESIAN_POINT('Origin',(13.2999997094274,0.200000000000001,-5.00000008940697));
#4691=CARTESIAN_POINT('',(13.2999997094274,-1.75,-6.00000008940697));
#4692=CARTESIAN_POINT('Origin',(12.2999997094274,0.800000000000001,22.7999994903803));
#4693=CARTESIAN_POINT('',(12.2999997094274,1.41093787584334,1.685015836071));
#4694=CARTESIAN_POINT('Origin',(11.2999997094274,1.41093787584334,1.685015836071));
#4695=CARTESIAN_POINT('Origin',(-13.2999997027218,-0.299999999999999,13.0180224781998));
#4696=CARTESIAN_POINT('',(-12.2999997027218,-0.299999999999999,13.0180224781998));
#4697=CARTESIAN_POINT('Origin',(-13.2999997027218,-0.299999999999999,13.0180224781998));
#4698=CARTESIAN_POINT('',(-13.2999997027218,-0.299999999999999,14.0180224781998));
#4699=CARTESIAN_POINT('Origin',(-13.2999997027218,-0.299999999999999,13.0180224781998));
#4700=CARTESIAN_POINT('Origin',(-13.2999997027218,-0.299999999999999,13.0180224781998));
#4701=CARTESIAN_POINT('Origin',(-13.2999997027218,-0.299999999999999,-5.89999979697168));
#4702=CARTESIAN_POINT('',(-12.2999997027218,-0.299999999999999,7.26178862050327));
#4703=CARTESIAN_POINT('Origin',(-13.2999997027218,-0.299999999999999,7.26178862050327));
#4704=CARTESIAN_POINT('',(-12.2999997027218,-0.299999999999999,-5.89999979697168));
#4705=CARTESIAN_POINT('Origin',(-11.2999997027218,-0.299999999999999,7.26178862050327));
#4706=CARTESIAN_POINT('Origin',(-11.2999997027218,-0.299999999999999,7.26178862050327));
#4707=CARTESIAN_POINT('Origin',(-12.2999997027218,0.800000000000001,-15.799999653548));
#4708=CARTESIAN_POINT('',(-12.2999997027218,0.850000000000001,7.26178862050327));
#4709=CARTESIAN_POINT('',(-12.2999997027218,1.1,20.0000002980232));
#4710=CARTESIAN_POINT('',(-12.2999997027218,1.1,20.0000002980232));
#4711=CARTESIAN_POINT('',(-12.2999997027218,1.1,13.0180224781998));
#4712=CARTESIAN_POINT('',(-12.2999997027218,1.1,-6.39999980442226));
#4713=CARTESIAN_POINT('',(-12.2999997027218,-1.75,13.0180224781998));
#4714=CARTESIAN_POINT('Origin',(-11.2999997027218,0.850000000000001,7.26178862050327));
#4715=CARTESIAN_POINT('Origin',(-12.2999997027218,-1.96231022790093,20.0000002980232));
#4716=CARTESIAN_POINT('',(-20.0000002831221,-1.96231022790093,20.0000002980232));
#4717=CARTESIAN_POINT('Origin',(-20.0000002831221,-1.96231022790093,19.0000002980232));
#4718=CARTESIAN_POINT('',(-12.2999997027218,-1.96231022790093,20.0000002980232));
#4719=CARTESIAN_POINT('Origin',(-12.2999997027218,-2.1,6.26178862050327));
#4720=CARTESIAN_POINT('',(-20.0000002831221,-2.1,20.0000002980232));
#4721=CARTESIAN_POINT('Origin',(-20.0000002831221,-2.1,19.0000002980232));
#4722=CARTESIAN_POINT('',(-12.2999997027218,-2.1,20.0000002980232));
#4723=CARTESIAN_POINT('Origin',(-20.0000002831221,-4.3,19.0000002980232));
#4724=CARTESIAN_POINT('',(-20.0000002831221,-4.8,20.0000002980232));
#4725=CARTESIAN_POINT('',(-20.0000002831221,-4.3,20.0000002980232));
#4726=CARTESIAN_POINT('Origin',(-20.0000002831221,-4.8,19.0000002980232));
#4727=CARTESIAN_POINT('Origin',(-20.0000002831221,-4.3,19.0000002980232));
#4728=CARTESIAN_POINT('',(-20.0000002831221,0.200000000000001,20.0000002980232));
#4729=CARTESIAN_POINT('Origin',(-20.0000002831221,0.200000000000001,19.0000002980232));
#4730=CARTESIAN_POINT('',(-20.0000002831221,-4.3,20.0000002980232));
#4731=CARTESIAN_POINT('Origin',(-6.89999970272183,0.75,25.75));
#4732=CARTESIAN_POINT('',(-6.89999970272183,-3.56321398483342,27.75));
#4733=CARTESIAN_POINT('',(-6.89999970272183,0.138108329055701,27.75));
#4734=CARTESIAN_POINT('Ctrl Pts',(-6.89999970272183,0.138108329055699,27.75));
#4735=CARTESIAN_POINT('Ctrl Pts',(-7.1767844899716,-0.431045646743348,27.75));
#4736=CARTESIAN_POINT('Ctrl Pts',(-7.32613726978739,-1.08090079734758,27.7040744033776));
#4737=CARTESIAN_POINT('Ctrl Pts',(-7.32613726978739,-1.71255282788886,27.7040744033776));
#4738=CARTESIAN_POINT('Ctrl Pts',(-7.32613726978739,-2.34420485843014,27.7040744033776));
#4739=CARTESIAN_POINT('Ctrl Pts',(-7.1767844899716,-2.99406000903438,27.75));
#4740=CARTESIAN_POINT('Ctrl Pts',(-6.89999970272183,-3.56321398483342,27.75));
#4741=CARTESIAN_POINT('',(-6.89999970272183,-4.8,27.75));
#4742=CARTESIAN_POINT('',(-6.89999970272183,0.75,27.75));
#4743=CARTESIAN_POINT('',(-8.89999970272183,-4.8,25.75));
#4744=CARTESIAN_POINT('Origin',(-6.89999970272183,-4.8,25.75));
#4745=CARTESIAN_POINT('',(-8.89999970272183,-4.4,25.75));
#4746=CARTESIAN_POINT('',(-6.89999970272183,0.75,27.75));
#4747=CARTESIAN_POINT('Origin',(-17.0000002682209,0.4,24.0000003874302));
#4748=CARTESIAN_POINT('',(-17.0000002682209,-4.8,30.0000003874302));
#4749=CARTESIAN_POINT('',(-23.0000002682209,-4.8,24.0000003874302));
#4750=CARTESIAN_POINT('Origin',(-17.0000002682209,-4.8,24.0000003874302));
#4751=CARTESIAN_POINT('',(-17.0000002682209,0.4,30.0000003874302));
#4752=CARTESIAN_POINT('',(-23.0000002682209,-4.4,24.0000003874302));
#4753=CARTESIAN_POINT('Origin',(-14.4007192437815,-8.39999999999997,22.6165731325318));
#4754=CARTESIAN_POINT('',(-15.4406641961152,-4.80000000000005,22.6165731325318));
#4755=CARTESIAN_POINT('Origin',(-14.4007192437815,-4.80000000000004,22.6165731325318));
#4756=CARTESIAN_POINT('',(-15.4406641961152,-8.39999999999997,22.6165731325318));
#4757=CARTESIAN_POINT('Origin',(1.50000002235174,-4.8,3.00000004470348));
#4758=CARTESIAN_POINT('',(-23.0000002682209,-4.8,-18.0000002980232));
#4759=CARTESIAN_POINT('',(-23.0000002682209,-4.8,17.0000002160668));
#4760=CARTESIAN_POINT('',(-17.0000002682209,-4.8,-24.0000002980232));
#4761=CARTESIAN_POINT('Origin',(-17.0000002682209,-4.8,-18.0000002980232));
#4762=CARTESIAN_POINT('',(20.0000003129244,-4.8,-24.0000002980232));
#4763=CARTESIAN_POINT('',(1.4287562224204,-4.8,-24.0000002980232));
#4764=CARTESIAN_POINT('',(26.0000003129244,-4.8,-18.0000002980232));
#4765=CARTESIAN_POINT('Origin',(20.0000003129244,-4.8,-18.0000002980232));
#4766=CARTESIAN_POINT('',(26.0000003129244,-4.8,24.0000003874302));
#4767=CARTESIAN_POINT('',(26.0000003129244,-4.8,-11.0000001266599));
#4768=CARTESIAN_POINT('',(20.0000003129244,-4.8,30.0000003874302));
#4769=CARTESIAN_POINT('Origin',(20.0000003129244,-4.8,24.0000003874302));
#4770=CARTESIAN_POINT('',(6.72278761839708,-4.8,30.0000003874302));
#4771=CARTESIAN_POINT('',(1.3750000204891,-4.8,30.0000003874302));
#4772=CARTESIAN_POINT('',(6.72278761839708,-4.8,27.75));
#4773=CARTESIAN_POINT('',(6.72278761839708,-4.8,16.5000002160668));
#4774=CARTESIAN_POINT('',(12.2999997094274,-4.79999999999995,27.75));
#4775=CARTESIAN_POINT('',(-3.69499998882412,-4.8,27.75));
#4776=CARTESIAN_POINT('',(12.2999997094274,-4.8,20.0000002980232));
#4777=CARTESIAN_POINT('',(12.2999997094274,-4.8,15.3750000223517));
#4778=CARTESIAN_POINT('',(20.0000002831221,-4.8,20.0000002980232));
#4779=CARTESIAN_POINT('',(6.89999986588955,-4.8,20.0000002980232));
#4780=CARTESIAN_POINT('',(21.0000002831221,-4.8,19.0000002980232));
#4781=CARTESIAN_POINT('Origin',(20.0000002831221,-4.8,19.0000002980232));
#4782=CARTESIAN_POINT('',(21.0000002831221,-4.8,-6.00000008940697));
#4783=CARTESIAN_POINT('',(21.0000002831221,-4.8,9.00000013411045));
#4784=CARTESIAN_POINT('',(21.0160954262831,-4.8,-6.00000008940697));
#4785=CARTESIAN_POINT('',(6.89999986588955,-4.8,-6.00000008940697));
#4786=CARTESIAN_POINT('',(21.0160954262831,-4.8,-11.0006832938865));
#4787=CARTESIAN_POINT('',(21.0160954262831,-4.8,-1.50000002235174));
#4788=CARTESIAN_POINT('',(20.0160954262831,-4.8,-12.0006832938865));
#4789=CARTESIAN_POINT('Origin',(20.0160954262831,-4.8,-11.0006832938865));
#4790=CARTESIAN_POINT('',(13.2999997094274,-4.8,-12.0006832938865));
#4791=CARTESIAN_POINT('',(10.2580477243174,-4.8,-12.0006832938865));
#4792=CARTESIAN_POINT('',(12.2999997094274,-4.8,-13.0006832938865));
#4793=CARTESIAN_POINT('Origin',(13.2999997094274,-4.8,-13.0006832938865));
#4794=CARTESIAN_POINT('',(12.2999997094274,-4.8,-21.299999653548));
#4795=CARTESIAN_POINT('',(12.2999997094274,-4.8,12.8999997675419));
#4796=CARTESIAN_POINT('',(11.2999997094274,-4.8,-22.299999653548));
#4797=CARTESIAN_POINT('Origin',(11.2999997094274,-4.8,-21.299999653548));
#4798=CARTESIAN_POINT('',(-11.2999997027218,-4.8,-22.299999653548));
#4799=CARTESIAN_POINT('',(-2.22592667532975,-4.8,-22.299999653548));
#4800=CARTESIAN_POINT('',(-12.2999997027218,-4.8,-21.299999653548));
#4801=CARTESIAN_POINT('Origin',(-11.2999997027218,-4.8,-21.299999653548));
#4802=CARTESIAN_POINT('',(-12.2999997027218,-4.8,-13.0006832938865));
#4803=CARTESIAN_POINT('',(-12.2999997027218,-4.8,-6.39999980442226));
#4804=CARTESIAN_POINT('',(-13.2999997027218,-4.8,-12.0006832938865));
#4805=CARTESIAN_POINT('Origin',(-13.2999997027218,-4.8,-13.0006832938865));
#4806=CARTESIAN_POINT('',(-20.0000002831221,-4.8,-12.0006832938865));
#4807=CARTESIAN_POINT('',(-5.39999984018505,-4.8,-12.0006832938865));
#4808=CARTESIAN_POINT('Origin',(-20.0000002831221,-4.8,-11.0006832938865));
#4809=CARTESIAN_POINT('',(-10.8999997027218,-4.8,20.0000002980232));
#4810=CARTESIAN_POINT('',(-8.75000013038516,-4.8,20.0000002980232));
#4811=CARTESIAN_POINT('',(-8.89999970272183,-4.8,22.0000002980232));
#4812=CARTESIAN_POINT('Origin',(-10.8999997027218,-4.8,22.0000002980232));
#4813=CARTESIAN_POINT('',(-8.89999970272183,-4.8,-6.39999980442226));
#4814=CARTESIAN_POINT('',(-6.44291963672843,-4.8,27.75));
#4815=CARTESIAN_POINT('',(-3.69499998882412,-4.8,27.75));
#4816=CARTESIAN_POINT('',(-6.44291963672843,-4.8,30.0000003874302));
#4817=CARTESIAN_POINT('',(-6.44291963672844,-4.8,15.3750000223517));
#4818=CARTESIAN_POINT('',(1.3750000204891,-4.8,30.0000003874302));
#4819=CARTESIAN_POINT('',(-15.448650776993,-4.80000000000005,-16.8834268674681));
#4820=CARTESIAN_POINT('Origin',(-14.400719243781,-4.80000000000004,-16.8834268674681));
#4821=CARTESIAN_POINT('',(16.5030343015273,-4.79999999999996,-16.8834268674676));
#4822=CARTESIAN_POINT('Origin',(17.5492807562189,-4.79999999999995,-16.8834268674676));
#4823=CARTESIAN_POINT('',(16.4937233787561,-4.79999999999996,22.6165731325323));
#4824=CARTESIAN_POINT('Origin',(17.5492807562184,-4.79999999999995,22.6165731325323));
#4825=CARTESIAN_POINT('Origin',(-19.0000002831221,-4.3,20.0000002980232));
#4826=CARTESIAN_POINT('',(-13.2949871398285,0.200000000000001,20.0000002980232));
#4827=CARTESIAN_POINT('',(-19.0000002831221,0.200000000000001,20.0000002980232));
#4828=CARTESIAN_POINT('Origin',(-13.2949871398285,1.2,20.0000002980232));
#4829=CARTESIAN_POINT('',(-10.8999997027218,-4.4,20.0000002980232));
#4830=CARTESIAN_POINT('Origin',(12.2999997094274,-1.65000000000002,22.2500003390014));
#4831=CARTESIAN_POINT('',(12.2999997094274,1.1,13.0180224781998));
#4832=CARTESIAN_POINT('',(12.2999997094274,-1.75,13.0180224781998));
#4833=CARTESIAN_POINT('',(12.2999997094274,1.1,20.0000002980232));
#4834=CARTESIAN_POINT('',(12.2999997094274,1.1,12.6250001918525));
#4835=CARTESIAN_POINT('',(12.2999997094274,-2.97500000000001,20.0000002980232));
#4836=CARTESIAN_POINT('',(12.2999997094274,-0.799999999999951,27.75));
#4837=CARTESIAN_POINT('',(12.2999997094274,-4.79999999999995,27.75));
#4838=CARTESIAN_POINT('',(12.2999997094274,-0.799999999999951,23.5000003799796));
#4839=CARTESIAN_POINT('',(12.2999997094274,-0.799999999999951,27.75));
#4840=CARTESIAN_POINT('',(12.2999997094274,-0.275000000000011,23.5000003799796));
#4841=CARTESIAN_POINT('',(12.2999997094274,0.850000000000001,7.26178862050327));
#4842=CARTESIAN_POINT('Origin',(20.0000002831221,-4.3,19.0000002980232));
#4843=CARTESIAN_POINT('',(20.0000002831221,0.200000000000001,20.0000002980232));
#4844=CARTESIAN_POINT('',(20.0000002831221,-4.3,20.0000002980232));
#4845=CARTESIAN_POINT('',(21.0000002831221,0.200000000000001,19.0000002980232));
#4846=CARTESIAN_POINT('Origin',(20.0000002831221,0.200000000000001,19.0000002980232));
#4847=CARTESIAN_POINT('',(21.0000002831221,-4.4,19.0000002980232));
#4848=CARTESIAN_POINT('Origin',(17.5492807562184,-8.39999999999988,22.6165731325323));
#4849=CARTESIAN_POINT('',(16.4937233787561,-8.39999999999988,22.6165731325323));
#4850=CARTESIAN_POINT('Origin',(11.2999997094274,0.850000000000001,7.26178862050327));
#4851=CARTESIAN_POINT('Origin',(21.0000002831221,-4.3,15.0000002235174));
#4852=CARTESIAN_POINT('',(21.0000002831221,0.200000000000001,14.0180224781998));
#4853=CARTESIAN_POINT('',(21.0000002831221,0.200000000000001,20.0000002980232));
#4854=CARTESIAN_POINT('',(21.0000002831221,-0.299999999999999,14.0180224781998));
#4855=CARTESIAN_POINT('',(21.0000002831221,-4.3,14.0180224781998));
#4856=CARTESIAN_POINT('Origin',(21.0000002831221,-0.299999999999999,13.0180224781998));
#4857=CARTESIAN_POINT('',(21.0000002831221,-4.3,-6.00000008940697));
#4858=CARTESIAN_POINT('Origin',(15.6499999962747,0.200000000000001,17.0209463212977));
#4859=CARTESIAN_POINT('',(13.294987146534,0.200000000000001,20.0000002980232));
#4860=CARTESIAN_POINT('',(-19.0000002831221,0.200000000000001,20.0000002980232));
#4861=CARTESIAN_POINT('',(13.294987146534,0.200000000000001,14.0180099152275));
#4862=CARTESIAN_POINT('',(13.294987146534,0.200000000000001,-6.39999980442226));
#4863=CARTESIAN_POINT('',(13.2999997094274,0.200000000000001,14.0180224781998));
#4864=CARTESIAN_POINT('Origin',(13.2999997094274,0.200000000000001,13.0180224781998));
#4865=CARTESIAN_POINT('',(19.0000002831221,0.200000000000001,14.0180224781998));
#4866=CARTESIAN_POINT('',(16.4999786650283,0.200000000000001,17.0092896610256));
#4867=CARTESIAN_POINT('Origin',(17.9999786650283,0.200000000000001,17.0092896610256));
#4868=CARTESIAN_POINT('Origin',(-5.95185337301124,1.,22.7999994970858));
#4869=CARTESIAN_POINT('',(-5.95185337301124,0.950000000000009,11.9610810915754));
#4870=CARTESIAN_POINT('Origin',(9.82205080756888,0.8,25.5000003799796));
#4871=CARTESIAN_POINT('',(8.95602540378444,0.8,25.0000003799796));
#4872=CARTESIAN_POINT('',(9.82205080756888,0.8,24.5000003799796));
#4873=CARTESIAN_POINT('Origin',(9.09,1.1,24.5000003799796));
#4874=CARTESIAN_POINT('',(11.2999997094274,-0.799999999999951,24.5000003799796));
#4875=CARTESIAN_POINT('',(11.2999997094274,-0.275000000000011,24.5000003799796));
#4876=CARTESIAN_POINT('',(10.1999997094274,-0.799999999999951,24.5000003799796));
#4877=CARTESIAN_POINT('',(9.91999985471369,-0.799999999999951,24.5000003799796));
#4878=CARTESIAN_POINT('',(10.1999997094274,0.950000000000001,24.5000003799796));
#4879=CARTESIAN_POINT('Origin',(11.2999997094274,-0.275000000000011,23.5000003799796));
#4880=CARTESIAN_POINT('Origin',(11.2999997094274,-0.799999999999951,23.5000003799796));
#4881=CARTESIAN_POINT('Origin',(10.1999997094274,0.950000000000001,25.5000003799796));
#4882=CARTESIAN_POINT('',(9.19999970942736,-0.799999999999951,25.5000003799796));
#4883=CARTESIAN_POINT('Origin',(10.1999997094274,-0.799999999999951,25.5000003799796));
#4884=CARTESIAN_POINT('',(9.19999970942736,0.950000000000001,25.5000003799796));
#4885=CARTESIAN_POINT('Origin',(9.19999970942736,0.800000000000001,22.7999994903803));
#4886=CARTESIAN_POINT('',(9.19999970942736,-0.799999999999951,26.75));
#4887=CARTESIAN_POINT('',(9.19999970942736,-0.799999999999951,24.462499840185));
#4888=CARTESIAN_POINT('',(9.19999970942736,0.75,26.75));
#4889=CARTESIAN_POINT('Origin',(10.7499997094274,-0.799999999999951,26.1250001899898));
#4890=CARTESIAN_POINT('',(8.19999970942736,-0.799999999999951,27.75));
#4891=CARTESIAN_POINT('',(9.19999970942735,-0.799999999999951,27.75));
#4892=CARTESIAN_POINT('Origin',(8.19999970942736,-0.799999999999951,26.75));
#4893=CARTESIAN_POINT('Origin',(8.19999970942736,0.75,26.75));
#4894=CARTESIAN_POINT('',(8.19999970942736,0.75,27.75));
#4895=CARTESIAN_POINT('Origin',(-8.89,0.7,27.75));
#4896=CARTESIAN_POINT('',(6.72278761839708,-4.3,27.75));
#4897=CARTESIAN_POINT('',(6.72278761839708,-4.4,27.75));
#4898=CARTESIAN_POINT('Origin',(3.13066503506754,-1.73200255377262,27.75));
#4899=CARTESIAN_POINT('Origin',(3.13066503506754,-1.73200255377262,30.0000003874302));
#4900=CARTESIAN_POINT('',(6.72278761839708,-4.3,30.0000003874302));
#4901=CARTESIAN_POINT('',(6.72278761839708,-4.3,30.0000003874302));
#4902=CARTESIAN_POINT('Origin',(3.13066503506754,-1.73200255377262,30.0000003874302));
#4903=CARTESIAN_POINT('Origin',(8.09,0.8,24.5000003799796));
#4904=CARTESIAN_POINT('',(8.09,0.8,25.5000003799796));
#4905=CARTESIAN_POINT('Origin',(12.2999997094274,-4.3,20.0000002980232));
#4906=CARTESIAN_POINT('Origin',(13.294987146534,1.2,20.0000002980232));
#4907=CARTESIAN_POINT('Origin',(-4.95185337301124,0.950000000000009,20.999755835712));
#4908=CARTESIAN_POINT('',(-5.95185337301124,0.950000000000009,20.999755835712));
#4909=CARTESIAN_POINT('',(-4.95185337301124,0.950000000000009,19.999755835712));
#4910=CARTESIAN_POINT('Origin',(-5.95185337301124,0.900000000000017,19.999755835712));
#4911=CARTESIAN_POINT('',(-1.60359563678503,0.900000000000017,19.999755835712));
#4912=CARTESIAN_POINT('Origin',(-1.60359563678503,0.900000000000017,18.999755835712));
#4913=CARTESIAN_POINT('',(-0.603595636785033,0.900000000000017,18.999755835712));
#4914=CARTESIAN_POINT('Origin',(-1.60359563678503,0.900000000000017,13.9610810915754));
#4915=CARTESIAN_POINT('',(-1.60359563678503,0.900000000000017,12.9610810915754));
#4916=CARTESIAN_POINT('',(-0.603595636785033,0.900000000000017,13.9610810915754));
#4917=CARTESIAN_POINT('Origin',(-0.603595636785033,0.900000000000017,18.491755835712));
#4918=CARTESIAN_POINT('Origin',(-4.95185337301124,0.950000000000009,11.9610810915754));
#4919=CARTESIAN_POINT('',(-4.95185337301124,0.950000000000009,12.9610810915754));
#4920=CARTESIAN_POINT('Origin',(-0.603595636785033,0.900000000000017,12.9610810915754));
#4921=CARTESIAN_POINT('Origin',(-5.95185337301124,1.,22.7999994970858));
#4922=CARTESIAN_POINT('',(-5.95185337301124,0.950000000000001,24.5000003799796));
#4923=CARTESIAN_POINT('Origin',(-14.4007192437809,-8.39999999999997,-16.8834268674681));
#4924=CARTESIAN_POINT('',(-15.448650776993,-8.39999999999997,-16.8834268674681));
#4925=CARTESIAN_POINT('Origin',(17.549280756219,-8.39999999999988,-16.8834268674676));
#4926=CARTESIAN_POINT('',(16.5030343015273,-8.39999999999988,-16.8834268674676));
#4927=CARTESIAN_POINT('Origin',(13.2999997094274,-1.75,13.0180224781998));
#4928=CARTESIAN_POINT('',(13.2999997094274,-1.75,14.0180224781998));
#4929=CARTESIAN_POINT('Ctrl Pts',(12.2999997094274,1.1,13.0180224781998));
#4930=CARTESIAN_POINT('Ctrl Pts',(12.2999997094274,1.1,13.039704399511));
#4931=CARTESIAN_POINT('Ctrl Pts',(12.3006221761621,1.09372977752599,13.0565852116137));
#4932=CARTESIAN_POINT('Ctrl Pts',(12.3023078393846,1.07899277261535,13.0876900472949));
#4933=CARTESIAN_POINT('Ctrl Pts',(12.3034112787603,1.07010754475011,13.101711887944));
#4934=CARTESIAN_POINT('Ctrl Pts',(12.3074743582649,1.04127291095238,13.1431881885664));
#4935=CARTESIAN_POINT('Ctrl Pts',(12.3111284836523,1.01944541356119,13.1693217891497));
#4936=CARTESIAN_POINT('Ctrl Pts',(12.3258608601929,0.948777887270245,13.2505843799676));
#4937=CARTESIAN_POINT('Ctrl Pts',(12.340538302351,0.895833769218007,13.3064612354374));
#4938=CARTESIAN_POINT('Ctrl Pts',(12.4042126990143,0.730447527284577,13.4791279132445));
#4939=CARTESIAN_POINT('Ctrl Pts',(12.4743564216335,0.611696760247493,13.5995314386507));
#4940=CARTESIAN_POINT('Ctrl Pts',(12.6460214463617,0.431387071490964,13.7824963406842));
#4941=CARTESIAN_POINT('Ctrl Pts',(12.7456343464031,0.354376804185974,13.8604220399057));
#4942=CARTESIAN_POINT('Ctrl Pts',(12.9213064451794,0.270172300445038,13.945832239112));
#4943=CARTESIAN_POINT('Ctrl Pts',(12.9841772550547,0.247142567692447,13.9692365039796));
#4944=CARTESIAN_POINT('Ctrl Pts',(13.1146939782635,0.214090349874811,14.0030084824491));
#4945=CARTESIAN_POINT('Ctrl Pts',(13.1823378320361,0.204063725120931,14.0133801037904));
#4946=CARTESIAN_POINT('Ctrl Pts',(13.2648861068779,0.200341128361439,14.0175178879843));
#4947=CARTESIAN_POINT('Ctrl Pts',(13.2799137230014,0.200000000000001,14.0179343577948));
#4948=CARTESIAN_POINT('Ctrl Pts',(13.294987146534,0.200000000000001,14.0180099152275));
#4949=CARTESIAN_POINT('Origin',(-13.2999997027218,-1.75,13.0180224781998));
#4950=CARTESIAN_POINT('',(-13.2949871398285,0.200000000000001,14.0180099152275));
#4951=CARTESIAN_POINT('Ctrl Pts',(-12.2999997027218,1.1,13.0180224781998));
#4952=CARTESIAN_POINT('Ctrl Pts',(-12.2999997027218,1.1,13.0429263511378));
#4953=CARTESIAN_POINT('Ctrl Pts',(-12.3007952583039,1.09200879922518,13.0614509007012));
#4954=CARTESIAN_POINT('Ctrl Pts',(-12.3028788638168,1.07429977106306,13.0957772360753));
#4955=CARTESIAN_POINT('Ctrl Pts',(-12.3042315332188,1.06386550562442,13.1112006763943));
#4956=CARTESIAN_POINT('Ctrl Pts',(-12.3092435295282,1.03022959827043,13.1571370915817));
#4957=CARTESIAN_POINT('Ctrl Pts',(-12.3137737879886,1.0051072232984,13.1863002065072));
#4958=CARTESIAN_POINT('Ctrl Pts',(-12.3322069702757,0.924079307189327,13.2772538339117));
#4959=CARTESIAN_POINT('Ctrl Pts',(-12.3507679261506,0.863785971583539,13.3402520399725));
#4960=CARTESIAN_POINT('Ctrl Pts',(-12.4317307876244,0.677364945468496,13.5333872417978));
#4961=CARTESIAN_POINT('Ctrl Pts',(-12.5210305055663,0.545208165440206,13.6670852829793));
#4962=CARTESIAN_POINT('Ctrl Pts',(-12.7310530255047,0.367044632232126,13.8476428859978));
#4963=CARTESIAN_POINT('Ctrl Pts',(-12.8379428839046,0.30132821691434,13.9141627009054));
#4964=CARTESIAN_POINT('Ctrl Pts',(-13.0194178454622,0.236575530428732,13.9800073072801));
#4965=CARTESIAN_POINT('Ctrl Pts',(-13.0834079704764,0.220417317556202,13.9965123529362));
#4966=CARTESIAN_POINT('Ctrl Pts',(-13.197096386704,0.203597926494061,14.0139212774551));
#4967=CARTESIAN_POINT('Ctrl Pts',(-13.2462617781937,0.2,14.0177656732194));
#4968=CARTESIAN_POINT('Ctrl Pts',(-13.2949871398285,0.2,14.0180099152275));
#4969=CARTESIAN_POINT('',(-13.2999997027218,0.200000000000001,14.0180224781998));
#4970=CARTESIAN_POINT('Origin',(-13.2999997027218,0.200000000000001,13.0180224781998));
#4971=CARTESIAN_POINT('',(-13.2999997027218,-1.75,14.0180224781998));
#4972=CARTESIAN_POINT('Origin',(11.2999997094274,0.800000000000001,-21.299999653548));
#4973=CARTESIAN_POINT('',(11.2999997094274,0.800000000000001,-22.299999653548));
#4974=CARTESIAN_POINT('',(12.2999997094274,-4.4,-21.299999653548));
#4975=CARTESIAN_POINT('Origin',(-5.95185337301124,0.800000000000001,-22.299999653548));
#4976=CARTESIAN_POINT('',(-11.2999997027218,-4.4,-22.299999653548));
#4977=CARTESIAN_POINT('Origin',(-11.2999997027218,0.800000000000001,-21.299999653548));
#4978=CARTESIAN_POINT('',(-12.2999997027218,0.800000000000001,-21.299999653548));
#4979=CARTESIAN_POINT('Origin',(12.2999997094274,0.800000000000001,22.7999994903803));
#4980=CARTESIAN_POINT('',(12.2999997094274,-4.4,-13.0006832938865));
#4981=CARTESIAN_POINT('Origin',(-12.2999997027218,0.800000000000001,-15.799999653548));
#4982=CARTESIAN_POINT('',(-12.2999997027218,0.800000000000001,-13.0006832938865));
#4983=CARTESIAN_POINT('Origin',(-13.2539389041388,1.2,-6.14999986588955));
#4984=CARTESIAN_POINT('',(-13.2539389041388,0.200000000000001,-12.001744655714));
#4985=CARTESIAN_POINT('',(-13.2539389041388,0.200000000000001,-6.14999986588955));
#4986=CARTESIAN_POINT('Ctrl Pts',(-12.2999997027218,0.900000000000001,-13.0006832938865));
#4987=CARTESIAN_POINT('Ctrl Pts',(-12.2999997027218,0.900000000000001,-12.9515042926743));
#4988=CARTESIAN_POINT('Ctrl Pts',(-12.3034159458406,0.888908018509962,-12.9086129069324));
#4989=CARTESIAN_POINT('Ctrl Pts',(-12.3141929495384,0.857728807645647,-12.8279370166999));
#4990=CARTESIAN_POINT('Ctrl Pts',(-12.321650743211,0.83745306501793,-12.7902384921318));
#4991=CARTESIAN_POINT('Ctrl Pts',(-12.3499618959496,0.769623202081666,-12.6793549888248));
#4992=CARTESIAN_POINT('Ctrl Pts',(-12.3765744969829,0.71559994020577,-12.6090979810265));
#4993=CARTESIAN_POINT('Ctrl Pts',(-12.4842497971289,0.547900937241449,-12.4016239567543));
#4994=CARTESIAN_POINT('Ctrl Pts',(-12.5926553442345,0.430832223771029,-12.2722090062481));
#4995=CARTESIAN_POINT('Ctrl Pts',(-12.8250614895443,0.290987324621418,-12.1144464292564));
#4996=CARTESIAN_POINT('Ctrl Pts',(-12.9326369818362,0.245591167541353,-12.0628706740494));
#4997=CARTESIAN_POINT('Ctrl Pts',(-13.1155800865351,0.207283637393577,-12.0154309904411));
#4998=CARTESIAN_POINT('Ctrl Pts',(-13.185080813991,0.2,-12.0049196841891));
#4999=CARTESIAN_POINT('Ctrl Pts',(-13.2539389041388,0.2,-12.001744655714));
#5000=CARTESIAN_POINT('Origin',(-12.2999997027218,-4.3,14.0180224781998));
#5001=CARTESIAN_POINT('',(19.0000002831221,0.200000000000001,14.0180224781998));
#5002=CARTESIAN_POINT('',(-13.9749998478219,-0.299999999999999,14.0180224781998));
#5003=CARTESIAN_POINT('Origin',(-15.6499999929219,0.200000000000001,17.0209463212977));
#5004=CARTESIAN_POINT('',(-13.2949871398285,0.200000000000001,-6.39999980442226));
#5005=CARTESIAN_POINT('',(-19.499995479517,0.200000000000001,16.9956372745609));
#5006=CARTESIAN_POINT('Origin',(-17.999995479517,0.200000000000001,16.9956372745609));
#5007=CARTESIAN_POINT('Origin',(13.2999997094274,-1.75,-13.0006832938865));
#5008=CARTESIAN_POINT('',(13.2999997094274,0.200000000000001,-12.0006832938865));
#5009=CARTESIAN_POINT('',(13.2999997094274,-4.4,-12.0006832938865));
#5010=CARTESIAN_POINT('',(13.2539389108443,0.200000000000001,-12.001744655714));
#5011=CARTESIAN_POINT('Origin',(13.2999997094274,0.200000000000001,-13.0006832938865));
#5012=CARTESIAN_POINT('Ctrl Pts',(12.2999997094274,0.900000000000001,-13.0006832938865));
#5013=CARTESIAN_POINT('Ctrl Pts',(12.2999997094274,0.900000000000001,-12.9331069433653));
#5014=CARTESIAN_POINT('Ctrl Pts',(12.3063619522795,0.879047554355345,-12.8741834924774));
#5015=CARTESIAN_POINT('Ctrl Pts',(12.3274606200567,0.822441942909506,-12.7609200638103));
#5016=CARTESIAN_POINT('Ctrl Pts',(12.3424667665488,0.786348093198789,-12.7068513216669));
#5017=CARTESIAN_POINT('Ctrl Pts',(12.4014377120067,0.67010395849472,-12.5474350691737));
#5018=CARTESIAN_POINT('Ctrl Pts',(12.460016274548,0.583149458888837,-12.446557254809));
#5019=CARTESIAN_POINT('Ctrl Pts',(12.5996852962484,0.437421833895791,-12.2790637032981));
#5020=CARTESIAN_POINT('Ctrl Pts',(12.6889775171112,0.366326934045246,-12.1996274777092));
#5021=CARTESIAN_POINT('Ctrl Pts',(12.9006422158062,0.256933894774503,-12.0757226297701));
#5022=CARTESIAN_POINT('Ctrl Pts',(13.023261306965,0.21888609384921,-12.031454604723));
#5023=CARTESIAN_POINT('Ctrl Pts',(13.1827321325739,0.201935571676775,-12.0069700927955));
#5024=CARTESIAN_POINT('Ctrl Pts',(13.2181338567809,0.199999999999987,-12.0033956173651));
#5025=CARTESIAN_POINT('Ctrl Pts',(13.2539389108447,0.2,-12.001744655714));
#5026=CARTESIAN_POINT('Origin',(-13.2999997027218,0.800000000000001,-13.0006832938865));
#5027=CARTESIAN_POINT('',(-13.2999997027218,0.200000000000001,-12.0006832938865));
#5028=CARTESIAN_POINT('Origin',(-13.2999997027218,0.200000000000001,-13.0006832938865));
#5029=CARTESIAN_POINT('',(-13.2999997027218,0.800000000000001,-12.0006832938865));
#5030=CARTESIAN_POINT('Origin',(-15.6499999929219,0.200000000000001,-9.00752615608464));
#5031=CARTESIAN_POINT('',(-20.0000002831221,0.200000000000001,-12.0006832938865));
#5032=CARTESIAN_POINT('Origin',(-20.0000002831221,0.200000000000001,-11.0006832938865));
#5033=CARTESIAN_POINT('',(-13.9749998478219,0.200000000000001,-12.0006832938865));
#5034=CARTESIAN_POINT('',(-19.499547814251,0.200000000000001,-9.04253825798524));
#5035=CARTESIAN_POINT('Origin',(-17.999547814251,0.200000000000001,-9.04253825798524));
#5036=CARTESIAN_POINT('Origin',(-12.2999997027218,-4.3,-12.0006832938865));
#5037=CARTESIAN_POINT('',(-20.0000002831221,-4.3,-12.0006832938865));
#5038=CARTESIAN_POINT('Origin',(-20.0000002831221,-4.3,-11.0006832938865));
#5039=CARTESIAN_POINT('Origin',(5.95185338393816,1.,-15.799999653548));
#5040=CARTESIAN_POINT('',(5.95185338393816,0.950000000000001,24.5000003799796));
#5041=CARTESIAN_POINT('Origin',(17.3250001396984,-0.299999999999999,13.0180224781998));
#5042=CARTESIAN_POINT('',(17.3250001396984,-0.299999999999999,14.0180224781998));
#5043=CARTESIAN_POINT('Origin',(13.2539389108443,1.2,13.1499997060746));
#5044=CARTESIAN_POINT('',(13.2539389108443,0.200000000000001,13.1499997060746));
#5045=CARTESIAN_POINT('Origin',(19.0000002831221,-4.3,14.0180224781998));
#5046=CARTESIAN_POINT('Origin',(21.0160954262831,-4.3,-6.00000008940697));
#5047=CARTESIAN_POINT('',(21.0160954262831,0.200000000000001,-6.00000008940697));
#5048=CARTESIAN_POINT('',(21.0160954262831,0.200000000000001,-11.0006832938865));
#5049=CARTESIAN_POINT('',(21.0160954262831,0.200000000000001,-7.50376312274581));
#5050=CARTESIAN_POINT('',(21.0160954262831,-4.3,-11.0006832938865));
#5051=CARTESIAN_POINT('',(21.0160954262831,-4.3,-6.00000008940697));
#5052=CARTESIAN_POINT('Origin',(15.6499999962747,0.200000000000001,-9.00752615608464));
#5053=CARTESIAN_POINT('',(20.0160954262831,0.200000000000001,-12.0006832938865));
#5054=CARTESIAN_POINT('',(17.3330477112789,0.200000000000001,-12.0006832938865));
#5055=CARTESIAN_POINT('Origin',(20.0160954262831,0.200000000000001,-11.0006832938865));
#5056=CARTESIAN_POINT('',(13.974999852851,0.200000000000001,-6.00000008940697));
#5057=CARTESIAN_POINT('',(16.4992976647665,0.200000000000001,-9.05300769016338));
#5058=CARTESIAN_POINT('Origin',(17.9992976647665,0.200000000000001,-9.05300769016338));
#5059=CARTESIAN_POINT('Origin',(12.2999997094274,-4.3,-6.00000008940697));
#5060=CARTESIAN_POINT('Origin',(19.0160954262831,-4.3,-12.0006832938865));
#5061=CARTESIAN_POINT('',(20.0160954262831,-4.3,-12.0006832938865));
#5062=CARTESIAN_POINT('Origin',(20.0160954262831,-4.3,-11.0006832938865));
#5063=CARTESIAN_POINT('Origin',(-10.8999997027218,-1.75,22.0000002980232));
#5064=CARTESIAN_POINT('',(-8.89999970272183,1.1,22.0000002980232));
#5065=CARTESIAN_POINT('Origin',(-8.89,0.7,27.75));
#5066=CARTESIAN_POINT('',(-6.44291963672843,-4.3,27.75));
#5067=CARTESIAN_POINT('Origin',(-3.09447568603747,-1.71255282788886,27.75));
#5068=CARTESIAN_POINT('',(-6.44291963672843,-4.4,27.75));
#5069=CARTESIAN_POINT('Origin',(-8.89,0.7,27.75));
#5070=CARTESIAN_POINT('Origin',(-3.09447568603747,-1.71255282788886,27.75));
#5071=CARTESIAN_POINT('Origin',(-8.89999970272183,0.800000000000001,-15.799999653548));
#5072=CARTESIAN_POINT('',(-8.9,0.900000000000001,24.5000003799796));
#5073=CARTESIAN_POINT('',(-8.9,1.1,24.5000003799796));
#5074=CARTESIAN_POINT('',(-8.90000000000001,0.9,-8.64999999999999));
#5075=CARTESIAN_POINT('Origin',(-12.3,0.9,24.5000003799796));
#5076=CARTESIAN_POINT('',(-9.09,0.900000000000001,24.5000003799796));
#5077=CARTESIAN_POINT('Origin',(-8.09,0.900000000000001,24.5000003799796));
#5078=CARTESIAN_POINT('',(-12.3,0.900000000000001,24.5000003799796));
#5079=CARTESIAN_POINT('Origin',(-12.3,1.1,24.5000003799796));
#5080=CARTESIAN_POINT('',(-9.09,0.8,24.5000003799796));
#5081=CARTESIAN_POINT('Origin',(-13.2949871398285,1.2,-6.39999980442226));
#5082=CARTESIAN_POINT('Origin',(13.294987146534,1.2,-6.39999980442226));
#5083=CARTESIAN_POINT('Origin',(6.72278761839708,-4.3,30.0000003874302));
#5084=CARTESIAN_POINT('',(6.72278761839708,-4.4,30.0000003874302));
#5085=CARTESIAN_POINT('Origin',(20.0000003129244,0.4,24.0000003874302));
#5086=CARTESIAN_POINT('',(26.0000003129244,0.4,24.0000003874302));
#5087=CARTESIAN_POINT('',(20.0000003129244,-4.4,30.0000003874302));
#5088=CARTESIAN_POINT('Origin',(26.0000003129244,0.800000000000001,-25.0000002980232));
#5089=CARTESIAN_POINT('',(26.0000003129244,-4.4,-18.0000002980232));
#5090=CARTESIAN_POINT('Origin',(20.0000003129244,0.274999998137355,-18.0000002980232));
#5091=CARTESIAN_POINT('',(20.0000003129244,0.274999998137355,-24.0000002980232));
#5092=CARTESIAN_POINT('Origin',(1.35751242248907,-0.25000000372529,-24.0000002980232));
#5093=CARTESIAN_POINT('',(-17.0000002682209,-4.4,-24.0000002980232));
#5094=CARTESIAN_POINT('Origin',(-17.0000002682209,0.274999998137355,-18.0000002980232));
#5095=CARTESIAN_POINT('',(-23.0000002682209,0.274999998137355,-18.0000002980232));
#5096=CARTESIAN_POINT('Origin',(-23.0000002682209,0.800000000000001,31.0000003874302));
#5097=CARTESIAN_POINT('Origin',(1.25000001862645,0.,30.0000003874302));
#5098=CARTESIAN_POINT('',(-6.44291963672843,-4.3,30.0000003874302));
#5099=CARTESIAN_POINT('',(-6.44291963672843,-4.4,30.0000003874302));
#5100=CARTESIAN_POINT('Origin',(-3.09447568603747,-1.71255282788886,30.0000003874302));
#5101=CARTESIAN_POINT('Origin',(-6.44291963672844,-4.3,27.75));
#5102=CARTESIAN_POINT('',(-6.44291963672844,-4.3,30.0000003874302));
#5103=CARTESIAN_POINT('Origin',(-3.09447568603747,-1.71255282788886,30.0000003874302));
#5104=CARTESIAN_POINT('Origin',(17.9992976647665,1.1,-9.05300769016338));
#5105=CARTESIAN_POINT('',(16.4992976647665,1.1,-9.05300769016338));
#5106=CARTESIAN_POINT('Origin',(-13.9749998478219,-0.299999999999999,13.0180224781998));
#5107=CARTESIAN_POINT('Origin',(17.9999786650283,1.1,17.0092896610256));
#5108=CARTESIAN_POINT('',(16.4999786650283,1.1,17.0092896610256));
#5109=CARTESIAN_POINT('Origin',(-17.999995479517,1.1,16.9956372745609));
#5110=CARTESIAN_POINT('',(-19.499995479517,1.1,16.9956372745609));
#5111=CARTESIAN_POINT('Origin',(-17.999547814251,1.1,-9.04253825798524));
#5112=CARTESIAN_POINT('',(-19.499547814251,1.1,-9.04253825798524));
#5113=CARTESIAN_POINT('Origin',(-6.95185337301124,0.950000000000001,24.5000003799796));
#5114=CARTESIAN_POINT('',(-6.95185337301124,0.950000000000001,25.5000003799796));
#5115=CARTESIAN_POINT('Origin',(-9.00000013411045,0.900000000000001,25.5000003799796));
#5116=CARTESIAN_POINT('',(-8.09,0.8,25.5000003799796));
#5117=CARTESIAN_POINT('Origin',(-8.09,0.8,24.5000003799796));
#5118=CARTESIAN_POINT('Origin',(6.95185338393816,0.950000000000001,24.5000003799796));
#5119=CARTESIAN_POINT('',(6.95185338393816,0.950000000000001,25.5000003799796));
#5120=CARTESIAN_POINT('Origin',(5.95185338393816,0.900000000000001,25.5000003799796));
#5121=CARTESIAN_POINT('Origin',(-5.95185337301124,1.24470446031125,0.549755261968653));
#5122=CARTESIAN_POINT('',(-20.9995957336426,-1.96231022790094,3.24076010402762));
#5123=CARTESIAN_POINT('',(-20.9995957336426,-2.10000000000001,3.35629554101283));
#5124=CARTESIAN_POINT('',(-20.9995957336426,-1.43511919453012,2.7983943023662));
#5125=CARTESIAN_POINT('',(-20.9998533730112,-2.1,3.35629554101283));
#5126=CARTESIAN_POINT('',(-2.97462910294137,-2.1,3.35629554101283));
#5127=CARTESIAN_POINT('',(-20.9998533730112,-1.96231022790093,3.24076010402762));
#5128=CARTESIAN_POINT('',(-20.9998533730112,-4.3051480329562,5.20663444215768));
#5129=CARTESIAN_POINT('',(-6.52772455332691,-1.96231022790093,3.24076010402762));
#5130=CARTESIAN_POINT('Origin',(-20.9998533730112,1.,22.7999994970858));
#5131=CARTESIAN_POINT('',(-20.9998533730112,-2.1,6.26178862050327));
#5132=CARTESIAN_POINT('',(-20.9998533730112,-1.96231022790093,6.26178862050327));
#5133=CARTESIAN_POINT('',(-20.9998533730112,-0.481155113950467,6.26178862050327));
#5134=CARTESIAN_POINT('',(-20.9998533730112,-1.96231022790093,14.5308940587946));
#5135=CARTESIAN_POINT('',(-20.9998533730112,-2.1,6.25589405879454));
#5136=CARTESIAN_POINT('Origin',(-7.10359573364258,-1.96231022790093,6.26178862050335));
#5137=CARTESIAN_POINT('',(-20.9995957336426,-1.96231022790094,6.26178862050327));
#5138=CARTESIAN_POINT('',(-9.70179771818221,-1.96231022790093,6.26178862050327));
#5139=CARTESIAN_POINT('',(-20.9995957336426,-1.96231022790093,6.26178862050335));
#5140=CARTESIAN_POINT('Origin',(-20.9995957336426,-3.09564214384953,6.26178862050335));
#5141=CARTESIAN_POINT('',(-20.9995957336426,-2.10000000000001,6.26178862050327));
#5142=CARTESIAN_POINT('',(-20.9995957336426,-1.09782107192477,6.26178862050327));
#5143=CARTESIAN_POINT('',(-20.9995957336426,-2.1,-2.01321137949669));
#5144=CARTESIAN_POINT('Origin',(0.00259516712849628,-2.1,-10.2882113794967));
#5145=CARTESIAN_POINT('',(-6.14870226779667,-2.1,6.26178862050327));
#5146=CARTESIAN_POINT('Origin',(-12.2999997027218,-1.96231022790093,6.26178862050327));
#5147=CARTESIAN_POINT('',(-4.89640451428513,-3.6176257662318,-26.9917549351828));
#5148=UNCERTAINTY_MEASURE_WITH_UNIT(LENGTH_MEASURE(0.01),#5154,
'DISTANCE_ACCURACY_VALUE',
'Maximum model space distance between geometric entities at asserted c
onnectivities');
#5149=UNCERTAINTY_MEASURE_WITH_UNIT(LENGTH_MEASURE(0.01),#5154,
'DISTANCE_ACCURACY_VALUE',
'Maximum model space distance between geometric entities at asserted c
onnectivities');
#5150=UNCERTAINTY_MEASURE_WITH_UNIT(LENGTH_MEASURE(0.01),#5154,
'DISTANCE_ACCURACY_VALUE',
'Maximum model space distance between geometric entities at asserted c
onnectivities');
#5151=(
GEOMETRIC_REPRESENTATION_CONTEXT(3)
GLOBAL_UNCERTAINTY_ASSIGNED_CONTEXT((#5148))
GLOBAL_UNIT_ASSIGNED_CONTEXT((#5154,#5155,#5156))
REPRESENTATION_CONTEXT('','3D')
);
#5152=(
GEOMETRIC_REPRESENTATION_CONTEXT(3)
GLOBAL_UNCERTAINTY_ASSIGNED_CONTEXT((#5149))
GLOBAL_UNIT_ASSIGNED_CONTEXT((#5154,#5155,#5156))
REPRESENTATION_CONTEXT('','3D')
);
#5153=(
GEOMETRIC_REPRESENTATION_CONTEXT(3)
GLOBAL_UNCERTAINTY_ASSIGNED_CONTEXT((#5150))
GLOBAL_UNIT_ASSIGNED_CONTEXT((#5154,#5155,#5156))
REPRESENTATION_CONTEXT('','3D')
);
#5154=(
LENGTH_UNIT()
NAMED_UNIT(*)
SI_UNIT(.MILLI.,.METRE.)
);
#5155=(
NAMED_UNIT(*)
PLANE_ANGLE_UNIT()
SI_UNIT($,.RADIAN.)
);
#5156=(
NAMED_UNIT(*)
SI_UNIT($,.STERADIAN.)
SOLID_ANGLE_UNIT()
);
#5157=SHAPE_DEFINITION_REPRESENTATION(#5159,#5162);
#5158=SHAPE_DEFINITION_REPRESENTATION(#5160,#5163);
#5159=PRODUCT_DEFINITION_SHAPE('',$,#5165);
#5160=PRODUCT_DEFINITION_SHAPE('',$,#5166);
#5161=PRODUCT_DEFINITION_SHAPE($,$,#14);
#5162=SHAPE_REPRESENTATION('',(#2853,#3139),#5151);
#5163=SHAPE_REPRESENTATION('',(#2854),#5152);
#5164=PRODUCT_DEFINITION_CONTEXT('part definition',#5172,'design');
#5165=PRODUCT_DEFINITION('2025-09-09-16-37-31-994','esp_2.0',#5167,#5164);
#5166=PRODUCT_DEFINITION('2025-09-09-16-37-35-410','Component3',#5168,#5164);
#5167=PRODUCT_DEFINITION_FORMATION('',$,#5174);
#5168=PRODUCT_DEFINITION_FORMATION('',$,#5175);
#5169=PRODUCT_RELATED_PRODUCT_CATEGORY('esp_2.0','esp_2.0',(#5174));
#5170=PRODUCT_RELATED_PRODUCT_CATEGORY('Component3','Component3',(#5175));
#5171=APPLICATION_PROTOCOL_DEFINITION('international standard',
'automotive_design',2009,#5172);
#5172=APPLICATION_CONTEXT(
'Core Data for Automotive Mechanical Design Process');
#5173=PRODUCT_CONTEXT('part definition',#5172,'mechanical');
#5174=PRODUCT('2025-09-09-16-37-31-994','esp_2.0',$,(#5173));
#5175=PRODUCT('2025-09-09-16-37-35-410','Component3',$,(#5173));
#5176=PRESENTATION_STYLE_ASSIGNMENT((#5179));
#5177=PRESENTATION_STYLE_ASSIGNMENT((#5180));
#5178=PRESENTATION_STYLE_ASSIGNMENT((#5181));
#5179=SURFACE_STYLE_USAGE(.BOTH.,#5182);
#5180=SURFACE_STYLE_USAGE(.BOTH.,#5183);
#5181=SURFACE_STYLE_USAGE(.BOTH.,#5184);
#5182=SURFACE_SIDE_STYLE('',(#5185));
#5183=SURFACE_SIDE_STYLE('',(#5186));
#5184=SURFACE_SIDE_STYLE('',(#5187));
#5185=SURFACE_STYLE_FILL_AREA(#5188);
#5186=SURFACE_STYLE_FILL_AREA(#5189);
#5187=SURFACE_STYLE_FILL_AREA(#5190);
#5188=FILL_AREA_STYLE('Steel - Satin',(#5191));
#5189=FILL_AREA_STYLE('Copper - Polished',(#5192));
#5190=FILL_AREA_STYLE('Polymide (Kapton)',(#5193));
#5191=FILL_AREA_STYLE_COLOUR('Steel - Satin',#5194);
#5192=FILL_AREA_STYLE_COLOUR('Copper - Polished',#5195);
#5193=FILL_AREA_STYLE_COLOUR('Polymide (Kapton)',#5196);
#5194=COLOUR_RGB('Steel - Satin',0.627450980392157,0.627450980392157,0.627450980392157);
#5195=COLOUR_RGB('Copper - Polished',0.529411764705882,0.380392156862745,
0.290196078431373);
#5196=COLOUR_RGB('Polymide (Kapton)',0.,0.,0.);
ENDSEC;
END-ISO-10303-21;
