ISO-10303-21;
HEADER;
/* Generated by software containing ST-Developer
 * from STEP Tools, Inc. (www.steptools.com) 
 */

FILE_DESCRIPTION(
/* description */ (''),
/* implementation_level */ '2;1');

FILE_NAME(
/* name */ 'esp_2.0_top.step',
/* time_stamp */ '2025-09-13T17:52:02+01:00',
/* author */ (''),
/* organization */ (''),
/* preprocessor_version */ 'ST-DEVELOPER v20.1',
/* originating_system */ 'Autodesk Translation Framework v14.17.0.0',
/* authorisation */ '');

FILE_SCHEMA (('AUTOMOTIVE_DESIGN { 1 0 10303 214 3 1 1 }'));
ENDSEC;

DATA;
#10=MECHANICAL_DESIGN_GEOMETRIC_PRESENTATION_REPRESENTATION('',(#20,#21),
#6791);
#11=CONTEXT_DEPENDENT_OVER_RIDING_STYLED_ITEM('',(#6816),#6802,#21,(#15));
#12=MAPPED_ITEM('',#13,#4376);
#13=REPRESENTATION_MAP(#4376,#6801);
#14=ITEM_DEFINED_TRANSFORMATION($,$,#4042,#4375);
#15=(
REPRESENTATION_RELATIONSHIP($,$,#6802,#6801)
REPRESENTATION_RELATIONSHIP_WITH_TRANSFORMATION(#14)
SHAPE_REPRESENTATION_RELATIONSHIP()
);
#16=CONTEXT_DEPENDENT_SHAPE_REPRESENTATION(#15,#6800);
#17=NEXT_ASSEMBLY_USAGE_OCCURRENCE('Component1:1','Component1:1',
'Component1:1',#6804,#6805,'Component1:1');
#18=SHAPE_REPRESENTATION_RELATIONSHIP('SRR','None',#6802,#19);
#19=ADVANCED_BREP_SHAPE_REPRESENTATION('',(#22),#6790);
#20=STYLED_ITEM('',(#6816),#22);
#21=STYLED_ITEM('',(#6817),#12);
#22=MANIFOLD_SOLID_BREP('Body1',#4028);
#23=TOROIDAL_SURFACE('',#4311,5.2,0.8);
#24=TOROIDAL_SURFACE('',#4317,5.2,0.8);
#25=TOROIDAL_SURFACE('',#4356,5.2,0.8);
#26=TOROIDAL_SURFACE('',#4362,5.2,0.8);
#27=CYLINDRICAL_SURFACE('',#4103,1.05555737746232);
#28=CYLINDRICAL_SURFACE('',#4106,0.5);
#29=CYLINDRICAL_SURFACE('',#4110,0.5);
#30=CYLINDRICAL_SURFACE('',#4116,0.5);
#31=CYLINDRICAL_SURFACE('',#4118,0.5);
#32=CYLINDRICAL_SURFACE('',#4124,0.5);
#33=CYLINDRICAL_SURFACE('',#4126,0.5);
#34=CYLINDRICAL_SURFACE('',#4132,0.5);
#35=CYLINDRICAL_SURFACE('',#4134,0.5);
#36=CYLINDRICAL_SURFACE('',#4140,0.5);
#37=CYLINDRICAL_SURFACE('',#4142,0.5);
#38=CYLINDRICAL_SURFACE('',#4148,0.5);
#39=CYLINDRICAL_SURFACE('',#4150,0.5);
#40=CYLINDRICAL_SURFACE('',#4156,0.5);
#41=CYLINDRICAL_SURFACE('',#4158,0.5);
#42=CYLINDRICAL_SURFACE('',#4164,0.5);
#43=CYLINDRICAL_SURFACE('',#4168,0.5);
#44=CYLINDRICAL_SURFACE('',#4171,0.2);
#45=CYLINDRICAL_SURFACE('',#4175,0.2);
#46=CYLINDRICAL_SURFACE('',#4179,0.2);
#47=CYLINDRICAL_SURFACE('',#4183,0.2);
#48=CYLINDRICAL_SURFACE('',#4187,0.2);
#49=CYLINDRICAL_SURFACE('',#4191,0.2);
#50=CYLINDRICAL_SURFACE('',#4195,0.2);
#51=CYLINDRICAL_SURFACE('',#4199,0.2);
#52=CYLINDRICAL_SURFACE('',#4203,0.2);
#53=CYLINDRICAL_SURFACE('',#4207,0.2);
#54=CYLINDRICAL_SURFACE('',#4211,0.2);
#55=CYLINDRICAL_SURFACE('',#4215,0.2);
#56=CYLINDRICAL_SURFACE('',#4219,0.2);
#57=CYLINDRICAL_SURFACE('',#4239,0.2);
#58=CYLINDRICAL_SURFACE('',#4241,0.2);
#59=CYLINDRICAL_SURFACE('',#4244,0.2);
#60=CYLINDRICAL_SURFACE('',#4291,0.2);
#61=CYLINDRICAL_SURFACE('',#4293,6.);
#62=CYLINDRICAL_SURFACE('',#4295,3.);
#63=CYLINDRICAL_SURFACE('',#4298,1.);
#64=CYLINDRICAL_SURFACE('',#4300,1.);
#65=CYLINDRICAL_SURFACE('',#4303,3.);
#66=CYLINDRICAL_SURFACE('',#4304,3.);
#67=CYLINDRICAL_SURFACE('',#4305,1.);
#68=CYLINDRICAL_SURFACE('',#4307,4.);
#69=CYLINDRICAL_SURFACE('',#4309,1.);
#70=CYLINDRICAL_SURFACE('',#4315,6.);
#71=CYLINDRICAL_SURFACE('',#4320,0.8);
#72=CYLINDRICAL_SURFACE('',#4324,6.);
#73=CYLINDRICAL_SURFACE('',#4337,1.9);
#74=CYLINDRICAL_SURFACE('',#4338,1.9);
#75=CYLINDRICAL_SURFACE('',#4339,1.9);
#76=CYLINDRICAL_SURFACE('',#4340,1.9);
#77=CYLINDRICAL_SURFACE('',#4343,1.05);
#78=CYLINDRICAL_SURFACE('',#4344,1.05);
#79=CYLINDRICAL_SURFACE('',#4345,1.05);
#80=CYLINDRICAL_SURFACE('',#4347,0.8);
#81=CYLINDRICAL_SURFACE('',#4349,3.);
#82=CYLINDRICAL_SURFACE('',#4353,0.8);
#83=CYLINDRICAL_SURFACE('',#4359,0.8);
#84=CYLINDRICAL_SURFACE('',#4360,2.73683096993872);
#85=CYLINDRICAL_SURFACE('',#4365,6.);
#86=CYLINDRICAL_SURFACE('',#4372,6.);
#87=CYLINDRICAL_SURFACE('',#4373,4.);
#88=CYLINDRICAL_SURFACE('',#4374,4.);
#89=CIRCLE('',#4092,5.2);
#90=CIRCLE('',#4093,5.2);
#91=CIRCLE('',#4094,5.2);
#92=CIRCLE('',#4095,5.2);
#93=CIRCLE('',#4096,1.9);
#94=CIRCLE('',#4097,1.9);
#95=CIRCLE('',#4098,1.9);
#96=CIRCLE('',#4099,1.9);
#97=CIRCLE('',#4104,1.05555737746232);
#98=CIRCLE('',#4105,1.05555737746232);
#99=CIRCLE('',#4107,0.5);
#100=CIRCLE('',#4108,0.5);
#101=CIRCLE('',#4111,0.5);
#102=CIRCLE('',#4112,0.5);
#103=CIRCLE('',#4114,0.5);
#104=CIRCLE('',#4117,0.5);
#105=CIRCLE('',#4119,0.5);
#106=CIRCLE('',#4120,0.5);
#107=CIRCLE('',#4122,0.5);
#108=CIRCLE('',#4125,0.5);
#109=CIRCLE('',#4127,0.5);
#110=CIRCLE('',#4128,0.5);
#111=CIRCLE('',#4130,0.5);
#112=CIRCLE('',#4133,0.5);
#113=CIRCLE('',#4135,0.5);
#114=CIRCLE('',#4136,0.5);
#115=CIRCLE('',#4138,0.5);
#116=CIRCLE('',#4141,0.5);
#117=CIRCLE('',#4143,0.5);
#118=CIRCLE('',#4144,0.5);
#119=CIRCLE('',#4146,0.5);
#120=CIRCLE('',#4149,0.5);
#121=CIRCLE('',#4151,0.5);
#122=CIRCLE('',#4152,0.5);
#123=CIRCLE('',#4154,0.5);
#124=CIRCLE('',#4157,0.5);
#125=CIRCLE('',#4159,0.5);
#126=CIRCLE('',#4160,0.5);
#127=CIRCLE('',#4163,0.5);
#128=CIRCLE('',#4165,0.5);
#129=CIRCLE('',#4166,0.5);
#130=CIRCLE('',#4169,0.5);
#131=CIRCLE('',#4172,0.2);
#132=CIRCLE('',#4173,0.2);
#133=CIRCLE('',#4176,0.2);
#134=CIRCLE('',#4177,0.2);
#135=CIRCLE('',#4180,0.2);
#136=CIRCLE('',#4181,0.2);
#137=CIRCLE('',#4184,0.2);
#138=CIRCLE('',#4185,0.2);
#139=CIRCLE('',#4188,0.2);
#140=CIRCLE('',#4189,0.2);
#141=CIRCLE('',#4192,0.2);
#142=CIRCLE('',#4193,0.2);
#143=CIRCLE('',#4196,0.2);
#144=CIRCLE('',#4197,0.2);
#145=CIRCLE('',#4200,0.2);
#146=CIRCLE('',#4201,0.2);
#147=CIRCLE('',#4204,0.2);
#148=CIRCLE('',#4205,0.2);
#149=CIRCLE('',#4208,0.2);
#150=CIRCLE('',#4209,0.2);
#151=CIRCLE('',#4212,0.2);
#152=CIRCLE('',#4213,0.2);
#153=CIRCLE('',#4216,0.2);
#154=CIRCLE('',#4217,0.2);
#155=CIRCLE('',#4220,0.2);
#156=CIRCLE('',#4221,0.2);
#157=CIRCLE('',#4223,4.);
#158=CIRCLE('',#4224,4.);
#159=CIRCLE('',#4225,1.);
#160=CIRCLE('',#4226,1.);
#161=CIRCLE('',#4227,4.);
#162=CIRCLE('',#4228,6.);
#163=CIRCLE('',#4229,1.);
#164=CIRCLE('',#4230,1.);
#165=CIRCLE('',#4231,0.2);
#166=CIRCLE('',#4232,3.);
#167=CIRCLE('',#4233,0.2);
#168=CIRCLE('',#4234,0.2);
#169=CIRCLE('',#4235,3.);
#170=CIRCLE('',#4236,3.);
#171=CIRCLE('',#4237,3.);
#172=CIRCLE('',#4240,0.2);
#173=CIRCLE('',#4242,0.2);
#174=CIRCLE('',#4245,0.2);
#175=CIRCLE('',#4247,6.);
#176=CIRCLE('',#4248,6.);
#177=CIRCLE('',#4249,6.);
#178=CIRCLE('',#4250,6.);
#179=CIRCLE('',#4251,4.);
#180=CIRCLE('',#4252,1.);
#181=CIRCLE('',#4253,1.);
#182=CIRCLE('',#4254,4.);
#183=CIRCLE('',#4255,4.);
#184=CIRCLE('',#4256,1.);
#185=CIRCLE('',#4257,1.);
#186=CIRCLE('',#4258,6.);
#187=CIRCLE('',#4267,3.);
#188=CIRCLE('',#4268,3.);
#189=CIRCLE('',#4269,1.05);
#190=CIRCLE('',#4270,1.05);
#191=CIRCLE('',#4273,3.);
#192=CIRCLE('',#4274,3.);
#193=CIRCLE('',#4275,1.05);
#194=CIRCLE('',#4282,0.2);
#195=CIRCLE('',#4292,0.2);
#196=CIRCLE('',#4312,6.);
#197=CIRCLE('',#4313,0.800000000000001);
#198=CIRCLE('',#4314,0.800000000000001);
#199=CIRCLE('',#4316,6.);
#200=CIRCLE('',#4318,0.800000000000001);
#201=CIRCLE('',#4319,0.800000000000005);
#202=CIRCLE('',#4322,2.73095965003465);
#203=CIRCLE('',#4323,2.73683096993872);
#204=CIRCLE('',#4327,1.9);
#205=CIRCLE('',#4328,1.05);
#206=CIRCLE('',#4330,1.9);
#207=CIRCLE('',#4331,1.05);
#208=CIRCLE('',#4333,1.9);
#209=CIRCLE('',#4335,1.9);
#210=CIRCLE('',#4336,1.05);
#211=CIRCLE('',#4348,0.800000000000001);
#212=CIRCLE('',#4354,0.800000000000001);
#213=CIRCLE('',#4355,0.800000000000001);
#214=CIRCLE('',#4357,6.);
#215=CIRCLE('',#4358,0.800000000000001);
#216=CIRCLE('',#4361,2.73683136238236);
#217=CIRCLE('',#4363,6.);
#218=B_SPLINE_CURVE_WITH_KNOTS('',3,(#5604,#5605,#5606,#5607,#5608),
 .UNSPECIFIED.,.F.,.F.,(4,1,4),(0.,0.046888964561498,0.0937997264235159),
 .UNSPECIFIED.);
#219=B_SPLINE_CURVE_WITH_KNOTS('',3,(#5612,#5613,#5614,#5615,#5616),
 .UNSPECIFIED.,.F.,.F.,(4,1,4),(0.,0.046888964561498,0.0937997264235159),
 .UNSPECIFIED.);
#220=B_SPLINE_CURVE_WITH_KNOTS('',3,(#5629,#5630,#5631,#5632,#5633),
 .UNSPECIFIED.,.F.,.F.,(4,1,4),(0.,0.0469107967175664,0.0937997612790644),
 .UNSPECIFIED.);
#221=B_SPLINE_CURVE_WITH_KNOTS('',3,(#5636,#5637,#5638,#5639,#5640),
 .UNSPECIFIED.,.F.,.F.,(4,1,4),(0.,0.0469107967175664,0.0937997612790644),
 .UNSPECIFIED.);
#222=B_SPLINE_CURVE_WITH_KNOTS('',3,(#5652,#5653,#5654,#5655,#5656),
 .UNSPECIFIED.,.F.,.F.,(4,1,4),(0.,0.0468890227097073,0.09379977899141),
 .UNSPECIFIED.);
#223=B_SPLINE_CURVE_WITH_KNOTS('',3,(#5659,#5660,#5661,#5662,#5663),
 .UNSPECIFIED.,.F.,.F.,(4,1,4),(0.,0.0468890227097073,0.09379977899141),
 .UNSPECIFIED.);
#224=B_SPLINE_CURVE_WITH_KNOTS('',3,(#5675,#5676,#5677,#5678,#5679),
 .UNSPECIFIED.,.F.,.F.,(4,1,4),(0.,0.0469107562817026,0.0937997208432007),
 .UNSPECIFIED.);
#225=B_SPLINE_CURVE_WITH_KNOTS('',3,(#5682,#5683,#5684,#5685,#5686),
 .UNSPECIFIED.,.F.,.F.,(4,1,4),(0.,0.0469107562817026,0.0937997208432007),
 .UNSPECIFIED.);
#226=B_SPLINE_CURVE_WITH_KNOTS('',3,(#5716,#5717,#5718,#5719,#5720),
 .UNSPECIFIED.,.F.,.F.,(4,1,4),(0.,0.0625468901627507,0.125041414129497),
 .UNSPECIFIED.);
#227=B_SPLINE_CURVE_WITH_KNOTS('',3,(#5723,#5724,#5725,#5726,#5727),
 .UNSPECIFIED.,.F.,.F.,(4,1,4),(0.,0.0625468901627507,0.125041414129497),
 .UNSPECIFIED.);
#228=B_SPLINE_CURVE_WITH_KNOTS('',3,(#5739,#5740,#5741,#5742,#5743),
 .UNSPECIFIED.,.F.,.F.,(4,1,4),(0.,0.0624944946934589,0.125041467660595),
 .UNSPECIFIED.);
#229=B_SPLINE_CURVE_WITH_KNOTS('',3,(#5746,#5747,#5748,#5749,#5750),
 .UNSPECIFIED.,.F.,.F.,(4,1,4),(0.,0.0624944946934589,0.125041467660595),
 .UNSPECIFIED.);
#230=B_SPLINE_CURVE_WITH_KNOTS('',3,(#5762,#5763,#5764,#5765,#5766),
 .UNSPECIFIED.,.F.,.F.,(4,1,4),(0.,0.0624899963258959,0.124978189547461),
 .UNSPECIFIED.);
#231=B_SPLINE_CURVE_WITH_KNOTS('',3,(#5769,#5770,#5771,#5772,#5773),
 .UNSPECIFIED.,.F.,.F.,(4,1,4),(0.,0.0624899963258959,0.124978189547461),
 .UNSPECIFIED.);
#232=B_SPLINE_CURVE_WITH_KNOTS('',3,(#5785,#5786,#5787,#5788,#5789),
 .UNSPECIFIED.,.F.,.F.,(4,1,4),(0.,0.062660452972401,0.125179447950073),
 .UNSPECIFIED.);
#233=B_SPLINE_CURVE_WITH_KNOTS('',3,(#5792,#5793,#5794,#5795,#5796),
 .UNSPECIFIED.,.F.,.F.,(4,1,4),(0.,0.062660452972401,0.125179447950073),
 .UNSPECIFIED.);
#234=B_SPLINE_SURFACE_WITH_KNOTS('',3,1,((#5592,#5593),(#5594,#5595),(#5596,
#5597),(#5598,#5599),(#5600,#5601)),.UNSPECIFIED.,.F.,.F.,.F.,(4,1,4),(2,
2),(0.,0.046888964561498,0.0937997264235159),(0.,0.03),.UNSPECIFIED.);
#235=B_SPLINE_SURFACE_WITH_KNOTS('',3,1,((#5618,#5619),(#5620,#5621),(#5622,
#5623),(#5624,#5625),(#5626,#5627)),.UNSPECIFIED.,.F.,.F.,.F.,(4,1,4),(2,
2),(0.,0.0469107967175664,0.0937997612790644),(0.,0.03),.UNSPECIFIED.);
#236=B_SPLINE_SURFACE_WITH_KNOTS('',3,1,((#5641,#5642),(#5643,#5644),(#5645,
#5646),(#5647,#5648),(#5649,#5650)),.UNSPECIFIED.,.F.,.F.,.F.,(4,1,4),(2,
2),(0.,0.0468890227097073,0.09379977899141),(0.,0.03),.UNSPECIFIED.);
#237=B_SPLINE_SURFACE_WITH_KNOTS('',3,1,((#5664,#5665),(#5666,#5667),(#5668,
#5669),(#5670,#5671),(#5672,#5673)),.UNSPECIFIED.,.F.,.F.,.F.,(4,1,4),(2,
2),(0.,0.0469107562817026,0.0937997208432007),(0.,0.03),.UNSPECIFIED.);
#238=B_SPLINE_SURFACE_WITH_KNOTS('',3,1,((#5705,#5706),(#5707,#5708),(#5709,
#5710),(#5711,#5712),(#5713,#5714)),.UNSPECIFIED.,.F.,.F.,.F.,(4,1,4),(2,
2),(0.,0.0625468901627507,0.125041414129497),(0.,0.03),.UNSPECIFIED.);
#239=B_SPLINE_SURFACE_WITH_KNOTS('',3,1,((#5728,#5729),(#5730,#5731),(#5732,
#5733),(#5734,#5735),(#5736,#5737)),.UNSPECIFIED.,.F.,.F.,.F.,(4,1,4),(2,
2),(0.,0.0624944946934589,0.125041467660595),(0.,0.03),.UNSPECIFIED.);
#240=B_SPLINE_SURFACE_WITH_KNOTS('',3,1,((#5751,#5752),(#5753,#5754),(#5755,
#5756),(#5757,#5758),(#5759,#5760)),.UNSPECIFIED.,.F.,.F.,.F.,(4,1,4),(2,
2),(0.,0.0624899963258959,0.124978189547461),(0.,0.03),.UNSPECIFIED.);
#241=B_SPLINE_SURFACE_WITH_KNOTS('',3,1,((#5774,#5775),(#5776,#5777),(#5778,
#5779),(#5780,#5781),(#5782,#5783)),.UNSPECIFIED.,.F.,.F.,.F.,(4,1,4),(2,
2),(0.,0.062660452972401,0.125179447950073),(0.,0.03),.UNSPECIFIED.);
#242=FACE_BOUND('',#485,.T.);
#243=FACE_BOUND('',#493,.T.);
#244=FACE_BOUND('',#501,.T.);
#245=FACE_BOUND('',#537,.T.);
#246=FACE_BOUND('',#539,.T.);
#247=FACE_BOUND('',#540,.T.);
#248=FACE_BOUND('',#541,.T.);
#249=FACE_BOUND('',#542,.T.);
#250=FACE_BOUND('',#543,.T.);
#251=FACE_BOUND('',#544,.T.);
#252=FACE_BOUND('',#545,.T.);
#253=FACE_BOUND('',#546,.T.);
#254=FACE_BOUND('',#547,.T.);
#255=FACE_BOUND('',#548,.T.);
#256=FACE_BOUND('',#549,.T.);
#257=FACE_BOUND('',#613,.T.);
#258=FACE_BOUND('',#620,.T.);
#259=FACE_BOUND('',#629,.T.);
#260=FACE_BOUND('',#630,.T.);
#261=FACE_BOUND('',#633,.T.);
#262=FACE_BOUND('',#634,.T.);
#263=FACE_BOUND('',#676,.T.);
#264=FACE_BOUND('',#678,.T.);
#265=FACE_BOUND('',#680,.T.);
#266=FACE_BOUND('',#682,.T.);
#267=FACE_OUTER_BOUND('',#478,.T.);
#268=FACE_OUTER_BOUND('',#479,.T.);
#269=FACE_OUTER_BOUND('',#480,.T.);
#270=FACE_OUTER_BOUND('',#481,.T.);
#271=FACE_OUTER_BOUND('',#482,.T.);
#272=FACE_OUTER_BOUND('',#483,.T.);
#273=FACE_OUTER_BOUND('',#484,.T.);
#274=FACE_OUTER_BOUND('',#486,.T.);
#275=FACE_OUTER_BOUND('',#487,.T.);
#276=FACE_OUTER_BOUND('',#488,.T.);
#277=FACE_OUTER_BOUND('',#489,.T.);
#278=FACE_OUTER_BOUND('',#490,.T.);
#279=FACE_OUTER_BOUND('',#491,.T.);
#280=FACE_OUTER_BOUND('',#492,.T.);
#281=FACE_OUTER_BOUND('',#494,.T.);
#282=FACE_OUTER_BOUND('',#495,.T.);
#283=FACE_OUTER_BOUND('',#496,.T.);
#284=FACE_OUTER_BOUND('',#497,.T.);
#285=FACE_OUTER_BOUND('',#498,.T.);
#286=FACE_OUTER_BOUND('',#499,.T.);
#287=FACE_OUTER_BOUND('',#500,.T.);
#288=FACE_OUTER_BOUND('',#502,.T.);
#289=FACE_OUTER_BOUND('',#503,.T.);
#290=FACE_OUTER_BOUND('',#504,.T.);
#291=FACE_OUTER_BOUND('',#505,.T.);
#292=FACE_OUTER_BOUND('',#506,.T.);
#293=FACE_OUTER_BOUND('',#507,.T.);
#294=FACE_OUTER_BOUND('',#508,.T.);
#295=FACE_OUTER_BOUND('',#509,.T.);
#296=FACE_OUTER_BOUND('',#510,.T.);
#297=FACE_OUTER_BOUND('',#511,.T.);
#298=FACE_OUTER_BOUND('',#512,.T.);
#299=FACE_OUTER_BOUND('',#513,.T.);
#300=FACE_OUTER_BOUND('',#514,.T.);
#301=FACE_OUTER_BOUND('',#515,.T.);
#302=FACE_OUTER_BOUND('',#516,.T.);
#303=FACE_OUTER_BOUND('',#517,.T.);
#304=FACE_OUTER_BOUND('',#518,.T.);
#305=FACE_OUTER_BOUND('',#519,.T.);
#306=FACE_OUTER_BOUND('',#520,.T.);
#307=FACE_OUTER_BOUND('',#521,.T.);
#308=FACE_OUTER_BOUND('',#522,.T.);
#309=FACE_OUTER_BOUND('',#523,.T.);
#310=FACE_OUTER_BOUND('',#524,.T.);
#311=FACE_OUTER_BOUND('',#525,.T.);
#312=FACE_OUTER_BOUND('',#526,.T.);
#313=FACE_OUTER_BOUND('',#527,.T.);
#314=FACE_OUTER_BOUND('',#528,.T.);
#315=FACE_OUTER_BOUND('',#529,.T.);
#316=FACE_OUTER_BOUND('',#530,.T.);
#317=FACE_OUTER_BOUND('',#531,.T.);
#318=FACE_OUTER_BOUND('',#532,.T.);
#319=FACE_OUTER_BOUND('',#533,.T.);
#320=FACE_OUTER_BOUND('',#534,.T.);
#321=FACE_OUTER_BOUND('',#535,.T.);
#322=FACE_OUTER_BOUND('',#536,.T.);
#323=FACE_OUTER_BOUND('',#538,.T.);
#324=FACE_OUTER_BOUND('',#550,.T.);
#325=FACE_OUTER_BOUND('',#551,.T.);
#326=FACE_OUTER_BOUND('',#552,.T.);
#327=FACE_OUTER_BOUND('',#553,.T.);
#328=FACE_OUTER_BOUND('',#554,.T.);
#329=FACE_OUTER_BOUND('',#555,.T.);
#330=FACE_OUTER_BOUND('',#556,.T.);
#331=FACE_OUTER_BOUND('',#557,.T.);
#332=FACE_OUTER_BOUND('',#558,.T.);
#333=FACE_OUTER_BOUND('',#559,.T.);
#334=FACE_OUTER_BOUND('',#560,.T.);
#335=FACE_OUTER_BOUND('',#561,.T.);
#336=FACE_OUTER_BOUND('',#562,.T.);
#337=FACE_OUTER_BOUND('',#563,.T.);
#338=FACE_OUTER_BOUND('',#564,.T.);
#339=FACE_OUTER_BOUND('',#565,.T.);
#340=FACE_OUTER_BOUND('',#566,.T.);
#341=FACE_OUTER_BOUND('',#567,.T.);
#342=FACE_OUTER_BOUND('',#568,.T.);
#343=FACE_OUTER_BOUND('',#569,.T.);
#344=FACE_OUTER_BOUND('',#570,.T.);
#345=FACE_OUTER_BOUND('',#571,.T.);
#346=FACE_OUTER_BOUND('',#572,.T.);
#347=FACE_OUTER_BOUND('',#573,.T.);
#348=FACE_OUTER_BOUND('',#574,.T.);
#349=FACE_OUTER_BOUND('',#575,.T.);
#350=FACE_OUTER_BOUND('',#576,.T.);
#351=FACE_OUTER_BOUND('',#577,.T.);
#352=FACE_OUTER_BOUND('',#578,.T.);
#353=FACE_OUTER_BOUND('',#579,.T.);
#354=FACE_OUTER_BOUND('',#580,.T.);
#355=FACE_OUTER_BOUND('',#581,.T.);
#356=FACE_OUTER_BOUND('',#582,.T.);
#357=FACE_OUTER_BOUND('',#583,.T.);
#358=FACE_OUTER_BOUND('',#584,.T.);
#359=FACE_OUTER_BOUND('',#585,.T.);
#360=FACE_OUTER_BOUND('',#586,.T.);
#361=FACE_OUTER_BOUND('',#587,.T.);
#362=FACE_OUTER_BOUND('',#588,.T.);
#363=FACE_OUTER_BOUND('',#589,.T.);
#364=FACE_OUTER_BOUND('',#590,.T.);
#365=FACE_OUTER_BOUND('',#591,.T.);
#366=FACE_OUTER_BOUND('',#592,.T.);
#367=FACE_OUTER_BOUND('',#593,.T.);
#368=FACE_OUTER_BOUND('',#594,.T.);
#369=FACE_OUTER_BOUND('',#595,.T.);
#370=FACE_OUTER_BOUND('',#596,.T.);
#371=FACE_OUTER_BOUND('',#597,.T.);
#372=FACE_OUTER_BOUND('',#598,.T.);
#373=FACE_OUTER_BOUND('',#599,.T.);
#374=FACE_OUTER_BOUND('',#600,.T.);
#375=FACE_OUTER_BOUND('',#601,.T.);
#376=FACE_OUTER_BOUND('',#602,.T.);
#377=FACE_OUTER_BOUND('',#603,.T.);
#378=FACE_OUTER_BOUND('',#604,.T.);
#379=FACE_OUTER_BOUND('',#605,.T.);
#380=FACE_OUTER_BOUND('',#606,.T.);
#381=FACE_OUTER_BOUND('',#607,.T.);
#382=FACE_OUTER_BOUND('',#608,.T.);
#383=FACE_OUTER_BOUND('',#609,.T.);
#384=FACE_OUTER_BOUND('',#610,.T.);
#385=FACE_OUTER_BOUND('',#611,.T.);
#386=FACE_OUTER_BOUND('',#612,.T.);
#387=FACE_OUTER_BOUND('',#614,.T.);
#388=FACE_OUTER_BOUND('',#615,.T.);
#389=FACE_OUTER_BOUND('',#616,.T.);
#390=FACE_OUTER_BOUND('',#617,.T.);
#391=FACE_OUTER_BOUND('',#618,.T.);
#392=FACE_OUTER_BOUND('',#619,.T.);
#393=FACE_OUTER_BOUND('',#621,.T.);
#394=FACE_OUTER_BOUND('',#622,.T.);
#395=FACE_OUTER_BOUND('',#623,.T.);
#396=FACE_OUTER_BOUND('',#624,.T.);
#397=FACE_OUTER_BOUND('',#625,.T.);
#398=FACE_OUTER_BOUND('',#626,.T.);
#399=FACE_OUTER_BOUND('',#627,.T.);
#400=FACE_OUTER_BOUND('',#628,.T.);
#401=FACE_OUTER_BOUND('',#631,.T.);
#402=FACE_OUTER_BOUND('',#632,.T.);
#403=FACE_OUTER_BOUND('',#635,.T.);
#404=FACE_OUTER_BOUND('',#636,.T.);
#405=FACE_OUTER_BOUND('',#637,.T.);
#406=FACE_OUTER_BOUND('',#638,.T.);
#407=FACE_OUTER_BOUND('',#639,.T.);
#408=FACE_OUTER_BOUND('',#640,.T.);
#409=FACE_OUTER_BOUND('',#641,.T.);
#410=FACE_OUTER_BOUND('',#642,.T.);
#411=FACE_OUTER_BOUND('',#643,.T.);
#412=FACE_OUTER_BOUND('',#644,.T.);
#413=FACE_OUTER_BOUND('',#645,.T.);
#414=FACE_OUTER_BOUND('',#646,.T.);
#415=FACE_OUTER_BOUND('',#647,.T.);
#416=FACE_OUTER_BOUND('',#648,.T.);
#417=FACE_OUTER_BOUND('',#649,.T.);
#418=FACE_OUTER_BOUND('',#650,.T.);
#419=FACE_OUTER_BOUND('',#651,.T.);
#420=FACE_OUTER_BOUND('',#652,.T.);
#421=FACE_OUTER_BOUND('',#653,.T.);
#422=FACE_OUTER_BOUND('',#654,.T.);
#423=FACE_OUTER_BOUND('',#655,.T.);
#424=FACE_OUTER_BOUND('',#656,.T.);
#425=FACE_OUTER_BOUND('',#657,.T.);
#426=FACE_OUTER_BOUND('',#658,.T.);
#427=FACE_OUTER_BOUND('',#659,.T.);
#428=FACE_OUTER_BOUND('',#660,.T.);
#429=FACE_OUTER_BOUND('',#661,.T.);
#430=FACE_OUTER_BOUND('',#662,.T.);
#431=FACE_OUTER_BOUND('',#663,.T.);
#432=FACE_OUTER_BOUND('',#664,.T.);
#433=FACE_OUTER_BOUND('',#665,.T.);
#434=FACE_OUTER_BOUND('',#666,.T.);
#435=FACE_OUTER_BOUND('',#667,.T.);
#436=FACE_OUTER_BOUND('',#668,.T.);
#437=FACE_OUTER_BOUND('',#669,.T.);
#438=FACE_OUTER_BOUND('',#670,.T.);
#439=FACE_OUTER_BOUND('',#671,.T.);
#440=FACE_OUTER_BOUND('',#672,.T.);
#441=FACE_OUTER_BOUND('',#673,.T.);
#442=FACE_OUTER_BOUND('',#674,.T.);
#443=FACE_OUTER_BOUND('',#675,.T.);
#444=FACE_OUTER_BOUND('',#677,.T.);
#445=FACE_OUTER_BOUND('',#679,.T.);
#446=FACE_OUTER_BOUND('',#681,.T.);
#447=FACE_OUTER_BOUND('',#683,.T.);
#448=FACE_OUTER_BOUND('',#684,.T.);
#449=FACE_OUTER_BOUND('',#685,.T.);
#450=FACE_OUTER_BOUND('',#686,.T.);
#451=FACE_OUTER_BOUND('',#687,.T.);
#452=FACE_OUTER_BOUND('',#688,.T.);
#453=FACE_OUTER_BOUND('',#689,.T.);
#454=FACE_OUTER_BOUND('',#690,.T.);
#455=FACE_OUTER_BOUND('',#691,.T.);
#456=FACE_OUTER_BOUND('',#692,.T.);
#457=FACE_OUTER_BOUND('',#693,.T.);
#458=FACE_OUTER_BOUND('',#694,.T.);
#459=FACE_OUTER_BOUND('',#695,.T.);
#460=FACE_OUTER_BOUND('',#696,.T.);
#461=FACE_OUTER_BOUND('',#697,.T.);
#462=FACE_OUTER_BOUND('',#698,.T.);
#463=FACE_OUTER_BOUND('',#699,.T.);
#464=FACE_OUTER_BOUND('',#700,.T.);
#465=FACE_OUTER_BOUND('',#701,.T.);
#466=FACE_OUTER_BOUND('',#702,.T.);
#467=FACE_OUTER_BOUND('',#703,.T.);
#468=FACE_OUTER_BOUND('',#704,.T.);
#469=FACE_OUTER_BOUND('',#705,.T.);
#470=FACE_OUTER_BOUND('',#706,.T.);
#471=FACE_OUTER_BOUND('',#707,.T.);
#472=FACE_OUTER_BOUND('',#708,.T.);
#473=FACE_OUTER_BOUND('',#709,.T.);
#474=FACE_OUTER_BOUND('',#710,.T.);
#475=FACE_OUTER_BOUND('',#711,.T.);
#476=FACE_OUTER_BOUND('',#712,.T.);
#477=FACE_OUTER_BOUND('',#713,.T.);
#478=EDGE_LOOP('',(#2530,#2531,#2532,#2533));
#479=EDGE_LOOP('',(#2534,#2535,#2536,#2537));
#480=EDGE_LOOP('',(#2538,#2539,#2540,#2541));
#481=EDGE_LOOP('',(#2542,#2543,#2544,#2545));
#482=EDGE_LOOP('',(#2546,#2547,#2548,#2549));
#483=EDGE_LOOP('',(#2550,#2551,#2552,#2553));
#484=EDGE_LOOP('',(#2554,#2555,#2556));
#485=EDGE_LOOP('',(#2557,#2558,#2559));
#486=EDGE_LOOP('',(#2560,#2561,#2562,#2563));
#487=EDGE_LOOP('',(#2564,#2565,#2566,#2567));
#488=EDGE_LOOP('',(#2568,#2569,#2570,#2571));
#489=EDGE_LOOP('',(#2572,#2573,#2574,#2575));
#490=EDGE_LOOP('',(#2576,#2577,#2578,#2579));
#491=EDGE_LOOP('',(#2580,#2581,#2582,#2583));
#492=EDGE_LOOP('',(#2584,#2585,#2586));
#493=EDGE_LOOP('',(#2587,#2588,#2589));
#494=EDGE_LOOP('',(#2590,#2591,#2592,#2593));
#495=EDGE_LOOP('',(#2594,#2595,#2596,#2597));
#496=EDGE_LOOP('',(#2598,#2599,#2600,#2601));
#497=EDGE_LOOP('',(#2602,#2603,#2604,#2605));
#498=EDGE_LOOP('',(#2606,#2607,#2608,#2609));
#499=EDGE_LOOP('',(#2610,#2611,#2612,#2613));
#500=EDGE_LOOP('',(#2614,#2615,#2616));
#501=EDGE_LOOP('',(#2617,#2618,#2619));
#502=EDGE_LOOP('',(#2620,#2621,#2622,#2623));
#503=EDGE_LOOP('',(#2624,#2625,#2626,#2627));
#504=EDGE_LOOP('',(#2628,#2629,#2630,#2631));
#505=EDGE_LOOP('',(#2632,#2633,#2634,#2635));
#506=EDGE_LOOP('',(#2636,#2637,#2638,#2639));
#507=EDGE_LOOP('',(#2640,#2641,#2642,#2643));
#508=EDGE_LOOP('',(#2644,#2645,#2646,#2647));
#509=EDGE_LOOP('',(#2648,#2649,#2650,#2651));
#510=EDGE_LOOP('',(#2652,#2653,#2654,#2655));
#511=EDGE_LOOP('',(#2656,#2657,#2658,#2659));
#512=EDGE_LOOP('',(#2660,#2661,#2662,#2663));
#513=EDGE_LOOP('',(#2664,#2665,#2666,#2667));
#514=EDGE_LOOP('',(#2668,#2669,#2670,#2671));
#515=EDGE_LOOP('',(#2672,#2673,#2674,#2675));
#516=EDGE_LOOP('',(#2676,#2677,#2678,#2679));
#517=EDGE_LOOP('',(#2680,#2681,#2682,#2683));
#518=EDGE_LOOP('',(#2684,#2685,#2686,#2687));
#519=EDGE_LOOP('',(#2688,#2689,#2690,#2691,#2692,#2693,#2694,#2695,#2696,
#2697,#2698,#2699,#2700,#2701,#2702,#2703,#2704));
#520=EDGE_LOOP('',(#2705,#2706,#2707,#2708));
#521=EDGE_LOOP('',(#2709,#2710,#2711,#2712));
#522=EDGE_LOOP('',(#2713,#2714,#2715,#2716));
#523=EDGE_LOOP('',(#2717,#2718,#2719,#2720));
#524=EDGE_LOOP('',(#2721,#2722,#2723,#2724));
#525=EDGE_LOOP('',(#2725,#2726,#2727,#2728));
#526=EDGE_LOOP('',(#2729,#2730,#2731,#2732));
#527=EDGE_LOOP('',(#2733,#2734,#2735,#2736));
#528=EDGE_LOOP('',(#2737,#2738,#2739,#2740));
#529=EDGE_LOOP('',(#2741,#2742,#2743,#2744,#2745,#2746,#2747,#2748,#2749));
#530=EDGE_LOOP('',(#2750,#2751,#2752,#2753));
#531=EDGE_LOOP('',(#2754,#2755,#2756,#2757));
#532=EDGE_LOOP('',(#2758,#2759,#2760,#2761));
#533=EDGE_LOOP('',(#2762,#2763,#2764,#2765));
#534=EDGE_LOOP('',(#2766,#2767,#2768,#2769));
#535=EDGE_LOOP('',(#2770,#2771,#2772,#2773));
#536=EDGE_LOOP('',(#2774,#2775,#2776));
#537=EDGE_LOOP('',(#2777,#2778,#2779));
#538=EDGE_LOOP('',(#2780,#2781,#2782,#2783,#2784,#2785,#2786,#2787));
#539=EDGE_LOOP('',(#2788,#2789,#2790));
#540=EDGE_LOOP('',(#2791,#2792,#2793));
#541=EDGE_LOOP('',(#2794,#2795,#2796));
#542=EDGE_LOOP('',(#2797,#2798,#2799,#2800,#2801,#2802,#2803,#2804,#2805,
#2806,#2807,#2808,#2809,#2810,#2811,#2812,#2813));
#543=EDGE_LOOP('',(#2814,#2815,#2816,#2817,#2818,#2819,#2820,#2821,#2822));
#544=EDGE_LOOP('',(#2823,#2824,#2825));
#545=EDGE_LOOP('',(#2826,#2827,#2828,#2829));
#546=EDGE_LOOP('',(#2830));
#547=EDGE_LOOP('',(#2831));
#548=EDGE_LOOP('',(#2832));
#549=EDGE_LOOP('',(#2833));
#550=EDGE_LOOP('',(#2834,#2835,#2836));
#551=EDGE_LOOP('',(#2837,#2838,#2839));
#552=EDGE_LOOP('',(#2840,#2841,#2842));
#553=EDGE_LOOP('',(#2843,#2844,#2845,#2846));
#554=EDGE_LOOP('',(#2847,#2848,#2849,#2850));
#555=EDGE_LOOP('',(#2851,#2852,#2853,#2854,#2855,#2856));
#556=EDGE_LOOP('',(#2857,#2858,#2859,#2860));
#557=EDGE_LOOP('',(#2861,#2862,#2863,#2864,#2865,#2866));
#558=EDGE_LOOP('',(#2867,#2868,#2869,#2870));
#559=EDGE_LOOP('',(#2871,#2872,#2873,#2874));
#560=EDGE_LOOP('',(#2875,#2876,#2877,#2878));
#561=EDGE_LOOP('',(#2879,#2880,#2881,#2882,#2883,#2884));
#562=EDGE_LOOP('',(#2885,#2886,#2887,#2888));
#563=EDGE_LOOP('',(#2889,#2890,#2891,#2892));
#564=EDGE_LOOP('',(#2893,#2894,#2895,#2896));
#565=EDGE_LOOP('',(#2897,#2898,#2899,#2900,#2901,#2902));
#566=EDGE_LOOP('',(#2903,#2904,#2905,#2906));
#567=EDGE_LOOP('',(#2907,#2908,#2909,#2910));
#568=EDGE_LOOP('',(#2911,#2912,#2913,#2914));
#569=EDGE_LOOP('',(#2915,#2916,#2917,#2918,#2919,#2920));
#570=EDGE_LOOP('',(#2921,#2922,#2923,#2924));
#571=EDGE_LOOP('',(#2925,#2926,#2927,#2928));
#572=EDGE_LOOP('',(#2929,#2930,#2931,#2932));
#573=EDGE_LOOP('',(#2933,#2934,#2935,#2936,#2937,#2938));
#574=EDGE_LOOP('',(#2939,#2940,#2941,#2942));
#575=EDGE_LOOP('',(#2943,#2944,#2945,#2946));
#576=EDGE_LOOP('',(#2947,#2948,#2949,#2950));
#577=EDGE_LOOP('',(#2951,#2952,#2953,#2954,#2955,#2956));
#578=EDGE_LOOP('',(#2957,#2958,#2959,#2960));
#579=EDGE_LOOP('',(#2961,#2962,#2963,#2964));
#580=EDGE_LOOP('',(#2965,#2966,#2967,#2968));
#581=EDGE_LOOP('',(#2969,#2970,#2971,#2972,#2973,#2974));
#582=EDGE_LOOP('',(#2975,#2976,#2977,#2978,#2979,#2980));
#583=EDGE_LOOP('',(#2981,#2982,#2983,#2984));
#584=EDGE_LOOP('',(#2985,#2986,#2987,#2988));
#585=EDGE_LOOP('',(#2989,#2990,#2991,#2992));
#586=EDGE_LOOP('',(#2993,#2994,#2995,#2996,#2997,#2998));
#587=EDGE_LOOP('',(#2999,#3000,#3001,#3002));
#588=EDGE_LOOP('',(#3003,#3004,#3005,#3006));
#589=EDGE_LOOP('',(#3007,#3008,#3009,#3010));
#590=EDGE_LOOP('',(#3011,#3012,#3013,#3014,#3015,#3016));
#591=EDGE_LOOP('',(#3017,#3018,#3019,#3020));
#592=EDGE_LOOP('',(#3021,#3022,#3023,#3024));
#593=EDGE_LOOP('',(#3025,#3026,#3027,#3028));
#594=EDGE_LOOP('',(#3029,#3030,#3031,#3032,#3033,#3034));
#595=EDGE_LOOP('',(#3035,#3036,#3037,#3038));
#596=EDGE_LOOP('',(#3039,#3040,#3041,#3042));
#597=EDGE_LOOP('',(#3043,#3044,#3045,#3046));
#598=EDGE_LOOP('',(#3047,#3048,#3049,#3050,#3051,#3052));
#599=EDGE_LOOP('',(#3053,#3054,#3055,#3056));
#600=EDGE_LOOP('',(#3057,#3058,#3059,#3060));
#601=EDGE_LOOP('',(#3061,#3062,#3063,#3064));
#602=EDGE_LOOP('',(#3065,#3066,#3067,#3068,#3069,#3070));
#603=EDGE_LOOP('',(#3071,#3072,#3073,#3074));
#604=EDGE_LOOP('',(#3075,#3076,#3077,#3078));
#605=EDGE_LOOP('',(#3079,#3080,#3081,#3082));
#606=EDGE_LOOP('',(#3083,#3084,#3085,#3086,#3087,#3088));
#607=EDGE_LOOP('',(#3089,#3090,#3091,#3092));
#608=EDGE_LOOP('',(#3093,#3094,#3095,#3096,#3097,#3098));
#609=EDGE_LOOP('',(#3099,#3100,#3101,#3102));
#610=EDGE_LOOP('',(#3103,#3104,#3105,#3106));
#611=EDGE_LOOP('',(#3107,#3108,#3109,#3110));
#612=EDGE_LOOP('',(#3111,#3112,#3113,#3114,#3115,#3116,#3117,#3118,#3119,
#3120,#3121,#3122,#3123,#3124,#3125,#3126));
#613=EDGE_LOOP('',(#3127,#3128,#3129,#3130,#3131,#3132,#3133,#3134,#3135,
#3136,#3137,#3138,#3139,#3140,#3141,#3142,#3143,#3144,#3145,#3146,#3147,
#3148,#3149,#3150,#3151,#3152,#3153,#3154,#3155,#3156,#3157,#3158,#3159,
#3160,#3161,#3162,#3163,#3164,#3165,#3166,#3167,#3168,#3169,#3170,#3171,
#3172,#3173,#3174,#3175,#3176,#3177,#3178,#3179,#3180,#3181,#3182,#3183,
#3184,#3185,#3186,#3187,#3188,#3189,#3190,#3191,#3192,#3193,#3194,#3195,
#3196,#3197,#3198));
#614=EDGE_LOOP('',(#3199,#3200,#3201,#3202));
#615=EDGE_LOOP('',(#3203,#3204,#3205,#3206));
#616=EDGE_LOOP('',(#3207,#3208,#3209,#3210));
#617=EDGE_LOOP('',(#3211,#3212,#3213,#3214,#3215,#3216));
#618=EDGE_LOOP('',(#3217,#3218,#3219,#3220));
#619=EDGE_LOOP('',(#3221,#3222,#3223,#3224,#3225,#3226,#3227,#3228,#3229,
#3230,#3231,#3232,#3233));
#620=EDGE_LOOP('',(#3234,#3235,#3236,#3237,#3238,#3239,#3240,#3241,#3242,
#3243,#3244,#3245,#3246,#3247,#3248,#3249));
#621=EDGE_LOOP('',(#3250,#3251,#3252,#3253,#3254,#3255));
#622=EDGE_LOOP('',(#3256,#3257,#3258,#3259,#3260,#3261));
#623=EDGE_LOOP('',(#3262,#3263,#3264,#3265));
#624=EDGE_LOOP('',(#3266,#3267,#3268,#3269,#3270,#3271));
#625=EDGE_LOOP('',(#3272,#3273,#3274,#3275));
#626=EDGE_LOOP('',(#3276,#3277,#3278,#3279));
#627=EDGE_LOOP('',(#3280,#3281,#3282,#3283,#3284,#3285));
#628=EDGE_LOOP('',(#3286,#3287,#3288,#3289,#3290,#3291,#3292,#3293,#3294,
#3295,#3296,#3297,#3298,#3299,#3300,#3301,#3302,#3303,#3304,#3305,#3306,
#3307,#3308,#3309));
#629=EDGE_LOOP('',(#3310));
#630=EDGE_LOOP('',(#3311));
#631=EDGE_LOOP('',(#3312,#3313,#3314,#3315));
#632=EDGE_LOOP('',(#3316,#3317,#3318,#3319,#3320,#3321,#3322,#3323,#3324,
#3325,#3326,#3327,#3328,#3329,#3330,#3331,#3332,#3333,#3334,#3335,#3336,
#3337,#3338,#3339));
#633=EDGE_LOOP('',(#3340));
#634=EDGE_LOOP('',(#3341));
#635=EDGE_LOOP('',(#3342,#3343,#3344,#3345));
#636=EDGE_LOOP('',(#3346,#3347,#3348,#3349,#3350,#3351,#3352,#3353,#3354,
#3355,#3356,#3357));
#637=EDGE_LOOP('',(#3358,#3359,#3360,#3361));
#638=EDGE_LOOP('',(#3362,#3363,#3364,#3365,#3366,#3367));
#639=EDGE_LOOP('',(#3368,#3369,#3370,#3371,#3372,#3373));
#640=EDGE_LOOP('',(#3374,#3375,#3376,#3377,#3378,#3379,#3380,#3381,#3382,
#3383));
#641=EDGE_LOOP('',(#3384,#3385,#3386,#3387));
#642=EDGE_LOOP('',(#3388,#3389,#3390,#3391,#3392,#3393));
#643=EDGE_LOOP('',(#3394,#3395,#3396,#3397,#3398,#3399));
#644=EDGE_LOOP('',(#3400,#3401,#3402,#3403));
#645=EDGE_LOOP('',(#3404,#3405,#3406,#3407,#3408,#3409,#3410,#3411,#3412,
#3413,#3414,#3415,#3416,#3417,#3418,#3419));
#646=EDGE_LOOP('',(#3420,#3421,#3422,#3423));
#647=EDGE_LOOP('',(#3424,#3425,#3426,#3427));
#648=EDGE_LOOP('',(#3428,#3429,#3430,#3431));
#649=EDGE_LOOP('',(#3432,#3433,#3434,#3435));
#650=EDGE_LOOP('',(#3436,#3437,#3438,#3439));
#651=EDGE_LOOP('',(#3440,#3441,#3442,#3443));
#652=EDGE_LOOP('',(#3444,#3445,#3446,#3447));
#653=EDGE_LOOP('',(#3448,#3449,#3450,#3451));
#654=EDGE_LOOP('',(#3452,#3453,#3454,#3455));
#655=EDGE_LOOP('',(#3456,#3457,#3458,#3459));
#656=EDGE_LOOP('',(#3460,#3461,#3462,#3463));
#657=EDGE_LOOP('',(#3464,#3465,#3466,#3467));
#658=EDGE_LOOP('',(#3468,#3469,#3470,#3471));
#659=EDGE_LOOP('',(#3472,#3473,#3474));
#660=EDGE_LOOP('',(#3475,#3476,#3477,#3478));
#661=EDGE_LOOP('',(#3479,#3480,#3481,#3482));
#662=EDGE_LOOP('',(#3483,#3484,#3485,#3486));
#663=EDGE_LOOP('',(#3487,#3488,#3489,#3490));
#664=EDGE_LOOP('',(#3491,#3492,#3493,#3494));
#665=EDGE_LOOP('',(#3495,#3496,#3497,#3498));
#666=EDGE_LOOP('',(#3499,#3500,#3501,#3502));
#667=EDGE_LOOP('',(#3503,#3504,#3505,#3506));
#668=EDGE_LOOP('',(#3507,#3508,#3509,#3510));
#669=EDGE_LOOP('',(#3511,#3512,#3513,#3514));
#670=EDGE_LOOP('',(#3515,#3516,#3517,#3518));
#671=EDGE_LOOP('',(#3519,#3520,#3521,#3522));
#672=EDGE_LOOP('',(#3523,#3524,#3525,#3526,#3527,#3528,#3529,#3530,#3531,
#3532));
#673=EDGE_LOOP('',(#3533,#3534,#3535,#3536));
#674=EDGE_LOOP('',(#3537,#3538,#3539,#3540,#3541,#3542));
#675=EDGE_LOOP('',(#3543));
#676=EDGE_LOOP('',(#3544));
#677=EDGE_LOOP('',(#3545));
#678=EDGE_LOOP('',(#3546));
#679=EDGE_LOOP('',(#3547));
#680=EDGE_LOOP('',(#3548));
#681=EDGE_LOOP('',(#3549));
#682=EDGE_LOOP('',(#3550));
#683=EDGE_LOOP('',(#3551,#3552,#3553,#3554));
#684=EDGE_LOOP('',(#3555,#3556,#3557,#3558));
#685=EDGE_LOOP('',(#3559,#3560,#3561,#3562));
#686=EDGE_LOOP('',(#3563,#3564,#3565,#3566));
#687=EDGE_LOOP('',(#3567,#3568,#3569,#3570));
#688=EDGE_LOOP('',(#3571,#3572,#3573,#3574));
#689=EDGE_LOOP('',(#3575,#3576,#3577,#3578));
#690=EDGE_LOOP('',(#3579,#3580,#3581,#3582));
#691=EDGE_LOOP('',(#3583,#3584,#3585,#3586));
#692=EDGE_LOOP('',(#3587,#3588,#3589,#3590));
#693=EDGE_LOOP('',(#3591,#3592,#3593,#3594));
#694=EDGE_LOOP('',(#3595,#3596,#3597,#3598));
#695=EDGE_LOOP('',(#3599,#3600,#3601,#3602,#3603,#3604));
#696=EDGE_LOOP('',(#3605,#3606,#3607,#3608,#3609,#3610));
#697=EDGE_LOOP('',(#3611,#3612,#3613,#3614));
#698=EDGE_LOOP('',(#3615,#3616,#3617,#3618));
#699=EDGE_LOOP('',(#3619,#3620,#3621,#3622));
#700=EDGE_LOOP('',(#3623,#3624,#3625,#3626));
#701=EDGE_LOOP('',(#3627,#3628,#3629));
#702=EDGE_LOOP('',(#3630,#3631,#3632,#3633));
#703=EDGE_LOOP('',(#3634,#3635,#3636,#3637));
#704=EDGE_LOOP('',(#3638,#3639,#3640,#3641));
#705=EDGE_LOOP('',(#3642,#3643,#3644,#3645));
#706=EDGE_LOOP('',(#3646,#3647,#3648,#3649,#3650));
#707=EDGE_LOOP('',(#3651,#3652,#3653,#3654));
#708=EDGE_LOOP('',(#3655,#3656,#3657,#3658));
#709=EDGE_LOOP('',(#3659,#3660,#3661,#3662,#3663));
#710=EDGE_LOOP('',(#3664,#3665,#3666,#3667));
#711=EDGE_LOOP('',(#3668,#3669,#3670,#3671));
#712=EDGE_LOOP('',(#3672,#3673,#3674,#3675));
#713=EDGE_LOOP('',(#3676,#3677,#3678,#3679));
#714=LINE('',#5484,#1144);
#715=LINE('',#5486,#1145);
#716=LINE('',#5488,#1146);
#717=LINE('',#5489,#1147);
#718=LINE('',#5492,#1148);
#719=LINE('',#5494,#1149);
#720=LINE('',#5495,#1150);
#721=LINE('',#5497,#1151);
#722=LINE('',#5498,#1152);
#723=LINE('',#5502,#1153);
#724=LINE('',#5504,#1154);
#725=LINE('',#5506,#1155);
#726=LINE('',#5507,#1156);
#727=LINE('',#5510,#1157);
#728=LINE('',#5512,#1158);
#729=LINE('',#5513,#1159);
#730=LINE('',#5515,#1160);
#731=LINE('',#5516,#1161);
#732=LINE('',#5521,#1162);
#733=LINE('',#5523,#1163);
#734=LINE('',#5525,#1164);
#735=LINE('',#5526,#1165);
#736=LINE('',#5529,#1166);
#737=LINE('',#5531,#1167);
#738=LINE('',#5532,#1168);
#739=LINE('',#5534,#1169);
#740=LINE('',#5535,#1170);
#741=LINE('',#5539,#1171);
#742=LINE('',#5541,#1172);
#743=LINE('',#5543,#1173);
#744=LINE('',#5544,#1174);
#745=LINE('',#5547,#1175);
#746=LINE('',#5549,#1176);
#747=LINE('',#5550,#1177);
#748=LINE('',#5552,#1178);
#749=LINE('',#5553,#1179);
#750=LINE('',#5558,#1180);
#751=LINE('',#5560,#1181);
#752=LINE('',#5562,#1182);
#753=LINE('',#5563,#1183);
#754=LINE('',#5566,#1184);
#755=LINE('',#5568,#1185);
#756=LINE('',#5569,#1186);
#757=LINE('',#5571,#1187);
#758=LINE('',#5572,#1188);
#759=LINE('',#5576,#1189);
#760=LINE('',#5578,#1190);
#761=LINE('',#5580,#1191);
#762=LINE('',#5581,#1192);
#763=LINE('',#5584,#1193);
#764=LINE('',#5586,#1194);
#765=LINE('',#5587,#1195);
#766=LINE('',#5589,#1196);
#767=LINE('',#5590,#1197);
#768=LINE('',#5610,#1198);
#769=LINE('',#5617,#1199);
#770=LINE('',#5635,#1200);
#771=LINE('',#5658,#1201);
#772=LINE('',#5681,#1202);
#773=LINE('',#5689,#1203);
#774=LINE('',#5691,#1204);
#775=LINE('',#5692,#1205);
#776=LINE('',#5695,#1206);
#777=LINE('',#5697,#1207);
#778=LINE('',#5698,#1208);
#779=LINE('',#5701,#1209);
#780=LINE('',#5703,#1210);
#781=LINE('',#5704,#1211);
#782=LINE('',#5722,#1212);
#783=LINE('',#5745,#1213);
#784=LINE('',#5768,#1214);
#785=LINE('',#5791,#1215);
#786=LINE('',#5799,#1216);
#787=LINE('',#5801,#1217);
#788=LINE('',#5802,#1218);
#789=LINE('',#5805,#1219);
#790=LINE('',#5807,#1220);
#791=LINE('',#5808,#1221);
#792=LINE('',#5811,#1222);
#793=LINE('',#5813,#1223);
#794=LINE('',#5814,#1224);
#795=LINE('',#5817,#1225);
#796=LINE('',#5819,#1226);
#797=LINE('',#5820,#1227);
#798=LINE('',#5823,#1228);
#799=LINE('',#5825,#1229);
#800=LINE('',#5826,#1230);
#801=LINE('',#5828,#1231);
#802=LINE('',#5829,#1232);
#803=LINE('',#5834,#1233);
#804=LINE('',#5836,#1234);
#805=LINE('',#5838,#1235);
#806=LINE('',#5839,#1236);
#807=LINE('',#5842,#1237);
#808=LINE('',#5844,#1238);
#809=LINE('',#5845,#1239);
#810=LINE('',#5848,#1240);
#811=LINE('',#5850,#1241);
#812=LINE('',#5851,#1242);
#813=LINE('',#5854,#1243);
#814=LINE('',#5856,#1244);
#815=LINE('',#5857,#1245);
#816=LINE('',#5860,#1246);
#817=LINE('',#5862,#1247);
#818=LINE('',#5863,#1248);
#819=LINE('',#5866,#1249);
#820=LINE('',#5868,#1250);
#821=LINE('',#5869,#1251);
#822=LINE('',#5872,#1252);
#823=LINE('',#5874,#1253);
#824=LINE('',#5875,#1254);
#825=LINE('',#5878,#1255);
#826=LINE('',#5880,#1256);
#827=LINE('',#5881,#1257);
#828=LINE('',#5883,#1258);
#829=LINE('',#5884,#1259);
#830=LINE('',#5889,#1260);
#831=LINE('',#5891,#1261);
#832=LINE('',#5893,#1262);
#833=LINE('',#5894,#1263);
#834=LINE('',#5897,#1264);
#835=LINE('',#5899,#1265);
#836=LINE('',#5900,#1266);
#837=LINE('',#5902,#1267);
#838=LINE('',#5903,#1268);
#839=LINE('',#5907,#1269);
#840=LINE('',#5909,#1270);
#841=LINE('',#5911,#1271);
#842=LINE('',#5912,#1272);
#843=LINE('',#5915,#1273);
#844=LINE('',#5917,#1274);
#845=LINE('',#5918,#1275);
#846=LINE('',#5920,#1276);
#847=LINE('',#5921,#1277);
#848=LINE('',#5926,#1278);
#849=LINE('',#5930,#1279);
#850=LINE('',#5934,#1280);
#851=LINE('',#5938,#1281);
#852=LINE('',#5942,#1282);
#853=LINE('',#5944,#1283);
#854=LINE('',#5946,#1284);
#855=LINE('',#5947,#1285);
#856=LINE('',#5963,#1286);
#857=LINE('',#5970,#1287);
#858=LINE('',#5973,#1288);
#859=LINE('',#5976,#1289);
#860=LINE('',#5978,#1290);
#861=LINE('',#5980,#1291);
#862=LINE('',#5982,#1292);
#863=LINE('',#5983,#1293);
#864=LINE('',#5989,#1294);
#865=LINE('',#5992,#1295);
#866=LINE('',#5995,#1296);
#867=LINE('',#5999,#1297);
#868=LINE('',#6001,#1298);
#869=LINE('',#6002,#1299);
#870=LINE('',#6005,#1300);
#871=LINE('',#6006,#1301);
#872=LINE('',#6010,#1302);
#873=LINE('',#6016,#1303);
#874=LINE('',#6019,#1304);
#875=LINE('',#6022,#1305);
#876=LINE('',#6026,#1306);
#877=LINE('',#6028,#1307);
#878=LINE('',#6029,#1308);
#879=LINE('',#6032,#1309);
#880=LINE('',#6033,#1310);
#881=LINE('',#6037,#1311);
#882=LINE('',#6043,#1312);
#883=LINE('',#6046,#1313);
#884=LINE('',#6049,#1314);
#885=LINE('',#6053,#1315);
#886=LINE('',#6055,#1316);
#887=LINE('',#6056,#1317);
#888=LINE('',#6059,#1318);
#889=LINE('',#6060,#1319);
#890=LINE('',#6064,#1320);
#891=LINE('',#6070,#1321);
#892=LINE('',#6073,#1322);
#893=LINE('',#6076,#1323);
#894=LINE('',#6080,#1324);
#895=LINE('',#6082,#1325);
#896=LINE('',#6083,#1326);
#897=LINE('',#6086,#1327);
#898=LINE('',#6087,#1328);
#899=LINE('',#6091,#1329);
#900=LINE('',#6097,#1330);
#901=LINE('',#6100,#1331);
#902=LINE('',#6103,#1332);
#903=LINE('',#6107,#1333);
#904=LINE('',#6109,#1334);
#905=LINE('',#6110,#1335);
#906=LINE('',#6113,#1336);
#907=LINE('',#6114,#1337);
#908=LINE('',#6118,#1338);
#909=LINE('',#6124,#1339);
#910=LINE('',#6127,#1340);
#911=LINE('',#6130,#1341);
#912=LINE('',#6134,#1342);
#913=LINE('',#6136,#1343);
#914=LINE('',#6137,#1344);
#915=LINE('',#6140,#1345);
#916=LINE('',#6141,#1346);
#917=LINE('',#6145,#1347);
#918=LINE('',#6151,#1348);
#919=LINE('',#6154,#1349);
#920=LINE('',#6157,#1350);
#921=LINE('',#6159,#1351);
#922=LINE('',#6161,#1352);
#923=LINE('',#6163,#1353);
#924=LINE('',#6164,#1354);
#925=LINE('',#6167,#1355);
#926=LINE('',#6171,#1356);
#927=LINE('',#6172,#1357);
#928=LINE('',#6178,#1358);
#929=LINE('',#6181,#1359);
#930=LINE('',#6183,#1360);
#931=LINE('',#6184,#1361);
#932=LINE('',#6187,#1362);
#933=LINE('',#6190,#1363);
#934=LINE('',#6193,#1364);
#935=LINE('',#6195,#1365);
#936=LINE('',#6197,#1366);
#937=LINE('',#6198,#1367);
#938=LINE('',#6203,#1368);
#939=LINE('',#6207,#1369);
#940=LINE('',#6209,#1370);
#941=LINE('',#6210,#1371);
#942=LINE('',#6215,#1372);
#943=LINE('',#6219,#1373);
#944=LINE('',#6220,#1374);
#945=LINE('',#6221,#1375);
#946=LINE('',#6227,#1376);
#947=LINE('',#6230,#1377);
#948=LINE('',#6233,#1378);
#949=LINE('',#6235,#1379);
#950=LINE('',#6236,#1380);
#951=LINE('',#6242,#1381);
#952=LINE('',#6245,#1382);
#953=LINE('',#6248,#1383);
#954=LINE('',#6249,#1384);
#955=LINE('',#6250,#1385);
#956=LINE('',#6256,#1386);
#957=LINE('',#6259,#1387);
#958=LINE('',#6262,#1388);
#959=LINE('',#6264,#1389);
#960=LINE('',#6265,#1390);
#961=LINE('',#6270,#1391);
#962=LINE('',#6274,#1392);
#963=LINE('',#6275,#1393);
#964=LINE('',#6276,#1394);
#965=LINE('',#6282,#1395);
#966=LINE('',#6285,#1396);
#967=LINE('',#6288,#1397);
#968=LINE('',#6290,#1398);
#969=LINE('',#6291,#1399);
#970=LINE('',#6297,#1400);
#971=LINE('',#6300,#1401);
#972=LINE('',#6303,#1402);
#973=LINE('',#6304,#1403);
#974=LINE('',#6305,#1404);
#975=LINE('',#6311,#1405);
#976=LINE('',#6314,#1406);
#977=LINE('',#6317,#1407);
#978=LINE('',#6319,#1408);
#979=LINE('',#6320,#1409);
#980=LINE('',#6325,#1410);
#981=LINE('',#6329,#1411);
#982=LINE('',#6330,#1412);
#983=LINE('',#6331,#1413);
#984=LINE('',#6337,#1414);
#985=LINE('',#6340,#1415);
#986=LINE('',#6343,#1416);
#987=LINE('',#6344,#1417);
#988=LINE('',#6345,#1418);
#989=LINE('',#6351,#1419);
#990=LINE('',#6354,#1420);
#991=LINE('',#6357,#1421);
#992=LINE('',#6359,#1422);
#993=LINE('',#6360,#1423);
#994=LINE('',#6366,#1424);
#995=LINE('',#6370,#1425);
#996=LINE('',#6374,#1426);
#997=LINE('',#6378,#1427);
#998=LINE('',#6382,#1428);
#999=LINE('',#6386,#1429);
#1000=LINE('',#6390,#1430);
#1001=LINE('',#6394,#1431);
#1002=LINE('',#6398,#1432);
#1003=LINE('',#6401,#1433);
#1004=LINE('',#6405,#1434);
#1005=LINE('',#6409,#1435);
#1006=LINE('',#6411,#1436);
#1007=LINE('',#6413,#1437);
#1008=LINE('',#6416,#1438);
#1009=LINE('',#6418,#1439);
#1010=LINE('',#6420,#1440);
#1011=LINE('',#6421,#1441);
#1012=LINE('',#6423,#1442);
#1013=LINE('',#6425,#1443);
#1014=LINE('',#6426,#1444);
#1015=LINE('',#6428,#1445);
#1016=LINE('',#6430,#1446);
#1017=LINE('',#6433,#1447);
#1018=LINE('',#6434,#1448);
#1019=LINE('',#6438,#1449);
#1020=LINE('',#6441,#1450);
#1021=LINE('',#6444,#1451);
#1022=LINE('',#6447,#1452);
#1023=LINE('',#6449,#1453);
#1024=LINE('',#6450,#1454);
#1025=LINE('',#6453,#1455);
#1026=LINE('',#6460,#1456);
#1027=LINE('',#6464,#1457);
#1028=LINE('',#6466,#1458);
#1029=LINE('',#6468,#1459);
#1030=LINE('',#6470,#1460);
#1031=LINE('',#6472,#1461);
#1032=LINE('',#6474,#1462);
#1033=LINE('',#6478,#1463);
#1034=LINE('',#6481,#1464);
#1035=LINE('',#6484,#1465);
#1036=LINE('',#6488,#1466);
#1037=LINE('',#6492,#1467);
#1038=LINE('',#6496,#1468);
#1039=LINE('',#6500,#1469);
#1040=LINE('',#6504,#1470);
#1041=LINE('',#6508,#1471);
#1042=LINE('',#6512,#1472);
#1043=LINE('',#6515,#1473);
#1044=LINE('',#6518,#1474);
#1045=LINE('',#6519,#1475);
#1046=LINE('',#6522,#1476);
#1047=LINE('',#6523,#1477);
#1048=LINE('',#6525,#1478);
#1049=LINE('',#6528,#1479);
#1050=LINE('',#6529,#1480);
#1051=LINE('',#6531,#1481);
#1052=LINE('',#6533,#1482);
#1053=LINE('',#6536,#1483);
#1054=LINE('',#6539,#1484);
#1055=LINE('',#6541,#1485);
#1056=LINE('',#6543,#1486);
#1057=LINE('',#6544,#1487);
#1058=LINE('',#6547,#1488);
#1059=LINE('',#6555,#1489);
#1060=LINE('',#6556,#1490);
#1061=LINE('',#6559,#1491);
#1062=LINE('',#6561,#1492);
#1063=LINE('',#6563,#1493);
#1064=LINE('',#6565,#1494);
#1065=LINE('',#6566,#1495);
#1066=LINE('',#6569,#1496);
#1067=LINE('',#6573,#1497);
#1068=LINE('',#6575,#1498);
#1069=LINE('',#6577,#1499);
#1070=LINE('',#6579,#1500);
#1071=LINE('',#6580,#1501);
#1072=LINE('',#6581,#1502);
#1073=LINE('',#6583,#1503);
#1074=LINE('',#6587,#1504);
#1075=LINE('',#6588,#1505);
#1076=LINE('',#6591,#1506);
#1077=LINE('',#6593,#1507);
#1078=LINE('',#6595,#1508);
#1079=LINE('',#6598,#1509);
#1080=LINE('',#6600,#1510);
#1081=LINE('',#6603,#1511);
#1082=LINE('',#6605,#1512);
#1083=LINE('',#6608,#1513);
#1084=LINE('',#6610,#1514);
#1085=LINE('',#6611,#1515);
#1086=LINE('',#6612,#1516);
#1087=LINE('',#6613,#1517);
#1088=LINE('',#6615,#1518);
#1089=LINE('',#6618,#1519);
#1090=LINE('',#6620,#1520);
#1091=LINE('',#6621,#1521);
#1092=LINE('',#6623,#1522);
#1093=LINE('',#6627,#1523);
#1094=LINE('',#6628,#1524);
#1095=LINE('',#6630,#1525);
#1096=LINE('',#6633,#1526);
#1097=LINE('',#6635,#1527);
#1098=LINE('',#6636,#1528);
#1099=LINE('',#6639,#1529);
#1100=LINE('',#6640,#1530);
#1101=LINE('',#6643,#1531);
#1102=LINE('',#6644,#1532);
#1103=LINE('',#6649,#1533);
#1104=LINE('',#6650,#1534);
#1105=LINE('',#6652,#1535);
#1106=LINE('',#6654,#1536);
#1107=LINE('',#6656,#1537);
#1108=LINE('',#6658,#1538);
#1109=LINE('',#6670,#1539);
#1110=LINE('',#6671,#1540);
#1111=LINE('',#6676,#1541);
#1112=LINE('',#6679,#1542);
#1113=LINE('',#6683,#1543);
#1114=LINE('',#6686,#1544);
#1115=LINE('',#6687,#1545);
#1116=LINE('',#6689,#1546);
#1117=LINE('',#6692,#1547);
#1118=LINE('',#6694,#1548);
#1119=LINE('',#6696,#1549);
#1120=LINE('',#6698,#1550);
#1121=LINE('',#6699,#1551);
#1122=LINE('',#6719,#1552);
#1123=LINE('',#6721,#1553);
#1124=LINE('',#6723,#1554);
#1125=LINE('',#6725,#1555);
#1126=LINE('',#6728,#1556);
#1127=LINE('',#6730,#1557);
#1128=LINE('',#6731,#1558);
#1129=LINE('',#6733,#1559);
#1130=LINE('',#6734,#1560);
#1131=LINE('',#6736,#1561);
#1132=LINE('',#6738,#1562);
#1133=LINE('',#6740,#1563);
#1134=LINE('',#6745,#1564);
#1135=LINE('',#6754,#1565);
#1136=LINE('',#6761,#1566);
#1137=LINE('',#6767,#1567);
#1138=LINE('',#6768,#1568);
#1139=LINE('',#6770,#1569);
#1140=LINE('',#6773,#1570);
#1141=LINE('',#6775,#1571);
#1142=LINE('',#6777,#1572);
#1143=LINE('',#6780,#1573);
#1144=VECTOR('',#4383,10.);
#1145=VECTOR('',#4384,10.);
#1146=VECTOR('',#4385,10.);
#1147=VECTOR('',#4386,10.);
#1148=VECTOR('',#4389,10.);
#1149=VECTOR('',#4390,10.);
#1150=VECTOR('',#4391,10.);
#1151=VECTOR('',#4394,10.);
#1152=VECTOR('',#4395,10.);
#1153=VECTOR('',#4398,10.);
#1154=VECTOR('',#4399,10.);
#1155=VECTOR('',#4400,10.);
#1156=VECTOR('',#4401,10.);
#1157=VECTOR('',#4404,10.);
#1158=VECTOR('',#4405,10.);
#1159=VECTOR('',#4406,10.);
#1160=VECTOR('',#4409,10.);
#1161=VECTOR('',#4410,10.);
#1162=VECTOR('',#4415,10.);
#1163=VECTOR('',#4416,10.);
#1164=VECTOR('',#4417,10.);
#1165=VECTOR('',#4418,10.);
#1166=VECTOR('',#4421,10.);
#1167=VECTOR('',#4422,10.);
#1168=VECTOR('',#4423,10.);
#1169=VECTOR('',#4426,10.);
#1170=VECTOR('',#4427,10.);
#1171=VECTOR('',#4430,10.);
#1172=VECTOR('',#4431,10.);
#1173=VECTOR('',#4432,10.);
#1174=VECTOR('',#4433,10.);
#1175=VECTOR('',#4436,10.);
#1176=VECTOR('',#4437,10.);
#1177=VECTOR('',#4438,10.);
#1178=VECTOR('',#4441,10.);
#1179=VECTOR('',#4442,10.);
#1180=VECTOR('',#4447,10.);
#1181=VECTOR('',#4448,10.);
#1182=VECTOR('',#4449,10.);
#1183=VECTOR('',#4450,10.);
#1184=VECTOR('',#4453,10.);
#1185=VECTOR('',#4454,10.);
#1186=VECTOR('',#4455,10.);
#1187=VECTOR('',#4458,10.);
#1188=VECTOR('',#4459,10.);
#1189=VECTOR('',#4462,10.);
#1190=VECTOR('',#4463,10.);
#1191=VECTOR('',#4464,10.);
#1192=VECTOR('',#4465,10.);
#1193=VECTOR('',#4468,10.);
#1194=VECTOR('',#4469,10.);
#1195=VECTOR('',#4470,10.);
#1196=VECTOR('',#4473,10.);
#1197=VECTOR('',#4474,10.);
#1198=VECTOR('',#4477,10.);
#1199=VECTOR('',#4478,10.);
#1200=VECTOR('',#4479,10.);
#1201=VECTOR('',#4480,10.);
#1202=VECTOR('',#4481,10.);
#1203=VECTOR('',#4484,10.);
#1204=VECTOR('',#4485,10.);
#1205=VECTOR('',#4486,10.);
#1206=VECTOR('',#4489,10.);
#1207=VECTOR('',#4490,10.);
#1208=VECTOR('',#4491,10.);
#1209=VECTOR('',#4494,10.);
#1210=VECTOR('',#4495,10.);
#1211=VECTOR('',#4496,10.);
#1212=VECTOR('',#4497,10.);
#1213=VECTOR('',#4498,10.);
#1214=VECTOR('',#4499,10.);
#1215=VECTOR('',#4500,10.);
#1216=VECTOR('',#4503,10.);
#1217=VECTOR('',#4504,10.);
#1218=VECTOR('',#4505,10.);
#1219=VECTOR('',#4508,10.);
#1220=VECTOR('',#4509,10.);
#1221=VECTOR('',#4510,10.);
#1222=VECTOR('',#4513,10.);
#1223=VECTOR('',#4514,10.);
#1224=VECTOR('',#4515,10.);
#1225=VECTOR('',#4518,10.);
#1226=VECTOR('',#4519,10.);
#1227=VECTOR('',#4520,10.);
#1228=VECTOR('',#4523,10.);
#1229=VECTOR('',#4524,10.);
#1230=VECTOR('',#4525,10.);
#1231=VECTOR('',#4528,10.);
#1232=VECTOR('',#4529,10.);
#1233=VECTOR('',#4534,10.);
#1234=VECTOR('',#4535,10.);
#1235=VECTOR('',#4536,10.);
#1236=VECTOR('',#4537,10.);
#1237=VECTOR('',#4540,10.);
#1238=VECTOR('',#4541,10.);
#1239=VECTOR('',#4542,10.);
#1240=VECTOR('',#4545,10.);
#1241=VECTOR('',#4546,10.);
#1242=VECTOR('',#4547,10.);
#1243=VECTOR('',#4550,10.);
#1244=VECTOR('',#4551,10.);
#1245=VECTOR('',#4552,10.);
#1246=VECTOR('',#4555,10.);
#1247=VECTOR('',#4556,10.);
#1248=VECTOR('',#4557,10.);
#1249=VECTOR('',#4560,10.);
#1250=VECTOR('',#4561,10.);
#1251=VECTOR('',#4562,10.);
#1252=VECTOR('',#4565,10.);
#1253=VECTOR('',#4566,10.);
#1254=VECTOR('',#4567,10.);
#1255=VECTOR('',#4570,10.);
#1256=VECTOR('',#4571,10.);
#1257=VECTOR('',#4572,10.);
#1258=VECTOR('',#4575,10.);
#1259=VECTOR('',#4576,10.);
#1260=VECTOR('',#4581,10.);
#1261=VECTOR('',#4582,10.);
#1262=VECTOR('',#4583,10.);
#1263=VECTOR('',#4584,10.);
#1264=VECTOR('',#4587,10.);
#1265=VECTOR('',#4588,10.);
#1266=VECTOR('',#4589,10.);
#1267=VECTOR('',#4592,10.);
#1268=VECTOR('',#4593,10.);
#1269=VECTOR('',#4596,10.);
#1270=VECTOR('',#4597,10.);
#1271=VECTOR('',#4598,10.);
#1272=VECTOR('',#4599,10.);
#1273=VECTOR('',#4602,10.);
#1274=VECTOR('',#4603,10.);
#1275=VECTOR('',#4604,10.);
#1276=VECTOR('',#4607,10.);
#1277=VECTOR('',#4608,10.);
#1278=VECTOR('',#4613,10.);
#1279=VECTOR('',#4616,10.);
#1280=VECTOR('',#4619,10.);
#1281=VECTOR('',#4622,10.);
#1282=VECTOR('',#4625,10.);
#1283=VECTOR('',#4626,10.);
#1284=VECTOR('',#4627,10.);
#1285=VECTOR('',#4628,10.);
#1286=VECTOR('',#4647,1.05555737746232);
#1287=VECTOR('',#4654,10.);
#1288=VECTOR('',#4657,10.);
#1289=VECTOR('',#4660,10.);
#1290=VECTOR('',#4661,10.);
#1291=VECTOR('',#4662,10.);
#1292=VECTOR('',#4663,10.);
#1293=VECTOR('',#4664,10.);
#1294=VECTOR('',#4669,10.);
#1295=VECTOR('',#4672,10.);
#1296=VECTOR('',#4675,10.);
#1297=VECTOR('',#4678,10.);
#1298=VECTOR('',#4679,10.);
#1299=VECTOR('',#4680,10.);
#1300=VECTOR('',#4683,10.);
#1301=VECTOR('',#4684,10.);
#1302=VECTOR('',#4689,10.);
#1303=VECTOR('',#4694,10.);
#1304=VECTOR('',#4697,10.);
#1305=VECTOR('',#4700,10.);
#1306=VECTOR('',#4703,10.);
#1307=VECTOR('',#4704,10.);
#1308=VECTOR('',#4705,10.);
#1309=VECTOR('',#4708,10.);
#1310=VECTOR('',#4709,10.);
#1311=VECTOR('',#4714,10.);
#1312=VECTOR('',#4719,10.);
#1313=VECTOR('',#4722,10.);
#1314=VECTOR('',#4725,10.);
#1315=VECTOR('',#4728,10.);
#1316=VECTOR('',#4729,10.);
#1317=VECTOR('',#4730,10.);
#1318=VECTOR('',#4733,10.);
#1319=VECTOR('',#4734,10.);
#1320=VECTOR('',#4739,10.);
#1321=VECTOR('',#4744,10.);
#1322=VECTOR('',#4747,10.);
#1323=VECTOR('',#4750,10.);
#1324=VECTOR('',#4753,10.);
#1325=VECTOR('',#4754,10.);
#1326=VECTOR('',#4755,10.);
#1327=VECTOR('',#4758,10.);
#1328=VECTOR('',#4759,10.);
#1329=VECTOR('',#4764,10.);
#1330=VECTOR('',#4769,10.);
#1331=VECTOR('',#4772,10.);
#1332=VECTOR('',#4775,10.);
#1333=VECTOR('',#4778,10.);
#1334=VECTOR('',#4779,10.);
#1335=VECTOR('',#4780,10.);
#1336=VECTOR('',#4783,10.);
#1337=VECTOR('',#4784,10.);
#1338=VECTOR('',#4789,10.);
#1339=VECTOR('',#4794,10.);
#1340=VECTOR('',#4797,10.);
#1341=VECTOR('',#4800,10.);
#1342=VECTOR('',#4803,10.);
#1343=VECTOR('',#4804,10.);
#1344=VECTOR('',#4805,10.);
#1345=VECTOR('',#4808,10.);
#1346=VECTOR('',#4809,10.);
#1347=VECTOR('',#4814,10.);
#1348=VECTOR('',#4819,10.);
#1349=VECTOR('',#4822,10.);
#1350=VECTOR('',#4825,10.);
#1351=VECTOR('',#4826,10.);
#1352=VECTOR('',#4827,10.);
#1353=VECTOR('',#4828,10.);
#1354=VECTOR('',#4829,10.);
#1355=VECTOR('',#4832,10.);
#1356=VECTOR('',#4835,10.);
#1357=VECTOR('',#4836,10.);
#1358=VECTOR('',#4841,10.);
#1359=VECTOR('',#4844,10.);
#1360=VECTOR('',#4847,10.);
#1361=VECTOR('',#4848,10.);
#1362=VECTOR('',#4851,10.);
#1363=VECTOR('',#4854,10.);
#1364=VECTOR('',#4857,10.);
#1365=VECTOR('',#4858,10.);
#1366=VECTOR('',#4859,10.);
#1367=VECTOR('',#4860,10.);
#1368=VECTOR('',#4865,10.);
#1369=VECTOR('',#4870,10.);
#1370=VECTOR('',#4871,10.);
#1371=VECTOR('',#4872,10.);
#1372=VECTOR('',#4877,10.);
#1373=VECTOR('',#4882,10.);
#1374=VECTOR('',#4883,10.);
#1375=VECTOR('',#4884,10.);
#1376=VECTOR('',#4889,10.);
#1377=VECTOR('',#4892,10.);
#1378=VECTOR('',#4895,10.);
#1379=VECTOR('',#4896,10.);
#1380=VECTOR('',#4897,10.);
#1381=VECTOR('',#4902,10.);
#1382=VECTOR('',#4905,10.);
#1383=VECTOR('',#4908,10.);
#1384=VECTOR('',#4909,10.);
#1385=VECTOR('',#4910,10.);
#1386=VECTOR('',#4915,10.);
#1387=VECTOR('',#4918,10.);
#1388=VECTOR('',#4921,10.);
#1389=VECTOR('',#4922,10.);
#1390=VECTOR('',#4923,10.);
#1391=VECTOR('',#4928,10.);
#1392=VECTOR('',#4933,10.);
#1393=VECTOR('',#4934,10.);
#1394=VECTOR('',#4935,10.);
#1395=VECTOR('',#4940,10.);
#1396=VECTOR('',#4943,10.);
#1397=VECTOR('',#4946,10.);
#1398=VECTOR('',#4947,10.);
#1399=VECTOR('',#4948,10.);
#1400=VECTOR('',#4953,10.);
#1401=VECTOR('',#4956,10.);
#1402=VECTOR('',#4959,10.);
#1403=VECTOR('',#4960,10.);
#1404=VECTOR('',#4961,10.);
#1405=VECTOR('',#4966,10.);
#1406=VECTOR('',#4969,10.);
#1407=VECTOR('',#4972,10.);
#1408=VECTOR('',#4973,10.);
#1409=VECTOR('',#4974,10.);
#1410=VECTOR('',#4979,10.);
#1411=VECTOR('',#4984,10.);
#1412=VECTOR('',#4985,10.);
#1413=VECTOR('',#4986,10.);
#1414=VECTOR('',#4991,10.);
#1415=VECTOR('',#4994,10.);
#1416=VECTOR('',#4997,10.);
#1417=VECTOR('',#4998,10.);
#1418=VECTOR('',#4999,10.);
#1419=VECTOR('',#5004,10.);
#1420=VECTOR('',#5007,10.);
#1421=VECTOR('',#5010,10.);
#1422=VECTOR('',#5011,10.);
#1423=VECTOR('',#5012,10.);
#1424=VECTOR('',#5019,10.);
#1425=VECTOR('',#5022,10.);
#1426=VECTOR('',#5025,10.);
#1427=VECTOR('',#5028,10.);
#1428=VECTOR('',#5031,10.);
#1429=VECTOR('',#5034,10.);
#1430=VECTOR('',#5037,10.);
#1431=VECTOR('',#5040,10.);
#1432=VECTOR('',#5043,10.);
#1433=VECTOR('',#5046,10.);
#1434=VECTOR('',#5049,10.);
#1435=VECTOR('',#5052,10.);
#1436=VECTOR('',#5055,10.);
#1437=VECTOR('',#5056,10.);
#1438=VECTOR('',#5059,10.);
#1439=VECTOR('',#5060,10.);
#1440=VECTOR('',#5063,10.);
#1441=VECTOR('',#5064,10.);
#1442=VECTOR('',#5065,10.);
#1443=VECTOR('',#5068,10.);
#1444=VECTOR('',#5069,10.);
#1445=VECTOR('',#5070,10.);
#1446=VECTOR('',#5073,10.);
#1447=VECTOR('',#5076,10.);
#1448=VECTOR('',#5077,10.);
#1449=VECTOR('',#5082,10.);
#1450=VECTOR('',#5085,10.);
#1451=VECTOR('',#5088,10.);
#1452=VECTOR('',#5091,10.);
#1453=VECTOR('',#5092,10.);
#1454=VECTOR('',#5093,10.);
#1455=VECTOR('',#5096,10.);
#1456=VECTOR('',#5103,10.);
#1457=VECTOR('',#5106,10.);
#1458=VECTOR('',#5107,10.);
#1459=VECTOR('',#5108,10.);
#1460=VECTOR('',#5109,10.);
#1461=VECTOR('',#5110,10.);
#1462=VECTOR('',#5111,10.);
#1463=VECTOR('',#5114,10.);
#1464=VECTOR('',#5117,10.);
#1465=VECTOR('',#5118,10.);
#1466=VECTOR('',#5121,10.);
#1467=VECTOR('',#5124,10.);
#1468=VECTOR('',#5127,10.);
#1469=VECTOR('',#5130,10.);
#1470=VECTOR('',#5133,10.);
#1471=VECTOR('',#5136,10.);
#1472=VECTOR('',#5139,10.);
#1473=VECTOR('',#5144,10.);
#1474=VECTOR('',#5147,10.);
#1475=VECTOR('',#5148,10.);
#1476=VECTOR('',#5151,10.);
#1477=VECTOR('',#5152,10.);
#1478=VECTOR('',#5155,10.);
#1479=VECTOR('',#5158,10.);
#1480=VECTOR('',#5159,10.);
#1481=VECTOR('',#5162,10.);
#1482=VECTOR('',#5165,10.);
#1483=VECTOR('',#5168,10.);
#1484=VECTOR('',#5171,10.);
#1485=VECTOR('',#5172,10.);
#1486=VECTOR('',#5173,10.);
#1487=VECTOR('',#5174,10.);
#1488=VECTOR('',#5177,10.);
#1489=VECTOR('',#5186,10.);
#1490=VECTOR('',#5187,10.);
#1491=VECTOR('',#5190,10.);
#1492=VECTOR('',#5191,10.);
#1493=VECTOR('',#5192,10.);
#1494=VECTOR('',#5193,10.);
#1495=VECTOR('',#5194,10.);
#1496=VECTOR('',#5197,10.);
#1497=VECTOR('',#5202,10.);
#1498=VECTOR('',#5205,10.);
#1499=VECTOR('',#5206,10.);
#1500=VECTOR('',#5207,10.);
#1501=VECTOR('',#5208,10.);
#1502=VECTOR('',#5209,10.);
#1503=VECTOR('',#5212,10.);
#1504=VECTOR('',#5217,10.);
#1505=VECTOR('',#5218,10.);
#1506=VECTOR('',#5221,10.);
#1507=VECTOR('',#5222,10.);
#1508=VECTOR('',#5223,10.);
#1509=VECTOR('',#5226,10.);
#1510=VECTOR('',#5229,10.);
#1511=VECTOR('',#5234,10.);
#1512=VECTOR('',#5237,10.);
#1513=VECTOR('',#5240,10.);
#1514=VECTOR('',#5241,10.);
#1515=VECTOR('',#5242,10.);
#1516=VECTOR('',#5243,10.);
#1517=VECTOR('',#5244,10.);
#1518=VECTOR('',#5247,10.);
#1519=VECTOR('',#5250,10.);
#1520=VECTOR('',#5251,10.);
#1521=VECTOR('',#5252,0.2);
#1522=VECTOR('',#5255,10.);
#1523=VECTOR('',#5262,10.);
#1524=VECTOR('',#5263,10.);
#1525=VECTOR('',#5266,10.);
#1526=VECTOR('',#5271,10.);
#1527=VECTOR('',#5274,10.);
#1528=VECTOR('',#5275,10.);
#1529=VECTOR('',#5280,10.);
#1530=VECTOR('',#5281,10.);
#1531=VECTOR('',#5286,10.);
#1532=VECTOR('',#5287,10.);
#1533=VECTOR('',#5296,10.);
#1534=VECTOR('',#5297,10.);
#1535=VECTOR('',#5300,10.);
#1536=VECTOR('',#5303,10.);
#1537=VECTOR('',#5306,10.);
#1538=VECTOR('',#5309,10.);
#1539=VECTOR('',#5324,10.);
#1540=VECTOR('',#5325,10.);
#1541=VECTOR('',#5334,10.);
#1542=VECTOR('',#5337,10.);
#1543=VECTOR('',#5340,10.);
#1544=VECTOR('',#5343,10.);
#1545=VECTOR('',#5344,10.);
#1546=VECTOR('',#5347,10.);
#1547=VECTOR('',#5350,10.);
#1548=VECTOR('',#5351,10.);
#1549=VECTOR('',#5352,10.);
#1550=VECTOR('',#5353,10.);
#1551=VECTOR('',#5354,10.);
#1552=VECTOR('',#5379,2.5);
#1553=VECTOR('',#5382,2.5);
#1554=VECTOR('',#5385,2.5);
#1555=VECTOR('',#5388,2.5);
#1556=VECTOR('',#5391,10.);
#1557=VECTOR('',#5392,10.);
#1558=VECTOR('',#5393,10.);
#1559=VECTOR('',#5396,10.);
#1560=VECTOR('',#5397,10.);
#1561=VECTOR('',#5400,1.45);
#1562=VECTOR('',#5403,1.45);
#1563=VECTOR('',#5406,1.45);
#1564=VECTOR('',#5413,10.);
#1565=VECTOR('',#5426,10.);
#1566=VECTOR('',#5437,10.);
#1567=VECTOR('',#5448,10.);
#1568=VECTOR('',#5449,10.);
#1569=VECTOR('',#5452,10.);
#1570=VECTOR('',#5457,10.);
#1571=VECTOR('',#5460,10.);
#1572=VECTOR('',#5463,10.);
#1573=VECTOR('',#5468,10.);
#1574=VERTEX_POINT('',#5482);
#1575=VERTEX_POINT('',#5483);
#1576=VERTEX_POINT('',#5485);
#1577=VERTEX_POINT('',#5487);
#1578=VERTEX_POINT('',#5491);
#1579=VERTEX_POINT('',#5493);
#1580=VERTEX_POINT('',#5500);
#1581=VERTEX_POINT('',#5501);
#1582=VERTEX_POINT('',#5503);
#1583=VERTEX_POINT('',#5505);
#1584=VERTEX_POINT('',#5509);
#1585=VERTEX_POINT('',#5511);
#1586=VERTEX_POINT('',#5519);
#1587=VERTEX_POINT('',#5520);
#1588=VERTEX_POINT('',#5522);
#1589=VERTEX_POINT('',#5524);
#1590=VERTEX_POINT('',#5528);
#1591=VERTEX_POINT('',#5530);
#1592=VERTEX_POINT('',#5537);
#1593=VERTEX_POINT('',#5538);
#1594=VERTEX_POINT('',#5540);
#1595=VERTEX_POINT('',#5542);
#1596=VERTEX_POINT('',#5546);
#1597=VERTEX_POINT('',#5548);
#1598=VERTEX_POINT('',#5556);
#1599=VERTEX_POINT('',#5557);
#1600=VERTEX_POINT('',#5559);
#1601=VERTEX_POINT('',#5561);
#1602=VERTEX_POINT('',#5565);
#1603=VERTEX_POINT('',#5567);
#1604=VERTEX_POINT('',#5574);
#1605=VERTEX_POINT('',#5575);
#1606=VERTEX_POINT('',#5577);
#1607=VERTEX_POINT('',#5579);
#1608=VERTEX_POINT('',#5583);
#1609=VERTEX_POINT('',#5585);
#1610=VERTEX_POINT('',#5602);
#1611=VERTEX_POINT('',#5603);
#1612=VERTEX_POINT('',#5609);
#1613=VERTEX_POINT('',#5611);
#1614=VERTEX_POINT('',#5628);
#1615=VERTEX_POINT('',#5634);
#1616=VERTEX_POINT('',#5651);
#1617=VERTEX_POINT('',#5657);
#1618=VERTEX_POINT('',#5674);
#1619=VERTEX_POINT('',#5680);
#1620=VERTEX_POINT('',#5688);
#1621=VERTEX_POINT('',#5690);
#1622=VERTEX_POINT('',#5694);
#1623=VERTEX_POINT('',#5696);
#1624=VERTEX_POINT('',#5700);
#1625=VERTEX_POINT('',#5702);
#1626=VERTEX_POINT('',#5715);
#1627=VERTEX_POINT('',#5721);
#1628=VERTEX_POINT('',#5738);
#1629=VERTEX_POINT('',#5744);
#1630=VERTEX_POINT('',#5761);
#1631=VERTEX_POINT('',#5767);
#1632=VERTEX_POINT('',#5784);
#1633=VERTEX_POINT('',#5790);
#1634=VERTEX_POINT('',#5798);
#1635=VERTEX_POINT('',#5800);
#1636=VERTEX_POINT('',#5804);
#1637=VERTEX_POINT('',#5806);
#1638=VERTEX_POINT('',#5810);
#1639=VERTEX_POINT('',#5812);
#1640=VERTEX_POINT('',#5816);
#1641=VERTEX_POINT('',#5818);
#1642=VERTEX_POINT('',#5822);
#1643=VERTEX_POINT('',#5824);
#1644=VERTEX_POINT('',#5832);
#1645=VERTEX_POINT('',#5833);
#1646=VERTEX_POINT('',#5835);
#1647=VERTEX_POINT('',#5837);
#1648=VERTEX_POINT('',#5841);
#1649=VERTEX_POINT('',#5843);
#1650=VERTEX_POINT('',#5847);
#1651=VERTEX_POINT('',#5849);
#1652=VERTEX_POINT('',#5853);
#1653=VERTEX_POINT('',#5855);
#1654=VERTEX_POINT('',#5859);
#1655=VERTEX_POINT('',#5861);
#1656=VERTEX_POINT('',#5865);
#1657=VERTEX_POINT('',#5867);
#1658=VERTEX_POINT('',#5871);
#1659=VERTEX_POINT('',#5873);
#1660=VERTEX_POINT('',#5877);
#1661=VERTEX_POINT('',#5879);
#1662=VERTEX_POINT('',#5887);
#1663=VERTEX_POINT('',#5888);
#1664=VERTEX_POINT('',#5890);
#1665=VERTEX_POINT('',#5892);
#1666=VERTEX_POINT('',#5896);
#1667=VERTEX_POINT('',#5898);
#1668=VERTEX_POINT('',#5905);
#1669=VERTEX_POINT('',#5906);
#1670=VERTEX_POINT('',#5908);
#1671=VERTEX_POINT('',#5910);
#1672=VERTEX_POINT('',#5914);
#1673=VERTEX_POINT('',#5916);
#1674=VERTEX_POINT('',#5924);
#1675=VERTEX_POINT('',#5925);
#1676=VERTEX_POINT('',#5927);
#1677=VERTEX_POINT('',#5929);
#1678=VERTEX_POINT('',#5931);
#1679=VERTEX_POINT('',#5933);
#1680=VERTEX_POINT('',#5935);
#1681=VERTEX_POINT('',#5937);
#1682=VERTEX_POINT('',#5940);
#1683=VERTEX_POINT('',#5941);
#1684=VERTEX_POINT('',#5943);
#1685=VERTEX_POINT('',#5945);
#1686=VERTEX_POINT('',#5948);
#1687=VERTEX_POINT('',#5950);
#1688=VERTEX_POINT('',#5952);
#1689=VERTEX_POINT('',#5954);
#1690=VERTEX_POINT('',#5960);
#1691=VERTEX_POINT('',#5962);
#1692=VERTEX_POINT('',#5966);
#1693=VERTEX_POINT('',#5967);
#1694=VERTEX_POINT('',#5969);
#1695=VERTEX_POINT('',#5971);
#1696=VERTEX_POINT('',#5975);
#1697=VERTEX_POINT('',#5977);
#1698=VERTEX_POINT('',#5979);
#1699=VERTEX_POINT('',#5981);
#1700=VERTEX_POINT('',#5985);
#1701=VERTEX_POINT('',#5986);
#1702=VERTEX_POINT('',#5988);
#1703=VERTEX_POINT('',#5990);
#1704=VERTEX_POINT('',#5994);
#1705=VERTEX_POINT('',#5996);
#1706=VERTEX_POINT('',#5998);
#1707=VERTEX_POINT('',#6000);
#1708=VERTEX_POINT('',#6004);
#1709=VERTEX_POINT('',#6008);
#1710=VERTEX_POINT('',#6012);
#1711=VERTEX_POINT('',#6013);
#1712=VERTEX_POINT('',#6015);
#1713=VERTEX_POINT('',#6017);
#1714=VERTEX_POINT('',#6021);
#1715=VERTEX_POINT('',#6023);
#1716=VERTEX_POINT('',#6025);
#1717=VERTEX_POINT('',#6027);
#1718=VERTEX_POINT('',#6031);
#1719=VERTEX_POINT('',#6035);
#1720=VERTEX_POINT('',#6039);
#1721=VERTEX_POINT('',#6040);
#1722=VERTEX_POINT('',#6042);
#1723=VERTEX_POINT('',#6044);
#1724=VERTEX_POINT('',#6048);
#1725=VERTEX_POINT('',#6050);
#1726=VERTEX_POINT('',#6052);
#1727=VERTEX_POINT('',#6054);
#1728=VERTEX_POINT('',#6058);
#1729=VERTEX_POINT('',#6062);
#1730=VERTEX_POINT('',#6066);
#1731=VERTEX_POINT('',#6067);
#1732=VERTEX_POINT('',#6069);
#1733=VERTEX_POINT('',#6071);
#1734=VERTEX_POINT('',#6075);
#1735=VERTEX_POINT('',#6077);
#1736=VERTEX_POINT('',#6079);
#1737=VERTEX_POINT('',#6081);
#1738=VERTEX_POINT('',#6085);
#1739=VERTEX_POINT('',#6089);
#1740=VERTEX_POINT('',#6093);
#1741=VERTEX_POINT('',#6094);
#1742=VERTEX_POINT('',#6096);
#1743=VERTEX_POINT('',#6098);
#1744=VERTEX_POINT('',#6102);
#1745=VERTEX_POINT('',#6104);
#1746=VERTEX_POINT('',#6106);
#1747=VERTEX_POINT('',#6108);
#1748=VERTEX_POINT('',#6112);
#1749=VERTEX_POINT('',#6116);
#1750=VERTEX_POINT('',#6120);
#1751=VERTEX_POINT('',#6121);
#1752=VERTEX_POINT('',#6123);
#1753=VERTEX_POINT('',#6125);
#1754=VERTEX_POINT('',#6129);
#1755=VERTEX_POINT('',#6131);
#1756=VERTEX_POINT('',#6133);
#1757=VERTEX_POINT('',#6135);
#1758=VERTEX_POINT('',#6139);
#1759=VERTEX_POINT('',#6143);
#1760=VERTEX_POINT('',#6147);
#1761=VERTEX_POINT('',#6148);
#1762=VERTEX_POINT('',#6150);
#1763=VERTEX_POINT('',#6152);
#1764=VERTEX_POINT('',#6156);
#1765=VERTEX_POINT('',#6158);
#1766=VERTEX_POINT('',#6160);
#1767=VERTEX_POINT('',#6162);
#1768=VERTEX_POINT('',#6166);
#1769=VERTEX_POINT('',#6168);
#1770=VERTEX_POINT('',#6170);
#1771=VERTEX_POINT('',#6174);
#1772=VERTEX_POINT('',#6175);
#1773=VERTEX_POINT('',#6177);
#1774=VERTEX_POINT('',#6179);
#1775=VERTEX_POINT('',#6186);
#1776=VERTEX_POINT('',#6188);
#1777=VERTEX_POINT('',#6192);
#1778=VERTEX_POINT('',#6194);
#1779=VERTEX_POINT('',#6196);
#1780=VERTEX_POINT('',#6200);
#1781=VERTEX_POINT('',#6202);
#1782=VERTEX_POINT('',#6206);
#1783=VERTEX_POINT('',#6208);
#1784=VERTEX_POINT('',#6212);
#1785=VERTEX_POINT('',#6214);
#1786=VERTEX_POINT('',#6218);
#1787=VERTEX_POINT('',#6223);
#1788=VERTEX_POINT('',#6224);
#1789=VERTEX_POINT('',#6226);
#1790=VERTEX_POINT('',#6228);
#1791=VERTEX_POINT('',#6232);
#1792=VERTEX_POINT('',#6234);
#1793=VERTEX_POINT('',#6238);
#1794=VERTEX_POINT('',#6239);
#1795=VERTEX_POINT('',#6241);
#1796=VERTEX_POINT('',#6243);
#1797=VERTEX_POINT('',#6247);
#1798=VERTEX_POINT('',#6252);
#1799=VERTEX_POINT('',#6253);
#1800=VERTEX_POINT('',#6255);
#1801=VERTEX_POINT('',#6257);
#1802=VERTEX_POINT('',#6261);
#1803=VERTEX_POINT('',#6263);
#1804=VERTEX_POINT('',#6267);
#1805=VERTEX_POINT('',#6269);
#1806=VERTEX_POINT('',#6273);
#1807=VERTEX_POINT('',#6278);
#1808=VERTEX_POINT('',#6279);
#1809=VERTEX_POINT('',#6281);
#1810=VERTEX_POINT('',#6283);
#1811=VERTEX_POINT('',#6287);
#1812=VERTEX_POINT('',#6289);
#1813=VERTEX_POINT('',#6293);
#1814=VERTEX_POINT('',#6294);
#1815=VERTEX_POINT('',#6296);
#1816=VERTEX_POINT('',#6298);
#1817=VERTEX_POINT('',#6302);
#1818=VERTEX_POINT('',#6307);
#1819=VERTEX_POINT('',#6308);
#1820=VERTEX_POINT('',#6310);
#1821=VERTEX_POINT('',#6312);
#1822=VERTEX_POINT('',#6316);
#1823=VERTEX_POINT('',#6318);
#1824=VERTEX_POINT('',#6322);
#1825=VERTEX_POINT('',#6324);
#1826=VERTEX_POINT('',#6328);
#1827=VERTEX_POINT('',#6333);
#1828=VERTEX_POINT('',#6334);
#1829=VERTEX_POINT('',#6336);
#1830=VERTEX_POINT('',#6338);
#1831=VERTEX_POINT('',#6342);
#1832=VERTEX_POINT('',#6347);
#1833=VERTEX_POINT('',#6348);
#1834=VERTEX_POINT('',#6350);
#1835=VERTEX_POINT('',#6352);
#1836=VERTEX_POINT('',#6356);
#1837=VERTEX_POINT('',#6358);
#1838=VERTEX_POINT('',#6362);
#1839=VERTEX_POINT('',#6364);
#1840=VERTEX_POINT('',#6368);
#1841=VERTEX_POINT('',#6369);
#1842=VERTEX_POINT('',#6371);
#1843=VERTEX_POINT('',#6373);
#1844=VERTEX_POINT('',#6375);
#1845=VERTEX_POINT('',#6377);
#1846=VERTEX_POINT('',#6379);
#1847=VERTEX_POINT('',#6381);
#1848=VERTEX_POINT('',#6383);
#1849=VERTEX_POINT('',#6385);
#1850=VERTEX_POINT('',#6387);
#1851=VERTEX_POINT('',#6389);
#1852=VERTEX_POINT('',#6391);
#1853=VERTEX_POINT('',#6393);
#1854=VERTEX_POINT('',#6395);
#1855=VERTEX_POINT('',#6397);
#1856=VERTEX_POINT('',#6400);
#1857=VERTEX_POINT('',#6402);
#1858=VERTEX_POINT('',#6404);
#1859=VERTEX_POINT('',#6406);
#1860=VERTEX_POINT('',#6408);
#1861=VERTEX_POINT('',#6412);
#1862=VERTEX_POINT('',#6414);
#1863=VERTEX_POINT('',#6417);
#1864=VERTEX_POINT('',#6422);
#1865=VERTEX_POINT('',#6427);
#1866=VERTEX_POINT('',#6432);
#1867=VERTEX_POINT('',#6436);
#1868=VERTEX_POINT('',#6440);
#1869=VERTEX_POINT('',#6442);
#1870=VERTEX_POINT('',#6446);
#1871=VERTEX_POINT('',#6448);
#1872=VERTEX_POINT('',#6452);
#1873=VERTEX_POINT('',#6456);
#1874=VERTEX_POINT('',#6457);
#1875=VERTEX_POINT('',#6459);
#1876=VERTEX_POINT('',#6461);
#1877=VERTEX_POINT('',#6463);
#1878=VERTEX_POINT('',#6465);
#1879=VERTEX_POINT('',#6467);
#1880=VERTEX_POINT('',#6469);
#1881=VERTEX_POINT('',#6471);
#1882=VERTEX_POINT('',#6473);
#1883=VERTEX_POINT('',#6475);
#1884=VERTEX_POINT('',#6477);
#1885=VERTEX_POINT('',#6479);
#1886=VERTEX_POINT('',#6482);
#1887=VERTEX_POINT('',#6483);
#1888=VERTEX_POINT('',#6485);
#1889=VERTEX_POINT('',#6487);
#1890=VERTEX_POINT('',#6489);
#1891=VERTEX_POINT('',#6491);
#1892=VERTEX_POINT('',#6493);
#1893=VERTEX_POINT('',#6495);
#1894=VERTEX_POINT('',#6497);
#1895=VERTEX_POINT('',#6499);
#1896=VERTEX_POINT('',#6501);
#1897=VERTEX_POINT('',#6503);
#1898=VERTEX_POINT('',#6505);
#1899=VERTEX_POINT('',#6507);
#1900=VERTEX_POINT('',#6509);
#1901=VERTEX_POINT('',#6511);
#1902=VERTEX_POINT('',#6517);
#1903=VERTEX_POINT('',#6521);
#1904=VERTEX_POINT('',#6527);
#1905=VERTEX_POINT('',#6535);
#1906=VERTEX_POINT('',#6537);
#1907=VERTEX_POINT('',#6540);
#1908=VERTEX_POINT('',#6542);
#1909=VERTEX_POINT('',#6545);
#1910=VERTEX_POINT('',#6548);
#1911=VERTEX_POINT('',#6550);
#1912=VERTEX_POINT('',#6554);
#1913=VERTEX_POINT('',#6557);
#1914=VERTEX_POINT('',#6560);
#1915=VERTEX_POINT('',#6562);
#1916=VERTEX_POINT('',#6564);
#1917=VERTEX_POINT('',#6567);
#1918=VERTEX_POINT('',#6570);
#1919=VERTEX_POINT('',#6576);
#1920=VERTEX_POINT('',#6578);
#1921=VERTEX_POINT('',#6586);
#1922=VERTEX_POINT('',#6590);
#1923=VERTEX_POINT('',#6592);
#1924=VERTEX_POINT('',#6594);
#1925=VERTEX_POINT('',#6596);
#1926=VERTEX_POINT('',#6607);
#1927=VERTEX_POINT('',#6609);
#1928=VERTEX_POINT('',#6617);
#1929=VERTEX_POINT('',#6619);
#1930=VERTEX_POINT('',#6661);
#1931=VERTEX_POINT('',#6662);
#1932=VERTEX_POINT('',#6667);
#1933=VERTEX_POINT('',#6668);
#1934=VERTEX_POINT('',#6678);
#1935=VERTEX_POINT('',#6680);
#1936=VERTEX_POINT('',#6682);
#1937=VERTEX_POINT('',#6684);
#1938=VERTEX_POINT('',#6691);
#1939=VERTEX_POINT('',#6693);
#1940=VERTEX_POINT('',#6695);
#1941=VERTEX_POINT('',#6697);
#1942=VERTEX_POINT('',#6701);
#1943=VERTEX_POINT('',#6703);
#1944=VERTEX_POINT('',#6706);
#1945=VERTEX_POINT('',#6708);
#1946=VERTEX_POINT('',#6711);
#1947=VERTEX_POINT('',#6714);
#1948=VERTEX_POINT('',#6716);
#1949=VERTEX_POINT('',#6727);
#1950=VERTEX_POINT('',#6729);
#1951=VERTEX_POINT('',#6743);
#1952=VERTEX_POINT('',#6751);
#1953=VERTEX_POINT('',#6753);
#1954=VERTEX_POINT('',#6757);
#1955=EDGE_CURVE('',#1574,#1575,#714,.T.);
#1956=EDGE_CURVE('',#1574,#1576,#715,.T.);
#1957=EDGE_CURVE('',#1576,#1577,#716,.T.);
#1958=EDGE_CURVE('',#1575,#1577,#717,.T.);
#1959=EDGE_CURVE('',#1578,#1574,#718,.T.);
#1960=EDGE_CURVE('',#1578,#1579,#719,.T.);
#1961=EDGE_CURVE('',#1579,#1576,#720,.T.);
#1962=EDGE_CURVE('',#1575,#1578,#721,.T.);
#1963=EDGE_CURVE('',#1577,#1579,#722,.T.);
#1964=EDGE_CURVE('',#1580,#1581,#723,.T.);
#1965=EDGE_CURVE('',#1580,#1582,#724,.T.);
#1966=EDGE_CURVE('',#1582,#1583,#725,.T.);
#1967=EDGE_CURVE('',#1581,#1583,#726,.T.);
#1968=EDGE_CURVE('',#1584,#1580,#727,.T.);
#1969=EDGE_CURVE('',#1584,#1585,#728,.T.);
#1970=EDGE_CURVE('',#1585,#1582,#729,.T.);
#1971=EDGE_CURVE('',#1581,#1584,#730,.T.);
#1972=EDGE_CURVE('',#1583,#1585,#731,.T.);
#1973=EDGE_CURVE('',#1586,#1587,#732,.T.);
#1974=EDGE_CURVE('',#1586,#1588,#733,.T.);
#1975=EDGE_CURVE('',#1588,#1589,#734,.T.);
#1976=EDGE_CURVE('',#1587,#1589,#735,.T.);
#1977=EDGE_CURVE('',#1590,#1586,#736,.T.);
#1978=EDGE_CURVE('',#1590,#1591,#737,.T.);
#1979=EDGE_CURVE('',#1591,#1588,#738,.T.);
#1980=EDGE_CURVE('',#1587,#1590,#739,.T.);
#1981=EDGE_CURVE('',#1589,#1591,#740,.T.);
#1982=EDGE_CURVE('',#1592,#1593,#741,.T.);
#1983=EDGE_CURVE('',#1592,#1594,#742,.T.);
#1984=EDGE_CURVE('',#1594,#1595,#743,.T.);
#1985=EDGE_CURVE('',#1593,#1595,#744,.T.);
#1986=EDGE_CURVE('',#1596,#1592,#745,.T.);
#1987=EDGE_CURVE('',#1596,#1597,#746,.T.);
#1988=EDGE_CURVE('',#1597,#1594,#747,.T.);
#1989=EDGE_CURVE('',#1593,#1596,#748,.T.);
#1990=EDGE_CURVE('',#1595,#1597,#749,.T.);
#1991=EDGE_CURVE('',#1598,#1599,#750,.T.);
#1992=EDGE_CURVE('',#1598,#1600,#751,.T.);
#1993=EDGE_CURVE('',#1600,#1601,#752,.T.);
#1994=EDGE_CURVE('',#1599,#1601,#753,.T.);
#1995=EDGE_CURVE('',#1602,#1598,#754,.T.);
#1996=EDGE_CURVE('',#1602,#1603,#755,.T.);
#1997=EDGE_CURVE('',#1603,#1600,#756,.T.);
#1998=EDGE_CURVE('',#1599,#1602,#757,.T.);
#1999=EDGE_CURVE('',#1601,#1603,#758,.T.);
#2000=EDGE_CURVE('',#1604,#1605,#759,.T.);
#2001=EDGE_CURVE('',#1604,#1606,#760,.T.);
#2002=EDGE_CURVE('',#1606,#1607,#761,.T.);
#2003=EDGE_CURVE('',#1605,#1607,#762,.T.);
#2004=EDGE_CURVE('',#1608,#1604,#763,.T.);
#2005=EDGE_CURVE('',#1608,#1609,#764,.T.);
#2006=EDGE_CURVE('',#1609,#1606,#765,.T.);
#2007=EDGE_CURVE('',#1605,#1608,#766,.T.);
#2008=EDGE_CURVE('',#1607,#1609,#767,.T.);
#2009=EDGE_CURVE('',#1610,#1611,#218,.T.);
#2010=EDGE_CURVE('',#1610,#1612,#768,.T.);
#2011=EDGE_CURVE('',#1612,#1613,#219,.T.);
#2012=EDGE_CURVE('',#1611,#1613,#769,.T.);
#2013=EDGE_CURVE('',#1614,#1610,#220,.T.);
#2014=EDGE_CURVE('',#1614,#1615,#770,.T.);
#2015=EDGE_CURVE('',#1615,#1612,#221,.T.);
#2016=EDGE_CURVE('',#1616,#1614,#222,.T.);
#2017=EDGE_CURVE('',#1616,#1617,#771,.T.);
#2018=EDGE_CURVE('',#1617,#1615,#223,.T.);
#2019=EDGE_CURVE('',#1618,#1616,#224,.T.);
#2020=EDGE_CURVE('',#1618,#1619,#772,.T.);
#2021=EDGE_CURVE('',#1619,#1617,#225,.T.);
#2022=EDGE_CURVE('',#1620,#1618,#773,.T.);
#2023=EDGE_CURVE('',#1620,#1621,#774,.T.);
#2024=EDGE_CURVE('',#1621,#1619,#775,.T.);
#2025=EDGE_CURVE('',#1622,#1620,#776,.T.);
#2026=EDGE_CURVE('',#1622,#1623,#777,.T.);
#2027=EDGE_CURVE('',#1623,#1621,#778,.T.);
#2028=EDGE_CURVE('',#1624,#1622,#779,.T.);
#2029=EDGE_CURVE('',#1624,#1625,#780,.T.);
#2030=EDGE_CURVE('',#1625,#1623,#781,.T.);
#2031=EDGE_CURVE('',#1626,#1624,#226,.T.);
#2032=EDGE_CURVE('',#1626,#1627,#782,.T.);
#2033=EDGE_CURVE('',#1627,#1625,#227,.T.);
#2034=EDGE_CURVE('',#1628,#1626,#228,.T.);
#2035=EDGE_CURVE('',#1628,#1629,#783,.T.);
#2036=EDGE_CURVE('',#1629,#1627,#229,.T.);
#2037=EDGE_CURVE('',#1630,#1628,#230,.T.);
#2038=EDGE_CURVE('',#1630,#1631,#784,.T.);
#2039=EDGE_CURVE('',#1631,#1629,#231,.T.);
#2040=EDGE_CURVE('',#1632,#1630,#232,.T.);
#2041=EDGE_CURVE('',#1632,#1633,#785,.T.);
#2042=EDGE_CURVE('',#1633,#1631,#233,.T.);
#2043=EDGE_CURVE('',#1634,#1632,#786,.T.);
#2044=EDGE_CURVE('',#1634,#1635,#787,.T.);
#2045=EDGE_CURVE('',#1635,#1633,#788,.T.);
#2046=EDGE_CURVE('',#1636,#1634,#789,.T.);
#2047=EDGE_CURVE('',#1636,#1637,#790,.T.);
#2048=EDGE_CURVE('',#1637,#1635,#791,.T.);
#2049=EDGE_CURVE('',#1638,#1636,#792,.T.);
#2050=EDGE_CURVE('',#1638,#1639,#793,.T.);
#2051=EDGE_CURVE('',#1639,#1637,#794,.T.);
#2052=EDGE_CURVE('',#1640,#1638,#795,.T.);
#2053=EDGE_CURVE('',#1640,#1641,#796,.T.);
#2054=EDGE_CURVE('',#1641,#1639,#797,.T.);
#2055=EDGE_CURVE('',#1642,#1640,#798,.T.);
#2056=EDGE_CURVE('',#1642,#1643,#799,.T.);
#2057=EDGE_CURVE('',#1643,#1641,#800,.T.);
#2058=EDGE_CURVE('',#1611,#1642,#801,.T.);
#2059=EDGE_CURVE('',#1613,#1643,#802,.T.);
#2060=EDGE_CURVE('',#1644,#1645,#803,.T.);
#2061=EDGE_CURVE('',#1644,#1646,#804,.T.);
#2062=EDGE_CURVE('',#1646,#1647,#805,.T.);
#2063=EDGE_CURVE('',#1645,#1647,#806,.T.);
#2064=EDGE_CURVE('',#1648,#1644,#807,.T.);
#2065=EDGE_CURVE('',#1648,#1649,#808,.T.);
#2066=EDGE_CURVE('',#1649,#1646,#809,.T.);
#2067=EDGE_CURVE('',#1650,#1648,#810,.T.);
#2068=EDGE_CURVE('',#1650,#1651,#811,.T.);
#2069=EDGE_CURVE('',#1651,#1649,#812,.T.);
#2070=EDGE_CURVE('',#1652,#1650,#813,.T.);
#2071=EDGE_CURVE('',#1652,#1653,#814,.T.);
#2072=EDGE_CURVE('',#1653,#1651,#815,.T.);
#2073=EDGE_CURVE('',#1654,#1652,#816,.T.);
#2074=EDGE_CURVE('',#1654,#1655,#817,.T.);
#2075=EDGE_CURVE('',#1655,#1653,#818,.T.);
#2076=EDGE_CURVE('',#1656,#1654,#819,.T.);
#2077=EDGE_CURVE('',#1656,#1657,#820,.T.);
#2078=EDGE_CURVE('',#1657,#1655,#821,.T.);
#2079=EDGE_CURVE('',#1658,#1656,#822,.T.);
#2080=EDGE_CURVE('',#1658,#1659,#823,.T.);
#2081=EDGE_CURVE('',#1659,#1657,#824,.T.);
#2082=EDGE_CURVE('',#1660,#1658,#825,.T.);
#2083=EDGE_CURVE('',#1660,#1661,#826,.T.);
#2084=EDGE_CURVE('',#1661,#1659,#827,.T.);
#2085=EDGE_CURVE('',#1645,#1660,#828,.T.);
#2086=EDGE_CURVE('',#1647,#1661,#829,.T.);
#2087=EDGE_CURVE('',#1662,#1663,#830,.T.);
#2088=EDGE_CURVE('',#1662,#1664,#831,.T.);
#2089=EDGE_CURVE('',#1664,#1665,#832,.T.);
#2090=EDGE_CURVE('',#1663,#1665,#833,.T.);
#2091=EDGE_CURVE('',#1666,#1662,#834,.T.);
#2092=EDGE_CURVE('',#1666,#1667,#835,.T.);
#2093=EDGE_CURVE('',#1667,#1664,#836,.T.);
#2094=EDGE_CURVE('',#1663,#1666,#837,.T.);
#2095=EDGE_CURVE('',#1665,#1667,#838,.T.);
#2096=EDGE_CURVE('',#1668,#1669,#839,.T.);
#2097=EDGE_CURVE('',#1668,#1670,#840,.T.);
#2098=EDGE_CURVE('',#1670,#1671,#841,.T.);
#2099=EDGE_CURVE('',#1669,#1671,#842,.T.);
#2100=EDGE_CURVE('',#1672,#1668,#843,.T.);
#2101=EDGE_CURVE('',#1672,#1673,#844,.T.);
#2102=EDGE_CURVE('',#1673,#1670,#845,.T.);
#2103=EDGE_CURVE('',#1669,#1672,#846,.T.);
#2104=EDGE_CURVE('',#1671,#1673,#847,.T.);
#2105=EDGE_CURVE('',#1674,#1675,#848,.T.);
#2106=EDGE_CURVE('',#1676,#1674,#89,.T.);
#2107=EDGE_CURVE('',#1677,#1676,#849,.T.);
#2108=EDGE_CURVE('',#1678,#1677,#90,.T.);
#2109=EDGE_CURVE('',#1679,#1678,#850,.T.);
#2110=EDGE_CURVE('',#1680,#1679,#91,.T.);
#2111=EDGE_CURVE('',#1681,#1680,#851,.T.);
#2112=EDGE_CURVE('',#1675,#1681,#92,.T.);
#2113=EDGE_CURVE('',#1682,#1683,#852,.T.);
#2114=EDGE_CURVE('',#1683,#1684,#853,.T.);
#2115=EDGE_CURVE('',#1684,#1685,#854,.T.);
#2116=EDGE_CURVE('',#1685,#1682,#855,.T.);
#2117=EDGE_CURVE('',#1686,#1686,#93,.T.);
#2118=EDGE_CURVE('',#1687,#1687,#94,.T.);
#2119=EDGE_CURVE('',#1688,#1688,#95,.T.);
#2120=EDGE_CURVE('',#1689,#1689,#96,.T.);
#2121=EDGE_CURVE('',#1690,#1690,#97,.T.);
#2122=EDGE_CURVE('',#1690,#1691,#856,.T.);
#2123=EDGE_CURVE('',#1691,#1691,#98,.T.);
#2124=EDGE_CURVE('',#1692,#1693,#99,.T.);
#2125=EDGE_CURVE('',#1693,#1694,#857,.T.);
#2126=EDGE_CURVE('',#1694,#1695,#100,.F.);
#2127=EDGE_CURVE('',#1695,#1692,#858,.T.);
#2128=EDGE_CURVE('',#1696,#1695,#859,.T.);
#2129=EDGE_CURVE('',#1697,#1696,#860,.T.);
#2130=EDGE_CURVE('',#1698,#1697,#861,.T.);
#2131=EDGE_CURVE('',#1699,#1698,#862,.T.);
#2132=EDGE_CURVE('',#1692,#1699,#863,.T.);
#2133=EDGE_CURVE('',#1700,#1701,#101,.T.);
#2134=EDGE_CURVE('',#1701,#1702,#864,.T.);
#2135=EDGE_CURVE('',#1702,#1703,#102,.F.);
#2136=EDGE_CURVE('',#1703,#1700,#865,.T.);
#2137=EDGE_CURVE('',#1700,#1704,#866,.T.);
#2138=EDGE_CURVE('',#1705,#1704,#103,.T.);
#2139=EDGE_CURVE('',#1705,#1706,#867,.T.);
#2140=EDGE_CURVE('',#1706,#1707,#868,.T.);
#2141=EDGE_CURVE('',#1707,#1701,#869,.T.);
#2142=EDGE_CURVE('',#1703,#1708,#870,.T.);
#2143=EDGE_CURVE('',#1704,#1708,#871,.T.);
#2144=EDGE_CURVE('',#1708,#1709,#104,.F.);
#2145=EDGE_CURVE('',#1709,#1705,#872,.T.);
#2146=EDGE_CURVE('',#1710,#1711,#105,.T.);
#2147=EDGE_CURVE('',#1711,#1712,#873,.T.);
#2148=EDGE_CURVE('',#1712,#1713,#106,.F.);
#2149=EDGE_CURVE('',#1713,#1710,#874,.T.);
#2150=EDGE_CURVE('',#1710,#1714,#875,.T.);
#2151=EDGE_CURVE('',#1715,#1714,#107,.T.);
#2152=EDGE_CURVE('',#1715,#1716,#876,.T.);
#2153=EDGE_CURVE('',#1716,#1717,#877,.T.);
#2154=EDGE_CURVE('',#1717,#1711,#878,.T.);
#2155=EDGE_CURVE('',#1713,#1718,#879,.T.);
#2156=EDGE_CURVE('',#1714,#1718,#880,.T.);
#2157=EDGE_CURVE('',#1718,#1719,#108,.F.);
#2158=EDGE_CURVE('',#1719,#1715,#881,.T.);
#2159=EDGE_CURVE('',#1720,#1721,#109,.T.);
#2160=EDGE_CURVE('',#1721,#1722,#882,.T.);
#2161=EDGE_CURVE('',#1722,#1723,#110,.F.);
#2162=EDGE_CURVE('',#1723,#1720,#883,.T.);
#2163=EDGE_CURVE('',#1720,#1724,#884,.T.);
#2164=EDGE_CURVE('',#1725,#1724,#111,.T.);
#2165=EDGE_CURVE('',#1725,#1726,#885,.T.);
#2166=EDGE_CURVE('',#1726,#1727,#886,.T.);
#2167=EDGE_CURVE('',#1727,#1721,#887,.T.);
#2168=EDGE_CURVE('',#1723,#1728,#888,.T.);
#2169=EDGE_CURVE('',#1724,#1728,#889,.T.);
#2170=EDGE_CURVE('',#1728,#1729,#112,.F.);
#2171=EDGE_CURVE('',#1729,#1725,#890,.T.);
#2172=EDGE_CURVE('',#1730,#1731,#113,.T.);
#2173=EDGE_CURVE('',#1731,#1732,#891,.T.);
#2174=EDGE_CURVE('',#1732,#1733,#114,.F.);
#2175=EDGE_CURVE('',#1733,#1730,#892,.T.);
#2176=EDGE_CURVE('',#1730,#1734,#893,.T.);
#2177=EDGE_CURVE('',#1735,#1734,#115,.T.);
#2178=EDGE_CURVE('',#1735,#1736,#894,.T.);
#2179=EDGE_CURVE('',#1736,#1737,#895,.T.);
#2180=EDGE_CURVE('',#1737,#1731,#896,.T.);
#2181=EDGE_CURVE('',#1733,#1738,#897,.T.);
#2182=EDGE_CURVE('',#1734,#1738,#898,.T.);
#2183=EDGE_CURVE('',#1738,#1739,#116,.F.);
#2184=EDGE_CURVE('',#1739,#1735,#899,.T.);
#2185=EDGE_CURVE('',#1740,#1741,#117,.T.);
#2186=EDGE_CURVE('',#1741,#1742,#900,.T.);
#2187=EDGE_CURVE('',#1742,#1743,#118,.F.);
#2188=EDGE_CURVE('',#1743,#1740,#901,.T.);
#2189=EDGE_CURVE('',#1740,#1744,#902,.T.);
#2190=EDGE_CURVE('',#1745,#1744,#119,.T.);
#2191=EDGE_CURVE('',#1745,#1746,#903,.T.);
#2192=EDGE_CURVE('',#1746,#1747,#904,.T.);
#2193=EDGE_CURVE('',#1747,#1741,#905,.T.);
#2194=EDGE_CURVE('',#1743,#1748,#906,.T.);
#2195=EDGE_CURVE('',#1744,#1748,#907,.T.);
#2196=EDGE_CURVE('',#1748,#1749,#120,.F.);
#2197=EDGE_CURVE('',#1749,#1745,#908,.T.);
#2198=EDGE_CURVE('',#1750,#1751,#121,.T.);
#2199=EDGE_CURVE('',#1751,#1752,#909,.T.);
#2200=EDGE_CURVE('',#1752,#1753,#122,.F.);
#2201=EDGE_CURVE('',#1753,#1750,#910,.T.);
#2202=EDGE_CURVE('',#1750,#1754,#911,.T.);
#2203=EDGE_CURVE('',#1755,#1754,#123,.T.);
#2204=EDGE_CURVE('',#1755,#1756,#912,.T.);
#2205=EDGE_CURVE('',#1756,#1757,#913,.T.);
#2206=EDGE_CURVE('',#1757,#1751,#914,.T.);
#2207=EDGE_CURVE('',#1753,#1758,#915,.T.);
#2208=EDGE_CURVE('',#1754,#1758,#916,.T.);
#2209=EDGE_CURVE('',#1758,#1759,#124,.F.);
#2210=EDGE_CURVE('',#1759,#1755,#917,.T.);
#2211=EDGE_CURVE('',#1760,#1761,#125,.T.);
#2212=EDGE_CURVE('',#1761,#1762,#918,.T.);
#2213=EDGE_CURVE('',#1762,#1763,#126,.F.);
#2214=EDGE_CURVE('',#1763,#1760,#919,.T.);
#2215=EDGE_CURVE('',#1764,#1761,#920,.T.);
#2216=EDGE_CURVE('',#1765,#1764,#921,.T.);
#2217=EDGE_CURVE('',#1766,#1765,#922,.T.);
#2218=EDGE_CURVE('',#1767,#1766,#923,.T.);
#2219=EDGE_CURVE('',#1762,#1767,#924,.T.);
#2220=EDGE_CURVE('',#1760,#1768,#925,.T.);
#2221=EDGE_CURVE('',#1769,#1768,#127,.T.);
#2222=EDGE_CURVE('',#1769,#1770,#926,.T.);
#2223=EDGE_CURVE('',#1770,#1764,#927,.T.);
#2224=EDGE_CURVE('',#1771,#1772,#128,.T.);
#2225=EDGE_CURVE('',#1772,#1773,#928,.T.);
#2226=EDGE_CURVE('',#1773,#1774,#129,.F.);
#2227=EDGE_CURVE('',#1774,#1771,#929,.T.);
#2228=EDGE_CURVE('',#1771,#1693,#930,.T.);
#2229=EDGE_CURVE('',#1774,#1694,#931,.T.);
#2230=EDGE_CURVE('',#1768,#1775,#932,.T.);
#2231=EDGE_CURVE('',#1775,#1776,#130,.F.);
#2232=EDGE_CURVE('',#1776,#1769,#933,.T.);
#2233=EDGE_CURVE('',#1777,#1776,#934,.T.);
#2234=EDGE_CURVE('',#1778,#1777,#935,.T.);
#2235=EDGE_CURVE('',#1779,#1778,#936,.T.);
#2236=EDGE_CURVE('',#1770,#1779,#937,.T.);
#2237=EDGE_CURVE('',#1780,#1696,#131,.T.);
#2238=EDGE_CURVE('',#1780,#1781,#938,.T.);
#2239=EDGE_CURVE('',#1781,#1697,#132,.T.);
#2240=EDGE_CURVE('',#1782,#1780,#939,.T.);
#2241=EDGE_CURVE('',#1783,#1782,#940,.T.);
#2242=EDGE_CURVE('',#1781,#1783,#941,.T.);
#2243=EDGE_CURVE('',#1784,#1782,#133,.T.);
#2244=EDGE_CURVE('',#1784,#1785,#942,.T.);
#2245=EDGE_CURVE('',#1785,#1783,#134,.T.);
#2246=EDGE_CURVE('',#1786,#1707,#943,.T.);
#2247=EDGE_CURVE('',#1785,#1786,#944,.T.);
#2248=EDGE_CURVE('',#1702,#1784,#945,.T.);
#2249=EDGE_CURVE('',#1787,#1788,#135,.T.);
#2250=EDGE_CURVE('',#1787,#1789,#946,.T.);
#2251=EDGE_CURVE('',#1789,#1790,#136,.T.);
#2252=EDGE_CURVE('',#1790,#1788,#947,.T.);
#2253=EDGE_CURVE('',#1791,#1787,#948,.T.);
#2254=EDGE_CURVE('',#1792,#1791,#949,.T.);
#2255=EDGE_CURVE('',#1792,#1789,#950,.T.);
#2256=EDGE_CURVE('',#1793,#1794,#137,.T.);
#2257=EDGE_CURVE('',#1793,#1795,#951,.T.);
#2258=EDGE_CURVE('',#1795,#1796,#138,.T.);
#2259=EDGE_CURVE('',#1796,#1794,#952,.T.);
#2260=EDGE_CURVE('',#1797,#1717,#953,.T.);
#2261=EDGE_CURVE('',#1795,#1797,#954,.T.);
#2262=EDGE_CURVE('',#1712,#1793,#955,.T.);
#2263=EDGE_CURVE('',#1798,#1799,#139,.T.);
#2264=EDGE_CURVE('',#1798,#1800,#956,.T.);
#2265=EDGE_CURVE('',#1800,#1801,#140,.T.);
#2266=EDGE_CURVE('',#1801,#1799,#957,.T.);
#2267=EDGE_CURVE('',#1802,#1798,#958,.T.);
#2268=EDGE_CURVE('',#1803,#1802,#959,.T.);
#2269=EDGE_CURVE('',#1800,#1803,#960,.T.);
#2270=EDGE_CURVE('',#1804,#1802,#141,.T.);
#2271=EDGE_CURVE('',#1804,#1805,#961,.T.);
#2272=EDGE_CURVE('',#1805,#1803,#142,.T.);
#2273=EDGE_CURVE('',#1806,#1727,#962,.T.);
#2274=EDGE_CURVE('',#1805,#1806,#963,.T.);
#2275=EDGE_CURVE('',#1722,#1804,#964,.T.);
#2276=EDGE_CURVE('',#1807,#1808,#143,.T.);
#2277=EDGE_CURVE('',#1807,#1809,#965,.T.);
#2278=EDGE_CURVE('',#1809,#1810,#144,.T.);
#2279=EDGE_CURVE('',#1810,#1808,#966,.T.);
#2280=EDGE_CURVE('',#1811,#1807,#967,.T.);
#2281=EDGE_CURVE('',#1812,#1811,#968,.T.);
#2282=EDGE_CURVE('',#1812,#1809,#969,.T.);
#2283=EDGE_CURVE('',#1813,#1814,#145,.T.);
#2284=EDGE_CURVE('',#1813,#1815,#970,.T.);
#2285=EDGE_CURVE('',#1815,#1816,#146,.T.);
#2286=EDGE_CURVE('',#1816,#1814,#971,.T.);
#2287=EDGE_CURVE('',#1817,#1737,#972,.T.);
#2288=EDGE_CURVE('',#1815,#1817,#973,.T.);
#2289=EDGE_CURVE('',#1732,#1813,#974,.T.);
#2290=EDGE_CURVE('',#1818,#1819,#147,.T.);
#2291=EDGE_CURVE('',#1818,#1820,#975,.T.);
#2292=EDGE_CURVE('',#1820,#1821,#148,.T.);
#2293=EDGE_CURVE('',#1821,#1819,#976,.T.);
#2294=EDGE_CURVE('',#1822,#1818,#977,.T.);
#2295=EDGE_CURVE('',#1823,#1822,#978,.T.);
#2296=EDGE_CURVE('',#1823,#1820,#979,.T.);
#2297=EDGE_CURVE('',#1824,#1822,#149,.T.);
#2298=EDGE_CURVE('',#1824,#1825,#980,.T.);
#2299=EDGE_CURVE('',#1825,#1823,#150,.T.);
#2300=EDGE_CURVE('',#1826,#1747,#981,.T.);
#2301=EDGE_CURVE('',#1825,#1826,#982,.T.);
#2302=EDGE_CURVE('',#1742,#1824,#983,.T.);
#2303=EDGE_CURVE('',#1827,#1828,#151,.T.);
#2304=EDGE_CURVE('',#1827,#1829,#984,.T.);
#2305=EDGE_CURVE('',#1829,#1830,#152,.T.);
#2306=EDGE_CURVE('',#1830,#1828,#985,.T.);
#2307=EDGE_CURVE('',#1831,#1757,#986,.T.);
#2308=EDGE_CURVE('',#1829,#1831,#987,.T.);
#2309=EDGE_CURVE('',#1752,#1827,#988,.T.);
#2310=EDGE_CURVE('',#1832,#1833,#153,.T.);
#2311=EDGE_CURVE('',#1832,#1834,#989,.T.);
#2312=EDGE_CURVE('',#1834,#1835,#154,.T.);
#2313=EDGE_CURVE('',#1835,#1833,#990,.T.);
#2314=EDGE_CURVE('',#1836,#1832,#991,.T.);
#2315=EDGE_CURVE('',#1836,#1837,#992,.T.);
#2316=EDGE_CURVE('',#1837,#1834,#993,.T.);
#2317=EDGE_CURVE('',#1767,#1838,#155,.T.);
#2318=EDGE_CURVE('',#1766,#1839,#156,.T.);
#2319=EDGE_CURVE('',#1839,#1838,#994,.T.);
#2320=EDGE_CURVE('',#1840,#1841,#995,.T.);
#2321=EDGE_CURVE('',#1842,#1840,#157,.T.);
#2322=EDGE_CURVE('',#1843,#1842,#996,.T.);
#2323=EDGE_CURVE('',#1844,#1843,#158,.T.);
#2324=EDGE_CURVE('',#1845,#1844,#997,.T.);
#2325=EDGE_CURVE('',#1846,#1845,#159,.T.);
#2326=EDGE_CURVE('',#1847,#1846,#998,.T.);
#2327=EDGE_CURVE('',#1848,#1847,#160,.T.);
#2328=EDGE_CURVE('',#1849,#1848,#999,.T.);
#2329=EDGE_CURVE('',#1850,#1849,#161,.T.);
#2330=EDGE_CURVE('',#1851,#1850,#1000,.T.);
#2331=EDGE_CURVE('',#1851,#1852,#162,.T.);
#2332=EDGE_CURVE('',#1852,#1853,#1001,.T.);
#2333=EDGE_CURVE('',#1853,#1854,#163,.T.);
#2334=EDGE_CURVE('',#1855,#1854,#1002,.T.);
#2335=EDGE_CURVE('',#1841,#1855,#164,.T.);
#2336=EDGE_CURVE('',#1773,#1856,#1003,.T.);
#2337=EDGE_CURVE('',#1856,#1857,#165,.T.);
#2338=EDGE_CURVE('',#1858,#1857,#1004,.T.);
#2339=EDGE_CURVE('',#1859,#1858,#166,.T.);
#2340=EDGE_CURVE('',#1859,#1860,#1005,.T.);
#2341=EDGE_CURVE('',#1860,#1777,#167,.T.);
#2342=EDGE_CURVE('',#1763,#1775,#1006,.T.);
#2343=EDGE_CURVE('',#1838,#1861,#1007,.T.);
#2344=EDGE_CURVE('',#1861,#1862,#168,.T.);
#2345=EDGE_CURVE('',#1862,#1759,#1008,.T.);
#2346=EDGE_CURVE('',#1863,#1828,#1009,.T.);
#2347=EDGE_CURVE('',#1836,#1863,#169,.T.);
#2348=EDGE_CURVE('',#1833,#1749,#1010,.T.);
#2349=EDGE_CURVE('',#1819,#1739,#1011,.T.);
#2350=EDGE_CURVE('',#1864,#1814,#1012,.T.);
#2351=EDGE_CURVE('',#1811,#1864,#170,.T.);
#2352=EDGE_CURVE('',#1808,#1729,#1013,.T.);
#2353=EDGE_CURVE('',#1799,#1719,#1014,.T.);
#2354=EDGE_CURVE('',#1865,#1794,#1015,.T.);
#2355=EDGE_CURVE('',#1791,#1865,#171,.T.);
#2356=EDGE_CURVE('',#1788,#1709,#1016,.T.);
#2357=EDGE_CURVE('',#1866,#1839,#1017,.T.);
#2358=EDGE_CURVE('',#1861,#1866,#1018,.T.);
#2359=EDGE_CURVE('',#1866,#1867,#172,.T.);
#2360=EDGE_CURVE('',#1867,#1862,#1019,.T.);
#2361=EDGE_CURVE('',#1856,#1868,#1020,.T.);
#2362=EDGE_CURVE('',#1868,#1869,#173,.T.);
#2363=EDGE_CURVE('',#1869,#1857,#1021,.T.);
#2364=EDGE_CURVE('',#1870,#1772,#1022,.T.);
#2365=EDGE_CURVE('',#1871,#1870,#1023,.T.);
#2366=EDGE_CURVE('',#1868,#1871,#1024,.T.);
#2367=EDGE_CURVE('',#1860,#1872,#1025,.T.);
#2368=EDGE_CURVE('',#1872,#1778,#174,.T.);
#2369=EDGE_CURVE('',#1873,#1874,#175,.T.);
#2370=EDGE_CURVE('',#1874,#1875,#1026,.T.);
#2371=EDGE_CURVE('',#1875,#1876,#176,.T.);
#2372=EDGE_CURVE('',#1876,#1877,#1027,.T.);
#2373=EDGE_CURVE('',#1877,#1878,#1028,.T.);
#2374=EDGE_CURVE('',#1878,#1879,#1029,.T.);
#2375=EDGE_CURVE('',#1879,#1880,#1030,.T.);
#2376=EDGE_CURVE('',#1880,#1881,#1031,.T.);
#2377=EDGE_CURVE('',#1881,#1882,#1032,.T.);
#2378=EDGE_CURVE('',#1882,#1883,#177,.T.);
#2379=EDGE_CURVE('',#1883,#1884,#1033,.T.);
#2380=EDGE_CURVE('',#1884,#1885,#178,.T.);
#2381=EDGE_CURVE('',#1885,#1873,#1034,.T.);
#2382=EDGE_CURVE('',#1886,#1887,#1035,.T.);
#2383=EDGE_CURVE('',#1887,#1888,#179,.T.);
#2384=EDGE_CURVE('',#1888,#1889,#1036,.T.);
#2385=EDGE_CURVE('',#1889,#1890,#180,.T.);
#2386=EDGE_CURVE('',#1890,#1891,#1037,.T.);
#2387=EDGE_CURVE('',#1891,#1892,#181,.T.);
#2388=EDGE_CURVE('',#1892,#1893,#1038,.T.);
#2389=EDGE_CURVE('',#1893,#1894,#182,.T.);
#2390=EDGE_CURVE('',#1894,#1895,#1039,.T.);
#2391=EDGE_CURVE('',#1895,#1896,#183,.T.);
#2392=EDGE_CURVE('',#1896,#1897,#1040,.T.);
#2393=EDGE_CURVE('',#1897,#1898,#184,.T.);
#2394=EDGE_CURVE('',#1898,#1899,#1041,.T.);
#2395=EDGE_CURVE('',#1899,#1900,#185,.T.);
#2396=EDGE_CURVE('',#1900,#1901,#1042,.T.);
#2397=EDGE_CURVE('',#1901,#1886,#186,.T.);
#2398=EDGE_CURVE('',#1699,#1870,#1043,.T.);
#2399=EDGE_CURVE('',#1902,#1835,#1044,.T.);
#2400=EDGE_CURVE('',#1746,#1902,#1045,.T.);
#2401=EDGE_CURVE('',#1716,#1903,#1046,.T.);
#2402=EDGE_CURVE('',#1903,#1797,#1047,.T.);
#2403=EDGE_CURVE('',#1903,#1801,#1048,.T.);
#2404=EDGE_CURVE('',#1756,#1904,#1049,.T.);
#2405=EDGE_CURVE('',#1904,#1831,#1050,.T.);
#2406=EDGE_CURVE('',#1779,#1765,#1051,.T.);
#2407=EDGE_CURVE('',#1904,#1867,#1052,.T.);
#2408=EDGE_CURVE('',#1905,#1872,#1053,.T.);
#2409=EDGE_CURVE('',#1906,#1905,#187,.T.);
#2410=EDGE_CURVE('',#1906,#1869,#1054,.T.);
#2411=EDGE_CURVE('',#1907,#1871,#1055,.T.);
#2412=EDGE_CURVE('',#1907,#1908,#1056,.T.);
#2413=EDGE_CURVE('',#1902,#1908,#1057,.T.);
#2414=EDGE_CURVE('',#1909,#1837,#188,.T.);
#2415=EDGE_CURVE('',#1909,#1830,#1058,.T.);
#2416=EDGE_CURVE('',#1910,#1910,#189,.T.);
#2417=EDGE_CURVE('',#1911,#1911,#190,.T.);
#2418=EDGE_CURVE('',#1806,#1912,#1059,.T.);
#2419=EDGE_CURVE('',#1912,#1810,#1060,.T.);
#2420=EDGE_CURVE('',#1913,#1812,#191,.T.);
#2421=EDGE_CURVE('',#1913,#1816,#1061,.T.);
#2422=EDGE_CURVE('',#1914,#1817,#1062,.T.);
#2423=EDGE_CURVE('',#1914,#1915,#1063,.T.);
#2424=EDGE_CURVE('',#1915,#1916,#1064,.T.);
#2425=EDGE_CURVE('',#1916,#1790,#1065,.T.);
#2426=EDGE_CURVE('',#1917,#1792,#192,.T.);
#2427=EDGE_CURVE('',#1917,#1796,#1066,.T.);
#2428=EDGE_CURVE('',#1918,#1918,#193,.T.);
#2429=EDGE_CURVE('',#1906,#1858,#1067,.T.);
#2430=EDGE_CURVE('',#1706,#1916,#1068,.T.);
#2431=EDGE_CURVE('',#1915,#1919,#1069,.T.);
#2432=EDGE_CURVE('',#1920,#1919,#1070,.T.);
#2433=EDGE_CURVE('',#1920,#1907,#1071,.T.);
#2434=EDGE_CURVE('',#1698,#1786,#1072,.T.);
#2435=EDGE_CURVE('',#1859,#1905,#1073,.T.);
#2436=EDGE_CURVE('',#1921,#1821,#1074,.T.);
#2437=EDGE_CURVE('',#1921,#1736,#1075,.T.);
#2438=EDGE_CURVE('',#1922,#1826,#1076,.T.);
#2439=EDGE_CURVE('',#1923,#1922,#1077,.T.);
#2440=EDGE_CURVE('',#1924,#1923,#1078,.T.);
#2441=EDGE_CURVE('',#1925,#1924,#194,.T.);
#2442=EDGE_CURVE('',#1921,#1925,#1079,.T.);
#2443=EDGE_CURVE('',#1865,#1917,#1080,.T.);
#2444=EDGE_CURVE('',#1726,#1912,#1081,.T.);
#2445=EDGE_CURVE('',#1864,#1913,#1082,.T.);
#2446=EDGE_CURVE('',#1925,#1926,#1083,.T.);
#2447=EDGE_CURVE('',#1926,#1927,#1084,.T.);
#2448=EDGE_CURVE('',#1927,#1922,#1085,.T.);
#2449=EDGE_CURVE('',#1908,#1682,#1086,.T.);
#2450=EDGE_CURVE('',#1685,#1914,#1087,.T.);
#2451=EDGE_CURVE('',#1909,#1863,#1088,.T.);
#2452=EDGE_CURVE('',#1928,#1923,#1089,.T.);
#2453=EDGE_CURVE('',#1929,#1928,#1090,.T.);
#2454=EDGE_CURVE('',#1924,#1929,#1091,.T.);
#2455=EDGE_CURVE('',#1927,#1928,#1092,.T.);
#2456=EDGE_CURVE('',#1929,#1926,#195,.T.);
#2457=EDGE_CURVE('',#1851,#1886,#1093,.T.);
#2458=EDGE_CURVE('',#1901,#1852,#1094,.T.);
#2459=EDGE_CURVE('',#1887,#1850,#1095,.T.);
#2460=EDGE_CURVE('',#1853,#1900,#1096,.T.);
#2461=EDGE_CURVE('',#1854,#1899,#1097,.T.);
#2462=EDGE_CURVE('',#1855,#1898,#1098,.T.);
#2463=EDGE_CURVE('',#1897,#1841,#1099,.T.);
#2464=EDGE_CURVE('',#1840,#1896,#1100,.T.);
#2465=EDGE_CURVE('',#1895,#1842,#1101,.T.);
#2466=EDGE_CURVE('',#1843,#1894,#1102,.T.);
#2467=EDGE_CURVE('',#1845,#1892,#1103,.T.);
#2468=EDGE_CURVE('',#1846,#1891,#1104,.T.);
#2469=EDGE_CURVE('',#1893,#1844,#1105,.T.);
#2470=EDGE_CURVE('',#1849,#1888,#1106,.T.);
#2471=EDGE_CURVE('',#1889,#1848,#1107,.T.);
#2472=EDGE_CURVE('',#1890,#1847,#1108,.T.);
#2473=EDGE_CURVE('',#1930,#1931,#196,.T.);
#2474=EDGE_CURVE('',#1931,#1676,#197,.T.);
#2475=EDGE_CURVE('',#1930,#1674,#198,.T.);
#2476=EDGE_CURVE('',#1932,#1933,#199,.T.);
#2477=EDGE_CURVE('',#1883,#1932,#1109,.T.);
#2478=EDGE_CURVE('',#1882,#1933,#1110,.T.);
#2479=EDGE_CURVE('',#1932,#1681,#200,.T.);
#2480=EDGE_CURVE('',#1933,#1675,#201,.T.);
#2481=EDGE_CURVE('',#1933,#1930,#1111,.T.);
#2482=EDGE_CURVE('',#1934,#1881,#1112,.T.);
#2483=EDGE_CURVE('',#1935,#1934,#202,.T.);
#2484=EDGE_CURVE('',#1936,#1935,#1113,.T.);
#2485=EDGE_CURVE('',#1937,#1936,#203,.T.);
#2486=EDGE_CURVE('',#1937,#1877,#1114,.T.);
#2487=EDGE_CURVE('',#1876,#1930,#1115,.T.);
#2488=EDGE_CURVE('',#1875,#1931,#1116,.T.);
#2489=EDGE_CURVE('',#1935,#1938,#1117,.T.);
#2490=EDGE_CURVE('',#1938,#1939,#1118,.T.);
#2491=EDGE_CURVE('',#1939,#1940,#1119,.T.);
#2492=EDGE_CURVE('',#1940,#1941,#1120,.T.);
#2493=EDGE_CURVE('',#1936,#1941,#1121,.T.);
#2494=EDGE_CURVE('',#1942,#1942,#204,.T.);
#2495=EDGE_CURVE('',#1943,#1943,#205,.F.);
#2496=EDGE_CURVE('',#1944,#1944,#206,.T.);
#2497=EDGE_CURVE('',#1945,#1945,#207,.F.);
#2498=EDGE_CURVE('',#1946,#1946,#208,.T.);
#2499=EDGE_CURVE('',#1947,#1947,#209,.T.);
#2500=EDGE_CURVE('',#1948,#1948,#210,.F.);
#2501=EDGE_CURVE('',#1686,#1944,#1122,.T.);
#2502=EDGE_CURVE('',#1687,#1946,#1123,.T.);
#2503=EDGE_CURVE('',#1688,#1942,#1124,.T.);
#2504=EDGE_CURVE('',#1689,#1947,#1125,.T.);
#2505=EDGE_CURVE('',#1683,#1949,#1126,.T.);
#2506=EDGE_CURVE('',#1950,#1949,#1127,.T.);
#2507=EDGE_CURVE('',#1950,#1684,#1128,.T.);
#2508=EDGE_CURVE('',#1949,#1920,#1129,.T.);
#2509=EDGE_CURVE('',#1919,#1950,#1130,.T.);
#2510=EDGE_CURVE('',#1910,#1943,#1131,.T.);
#2511=EDGE_CURVE('',#1911,#1945,#1132,.T.);
#2512=EDGE_CURVE('',#1918,#1948,#1133,.T.);
#2513=EDGE_CURVE('',#1951,#1677,#211,.T.);
#2514=EDGE_CURVE('',#1931,#1951,#1134,.T.);
#2515=EDGE_CURVE('',#1678,#1952,#212,.T.);
#2516=EDGE_CURVE('',#1952,#1953,#1135,.T.);
#2517=EDGE_CURVE('',#1953,#1679,#213,.T.);
#2518=EDGE_CURVE('',#1953,#1954,#214,.T.);
#2519=EDGE_CURVE('',#1954,#1680,#215,.T.);
#2520=EDGE_CURVE('',#1954,#1932,#1136,.T.);
#2521=EDGE_CURVE('',#1941,#1937,#216,.T.);
#2522=EDGE_CURVE('',#1951,#1952,#217,.T.);
#2523=EDGE_CURVE('',#1873,#1952,#1137,.T.);
#2524=EDGE_CURVE('',#1885,#1953,#1138,.T.);
#2525=EDGE_CURVE('',#1884,#1954,#1139,.T.);
#2526=EDGE_CURVE('',#1938,#1880,#1140,.T.);
#2527=EDGE_CURVE('',#1939,#1879,#1141,.T.);
#2528=EDGE_CURVE('',#1878,#1940,#1142,.T.);
#2529=EDGE_CURVE('',#1874,#1951,#1143,.T.);
#2530=ORIENTED_EDGE('',*,*,#1955,.F.);
#2531=ORIENTED_EDGE('',*,*,#1956,.T.);
#2532=ORIENTED_EDGE('',*,*,#1957,.T.);
#2533=ORIENTED_EDGE('',*,*,#1958,.F.);
#2534=ORIENTED_EDGE('',*,*,#1959,.F.);
#2535=ORIENTED_EDGE('',*,*,#1960,.T.);
#2536=ORIENTED_EDGE('',*,*,#1961,.T.);
#2537=ORIENTED_EDGE('',*,*,#1956,.F.);
#2538=ORIENTED_EDGE('',*,*,#1962,.F.);
#2539=ORIENTED_EDGE('',*,*,#1958,.T.);
#2540=ORIENTED_EDGE('',*,*,#1963,.T.);
#2541=ORIENTED_EDGE('',*,*,#1960,.F.);
#2542=ORIENTED_EDGE('',*,*,#1964,.F.);
#2543=ORIENTED_EDGE('',*,*,#1965,.T.);
#2544=ORIENTED_EDGE('',*,*,#1966,.T.);
#2545=ORIENTED_EDGE('',*,*,#1967,.F.);
#2546=ORIENTED_EDGE('',*,*,#1968,.F.);
#2547=ORIENTED_EDGE('',*,*,#1969,.T.);
#2548=ORIENTED_EDGE('',*,*,#1970,.T.);
#2549=ORIENTED_EDGE('',*,*,#1965,.F.);
#2550=ORIENTED_EDGE('',*,*,#1971,.F.);
#2551=ORIENTED_EDGE('',*,*,#1967,.T.);
#2552=ORIENTED_EDGE('',*,*,#1972,.T.);
#2553=ORIENTED_EDGE('',*,*,#1969,.F.);
#2554=ORIENTED_EDGE('',*,*,#1972,.F.);
#2555=ORIENTED_EDGE('',*,*,#1966,.F.);
#2556=ORIENTED_EDGE('',*,*,#1970,.F.);
#2557=ORIENTED_EDGE('',*,*,#1963,.F.);
#2558=ORIENTED_EDGE('',*,*,#1957,.F.);
#2559=ORIENTED_EDGE('',*,*,#1961,.F.);
#2560=ORIENTED_EDGE('',*,*,#1973,.F.);
#2561=ORIENTED_EDGE('',*,*,#1974,.T.);
#2562=ORIENTED_EDGE('',*,*,#1975,.T.);
#2563=ORIENTED_EDGE('',*,*,#1976,.F.);
#2564=ORIENTED_EDGE('',*,*,#1977,.F.);
#2565=ORIENTED_EDGE('',*,*,#1978,.T.);
#2566=ORIENTED_EDGE('',*,*,#1979,.T.);
#2567=ORIENTED_EDGE('',*,*,#1974,.F.);
#2568=ORIENTED_EDGE('',*,*,#1980,.F.);
#2569=ORIENTED_EDGE('',*,*,#1976,.T.);
#2570=ORIENTED_EDGE('',*,*,#1981,.T.);
#2571=ORIENTED_EDGE('',*,*,#1978,.F.);
#2572=ORIENTED_EDGE('',*,*,#1982,.F.);
#2573=ORIENTED_EDGE('',*,*,#1983,.T.);
#2574=ORIENTED_EDGE('',*,*,#1984,.T.);
#2575=ORIENTED_EDGE('',*,*,#1985,.F.);
#2576=ORIENTED_EDGE('',*,*,#1986,.F.);
#2577=ORIENTED_EDGE('',*,*,#1987,.T.);
#2578=ORIENTED_EDGE('',*,*,#1988,.T.);
#2579=ORIENTED_EDGE('',*,*,#1983,.F.);
#2580=ORIENTED_EDGE('',*,*,#1989,.F.);
#2581=ORIENTED_EDGE('',*,*,#1985,.T.);
#2582=ORIENTED_EDGE('',*,*,#1990,.T.);
#2583=ORIENTED_EDGE('',*,*,#1987,.F.);
#2584=ORIENTED_EDGE('',*,*,#1990,.F.);
#2585=ORIENTED_EDGE('',*,*,#1984,.F.);
#2586=ORIENTED_EDGE('',*,*,#1988,.F.);
#2587=ORIENTED_EDGE('',*,*,#1981,.F.);
#2588=ORIENTED_EDGE('',*,*,#1975,.F.);
#2589=ORIENTED_EDGE('',*,*,#1979,.F.);
#2590=ORIENTED_EDGE('',*,*,#1991,.F.);
#2591=ORIENTED_EDGE('',*,*,#1992,.T.);
#2592=ORIENTED_EDGE('',*,*,#1993,.T.);
#2593=ORIENTED_EDGE('',*,*,#1994,.F.);
#2594=ORIENTED_EDGE('',*,*,#1995,.F.);
#2595=ORIENTED_EDGE('',*,*,#1996,.T.);
#2596=ORIENTED_EDGE('',*,*,#1997,.T.);
#2597=ORIENTED_EDGE('',*,*,#1992,.F.);
#2598=ORIENTED_EDGE('',*,*,#1998,.F.);
#2599=ORIENTED_EDGE('',*,*,#1994,.T.);
#2600=ORIENTED_EDGE('',*,*,#1999,.T.);
#2601=ORIENTED_EDGE('',*,*,#1996,.F.);
#2602=ORIENTED_EDGE('',*,*,#2000,.F.);
#2603=ORIENTED_EDGE('',*,*,#2001,.T.);
#2604=ORIENTED_EDGE('',*,*,#2002,.T.);
#2605=ORIENTED_EDGE('',*,*,#2003,.F.);
#2606=ORIENTED_EDGE('',*,*,#2004,.F.);
#2607=ORIENTED_EDGE('',*,*,#2005,.T.);
#2608=ORIENTED_EDGE('',*,*,#2006,.T.);
#2609=ORIENTED_EDGE('',*,*,#2001,.F.);
#2610=ORIENTED_EDGE('',*,*,#2007,.F.);
#2611=ORIENTED_EDGE('',*,*,#2003,.T.);
#2612=ORIENTED_EDGE('',*,*,#2008,.T.);
#2613=ORIENTED_EDGE('',*,*,#2005,.F.);
#2614=ORIENTED_EDGE('',*,*,#2008,.F.);
#2615=ORIENTED_EDGE('',*,*,#2002,.F.);
#2616=ORIENTED_EDGE('',*,*,#2006,.F.);
#2617=ORIENTED_EDGE('',*,*,#1999,.F.);
#2618=ORIENTED_EDGE('',*,*,#1993,.F.);
#2619=ORIENTED_EDGE('',*,*,#1997,.F.);
#2620=ORIENTED_EDGE('',*,*,#2009,.F.);
#2621=ORIENTED_EDGE('',*,*,#2010,.T.);
#2622=ORIENTED_EDGE('',*,*,#2011,.T.);
#2623=ORIENTED_EDGE('',*,*,#2012,.F.);
#2624=ORIENTED_EDGE('',*,*,#2013,.F.);
#2625=ORIENTED_EDGE('',*,*,#2014,.T.);
#2626=ORIENTED_EDGE('',*,*,#2015,.T.);
#2627=ORIENTED_EDGE('',*,*,#2010,.F.);
#2628=ORIENTED_EDGE('',*,*,#2016,.F.);
#2629=ORIENTED_EDGE('',*,*,#2017,.T.);
#2630=ORIENTED_EDGE('',*,*,#2018,.T.);
#2631=ORIENTED_EDGE('',*,*,#2014,.F.);
#2632=ORIENTED_EDGE('',*,*,#2019,.F.);
#2633=ORIENTED_EDGE('',*,*,#2020,.T.);
#2634=ORIENTED_EDGE('',*,*,#2021,.T.);
#2635=ORIENTED_EDGE('',*,*,#2017,.F.);
#2636=ORIENTED_EDGE('',*,*,#2022,.F.);
#2637=ORIENTED_EDGE('',*,*,#2023,.T.);
#2638=ORIENTED_EDGE('',*,*,#2024,.T.);
#2639=ORIENTED_EDGE('',*,*,#2020,.F.);
#2640=ORIENTED_EDGE('',*,*,#2025,.F.);
#2641=ORIENTED_EDGE('',*,*,#2026,.T.);
#2642=ORIENTED_EDGE('',*,*,#2027,.T.);
#2643=ORIENTED_EDGE('',*,*,#2023,.F.);
#2644=ORIENTED_EDGE('',*,*,#2028,.F.);
#2645=ORIENTED_EDGE('',*,*,#2029,.T.);
#2646=ORIENTED_EDGE('',*,*,#2030,.T.);
#2647=ORIENTED_EDGE('',*,*,#2026,.F.);
#2648=ORIENTED_EDGE('',*,*,#2031,.F.);
#2649=ORIENTED_EDGE('',*,*,#2032,.T.);
#2650=ORIENTED_EDGE('',*,*,#2033,.T.);
#2651=ORIENTED_EDGE('',*,*,#2029,.F.);
#2652=ORIENTED_EDGE('',*,*,#2034,.F.);
#2653=ORIENTED_EDGE('',*,*,#2035,.T.);
#2654=ORIENTED_EDGE('',*,*,#2036,.T.);
#2655=ORIENTED_EDGE('',*,*,#2032,.F.);
#2656=ORIENTED_EDGE('',*,*,#2037,.F.);
#2657=ORIENTED_EDGE('',*,*,#2038,.T.);
#2658=ORIENTED_EDGE('',*,*,#2039,.T.);
#2659=ORIENTED_EDGE('',*,*,#2035,.F.);
#2660=ORIENTED_EDGE('',*,*,#2040,.F.);
#2661=ORIENTED_EDGE('',*,*,#2041,.T.);
#2662=ORIENTED_EDGE('',*,*,#2042,.T.);
#2663=ORIENTED_EDGE('',*,*,#2038,.F.);
#2664=ORIENTED_EDGE('',*,*,#2043,.F.);
#2665=ORIENTED_EDGE('',*,*,#2044,.T.);
#2666=ORIENTED_EDGE('',*,*,#2045,.T.);
#2667=ORIENTED_EDGE('',*,*,#2041,.F.);
#2668=ORIENTED_EDGE('',*,*,#2046,.F.);
#2669=ORIENTED_EDGE('',*,*,#2047,.T.);
#2670=ORIENTED_EDGE('',*,*,#2048,.T.);
#2671=ORIENTED_EDGE('',*,*,#2044,.F.);
#2672=ORIENTED_EDGE('',*,*,#2049,.F.);
#2673=ORIENTED_EDGE('',*,*,#2050,.T.);
#2674=ORIENTED_EDGE('',*,*,#2051,.T.);
#2675=ORIENTED_EDGE('',*,*,#2047,.F.);
#2676=ORIENTED_EDGE('',*,*,#2052,.F.);
#2677=ORIENTED_EDGE('',*,*,#2053,.T.);
#2678=ORIENTED_EDGE('',*,*,#2054,.T.);
#2679=ORIENTED_EDGE('',*,*,#2050,.F.);
#2680=ORIENTED_EDGE('',*,*,#2055,.F.);
#2681=ORIENTED_EDGE('',*,*,#2056,.T.);
#2682=ORIENTED_EDGE('',*,*,#2057,.T.);
#2683=ORIENTED_EDGE('',*,*,#2053,.F.);
#2684=ORIENTED_EDGE('',*,*,#2058,.F.);
#2685=ORIENTED_EDGE('',*,*,#2012,.T.);
#2686=ORIENTED_EDGE('',*,*,#2059,.T.);
#2687=ORIENTED_EDGE('',*,*,#2056,.F.);
#2688=ORIENTED_EDGE('',*,*,#2059,.F.);
#2689=ORIENTED_EDGE('',*,*,#2011,.F.);
#2690=ORIENTED_EDGE('',*,*,#2015,.F.);
#2691=ORIENTED_EDGE('',*,*,#2018,.F.);
#2692=ORIENTED_EDGE('',*,*,#2021,.F.);
#2693=ORIENTED_EDGE('',*,*,#2024,.F.);
#2694=ORIENTED_EDGE('',*,*,#2027,.F.);
#2695=ORIENTED_EDGE('',*,*,#2030,.F.);
#2696=ORIENTED_EDGE('',*,*,#2033,.F.);
#2697=ORIENTED_EDGE('',*,*,#2036,.F.);
#2698=ORIENTED_EDGE('',*,*,#2039,.F.);
#2699=ORIENTED_EDGE('',*,*,#2042,.F.);
#2700=ORIENTED_EDGE('',*,*,#2045,.F.);
#2701=ORIENTED_EDGE('',*,*,#2048,.F.);
#2702=ORIENTED_EDGE('',*,*,#2051,.F.);
#2703=ORIENTED_EDGE('',*,*,#2054,.F.);
#2704=ORIENTED_EDGE('',*,*,#2057,.F.);
#2705=ORIENTED_EDGE('',*,*,#2060,.F.);
#2706=ORIENTED_EDGE('',*,*,#2061,.T.);
#2707=ORIENTED_EDGE('',*,*,#2062,.T.);
#2708=ORIENTED_EDGE('',*,*,#2063,.F.);
#2709=ORIENTED_EDGE('',*,*,#2064,.F.);
#2710=ORIENTED_EDGE('',*,*,#2065,.T.);
#2711=ORIENTED_EDGE('',*,*,#2066,.T.);
#2712=ORIENTED_EDGE('',*,*,#2061,.F.);
#2713=ORIENTED_EDGE('',*,*,#2067,.F.);
#2714=ORIENTED_EDGE('',*,*,#2068,.T.);
#2715=ORIENTED_EDGE('',*,*,#2069,.T.);
#2716=ORIENTED_EDGE('',*,*,#2065,.F.);
#2717=ORIENTED_EDGE('',*,*,#2070,.F.);
#2718=ORIENTED_EDGE('',*,*,#2071,.T.);
#2719=ORIENTED_EDGE('',*,*,#2072,.T.);
#2720=ORIENTED_EDGE('',*,*,#2068,.F.);
#2721=ORIENTED_EDGE('',*,*,#2073,.F.);
#2722=ORIENTED_EDGE('',*,*,#2074,.T.);
#2723=ORIENTED_EDGE('',*,*,#2075,.T.);
#2724=ORIENTED_EDGE('',*,*,#2071,.F.);
#2725=ORIENTED_EDGE('',*,*,#2076,.F.);
#2726=ORIENTED_EDGE('',*,*,#2077,.T.);
#2727=ORIENTED_EDGE('',*,*,#2078,.T.);
#2728=ORIENTED_EDGE('',*,*,#2074,.F.);
#2729=ORIENTED_EDGE('',*,*,#2079,.F.);
#2730=ORIENTED_EDGE('',*,*,#2080,.T.);
#2731=ORIENTED_EDGE('',*,*,#2081,.T.);
#2732=ORIENTED_EDGE('',*,*,#2077,.F.);
#2733=ORIENTED_EDGE('',*,*,#2082,.F.);
#2734=ORIENTED_EDGE('',*,*,#2083,.T.);
#2735=ORIENTED_EDGE('',*,*,#2084,.T.);
#2736=ORIENTED_EDGE('',*,*,#2080,.F.);
#2737=ORIENTED_EDGE('',*,*,#2085,.F.);
#2738=ORIENTED_EDGE('',*,*,#2063,.T.);
#2739=ORIENTED_EDGE('',*,*,#2086,.T.);
#2740=ORIENTED_EDGE('',*,*,#2083,.F.);
#2741=ORIENTED_EDGE('',*,*,#2086,.F.);
#2742=ORIENTED_EDGE('',*,*,#2062,.F.);
#2743=ORIENTED_EDGE('',*,*,#2066,.F.);
#2744=ORIENTED_EDGE('',*,*,#2069,.F.);
#2745=ORIENTED_EDGE('',*,*,#2072,.F.);
#2746=ORIENTED_EDGE('',*,*,#2075,.F.);
#2747=ORIENTED_EDGE('',*,*,#2078,.F.);
#2748=ORIENTED_EDGE('',*,*,#2081,.F.);
#2749=ORIENTED_EDGE('',*,*,#2084,.F.);
#2750=ORIENTED_EDGE('',*,*,#2087,.F.);
#2751=ORIENTED_EDGE('',*,*,#2088,.T.);
#2752=ORIENTED_EDGE('',*,*,#2089,.T.);
#2753=ORIENTED_EDGE('',*,*,#2090,.F.);
#2754=ORIENTED_EDGE('',*,*,#2091,.F.);
#2755=ORIENTED_EDGE('',*,*,#2092,.T.);
#2756=ORIENTED_EDGE('',*,*,#2093,.T.);
#2757=ORIENTED_EDGE('',*,*,#2088,.F.);
#2758=ORIENTED_EDGE('',*,*,#2094,.F.);
#2759=ORIENTED_EDGE('',*,*,#2090,.T.);
#2760=ORIENTED_EDGE('',*,*,#2095,.T.);
#2761=ORIENTED_EDGE('',*,*,#2092,.F.);
#2762=ORIENTED_EDGE('',*,*,#2096,.F.);
#2763=ORIENTED_EDGE('',*,*,#2097,.T.);
#2764=ORIENTED_EDGE('',*,*,#2098,.T.);
#2765=ORIENTED_EDGE('',*,*,#2099,.F.);
#2766=ORIENTED_EDGE('',*,*,#2100,.F.);
#2767=ORIENTED_EDGE('',*,*,#2101,.T.);
#2768=ORIENTED_EDGE('',*,*,#2102,.T.);
#2769=ORIENTED_EDGE('',*,*,#2097,.F.);
#2770=ORIENTED_EDGE('',*,*,#2103,.F.);
#2771=ORIENTED_EDGE('',*,*,#2099,.T.);
#2772=ORIENTED_EDGE('',*,*,#2104,.T.);
#2773=ORIENTED_EDGE('',*,*,#2101,.F.);
#2774=ORIENTED_EDGE('',*,*,#2104,.F.);
#2775=ORIENTED_EDGE('',*,*,#2098,.F.);
#2776=ORIENTED_EDGE('',*,*,#2102,.F.);
#2777=ORIENTED_EDGE('',*,*,#2095,.F.);
#2778=ORIENTED_EDGE('',*,*,#2089,.F.);
#2779=ORIENTED_EDGE('',*,*,#2093,.F.);
#2780=ORIENTED_EDGE('',*,*,#2105,.F.);
#2781=ORIENTED_EDGE('',*,*,#2106,.F.);
#2782=ORIENTED_EDGE('',*,*,#2107,.F.);
#2783=ORIENTED_EDGE('',*,*,#2108,.F.);
#2784=ORIENTED_EDGE('',*,*,#2109,.F.);
#2785=ORIENTED_EDGE('',*,*,#2110,.F.);
#2786=ORIENTED_EDGE('',*,*,#2111,.F.);
#2787=ORIENTED_EDGE('',*,*,#2112,.F.);
#2788=ORIENTED_EDGE('',*,*,#1964,.T.);
#2789=ORIENTED_EDGE('',*,*,#1971,.T.);
#2790=ORIENTED_EDGE('',*,*,#1968,.T.);
#2791=ORIENTED_EDGE('',*,*,#1982,.T.);
#2792=ORIENTED_EDGE('',*,*,#1989,.T.);
#2793=ORIENTED_EDGE('',*,*,#1986,.T.);
#2794=ORIENTED_EDGE('',*,*,#2000,.T.);
#2795=ORIENTED_EDGE('',*,*,#2007,.T.);
#2796=ORIENTED_EDGE('',*,*,#2004,.T.);
#2797=ORIENTED_EDGE('',*,*,#2009,.T.);
#2798=ORIENTED_EDGE('',*,*,#2058,.T.);
#2799=ORIENTED_EDGE('',*,*,#2055,.T.);
#2800=ORIENTED_EDGE('',*,*,#2052,.T.);
#2801=ORIENTED_EDGE('',*,*,#2049,.T.);
#2802=ORIENTED_EDGE('',*,*,#2046,.T.);
#2803=ORIENTED_EDGE('',*,*,#2043,.T.);
#2804=ORIENTED_EDGE('',*,*,#2040,.T.);
#2805=ORIENTED_EDGE('',*,*,#2037,.T.);
#2806=ORIENTED_EDGE('',*,*,#2034,.T.);
#2807=ORIENTED_EDGE('',*,*,#2031,.T.);
#2808=ORIENTED_EDGE('',*,*,#2028,.T.);
#2809=ORIENTED_EDGE('',*,*,#2025,.T.);
#2810=ORIENTED_EDGE('',*,*,#2022,.T.);
#2811=ORIENTED_EDGE('',*,*,#2019,.T.);
#2812=ORIENTED_EDGE('',*,*,#2016,.T.);
#2813=ORIENTED_EDGE('',*,*,#2013,.T.);
#2814=ORIENTED_EDGE('',*,*,#2060,.T.);
#2815=ORIENTED_EDGE('',*,*,#2085,.T.);
#2816=ORIENTED_EDGE('',*,*,#2082,.T.);
#2817=ORIENTED_EDGE('',*,*,#2079,.T.);
#2818=ORIENTED_EDGE('',*,*,#2076,.T.);
#2819=ORIENTED_EDGE('',*,*,#2073,.T.);
#2820=ORIENTED_EDGE('',*,*,#2070,.T.);
#2821=ORIENTED_EDGE('',*,*,#2067,.T.);
#2822=ORIENTED_EDGE('',*,*,#2064,.T.);
#2823=ORIENTED_EDGE('',*,*,#2096,.T.);
#2824=ORIENTED_EDGE('',*,*,#2103,.T.);
#2825=ORIENTED_EDGE('',*,*,#2100,.T.);
#2826=ORIENTED_EDGE('',*,*,#2113,.T.);
#2827=ORIENTED_EDGE('',*,*,#2114,.T.);
#2828=ORIENTED_EDGE('',*,*,#2115,.T.);
#2829=ORIENTED_EDGE('',*,*,#2116,.T.);
#2830=ORIENTED_EDGE('',*,*,#2117,.T.);
#2831=ORIENTED_EDGE('',*,*,#2118,.T.);
#2832=ORIENTED_EDGE('',*,*,#2119,.T.);
#2833=ORIENTED_EDGE('',*,*,#2120,.T.);
#2834=ORIENTED_EDGE('',*,*,#2087,.T.);
#2835=ORIENTED_EDGE('',*,*,#2094,.T.);
#2836=ORIENTED_EDGE('',*,*,#2091,.T.);
#2837=ORIENTED_EDGE('',*,*,#1991,.T.);
#2838=ORIENTED_EDGE('',*,*,#1998,.T.);
#2839=ORIENTED_EDGE('',*,*,#1995,.T.);
#2840=ORIENTED_EDGE('',*,*,#1973,.T.);
#2841=ORIENTED_EDGE('',*,*,#1980,.T.);
#2842=ORIENTED_EDGE('',*,*,#1977,.T.);
#2843=ORIENTED_EDGE('',*,*,#2121,.F.);
#2844=ORIENTED_EDGE('',*,*,#2122,.T.);
#2845=ORIENTED_EDGE('',*,*,#2123,.F.);
#2846=ORIENTED_EDGE('',*,*,#2122,.F.);
#2847=ORIENTED_EDGE('',*,*,#2124,.T.);
#2848=ORIENTED_EDGE('',*,*,#2125,.T.);
#2849=ORIENTED_EDGE('',*,*,#2126,.T.);
#2850=ORIENTED_EDGE('',*,*,#2127,.T.);
#2851=ORIENTED_EDGE('',*,*,#2127,.F.);
#2852=ORIENTED_EDGE('',*,*,#2128,.F.);
#2853=ORIENTED_EDGE('',*,*,#2129,.F.);
#2854=ORIENTED_EDGE('',*,*,#2130,.F.);
#2855=ORIENTED_EDGE('',*,*,#2131,.F.);
#2856=ORIENTED_EDGE('',*,*,#2132,.F.);
#2857=ORIENTED_EDGE('',*,*,#2133,.T.);
#2858=ORIENTED_EDGE('',*,*,#2134,.T.);
#2859=ORIENTED_EDGE('',*,*,#2135,.T.);
#2860=ORIENTED_EDGE('',*,*,#2136,.T.);
#2861=ORIENTED_EDGE('',*,*,#2133,.F.);
#2862=ORIENTED_EDGE('',*,*,#2137,.T.);
#2863=ORIENTED_EDGE('',*,*,#2138,.F.);
#2864=ORIENTED_EDGE('',*,*,#2139,.T.);
#2865=ORIENTED_EDGE('',*,*,#2140,.T.);
#2866=ORIENTED_EDGE('',*,*,#2141,.T.);
#2867=ORIENTED_EDGE('',*,*,#2136,.F.);
#2868=ORIENTED_EDGE('',*,*,#2142,.T.);
#2869=ORIENTED_EDGE('',*,*,#2143,.F.);
#2870=ORIENTED_EDGE('',*,*,#2137,.F.);
#2871=ORIENTED_EDGE('',*,*,#2138,.T.);
#2872=ORIENTED_EDGE('',*,*,#2143,.T.);
#2873=ORIENTED_EDGE('',*,*,#2144,.T.);
#2874=ORIENTED_EDGE('',*,*,#2145,.T.);
#2875=ORIENTED_EDGE('',*,*,#2146,.T.);
#2876=ORIENTED_EDGE('',*,*,#2147,.T.);
#2877=ORIENTED_EDGE('',*,*,#2148,.T.);
#2878=ORIENTED_EDGE('',*,*,#2149,.T.);
#2879=ORIENTED_EDGE('',*,*,#2146,.F.);
#2880=ORIENTED_EDGE('',*,*,#2150,.T.);
#2881=ORIENTED_EDGE('',*,*,#2151,.F.);
#2882=ORIENTED_EDGE('',*,*,#2152,.T.);
#2883=ORIENTED_EDGE('',*,*,#2153,.T.);
#2884=ORIENTED_EDGE('',*,*,#2154,.T.);
#2885=ORIENTED_EDGE('',*,*,#2149,.F.);
#2886=ORIENTED_EDGE('',*,*,#2155,.T.);
#2887=ORIENTED_EDGE('',*,*,#2156,.F.);
#2888=ORIENTED_EDGE('',*,*,#2150,.F.);
#2889=ORIENTED_EDGE('',*,*,#2151,.T.);
#2890=ORIENTED_EDGE('',*,*,#2156,.T.);
#2891=ORIENTED_EDGE('',*,*,#2157,.T.);
#2892=ORIENTED_EDGE('',*,*,#2158,.T.);
#2893=ORIENTED_EDGE('',*,*,#2159,.T.);
#2894=ORIENTED_EDGE('',*,*,#2160,.T.);
#2895=ORIENTED_EDGE('',*,*,#2161,.T.);
#2896=ORIENTED_EDGE('',*,*,#2162,.T.);
#2897=ORIENTED_EDGE('',*,*,#2159,.F.);
#2898=ORIENTED_EDGE('',*,*,#2163,.T.);
#2899=ORIENTED_EDGE('',*,*,#2164,.F.);
#2900=ORIENTED_EDGE('',*,*,#2165,.T.);
#2901=ORIENTED_EDGE('',*,*,#2166,.T.);
#2902=ORIENTED_EDGE('',*,*,#2167,.T.);
#2903=ORIENTED_EDGE('',*,*,#2162,.F.);
#2904=ORIENTED_EDGE('',*,*,#2168,.T.);
#2905=ORIENTED_EDGE('',*,*,#2169,.F.);
#2906=ORIENTED_EDGE('',*,*,#2163,.F.);
#2907=ORIENTED_EDGE('',*,*,#2164,.T.);
#2908=ORIENTED_EDGE('',*,*,#2169,.T.);
#2909=ORIENTED_EDGE('',*,*,#2170,.T.);
#2910=ORIENTED_EDGE('',*,*,#2171,.T.);
#2911=ORIENTED_EDGE('',*,*,#2172,.T.);
#2912=ORIENTED_EDGE('',*,*,#2173,.T.);
#2913=ORIENTED_EDGE('',*,*,#2174,.T.);
#2914=ORIENTED_EDGE('',*,*,#2175,.T.);
#2915=ORIENTED_EDGE('',*,*,#2172,.F.);
#2916=ORIENTED_EDGE('',*,*,#2176,.T.);
#2917=ORIENTED_EDGE('',*,*,#2177,.F.);
#2918=ORIENTED_EDGE('',*,*,#2178,.T.);
#2919=ORIENTED_EDGE('',*,*,#2179,.T.);
#2920=ORIENTED_EDGE('',*,*,#2180,.T.);
#2921=ORIENTED_EDGE('',*,*,#2175,.F.);
#2922=ORIENTED_EDGE('',*,*,#2181,.T.);
#2923=ORIENTED_EDGE('',*,*,#2182,.F.);
#2924=ORIENTED_EDGE('',*,*,#2176,.F.);
#2925=ORIENTED_EDGE('',*,*,#2177,.T.);
#2926=ORIENTED_EDGE('',*,*,#2182,.T.);
#2927=ORIENTED_EDGE('',*,*,#2183,.T.);
#2928=ORIENTED_EDGE('',*,*,#2184,.T.);
#2929=ORIENTED_EDGE('',*,*,#2185,.T.);
#2930=ORIENTED_EDGE('',*,*,#2186,.T.);
#2931=ORIENTED_EDGE('',*,*,#2187,.T.);
#2932=ORIENTED_EDGE('',*,*,#2188,.T.);
#2933=ORIENTED_EDGE('',*,*,#2185,.F.);
#2934=ORIENTED_EDGE('',*,*,#2189,.T.);
#2935=ORIENTED_EDGE('',*,*,#2190,.F.);
#2936=ORIENTED_EDGE('',*,*,#2191,.T.);
#2937=ORIENTED_EDGE('',*,*,#2192,.T.);
#2938=ORIENTED_EDGE('',*,*,#2193,.T.);
#2939=ORIENTED_EDGE('',*,*,#2188,.F.);
#2940=ORIENTED_EDGE('',*,*,#2194,.T.);
#2941=ORIENTED_EDGE('',*,*,#2195,.F.);
#2942=ORIENTED_EDGE('',*,*,#2189,.F.);
#2943=ORIENTED_EDGE('',*,*,#2190,.T.);
#2944=ORIENTED_EDGE('',*,*,#2195,.T.);
#2945=ORIENTED_EDGE('',*,*,#2196,.T.);
#2946=ORIENTED_EDGE('',*,*,#2197,.T.);
#2947=ORIENTED_EDGE('',*,*,#2198,.T.);
#2948=ORIENTED_EDGE('',*,*,#2199,.T.);
#2949=ORIENTED_EDGE('',*,*,#2200,.T.);
#2950=ORIENTED_EDGE('',*,*,#2201,.T.);
#2951=ORIENTED_EDGE('',*,*,#2198,.F.);
#2952=ORIENTED_EDGE('',*,*,#2202,.T.);
#2953=ORIENTED_EDGE('',*,*,#2203,.F.);
#2954=ORIENTED_EDGE('',*,*,#2204,.T.);
#2955=ORIENTED_EDGE('',*,*,#2205,.T.);
#2956=ORIENTED_EDGE('',*,*,#2206,.T.);
#2957=ORIENTED_EDGE('',*,*,#2201,.F.);
#2958=ORIENTED_EDGE('',*,*,#2207,.T.);
#2959=ORIENTED_EDGE('',*,*,#2208,.F.);
#2960=ORIENTED_EDGE('',*,*,#2202,.F.);
#2961=ORIENTED_EDGE('',*,*,#2203,.T.);
#2962=ORIENTED_EDGE('',*,*,#2208,.T.);
#2963=ORIENTED_EDGE('',*,*,#2209,.T.);
#2964=ORIENTED_EDGE('',*,*,#2210,.T.);
#2965=ORIENTED_EDGE('',*,*,#2211,.T.);
#2966=ORIENTED_EDGE('',*,*,#2212,.T.);
#2967=ORIENTED_EDGE('',*,*,#2213,.T.);
#2968=ORIENTED_EDGE('',*,*,#2214,.T.);
#2969=ORIENTED_EDGE('',*,*,#2212,.F.);
#2970=ORIENTED_EDGE('',*,*,#2215,.F.);
#2971=ORIENTED_EDGE('',*,*,#2216,.F.);
#2972=ORIENTED_EDGE('',*,*,#2217,.F.);
#2973=ORIENTED_EDGE('',*,*,#2218,.F.);
#2974=ORIENTED_EDGE('',*,*,#2219,.F.);
#2975=ORIENTED_EDGE('',*,*,#2211,.F.);
#2976=ORIENTED_EDGE('',*,*,#2220,.T.);
#2977=ORIENTED_EDGE('',*,*,#2221,.F.);
#2978=ORIENTED_EDGE('',*,*,#2222,.T.);
#2979=ORIENTED_EDGE('',*,*,#2223,.T.);
#2980=ORIENTED_EDGE('',*,*,#2215,.T.);
#2981=ORIENTED_EDGE('',*,*,#2224,.T.);
#2982=ORIENTED_EDGE('',*,*,#2225,.T.);
#2983=ORIENTED_EDGE('',*,*,#2226,.T.);
#2984=ORIENTED_EDGE('',*,*,#2227,.T.);
#2985=ORIENTED_EDGE('',*,*,#2125,.F.);
#2986=ORIENTED_EDGE('',*,*,#2228,.F.);
#2987=ORIENTED_EDGE('',*,*,#2227,.F.);
#2988=ORIENTED_EDGE('',*,*,#2229,.T.);
#2989=ORIENTED_EDGE('',*,*,#2221,.T.);
#2990=ORIENTED_EDGE('',*,*,#2230,.T.);
#2991=ORIENTED_EDGE('',*,*,#2231,.T.);
#2992=ORIENTED_EDGE('',*,*,#2232,.T.);
#2993=ORIENTED_EDGE('',*,*,#2232,.F.);
#2994=ORIENTED_EDGE('',*,*,#2233,.F.);
#2995=ORIENTED_EDGE('',*,*,#2234,.F.);
#2996=ORIENTED_EDGE('',*,*,#2235,.F.);
#2997=ORIENTED_EDGE('',*,*,#2236,.F.);
#2998=ORIENTED_EDGE('',*,*,#2222,.F.);
#2999=ORIENTED_EDGE('',*,*,#2237,.F.);
#3000=ORIENTED_EDGE('',*,*,#2238,.T.);
#3001=ORIENTED_EDGE('',*,*,#2239,.T.);
#3002=ORIENTED_EDGE('',*,*,#2129,.T.);
#3003=ORIENTED_EDGE('',*,*,#2238,.F.);
#3004=ORIENTED_EDGE('',*,*,#2240,.F.);
#3005=ORIENTED_EDGE('',*,*,#2241,.F.);
#3006=ORIENTED_EDGE('',*,*,#2242,.F.);
#3007=ORIENTED_EDGE('',*,*,#2243,.F.);
#3008=ORIENTED_EDGE('',*,*,#2244,.T.);
#3009=ORIENTED_EDGE('',*,*,#2245,.T.);
#3010=ORIENTED_EDGE('',*,*,#2241,.T.);
#3011=ORIENTED_EDGE('',*,*,#2134,.F.);
#3012=ORIENTED_EDGE('',*,*,#2141,.F.);
#3013=ORIENTED_EDGE('',*,*,#2246,.F.);
#3014=ORIENTED_EDGE('',*,*,#2247,.F.);
#3015=ORIENTED_EDGE('',*,*,#2244,.F.);
#3016=ORIENTED_EDGE('',*,*,#2248,.F.);
#3017=ORIENTED_EDGE('',*,*,#2249,.F.);
#3018=ORIENTED_EDGE('',*,*,#2250,.T.);
#3019=ORIENTED_EDGE('',*,*,#2251,.T.);
#3020=ORIENTED_EDGE('',*,*,#2252,.T.);
#3021=ORIENTED_EDGE('',*,*,#2250,.F.);
#3022=ORIENTED_EDGE('',*,*,#2253,.F.);
#3023=ORIENTED_EDGE('',*,*,#2254,.F.);
#3024=ORIENTED_EDGE('',*,*,#2255,.T.);
#3025=ORIENTED_EDGE('',*,*,#2256,.F.);
#3026=ORIENTED_EDGE('',*,*,#2257,.T.);
#3027=ORIENTED_EDGE('',*,*,#2258,.T.);
#3028=ORIENTED_EDGE('',*,*,#2259,.T.);
#3029=ORIENTED_EDGE('',*,*,#2147,.F.);
#3030=ORIENTED_EDGE('',*,*,#2154,.F.);
#3031=ORIENTED_EDGE('',*,*,#2260,.F.);
#3032=ORIENTED_EDGE('',*,*,#2261,.F.);
#3033=ORIENTED_EDGE('',*,*,#2257,.F.);
#3034=ORIENTED_EDGE('',*,*,#2262,.F.);
#3035=ORIENTED_EDGE('',*,*,#2263,.F.);
#3036=ORIENTED_EDGE('',*,*,#2264,.T.);
#3037=ORIENTED_EDGE('',*,*,#2265,.T.);
#3038=ORIENTED_EDGE('',*,*,#2266,.T.);
#3039=ORIENTED_EDGE('',*,*,#2264,.F.);
#3040=ORIENTED_EDGE('',*,*,#2267,.F.);
#3041=ORIENTED_EDGE('',*,*,#2268,.F.);
#3042=ORIENTED_EDGE('',*,*,#2269,.F.);
#3043=ORIENTED_EDGE('',*,*,#2270,.F.);
#3044=ORIENTED_EDGE('',*,*,#2271,.T.);
#3045=ORIENTED_EDGE('',*,*,#2272,.T.);
#3046=ORIENTED_EDGE('',*,*,#2268,.T.);
#3047=ORIENTED_EDGE('',*,*,#2160,.F.);
#3048=ORIENTED_EDGE('',*,*,#2167,.F.);
#3049=ORIENTED_EDGE('',*,*,#2273,.F.);
#3050=ORIENTED_EDGE('',*,*,#2274,.F.);
#3051=ORIENTED_EDGE('',*,*,#2271,.F.);
#3052=ORIENTED_EDGE('',*,*,#2275,.F.);
#3053=ORIENTED_EDGE('',*,*,#2276,.F.);
#3054=ORIENTED_EDGE('',*,*,#2277,.T.);
#3055=ORIENTED_EDGE('',*,*,#2278,.T.);
#3056=ORIENTED_EDGE('',*,*,#2279,.T.);
#3057=ORIENTED_EDGE('',*,*,#2277,.F.);
#3058=ORIENTED_EDGE('',*,*,#2280,.F.);
#3059=ORIENTED_EDGE('',*,*,#2281,.F.);
#3060=ORIENTED_EDGE('',*,*,#2282,.T.);
#3061=ORIENTED_EDGE('',*,*,#2283,.F.);
#3062=ORIENTED_EDGE('',*,*,#2284,.T.);
#3063=ORIENTED_EDGE('',*,*,#2285,.T.);
#3064=ORIENTED_EDGE('',*,*,#2286,.T.);
#3065=ORIENTED_EDGE('',*,*,#2173,.F.);
#3066=ORIENTED_EDGE('',*,*,#2180,.F.);
#3067=ORIENTED_EDGE('',*,*,#2287,.F.);
#3068=ORIENTED_EDGE('',*,*,#2288,.F.);
#3069=ORIENTED_EDGE('',*,*,#2284,.F.);
#3070=ORIENTED_EDGE('',*,*,#2289,.F.);
#3071=ORIENTED_EDGE('',*,*,#2290,.F.);
#3072=ORIENTED_EDGE('',*,*,#2291,.T.);
#3073=ORIENTED_EDGE('',*,*,#2292,.T.);
#3074=ORIENTED_EDGE('',*,*,#2293,.T.);
#3075=ORIENTED_EDGE('',*,*,#2291,.F.);
#3076=ORIENTED_EDGE('',*,*,#2294,.F.);
#3077=ORIENTED_EDGE('',*,*,#2295,.F.);
#3078=ORIENTED_EDGE('',*,*,#2296,.T.);
#3079=ORIENTED_EDGE('',*,*,#2297,.F.);
#3080=ORIENTED_EDGE('',*,*,#2298,.T.);
#3081=ORIENTED_EDGE('',*,*,#2299,.T.);
#3082=ORIENTED_EDGE('',*,*,#2295,.T.);
#3083=ORIENTED_EDGE('',*,*,#2186,.F.);
#3084=ORIENTED_EDGE('',*,*,#2193,.F.);
#3085=ORIENTED_EDGE('',*,*,#2300,.F.);
#3086=ORIENTED_EDGE('',*,*,#2301,.F.);
#3087=ORIENTED_EDGE('',*,*,#2298,.F.);
#3088=ORIENTED_EDGE('',*,*,#2302,.F.);
#3089=ORIENTED_EDGE('',*,*,#2303,.F.);
#3090=ORIENTED_EDGE('',*,*,#2304,.T.);
#3091=ORIENTED_EDGE('',*,*,#2305,.T.);
#3092=ORIENTED_EDGE('',*,*,#2306,.T.);
#3093=ORIENTED_EDGE('',*,*,#2199,.F.);
#3094=ORIENTED_EDGE('',*,*,#2206,.F.);
#3095=ORIENTED_EDGE('',*,*,#2307,.F.);
#3096=ORIENTED_EDGE('',*,*,#2308,.F.);
#3097=ORIENTED_EDGE('',*,*,#2304,.F.);
#3098=ORIENTED_EDGE('',*,*,#2309,.F.);
#3099=ORIENTED_EDGE('',*,*,#2310,.F.);
#3100=ORIENTED_EDGE('',*,*,#2311,.T.);
#3101=ORIENTED_EDGE('',*,*,#2312,.T.);
#3102=ORIENTED_EDGE('',*,*,#2313,.T.);
#3103=ORIENTED_EDGE('',*,*,#2311,.F.);
#3104=ORIENTED_EDGE('',*,*,#2314,.F.);
#3105=ORIENTED_EDGE('',*,*,#2315,.T.);
#3106=ORIENTED_EDGE('',*,*,#2316,.T.);
#3107=ORIENTED_EDGE('',*,*,#2317,.F.);
#3108=ORIENTED_EDGE('',*,*,#2218,.T.);
#3109=ORIENTED_EDGE('',*,*,#2318,.T.);
#3110=ORIENTED_EDGE('',*,*,#2319,.T.);
#3111=ORIENTED_EDGE('',*,*,#2320,.F.);
#3112=ORIENTED_EDGE('',*,*,#2321,.F.);
#3113=ORIENTED_EDGE('',*,*,#2322,.F.);
#3114=ORIENTED_EDGE('',*,*,#2323,.F.);
#3115=ORIENTED_EDGE('',*,*,#2324,.F.);
#3116=ORIENTED_EDGE('',*,*,#2325,.F.);
#3117=ORIENTED_EDGE('',*,*,#2326,.F.);
#3118=ORIENTED_EDGE('',*,*,#2327,.F.);
#3119=ORIENTED_EDGE('',*,*,#2328,.F.);
#3120=ORIENTED_EDGE('',*,*,#2329,.F.);
#3121=ORIENTED_EDGE('',*,*,#2330,.F.);
#3122=ORIENTED_EDGE('',*,*,#2331,.T.);
#3123=ORIENTED_EDGE('',*,*,#2332,.T.);
#3124=ORIENTED_EDGE('',*,*,#2333,.T.);
#3125=ORIENTED_EDGE('',*,*,#2334,.F.);
#3126=ORIENTED_EDGE('',*,*,#2335,.F.);
#3127=ORIENTED_EDGE('',*,*,#2237,.T.);
#3128=ORIENTED_EDGE('',*,*,#2128,.T.);
#3129=ORIENTED_EDGE('',*,*,#2126,.F.);
#3130=ORIENTED_EDGE('',*,*,#2229,.F.);
#3131=ORIENTED_EDGE('',*,*,#2226,.F.);
#3132=ORIENTED_EDGE('',*,*,#2336,.T.);
#3133=ORIENTED_EDGE('',*,*,#2337,.T.);
#3134=ORIENTED_EDGE('',*,*,#2338,.F.);
#3135=ORIENTED_EDGE('',*,*,#2339,.F.);
#3136=ORIENTED_EDGE('',*,*,#2340,.T.);
#3137=ORIENTED_EDGE('',*,*,#2341,.T.);
#3138=ORIENTED_EDGE('',*,*,#2233,.T.);
#3139=ORIENTED_EDGE('',*,*,#2231,.F.);
#3140=ORIENTED_EDGE('',*,*,#2342,.F.);
#3141=ORIENTED_EDGE('',*,*,#2213,.F.);
#3142=ORIENTED_EDGE('',*,*,#2219,.T.);
#3143=ORIENTED_EDGE('',*,*,#2317,.T.);
#3144=ORIENTED_EDGE('',*,*,#2343,.T.);
#3145=ORIENTED_EDGE('',*,*,#2344,.T.);
#3146=ORIENTED_EDGE('',*,*,#2345,.T.);
#3147=ORIENTED_EDGE('',*,*,#2209,.F.);
#3148=ORIENTED_EDGE('',*,*,#2207,.F.);
#3149=ORIENTED_EDGE('',*,*,#2200,.F.);
#3150=ORIENTED_EDGE('',*,*,#2309,.T.);
#3151=ORIENTED_EDGE('',*,*,#2303,.T.);
#3152=ORIENTED_EDGE('',*,*,#2346,.F.);
#3153=ORIENTED_EDGE('',*,*,#2347,.F.);
#3154=ORIENTED_EDGE('',*,*,#2314,.T.);
#3155=ORIENTED_EDGE('',*,*,#2310,.T.);
#3156=ORIENTED_EDGE('',*,*,#2348,.T.);
#3157=ORIENTED_EDGE('',*,*,#2196,.F.);
#3158=ORIENTED_EDGE('',*,*,#2194,.F.);
#3159=ORIENTED_EDGE('',*,*,#2187,.F.);
#3160=ORIENTED_EDGE('',*,*,#2302,.T.);
#3161=ORIENTED_EDGE('',*,*,#2297,.T.);
#3162=ORIENTED_EDGE('',*,*,#2294,.T.);
#3163=ORIENTED_EDGE('',*,*,#2290,.T.);
#3164=ORIENTED_EDGE('',*,*,#2349,.T.);
#3165=ORIENTED_EDGE('',*,*,#2183,.F.);
#3166=ORIENTED_EDGE('',*,*,#2181,.F.);
#3167=ORIENTED_EDGE('',*,*,#2174,.F.);
#3168=ORIENTED_EDGE('',*,*,#2289,.T.);
#3169=ORIENTED_EDGE('',*,*,#2283,.T.);
#3170=ORIENTED_EDGE('',*,*,#2350,.F.);
#3171=ORIENTED_EDGE('',*,*,#2351,.F.);
#3172=ORIENTED_EDGE('',*,*,#2280,.T.);
#3173=ORIENTED_EDGE('',*,*,#2276,.T.);
#3174=ORIENTED_EDGE('',*,*,#2352,.T.);
#3175=ORIENTED_EDGE('',*,*,#2170,.F.);
#3176=ORIENTED_EDGE('',*,*,#2168,.F.);
#3177=ORIENTED_EDGE('',*,*,#2161,.F.);
#3178=ORIENTED_EDGE('',*,*,#2275,.T.);
#3179=ORIENTED_EDGE('',*,*,#2270,.T.);
#3180=ORIENTED_EDGE('',*,*,#2267,.T.);
#3181=ORIENTED_EDGE('',*,*,#2263,.T.);
#3182=ORIENTED_EDGE('',*,*,#2353,.T.);
#3183=ORIENTED_EDGE('',*,*,#2157,.F.);
#3184=ORIENTED_EDGE('',*,*,#2155,.F.);
#3185=ORIENTED_EDGE('',*,*,#2148,.F.);
#3186=ORIENTED_EDGE('',*,*,#2262,.T.);
#3187=ORIENTED_EDGE('',*,*,#2256,.T.);
#3188=ORIENTED_EDGE('',*,*,#2354,.F.);
#3189=ORIENTED_EDGE('',*,*,#2355,.F.);
#3190=ORIENTED_EDGE('',*,*,#2253,.T.);
#3191=ORIENTED_EDGE('',*,*,#2249,.T.);
#3192=ORIENTED_EDGE('',*,*,#2356,.T.);
#3193=ORIENTED_EDGE('',*,*,#2144,.F.);
#3194=ORIENTED_EDGE('',*,*,#2142,.F.);
#3195=ORIENTED_EDGE('',*,*,#2135,.F.);
#3196=ORIENTED_EDGE('',*,*,#2248,.T.);
#3197=ORIENTED_EDGE('',*,*,#2243,.T.);
#3198=ORIENTED_EDGE('',*,*,#2240,.T.);
#3199=ORIENTED_EDGE('',*,*,#2319,.F.);
#3200=ORIENTED_EDGE('',*,*,#2357,.F.);
#3201=ORIENTED_EDGE('',*,*,#2358,.F.);
#3202=ORIENTED_EDGE('',*,*,#2343,.F.);
#3203=ORIENTED_EDGE('',*,*,#2344,.F.);
#3204=ORIENTED_EDGE('',*,*,#2358,.T.);
#3205=ORIENTED_EDGE('',*,*,#2359,.T.);
#3206=ORIENTED_EDGE('',*,*,#2360,.T.);
#3207=ORIENTED_EDGE('',*,*,#2337,.F.);
#3208=ORIENTED_EDGE('',*,*,#2361,.T.);
#3209=ORIENTED_EDGE('',*,*,#2362,.T.);
#3210=ORIENTED_EDGE('',*,*,#2363,.T.);
#3211=ORIENTED_EDGE('',*,*,#2225,.F.);
#3212=ORIENTED_EDGE('',*,*,#2364,.F.);
#3213=ORIENTED_EDGE('',*,*,#2365,.F.);
#3214=ORIENTED_EDGE('',*,*,#2366,.F.);
#3215=ORIENTED_EDGE('',*,*,#2361,.F.);
#3216=ORIENTED_EDGE('',*,*,#2336,.F.);
#3217=ORIENTED_EDGE('',*,*,#2341,.F.);
#3218=ORIENTED_EDGE('',*,*,#2367,.T.);
#3219=ORIENTED_EDGE('',*,*,#2368,.T.);
#3220=ORIENTED_EDGE('',*,*,#2234,.T.);
#3221=ORIENTED_EDGE('',*,*,#2369,.T.);
#3222=ORIENTED_EDGE('',*,*,#2370,.T.);
#3223=ORIENTED_EDGE('',*,*,#2371,.T.);
#3224=ORIENTED_EDGE('',*,*,#2372,.T.);
#3225=ORIENTED_EDGE('',*,*,#2373,.T.);
#3226=ORIENTED_EDGE('',*,*,#2374,.T.);
#3227=ORIENTED_EDGE('',*,*,#2375,.T.);
#3228=ORIENTED_EDGE('',*,*,#2376,.T.);
#3229=ORIENTED_EDGE('',*,*,#2377,.T.);
#3230=ORIENTED_EDGE('',*,*,#2378,.T.);
#3231=ORIENTED_EDGE('',*,*,#2379,.T.);
#3232=ORIENTED_EDGE('',*,*,#2380,.T.);
#3233=ORIENTED_EDGE('',*,*,#2381,.T.);
#3234=ORIENTED_EDGE('',*,*,#2382,.T.);
#3235=ORIENTED_EDGE('',*,*,#2383,.T.);
#3236=ORIENTED_EDGE('',*,*,#2384,.T.);
#3237=ORIENTED_EDGE('',*,*,#2385,.T.);
#3238=ORIENTED_EDGE('',*,*,#2386,.T.);
#3239=ORIENTED_EDGE('',*,*,#2387,.T.);
#3240=ORIENTED_EDGE('',*,*,#2388,.T.);
#3241=ORIENTED_EDGE('',*,*,#2389,.T.);
#3242=ORIENTED_EDGE('',*,*,#2390,.T.);
#3243=ORIENTED_EDGE('',*,*,#2391,.T.);
#3244=ORIENTED_EDGE('',*,*,#2392,.T.);
#3245=ORIENTED_EDGE('',*,*,#2393,.T.);
#3246=ORIENTED_EDGE('',*,*,#2394,.T.);
#3247=ORIENTED_EDGE('',*,*,#2395,.T.);
#3248=ORIENTED_EDGE('',*,*,#2396,.T.);
#3249=ORIENTED_EDGE('',*,*,#2397,.T.);
#3250=ORIENTED_EDGE('',*,*,#2124,.F.);
#3251=ORIENTED_EDGE('',*,*,#2132,.T.);
#3252=ORIENTED_EDGE('',*,*,#2398,.T.);
#3253=ORIENTED_EDGE('',*,*,#2364,.T.);
#3254=ORIENTED_EDGE('',*,*,#2224,.F.);
#3255=ORIENTED_EDGE('',*,*,#2228,.T.);
#3256=ORIENTED_EDGE('',*,*,#2197,.F.);
#3257=ORIENTED_EDGE('',*,*,#2348,.F.);
#3258=ORIENTED_EDGE('',*,*,#2313,.F.);
#3259=ORIENTED_EDGE('',*,*,#2399,.F.);
#3260=ORIENTED_EDGE('',*,*,#2400,.F.);
#3261=ORIENTED_EDGE('',*,*,#2191,.F.);
#3262=ORIENTED_EDGE('',*,*,#2401,.T.);
#3263=ORIENTED_EDGE('',*,*,#2402,.T.);
#3264=ORIENTED_EDGE('',*,*,#2260,.T.);
#3265=ORIENTED_EDGE('',*,*,#2153,.F.);
#3266=ORIENTED_EDGE('',*,*,#2158,.F.);
#3267=ORIENTED_EDGE('',*,*,#2353,.F.);
#3268=ORIENTED_EDGE('',*,*,#2266,.F.);
#3269=ORIENTED_EDGE('',*,*,#2403,.F.);
#3270=ORIENTED_EDGE('',*,*,#2401,.F.);
#3271=ORIENTED_EDGE('',*,*,#2152,.F.);
#3272=ORIENTED_EDGE('',*,*,#2404,.T.);
#3273=ORIENTED_EDGE('',*,*,#2405,.T.);
#3274=ORIENTED_EDGE('',*,*,#2307,.T.);
#3275=ORIENTED_EDGE('',*,*,#2205,.F.);
#3276=ORIENTED_EDGE('',*,*,#2236,.T.);
#3277=ORIENTED_EDGE('',*,*,#2406,.T.);
#3278=ORIENTED_EDGE('',*,*,#2216,.T.);
#3279=ORIENTED_EDGE('',*,*,#2223,.F.);
#3280=ORIENTED_EDGE('',*,*,#2210,.F.);
#3281=ORIENTED_EDGE('',*,*,#2345,.F.);
#3282=ORIENTED_EDGE('',*,*,#2360,.F.);
#3283=ORIENTED_EDGE('',*,*,#2407,.F.);
#3284=ORIENTED_EDGE('',*,*,#2404,.F.);
#3285=ORIENTED_EDGE('',*,*,#2204,.F.);
#3286=ORIENTED_EDGE('',*,*,#2407,.T.);
#3287=ORIENTED_EDGE('',*,*,#2359,.F.);
#3288=ORIENTED_EDGE('',*,*,#2357,.T.);
#3289=ORIENTED_EDGE('',*,*,#2318,.F.);
#3290=ORIENTED_EDGE('',*,*,#2217,.T.);
#3291=ORIENTED_EDGE('',*,*,#2406,.F.);
#3292=ORIENTED_EDGE('',*,*,#2235,.T.);
#3293=ORIENTED_EDGE('',*,*,#2368,.F.);
#3294=ORIENTED_EDGE('',*,*,#2408,.F.);
#3295=ORIENTED_EDGE('',*,*,#2409,.F.);
#3296=ORIENTED_EDGE('',*,*,#2410,.T.);
#3297=ORIENTED_EDGE('',*,*,#2362,.F.);
#3298=ORIENTED_EDGE('',*,*,#2366,.T.);
#3299=ORIENTED_EDGE('',*,*,#2411,.F.);
#3300=ORIENTED_EDGE('',*,*,#2412,.T.);
#3301=ORIENTED_EDGE('',*,*,#2413,.F.);
#3302=ORIENTED_EDGE('',*,*,#2399,.T.);
#3303=ORIENTED_EDGE('',*,*,#2312,.F.);
#3304=ORIENTED_EDGE('',*,*,#2316,.F.);
#3305=ORIENTED_EDGE('',*,*,#2414,.F.);
#3306=ORIENTED_EDGE('',*,*,#2415,.T.);
#3307=ORIENTED_EDGE('',*,*,#2305,.F.);
#3308=ORIENTED_EDGE('',*,*,#2308,.T.);
#3309=ORIENTED_EDGE('',*,*,#2405,.F.);
#3310=ORIENTED_EDGE('',*,*,#2416,.T.);
#3311=ORIENTED_EDGE('',*,*,#2417,.T.);
#3312=ORIENTED_EDGE('',*,*,#2214,.F.);
#3313=ORIENTED_EDGE('',*,*,#2342,.T.);
#3314=ORIENTED_EDGE('',*,*,#2230,.F.);
#3315=ORIENTED_EDGE('',*,*,#2220,.F.);
#3316=ORIENTED_EDGE('',*,*,#2269,.T.);
#3317=ORIENTED_EDGE('',*,*,#2272,.F.);
#3318=ORIENTED_EDGE('',*,*,#2274,.T.);
#3319=ORIENTED_EDGE('',*,*,#2418,.T.);
#3320=ORIENTED_EDGE('',*,*,#2419,.T.);
#3321=ORIENTED_EDGE('',*,*,#2278,.F.);
#3322=ORIENTED_EDGE('',*,*,#2282,.F.);
#3323=ORIENTED_EDGE('',*,*,#2420,.F.);
#3324=ORIENTED_EDGE('',*,*,#2421,.T.);
#3325=ORIENTED_EDGE('',*,*,#2285,.F.);
#3326=ORIENTED_EDGE('',*,*,#2288,.T.);
#3327=ORIENTED_EDGE('',*,*,#2422,.F.);
#3328=ORIENTED_EDGE('',*,*,#2423,.T.);
#3329=ORIENTED_EDGE('',*,*,#2424,.T.);
#3330=ORIENTED_EDGE('',*,*,#2425,.T.);
#3331=ORIENTED_EDGE('',*,*,#2251,.F.);
#3332=ORIENTED_EDGE('',*,*,#2255,.F.);
#3333=ORIENTED_EDGE('',*,*,#2426,.F.);
#3334=ORIENTED_EDGE('',*,*,#2427,.T.);
#3335=ORIENTED_EDGE('',*,*,#2258,.F.);
#3336=ORIENTED_EDGE('',*,*,#2261,.T.);
#3337=ORIENTED_EDGE('',*,*,#2402,.F.);
#3338=ORIENTED_EDGE('',*,*,#2403,.T.);
#3339=ORIENTED_EDGE('',*,*,#2265,.F.);
#3340=ORIENTED_EDGE('',*,*,#2123,.T.);
#3341=ORIENTED_EDGE('',*,*,#2428,.T.);
#3342=ORIENTED_EDGE('',*,*,#2363,.F.);
#3343=ORIENTED_EDGE('',*,*,#2410,.F.);
#3344=ORIENTED_EDGE('',*,*,#2429,.T.);
#3345=ORIENTED_EDGE('',*,*,#2338,.T.);
#3346=ORIENTED_EDGE('',*,*,#2430,.T.);
#3347=ORIENTED_EDGE('',*,*,#2424,.F.);
#3348=ORIENTED_EDGE('',*,*,#2431,.T.);
#3349=ORIENTED_EDGE('',*,*,#2432,.F.);
#3350=ORIENTED_EDGE('',*,*,#2433,.T.);
#3351=ORIENTED_EDGE('',*,*,#2411,.T.);
#3352=ORIENTED_EDGE('',*,*,#2365,.T.);
#3353=ORIENTED_EDGE('',*,*,#2398,.F.);
#3354=ORIENTED_EDGE('',*,*,#2131,.T.);
#3355=ORIENTED_EDGE('',*,*,#2434,.T.);
#3356=ORIENTED_EDGE('',*,*,#2246,.T.);
#3357=ORIENTED_EDGE('',*,*,#2140,.F.);
#3358=ORIENTED_EDGE('',*,*,#2367,.F.);
#3359=ORIENTED_EDGE('',*,*,#2340,.F.);
#3360=ORIENTED_EDGE('',*,*,#2435,.T.);
#3361=ORIENTED_EDGE('',*,*,#2408,.T.);
#3362=ORIENTED_EDGE('',*,*,#2242,.T.);
#3363=ORIENTED_EDGE('',*,*,#2245,.F.);
#3364=ORIENTED_EDGE('',*,*,#2247,.T.);
#3365=ORIENTED_EDGE('',*,*,#2434,.F.);
#3366=ORIENTED_EDGE('',*,*,#2130,.T.);
#3367=ORIENTED_EDGE('',*,*,#2239,.F.);
#3368=ORIENTED_EDGE('',*,*,#2184,.F.);
#3369=ORIENTED_EDGE('',*,*,#2349,.F.);
#3370=ORIENTED_EDGE('',*,*,#2293,.F.);
#3371=ORIENTED_EDGE('',*,*,#2436,.F.);
#3372=ORIENTED_EDGE('',*,*,#2437,.T.);
#3373=ORIENTED_EDGE('',*,*,#2178,.F.);
#3374=ORIENTED_EDGE('',*,*,#2436,.T.);
#3375=ORIENTED_EDGE('',*,*,#2292,.F.);
#3376=ORIENTED_EDGE('',*,*,#2296,.F.);
#3377=ORIENTED_EDGE('',*,*,#2299,.F.);
#3378=ORIENTED_EDGE('',*,*,#2301,.T.);
#3379=ORIENTED_EDGE('',*,*,#2438,.F.);
#3380=ORIENTED_EDGE('',*,*,#2439,.F.);
#3381=ORIENTED_EDGE('',*,*,#2440,.F.);
#3382=ORIENTED_EDGE('',*,*,#2441,.F.);
#3383=ORIENTED_EDGE('',*,*,#2442,.F.);
#3384=ORIENTED_EDGE('',*,*,#2259,.F.);
#3385=ORIENTED_EDGE('',*,*,#2427,.F.);
#3386=ORIENTED_EDGE('',*,*,#2443,.F.);
#3387=ORIENTED_EDGE('',*,*,#2354,.T.);
#3388=ORIENTED_EDGE('',*,*,#2145,.F.);
#3389=ORIENTED_EDGE('',*,*,#2356,.F.);
#3390=ORIENTED_EDGE('',*,*,#2252,.F.);
#3391=ORIENTED_EDGE('',*,*,#2425,.F.);
#3392=ORIENTED_EDGE('',*,*,#2430,.F.);
#3393=ORIENTED_EDGE('',*,*,#2139,.F.);
#3394=ORIENTED_EDGE('',*,*,#2171,.F.);
#3395=ORIENTED_EDGE('',*,*,#2352,.F.);
#3396=ORIENTED_EDGE('',*,*,#2279,.F.);
#3397=ORIENTED_EDGE('',*,*,#2419,.F.);
#3398=ORIENTED_EDGE('',*,*,#2444,.F.);
#3399=ORIENTED_EDGE('',*,*,#2165,.F.);
#3400=ORIENTED_EDGE('',*,*,#2286,.F.);
#3401=ORIENTED_EDGE('',*,*,#2421,.F.);
#3402=ORIENTED_EDGE('',*,*,#2445,.F.);
#3403=ORIENTED_EDGE('',*,*,#2350,.T.);
#3404=ORIENTED_EDGE('',*,*,#2437,.F.);
#3405=ORIENTED_EDGE('',*,*,#2442,.T.);
#3406=ORIENTED_EDGE('',*,*,#2446,.T.);
#3407=ORIENTED_EDGE('',*,*,#2447,.T.);
#3408=ORIENTED_EDGE('',*,*,#2448,.T.);
#3409=ORIENTED_EDGE('',*,*,#2438,.T.);
#3410=ORIENTED_EDGE('',*,*,#2300,.T.);
#3411=ORIENTED_EDGE('',*,*,#2192,.F.);
#3412=ORIENTED_EDGE('',*,*,#2400,.T.);
#3413=ORIENTED_EDGE('',*,*,#2413,.T.);
#3414=ORIENTED_EDGE('',*,*,#2449,.T.);
#3415=ORIENTED_EDGE('',*,*,#2116,.F.);
#3416=ORIENTED_EDGE('',*,*,#2450,.T.);
#3417=ORIENTED_EDGE('',*,*,#2422,.T.);
#3418=ORIENTED_EDGE('',*,*,#2287,.T.);
#3419=ORIENTED_EDGE('',*,*,#2179,.F.);
#3420=ORIENTED_EDGE('',*,*,#2306,.F.);
#3421=ORIENTED_EDGE('',*,*,#2415,.F.);
#3422=ORIENTED_EDGE('',*,*,#2451,.T.);
#3423=ORIENTED_EDGE('',*,*,#2346,.T.);
#3424=ORIENTED_EDGE('',*,*,#2440,.T.);
#3425=ORIENTED_EDGE('',*,*,#2452,.F.);
#3426=ORIENTED_EDGE('',*,*,#2453,.F.);
#3427=ORIENTED_EDGE('',*,*,#2454,.F.);
#3428=ORIENTED_EDGE('',*,*,#2439,.T.);
#3429=ORIENTED_EDGE('',*,*,#2448,.F.);
#3430=ORIENTED_EDGE('',*,*,#2455,.T.);
#3431=ORIENTED_EDGE('',*,*,#2452,.T.);
#3432=ORIENTED_EDGE('',*,*,#2446,.F.);
#3433=ORIENTED_EDGE('',*,*,#2441,.T.);
#3434=ORIENTED_EDGE('',*,*,#2454,.T.);
#3435=ORIENTED_EDGE('',*,*,#2456,.T.);
#3436=ORIENTED_EDGE('',*,*,#2331,.F.);
#3437=ORIENTED_EDGE('',*,*,#2457,.T.);
#3438=ORIENTED_EDGE('',*,*,#2397,.F.);
#3439=ORIENTED_EDGE('',*,*,#2458,.T.);
#3440=ORIENTED_EDGE('',*,*,#2457,.F.);
#3441=ORIENTED_EDGE('',*,*,#2330,.T.);
#3442=ORIENTED_EDGE('',*,*,#2459,.F.);
#3443=ORIENTED_EDGE('',*,*,#2382,.F.);
#3444=ORIENTED_EDGE('',*,*,#2351,.T.);
#3445=ORIENTED_EDGE('',*,*,#2445,.T.);
#3446=ORIENTED_EDGE('',*,*,#2420,.T.);
#3447=ORIENTED_EDGE('',*,*,#2281,.T.);
#3448=ORIENTED_EDGE('',*,*,#2458,.F.);
#3449=ORIENTED_EDGE('',*,*,#2396,.F.);
#3450=ORIENTED_EDGE('',*,*,#2460,.F.);
#3451=ORIENTED_EDGE('',*,*,#2332,.F.);
#3452=ORIENTED_EDGE('',*,*,#2334,.T.);
#3453=ORIENTED_EDGE('',*,*,#2461,.T.);
#3454=ORIENTED_EDGE('',*,*,#2394,.F.);
#3455=ORIENTED_EDGE('',*,*,#2462,.F.);
#3456=ORIENTED_EDGE('',*,*,#2333,.F.);
#3457=ORIENTED_EDGE('',*,*,#2460,.T.);
#3458=ORIENTED_EDGE('',*,*,#2395,.F.);
#3459=ORIENTED_EDGE('',*,*,#2461,.F.);
#3460=ORIENTED_EDGE('',*,*,#2320,.T.);
#3461=ORIENTED_EDGE('',*,*,#2463,.F.);
#3462=ORIENTED_EDGE('',*,*,#2392,.F.);
#3463=ORIENTED_EDGE('',*,*,#2464,.F.);
#3464=ORIENTED_EDGE('',*,*,#2335,.T.);
#3465=ORIENTED_EDGE('',*,*,#2462,.T.);
#3466=ORIENTED_EDGE('',*,*,#2393,.F.);
#3467=ORIENTED_EDGE('',*,*,#2463,.T.);
#3468=ORIENTED_EDGE('',*,*,#2322,.T.);
#3469=ORIENTED_EDGE('',*,*,#2465,.F.);
#3470=ORIENTED_EDGE('',*,*,#2390,.F.);
#3471=ORIENTED_EDGE('',*,*,#2466,.F.);
#3472=ORIENTED_EDGE('',*,*,#1955,.T.);
#3473=ORIENTED_EDGE('',*,*,#1962,.T.);
#3474=ORIENTED_EDGE('',*,*,#1959,.T.);
#3475=ORIENTED_EDGE('',*,*,#2347,.T.);
#3476=ORIENTED_EDGE('',*,*,#2451,.F.);
#3477=ORIENTED_EDGE('',*,*,#2414,.T.);
#3478=ORIENTED_EDGE('',*,*,#2315,.F.);
#3479=ORIENTED_EDGE('',*,*,#2339,.T.);
#3480=ORIENTED_EDGE('',*,*,#2429,.F.);
#3481=ORIENTED_EDGE('',*,*,#2409,.T.);
#3482=ORIENTED_EDGE('',*,*,#2435,.F.);
#3483=ORIENTED_EDGE('',*,*,#2325,.T.);
#3484=ORIENTED_EDGE('',*,*,#2467,.T.);
#3485=ORIENTED_EDGE('',*,*,#2387,.F.);
#3486=ORIENTED_EDGE('',*,*,#2468,.F.);
#3487=ORIENTED_EDGE('',*,*,#2324,.T.);
#3488=ORIENTED_EDGE('',*,*,#2469,.F.);
#3489=ORIENTED_EDGE('',*,*,#2388,.F.);
#3490=ORIENTED_EDGE('',*,*,#2467,.F.);
#3491=ORIENTED_EDGE('',*,*,#2329,.T.);
#3492=ORIENTED_EDGE('',*,*,#2470,.T.);
#3493=ORIENTED_EDGE('',*,*,#2383,.F.);
#3494=ORIENTED_EDGE('',*,*,#2459,.T.);
#3495=ORIENTED_EDGE('',*,*,#2328,.T.);
#3496=ORIENTED_EDGE('',*,*,#2471,.F.);
#3497=ORIENTED_EDGE('',*,*,#2384,.F.);
#3498=ORIENTED_EDGE('',*,*,#2470,.F.);
#3499=ORIENTED_EDGE('',*,*,#2327,.T.);
#3500=ORIENTED_EDGE('',*,*,#2472,.F.);
#3501=ORIENTED_EDGE('',*,*,#2385,.F.);
#3502=ORIENTED_EDGE('',*,*,#2471,.T.);
#3503=ORIENTED_EDGE('',*,*,#2472,.T.);
#3504=ORIENTED_EDGE('',*,*,#2326,.T.);
#3505=ORIENTED_EDGE('',*,*,#2468,.T.);
#3506=ORIENTED_EDGE('',*,*,#2386,.F.);
#3507=ORIENTED_EDGE('',*,*,#2473,.T.);
#3508=ORIENTED_EDGE('',*,*,#2474,.T.);
#3509=ORIENTED_EDGE('',*,*,#2106,.T.);
#3510=ORIENTED_EDGE('',*,*,#2475,.F.);
#3511=ORIENTED_EDGE('',*,*,#2476,.F.);
#3512=ORIENTED_EDGE('',*,*,#2477,.F.);
#3513=ORIENTED_EDGE('',*,*,#2378,.F.);
#3514=ORIENTED_EDGE('',*,*,#2478,.T.);
#3515=ORIENTED_EDGE('',*,*,#2112,.T.);
#3516=ORIENTED_EDGE('',*,*,#2479,.F.);
#3517=ORIENTED_EDGE('',*,*,#2476,.T.);
#3518=ORIENTED_EDGE('',*,*,#2480,.T.);
#3519=ORIENTED_EDGE('',*,*,#2475,.T.);
#3520=ORIENTED_EDGE('',*,*,#2105,.T.);
#3521=ORIENTED_EDGE('',*,*,#2480,.F.);
#3522=ORIENTED_EDGE('',*,*,#2481,.T.);
#3523=ORIENTED_EDGE('',*,*,#2481,.F.);
#3524=ORIENTED_EDGE('',*,*,#2478,.F.);
#3525=ORIENTED_EDGE('',*,*,#2377,.F.);
#3526=ORIENTED_EDGE('',*,*,#2482,.F.);
#3527=ORIENTED_EDGE('',*,*,#2483,.F.);
#3528=ORIENTED_EDGE('',*,*,#2484,.F.);
#3529=ORIENTED_EDGE('',*,*,#2485,.F.);
#3530=ORIENTED_EDGE('',*,*,#2486,.T.);
#3531=ORIENTED_EDGE('',*,*,#2372,.F.);
#3532=ORIENTED_EDGE('',*,*,#2487,.T.);
#3533=ORIENTED_EDGE('',*,*,#2488,.T.);
#3534=ORIENTED_EDGE('',*,*,#2473,.F.);
#3535=ORIENTED_EDGE('',*,*,#2487,.F.);
#3536=ORIENTED_EDGE('',*,*,#2371,.F.);
#3537=ORIENTED_EDGE('',*,*,#2489,.T.);
#3538=ORIENTED_EDGE('',*,*,#2490,.T.);
#3539=ORIENTED_EDGE('',*,*,#2491,.T.);
#3540=ORIENTED_EDGE('',*,*,#2492,.T.);
#3541=ORIENTED_EDGE('',*,*,#2493,.F.);
#3542=ORIENTED_EDGE('',*,*,#2484,.T.);
#3543=ORIENTED_EDGE('',*,*,#2494,.F.);
#3544=ORIENTED_EDGE('',*,*,#2495,.F.);
#3545=ORIENTED_EDGE('',*,*,#2496,.F.);
#3546=ORIENTED_EDGE('',*,*,#2497,.F.);
#3547=ORIENTED_EDGE('',*,*,#2498,.F.);
#3548=ORIENTED_EDGE('',*,*,#2121,.T.);
#3549=ORIENTED_EDGE('',*,*,#2499,.F.);
#3550=ORIENTED_EDGE('',*,*,#2500,.F.);
#3551=ORIENTED_EDGE('',*,*,#2117,.F.);
#3552=ORIENTED_EDGE('',*,*,#2501,.T.);
#3553=ORIENTED_EDGE('',*,*,#2496,.T.);
#3554=ORIENTED_EDGE('',*,*,#2501,.F.);
#3555=ORIENTED_EDGE('',*,*,#2118,.F.);
#3556=ORIENTED_EDGE('',*,*,#2502,.T.);
#3557=ORIENTED_EDGE('',*,*,#2498,.T.);
#3558=ORIENTED_EDGE('',*,*,#2502,.F.);
#3559=ORIENTED_EDGE('',*,*,#2119,.F.);
#3560=ORIENTED_EDGE('',*,*,#2503,.T.);
#3561=ORIENTED_EDGE('',*,*,#2494,.T.);
#3562=ORIENTED_EDGE('',*,*,#2503,.F.);
#3563=ORIENTED_EDGE('',*,*,#2120,.F.);
#3564=ORIENTED_EDGE('',*,*,#2504,.T.);
#3565=ORIENTED_EDGE('',*,*,#2499,.T.);
#3566=ORIENTED_EDGE('',*,*,#2504,.F.);
#3567=ORIENTED_EDGE('',*,*,#2505,.T.);
#3568=ORIENTED_EDGE('',*,*,#2506,.F.);
#3569=ORIENTED_EDGE('',*,*,#2507,.T.);
#3570=ORIENTED_EDGE('',*,*,#2114,.F.);
#3571=ORIENTED_EDGE('',*,*,#2506,.T.);
#3572=ORIENTED_EDGE('',*,*,#2508,.T.);
#3573=ORIENTED_EDGE('',*,*,#2432,.T.);
#3574=ORIENTED_EDGE('',*,*,#2509,.T.);
#3575=ORIENTED_EDGE('',*,*,#2416,.F.);
#3576=ORIENTED_EDGE('',*,*,#2510,.T.);
#3577=ORIENTED_EDGE('',*,*,#2495,.T.);
#3578=ORIENTED_EDGE('',*,*,#2510,.F.);
#3579=ORIENTED_EDGE('',*,*,#2417,.F.);
#3580=ORIENTED_EDGE('',*,*,#2511,.T.);
#3581=ORIENTED_EDGE('',*,*,#2497,.T.);
#3582=ORIENTED_EDGE('',*,*,#2511,.F.);
#3583=ORIENTED_EDGE('',*,*,#2428,.F.);
#3584=ORIENTED_EDGE('',*,*,#2512,.T.);
#3585=ORIENTED_EDGE('',*,*,#2500,.T.);
#3586=ORIENTED_EDGE('',*,*,#2512,.F.);
#3587=ORIENTED_EDGE('',*,*,#2444,.T.);
#3588=ORIENTED_EDGE('',*,*,#2418,.F.);
#3589=ORIENTED_EDGE('',*,*,#2273,.T.);
#3590=ORIENTED_EDGE('',*,*,#2166,.F.);
#3591=ORIENTED_EDGE('',*,*,#2513,.T.);
#3592=ORIENTED_EDGE('',*,*,#2107,.T.);
#3593=ORIENTED_EDGE('',*,*,#2474,.F.);
#3594=ORIENTED_EDGE('',*,*,#2514,.T.);
#3595=ORIENTED_EDGE('',*,*,#2355,.T.);
#3596=ORIENTED_EDGE('',*,*,#2443,.T.);
#3597=ORIENTED_EDGE('',*,*,#2426,.T.);
#3598=ORIENTED_EDGE('',*,*,#2254,.T.);
#3599=ORIENTED_EDGE('',*,*,#2509,.F.);
#3600=ORIENTED_EDGE('',*,*,#2431,.F.);
#3601=ORIENTED_EDGE('',*,*,#2423,.F.);
#3602=ORIENTED_EDGE('',*,*,#2450,.F.);
#3603=ORIENTED_EDGE('',*,*,#2115,.F.);
#3604=ORIENTED_EDGE('',*,*,#2507,.F.);
#3605=ORIENTED_EDGE('',*,*,#2449,.F.);
#3606=ORIENTED_EDGE('',*,*,#2412,.F.);
#3607=ORIENTED_EDGE('',*,*,#2433,.F.);
#3608=ORIENTED_EDGE('',*,*,#2508,.F.);
#3609=ORIENTED_EDGE('',*,*,#2505,.F.);
#3610=ORIENTED_EDGE('',*,*,#2113,.F.);
#3611=ORIENTED_EDGE('',*,*,#2456,.F.);
#3612=ORIENTED_EDGE('',*,*,#2453,.T.);
#3613=ORIENTED_EDGE('',*,*,#2455,.F.);
#3614=ORIENTED_EDGE('',*,*,#2447,.F.);
#3615=ORIENTED_EDGE('',*,*,#2109,.T.);
#3616=ORIENTED_EDGE('',*,*,#2515,.T.);
#3617=ORIENTED_EDGE('',*,*,#2516,.T.);
#3618=ORIENTED_EDGE('',*,*,#2517,.T.);
#3619=ORIENTED_EDGE('',*,*,#2518,.T.);
#3620=ORIENTED_EDGE('',*,*,#2519,.T.);
#3621=ORIENTED_EDGE('',*,*,#2110,.T.);
#3622=ORIENTED_EDGE('',*,*,#2517,.F.);
#3623=ORIENTED_EDGE('',*,*,#2111,.T.);
#3624=ORIENTED_EDGE('',*,*,#2519,.F.);
#3625=ORIENTED_EDGE('',*,*,#2520,.T.);
#3626=ORIENTED_EDGE('',*,*,#2479,.T.);
#3627=ORIENTED_EDGE('',*,*,#2521,.T.);
#3628=ORIENTED_EDGE('',*,*,#2485,.T.);
#3629=ORIENTED_EDGE('',*,*,#2493,.T.);
#3630=ORIENTED_EDGE('',*,*,#2522,.T.);
#3631=ORIENTED_EDGE('',*,*,#2515,.F.);
#3632=ORIENTED_EDGE('',*,*,#2108,.T.);
#3633=ORIENTED_EDGE('',*,*,#2513,.F.);
#3634=ORIENTED_EDGE('',*,*,#2516,.F.);
#3635=ORIENTED_EDGE('',*,*,#2523,.F.);
#3636=ORIENTED_EDGE('',*,*,#2381,.F.);
#3637=ORIENTED_EDGE('',*,*,#2524,.T.);
#3638=ORIENTED_EDGE('',*,*,#2525,.T.);
#3639=ORIENTED_EDGE('',*,*,#2518,.F.);
#3640=ORIENTED_EDGE('',*,*,#2524,.F.);
#3641=ORIENTED_EDGE('',*,*,#2380,.F.);
#3642=ORIENTED_EDGE('',*,*,#2520,.F.);
#3643=ORIENTED_EDGE('',*,*,#2525,.F.);
#3644=ORIENTED_EDGE('',*,*,#2379,.F.);
#3645=ORIENTED_EDGE('',*,*,#2477,.T.);
#3646=ORIENTED_EDGE('',*,*,#2483,.T.);
#3647=ORIENTED_EDGE('',*,*,#2482,.T.);
#3648=ORIENTED_EDGE('',*,*,#2376,.F.);
#3649=ORIENTED_EDGE('',*,*,#2526,.F.);
#3650=ORIENTED_EDGE('',*,*,#2489,.F.);
#3651=ORIENTED_EDGE('',*,*,#2527,.F.);
#3652=ORIENTED_EDGE('',*,*,#2490,.F.);
#3653=ORIENTED_EDGE('',*,*,#2526,.T.);
#3654=ORIENTED_EDGE('',*,*,#2375,.F.);
#3655=ORIENTED_EDGE('',*,*,#2491,.F.);
#3656=ORIENTED_EDGE('',*,*,#2527,.T.);
#3657=ORIENTED_EDGE('',*,*,#2374,.F.);
#3658=ORIENTED_EDGE('',*,*,#2528,.T.);
#3659=ORIENTED_EDGE('',*,*,#2521,.F.);
#3660=ORIENTED_EDGE('',*,*,#2492,.F.);
#3661=ORIENTED_EDGE('',*,*,#2528,.F.);
#3662=ORIENTED_EDGE('',*,*,#2373,.F.);
#3663=ORIENTED_EDGE('',*,*,#2486,.F.);
#3664=ORIENTED_EDGE('',*,*,#2514,.F.);
#3665=ORIENTED_EDGE('',*,*,#2488,.F.);
#3666=ORIENTED_EDGE('',*,*,#2370,.F.);
#3667=ORIENTED_EDGE('',*,*,#2529,.T.);
#3668=ORIENTED_EDGE('',*,*,#2523,.T.);
#3669=ORIENTED_EDGE('',*,*,#2522,.F.);
#3670=ORIENTED_EDGE('',*,*,#2529,.F.);
#3671=ORIENTED_EDGE('',*,*,#2369,.F.);
#3672=ORIENTED_EDGE('',*,*,#2321,.T.);
#3673=ORIENTED_EDGE('',*,*,#2464,.T.);
#3674=ORIENTED_EDGE('',*,*,#2391,.F.);
#3675=ORIENTED_EDGE('',*,*,#2465,.T.);
#3676=ORIENTED_EDGE('',*,*,#2323,.T.);
#3677=ORIENTED_EDGE('',*,*,#2466,.T.);
#3678=ORIENTED_EDGE('',*,*,#2389,.F.);
#3679=ORIENTED_EDGE('',*,*,#2469,.T.);
#3680=PLANE('',#4043);
#3681=PLANE('',#4044);
#3682=PLANE('',#4045);
#3683=PLANE('',#4046);
#3684=PLANE('',#4047);
#3685=PLANE('',#4048);
#3686=PLANE('',#4049);
#3687=PLANE('',#4050);
#3688=PLANE('',#4051);
#3689=PLANE('',#4052);
#3690=PLANE('',#4053);
#3691=PLANE('',#4054);
#3692=PLANE('',#4055);
#3693=PLANE('',#4056);
#3694=PLANE('',#4057);
#3695=PLANE('',#4058);
#3696=PLANE('',#4059);
#3697=PLANE('',#4060);
#3698=PLANE('',#4061);
#3699=PLANE('',#4062);
#3700=PLANE('',#4063);
#3701=PLANE('',#4064);
#3702=PLANE('',#4065);
#3703=PLANE('',#4066);
#3704=PLANE('',#4067);
#3705=PLANE('',#4068);
#3706=PLANE('',#4069);
#3707=PLANE('',#4070);
#3708=PLANE('',#4071);
#3709=PLANE('',#4072);
#3710=PLANE('',#4073);
#3711=PLANE('',#4074);
#3712=PLANE('',#4075);
#3713=PLANE('',#4076);
#3714=PLANE('',#4077);
#3715=PLANE('',#4078);
#3716=PLANE('',#4079);
#3717=PLANE('',#4080);
#3718=PLANE('',#4081);
#3719=PLANE('',#4082);
#3720=PLANE('',#4083);
#3721=PLANE('',#4084);
#3722=PLANE('',#4085);
#3723=PLANE('',#4086);
#3724=PLANE('',#4087);
#3725=PLANE('',#4088);
#3726=PLANE('',#4089);
#3727=PLANE('',#4090);
#3728=PLANE('',#4091);
#3729=PLANE('',#4100);
#3730=PLANE('',#4101);
#3731=PLANE('',#4102);
#3732=PLANE('',#4109);
#3733=PLANE('',#4113);
#3734=PLANE('',#4115);
#3735=PLANE('',#4121);
#3736=PLANE('',#4123);
#3737=PLANE('',#4129);
#3738=PLANE('',#4131);
#3739=PLANE('',#4137);
#3740=PLANE('',#4139);
#3741=PLANE('',#4145);
#3742=PLANE('',#4147);
#3743=PLANE('',#4153);
#3744=PLANE('',#4155);
#3745=PLANE('',#4161);
#3746=PLANE('',#4162);
#3747=PLANE('',#4167);
#3748=PLANE('',#4170);
#3749=PLANE('',#4174);
#3750=PLANE('',#4178);
#3751=PLANE('',#4182);
#3752=PLANE('',#4186);
#3753=PLANE('',#4190);
#3754=PLANE('',#4194);
#3755=PLANE('',#4198);
#3756=PLANE('',#4202);
#3757=PLANE('',#4206);
#3758=PLANE('',#4210);
#3759=PLANE('',#4214);
#3760=PLANE('',#4218);
#3761=PLANE('',#4222);
#3762=PLANE('',#4238);
#3763=PLANE('',#4243);
#3764=PLANE('',#4246);
#3765=PLANE('',#4259);
#3766=PLANE('',#4260);
#3767=PLANE('',#4261);
#3768=PLANE('',#4262);
#3769=PLANE('',#4263);
#3770=PLANE('',#4264);
#3771=PLANE('',#4265);
#3772=PLANE('',#4266);
#3773=PLANE('',#4271);
#3774=PLANE('',#4272);
#3775=PLANE('',#4276);
#3776=PLANE('',#4277);
#3777=PLANE('',#4278);
#3778=PLANE('',#4279);
#3779=PLANE('',#4280);
#3780=PLANE('',#4281);
#3781=PLANE('',#4283);
#3782=PLANE('',#4284);
#3783=PLANE('',#4285);
#3784=PLANE('',#4286);
#3785=PLANE('',#4287);
#3786=PLANE('',#4288);
#3787=PLANE('',#4289);
#3788=PLANE('',#4290);
#3789=PLANE('',#4294);
#3790=PLANE('',#4296);
#3791=PLANE('',#4297);
#3792=PLANE('',#4299);
#3793=PLANE('',#4301);
#3794=PLANE('',#4302);
#3795=PLANE('',#4306);
#3796=PLANE('',#4308);
#3797=PLANE('',#4310);
#3798=PLANE('',#4321);
#3799=PLANE('',#4325);
#3800=PLANE('',#4326);
#3801=PLANE('',#4329);
#3802=PLANE('',#4332);
#3803=PLANE('',#4334);
#3804=PLANE('',#4341);
#3805=PLANE('',#4342);
#3806=PLANE('',#4346);
#3807=PLANE('',#4350);
#3808=PLANE('',#4351);
#3809=PLANE('',#4352);
#3810=PLANE('',#4364);
#3811=PLANE('',#4366);
#3812=PLANE('',#4367);
#3813=PLANE('',#4368);
#3814=PLANE('',#4369);
#3815=PLANE('',#4370);
#3816=PLANE('',#4371);
#3817=ADVANCED_FACE('',(#267),#3680,.F.);
#3818=ADVANCED_FACE('',(#268),#3681,.F.);
#3819=ADVANCED_FACE('',(#269),#3682,.F.);
#3820=ADVANCED_FACE('',(#270),#3683,.F.);
#3821=ADVANCED_FACE('',(#271),#3684,.F.);
#3822=ADVANCED_FACE('',(#272),#3685,.F.);
#3823=ADVANCED_FACE('',(#273,#242),#3686,.F.);
#3824=ADVANCED_FACE('',(#274),#3687,.F.);
#3825=ADVANCED_FACE('',(#275),#3688,.F.);
#3826=ADVANCED_FACE('',(#276),#3689,.F.);
#3827=ADVANCED_FACE('',(#277),#3690,.F.);
#3828=ADVANCED_FACE('',(#278),#3691,.F.);
#3829=ADVANCED_FACE('',(#279),#3692,.F.);
#3830=ADVANCED_FACE('',(#280,#243),#3693,.F.);
#3831=ADVANCED_FACE('',(#281),#3694,.F.);
#3832=ADVANCED_FACE('',(#282),#3695,.F.);
#3833=ADVANCED_FACE('',(#283),#3696,.F.);
#3834=ADVANCED_FACE('',(#284),#3697,.F.);
#3835=ADVANCED_FACE('',(#285),#3698,.F.);
#3836=ADVANCED_FACE('',(#286),#3699,.F.);
#3837=ADVANCED_FACE('',(#287,#244),#3700,.F.);
#3838=ADVANCED_FACE('',(#288),#234,.F.);
#3839=ADVANCED_FACE('',(#289),#235,.F.);
#3840=ADVANCED_FACE('',(#290),#236,.F.);
#3841=ADVANCED_FACE('',(#291),#237,.F.);
#3842=ADVANCED_FACE('',(#292),#3701,.F.);
#3843=ADVANCED_FACE('',(#293),#3702,.F.);
#3844=ADVANCED_FACE('',(#294),#3703,.F.);
#3845=ADVANCED_FACE('',(#295),#238,.F.);
#3846=ADVANCED_FACE('',(#296),#239,.F.);
#3847=ADVANCED_FACE('',(#297),#240,.F.);
#3848=ADVANCED_FACE('',(#298),#241,.F.);
#3849=ADVANCED_FACE('',(#299),#3704,.F.);
#3850=ADVANCED_FACE('',(#300),#3705,.F.);
#3851=ADVANCED_FACE('',(#301),#3706,.F.);
#3852=ADVANCED_FACE('',(#302),#3707,.F.);
#3853=ADVANCED_FACE('',(#303),#3708,.F.);
#3854=ADVANCED_FACE('',(#304),#3709,.F.);
#3855=ADVANCED_FACE('',(#305),#3710,.T.);
#3856=ADVANCED_FACE('',(#306),#3711,.F.);
#3857=ADVANCED_FACE('',(#307),#3712,.F.);
#3858=ADVANCED_FACE('',(#308),#3713,.F.);
#3859=ADVANCED_FACE('',(#309),#3714,.F.);
#3860=ADVANCED_FACE('',(#310),#3715,.F.);
#3861=ADVANCED_FACE('',(#311),#3716,.F.);
#3862=ADVANCED_FACE('',(#312),#3717,.F.);
#3863=ADVANCED_FACE('',(#313),#3718,.F.);
#3864=ADVANCED_FACE('',(#314),#3719,.F.);
#3865=ADVANCED_FACE('',(#315),#3720,.F.);
#3866=ADVANCED_FACE('',(#316),#3721,.F.);
#3867=ADVANCED_FACE('',(#317),#3722,.F.);
#3868=ADVANCED_FACE('',(#318),#3723,.F.);
#3869=ADVANCED_FACE('',(#319),#3724,.F.);
#3870=ADVANCED_FACE('',(#320),#3725,.F.);
#3871=ADVANCED_FACE('',(#321),#3726,.F.);
#3872=ADVANCED_FACE('',(#322,#245),#3727,.F.);
#3873=ADVANCED_FACE('',(#323,#246,#247,#248,#249,#250,#251,#252,#253,#254,
#255,#256),#3728,.T.);
#3874=ADVANCED_FACE('',(#324),#3729,.T.);
#3875=ADVANCED_FACE('',(#325),#3730,.T.);
#3876=ADVANCED_FACE('',(#326),#3731,.T.);
#3877=ADVANCED_FACE('',(#327),#27,.F.);
#3878=ADVANCED_FACE('',(#328),#28,.T.);
#3879=ADVANCED_FACE('',(#329),#3732,.F.);
#3880=ADVANCED_FACE('',(#330),#29,.T.);
#3881=ADVANCED_FACE('',(#331),#3733,.T.);
#3882=ADVANCED_FACE('',(#332),#3734,.F.);
#3883=ADVANCED_FACE('',(#333),#30,.T.);
#3884=ADVANCED_FACE('',(#334),#31,.T.);
#3885=ADVANCED_FACE('',(#335),#3735,.T.);
#3886=ADVANCED_FACE('',(#336),#3736,.F.);
#3887=ADVANCED_FACE('',(#337),#32,.T.);
#3888=ADVANCED_FACE('',(#338),#33,.T.);
#3889=ADVANCED_FACE('',(#339),#3737,.T.);
#3890=ADVANCED_FACE('',(#340),#3738,.F.);
#3891=ADVANCED_FACE('',(#341),#34,.T.);
#3892=ADVANCED_FACE('',(#342),#35,.T.);
#3893=ADVANCED_FACE('',(#343),#3739,.T.);
#3894=ADVANCED_FACE('',(#344),#3740,.F.);
#3895=ADVANCED_FACE('',(#345),#36,.T.);
#3896=ADVANCED_FACE('',(#346),#37,.T.);
#3897=ADVANCED_FACE('',(#347),#3741,.T.);
#3898=ADVANCED_FACE('',(#348),#3742,.F.);
#3899=ADVANCED_FACE('',(#349),#38,.T.);
#3900=ADVANCED_FACE('',(#350),#39,.T.);
#3901=ADVANCED_FACE('',(#351),#3743,.T.);
#3902=ADVANCED_FACE('',(#352),#3744,.F.);
#3903=ADVANCED_FACE('',(#353),#40,.T.);
#3904=ADVANCED_FACE('',(#354),#41,.T.);
#3905=ADVANCED_FACE('',(#355),#3745,.F.);
#3906=ADVANCED_FACE('',(#356),#3746,.T.);
#3907=ADVANCED_FACE('',(#357),#42,.T.);
#3908=ADVANCED_FACE('',(#358),#3747,.F.);
#3909=ADVANCED_FACE('',(#359),#43,.T.);
#3910=ADVANCED_FACE('',(#360),#3748,.F.);
#3911=ADVANCED_FACE('',(#361),#44,.F.);
#3912=ADVANCED_FACE('',(#362),#3749,.T.);
#3913=ADVANCED_FACE('',(#363),#45,.F.);
#3914=ADVANCED_FACE('',(#364),#3750,.F.);
#3915=ADVANCED_FACE('',(#365),#46,.F.);
#3916=ADVANCED_FACE('',(#366),#3751,.F.);
#3917=ADVANCED_FACE('',(#367),#47,.F.);
#3918=ADVANCED_FACE('',(#368),#3752,.F.);
#3919=ADVANCED_FACE('',(#369),#48,.F.);
#3920=ADVANCED_FACE('',(#370),#3753,.F.);
#3921=ADVANCED_FACE('',(#371),#49,.F.);
#3922=ADVANCED_FACE('',(#372),#3754,.F.);
#3923=ADVANCED_FACE('',(#373),#50,.F.);
#3924=ADVANCED_FACE('',(#374),#3755,.F.);
#3925=ADVANCED_FACE('',(#375),#51,.F.);
#3926=ADVANCED_FACE('',(#376),#3756,.F.);
#3927=ADVANCED_FACE('',(#377),#52,.F.);
#3928=ADVANCED_FACE('',(#378),#3757,.T.);
#3929=ADVANCED_FACE('',(#379),#53,.F.);
#3930=ADVANCED_FACE('',(#380),#3758,.F.);
#3931=ADVANCED_FACE('',(#381),#54,.F.);
#3932=ADVANCED_FACE('',(#382),#3759,.F.);
#3933=ADVANCED_FACE('',(#383),#55,.F.);
#3934=ADVANCED_FACE('',(#384),#3760,.F.);
#3935=ADVANCED_FACE('',(#385),#56,.F.);
#3936=ADVANCED_FACE('',(#386,#257),#3761,.F.);
#3937=ADVANCED_FACE('',(#387),#3762,.F.);
#3938=ADVANCED_FACE('',(#388),#57,.F.);
#3939=ADVANCED_FACE('',(#389),#58,.F.);
#3940=ADVANCED_FACE('',(#390),#3763,.F.);
#3941=ADVANCED_FACE('',(#391),#59,.F.);
#3942=ADVANCED_FACE('',(#392,#258),#3764,.F.);
#3943=ADVANCED_FACE('',(#393),#3765,.T.);
#3944=ADVANCED_FACE('',(#394),#3766,.F.);
#3945=ADVANCED_FACE('',(#395),#3767,.T.);
#3946=ADVANCED_FACE('',(#396),#3768,.F.);
#3947=ADVANCED_FACE('',(#397),#3769,.T.);
#3948=ADVANCED_FACE('',(#398),#3770,.T.);
#3949=ADVANCED_FACE('',(#399),#3771,.F.);
#3950=ADVANCED_FACE('',(#400,#259,#260),#3772,.T.);
#3951=ADVANCED_FACE('',(#401),#3773,.F.);
#3952=ADVANCED_FACE('',(#402,#261,#262),#3774,.T.);
#3953=ADVANCED_FACE('',(#403),#3775,.F.);
#3954=ADVANCED_FACE('',(#404),#3776,.T.);
#3955=ADVANCED_FACE('',(#405),#3777,.F.);
#3956=ADVANCED_FACE('',(#406),#3778,.F.);
#3957=ADVANCED_FACE('',(#407),#3779,.T.);
#3958=ADVANCED_FACE('',(#408),#3780,.F.);
#3959=ADVANCED_FACE('',(#409),#3781,.F.);
#3960=ADVANCED_FACE('',(#410),#3782,.F.);
#3961=ADVANCED_FACE('',(#411),#3783,.F.);
#3962=ADVANCED_FACE('',(#412),#3784,.F.);
#3963=ADVANCED_FACE('',(#413),#3785,.T.);
#3964=ADVANCED_FACE('',(#414),#3786,.F.);
#3965=ADVANCED_FACE('',(#415),#3787,.T.);
#3966=ADVANCED_FACE('',(#416),#3788,.T.);
#3967=ADVANCED_FACE('',(#417),#60,.T.);
#3968=ADVANCED_FACE('',(#418),#61,.F.);
#3969=ADVANCED_FACE('',(#419),#3789,.F.);
#3970=ADVANCED_FACE('',(#420),#62,.T.);
#3971=ADVANCED_FACE('',(#421),#3790,.F.);
#3972=ADVANCED_FACE('',(#422),#3791,.F.);
#3973=ADVANCED_FACE('',(#423),#63,.T.);
#3974=ADVANCED_FACE('',(#424),#3792,.F.);
#3975=ADVANCED_FACE('',(#425),#64,.T.);
#3976=ADVANCED_FACE('',(#426),#3793,.F.);
#3977=ADVANCED_FACE('',(#427),#3794,.T.);
#3978=ADVANCED_FACE('',(#428),#65,.T.);
#3979=ADVANCED_FACE('',(#429),#66,.T.);
#3980=ADVANCED_FACE('',(#430),#67,.T.);
#3981=ADVANCED_FACE('',(#431),#3795,.F.);
#3982=ADVANCED_FACE('',(#432),#68,.F.);
#3983=ADVANCED_FACE('',(#433),#3796,.F.);
#3984=ADVANCED_FACE('',(#434),#69,.T.);
#3985=ADVANCED_FACE('',(#435),#3797,.F.);
#3986=ADVANCED_FACE('',(#436),#23,.T.);
#3987=ADVANCED_FACE('',(#437),#70,.T.);
#3988=ADVANCED_FACE('',(#438),#24,.T.);
#3989=ADVANCED_FACE('',(#439),#71,.T.);
#3990=ADVANCED_FACE('',(#440),#3798,.F.);
#3991=ADVANCED_FACE('',(#441),#72,.T.);
#3992=ADVANCED_FACE('',(#442),#3799,.F.);
#3993=ADVANCED_FACE('',(#443,#263),#3800,.T.);
#3994=ADVANCED_FACE('',(#444,#264),#3801,.T.);
#3995=ADVANCED_FACE('',(#445,#265),#3802,.T.);
#3996=ADVANCED_FACE('',(#446,#266),#3803,.T.);
#3997=ADVANCED_FACE('',(#447),#73,.F.);
#3998=ADVANCED_FACE('',(#448),#74,.F.);
#3999=ADVANCED_FACE('',(#449),#75,.F.);
#4000=ADVANCED_FACE('',(#450),#76,.F.);
#4001=ADVANCED_FACE('',(#451),#3804,.F.);
#4002=ADVANCED_FACE('',(#452),#3805,.T.);
#4003=ADVANCED_FACE('',(#453),#77,.F.);
#4004=ADVANCED_FACE('',(#454),#78,.F.);
#4005=ADVANCED_FACE('',(#455),#79,.F.);
#4006=ADVANCED_FACE('',(#456),#3806,.T.);
#4007=ADVANCED_FACE('',(#457),#80,.T.);
#4008=ADVANCED_FACE('',(#458),#81,.T.);
#4009=ADVANCED_FACE('',(#459),#3807,.F.);
#4010=ADVANCED_FACE('',(#460),#3808,.F.);
#4011=ADVANCED_FACE('',(#461),#3809,.T.);
#4012=ADVANCED_FACE('',(#462),#82,.T.);
#4013=ADVANCED_FACE('',(#463),#25,.T.);
#4014=ADVANCED_FACE('',(#464),#83,.T.);
#4015=ADVANCED_FACE('',(#465),#84,.F.);
#4016=ADVANCED_FACE('',(#466),#26,.T.);
#4017=ADVANCED_FACE('',(#467),#3810,.F.);
#4018=ADVANCED_FACE('',(#468),#85,.T.);
#4019=ADVANCED_FACE('',(#469),#3811,.T.);
#4020=ADVANCED_FACE('',(#470),#3812,.T.);
#4021=ADVANCED_FACE('',(#471),#3813,.T.);
#4022=ADVANCED_FACE('',(#472),#3814,.T.);
#4023=ADVANCED_FACE('',(#473),#3815,.T.);
#4024=ADVANCED_FACE('',(#474),#3816,.T.);
#4025=ADVANCED_FACE('',(#475),#86,.T.);
#4026=ADVANCED_FACE('',(#476),#87,.F.);
#4027=ADVANCED_FACE('',(#477),#88,.F.);
#4028=CLOSED_SHELL('',(#3817,#3818,#3819,#3820,#3821,#3822,#3823,#3824,
#3825,#3826,#3827,#3828,#3829,#3830,#3831,#3832,#3833,#3834,#3835,#3836,
#3837,#3838,#3839,#3840,#3841,#3842,#3843,#3844,#3845,#3846,#3847,#3848,
#3849,#3850,#3851,#3852,#3853,#3854,#3855,#3856,#3857,#3858,#3859,#3860,
#3861,#3862,#3863,#3864,#3865,#3866,#3867,#3868,#3869,#3870,#3871,#3872,
#3873,#3874,#3875,#3876,#3877,#3878,#3879,#3880,#3881,#3882,#3883,#3884,
#3885,#3886,#3887,#3888,#3889,#3890,#3891,#3892,#3893,#3894,#3895,#3896,
#3897,#3898,#3899,#3900,#3901,#3902,#3903,#3904,#3905,#3906,#3907,#3908,
#3909,#3910,#3911,#3912,#3913,#3914,#3915,#3916,#3917,#3918,#3919,#3920,
#3921,#3922,#3923,#3924,#3925,#3926,#3927,#3928,#3929,#3930,#3931,#3932,
#3933,#3934,#3935,#3936,#3937,#3938,#3939,#3940,#3941,#3942,#3943,#3944,
#3945,#3946,#3947,#3948,#3949,#3950,#3951,#3952,#3953,#3954,#3955,#3956,
#3957,#3958,#3959,#3960,#3961,#3962,#3963,#3964,#3965,#3966,#3967,#3968,
#3969,#3970,#3971,#3972,#3973,#3974,#3975,#3976,#3977,#3978,#3979,#3980,
#3981,#3982,#3983,#3984,#3985,#3986,#3987,#3988,#3989,#3990,#3991,#3992,
#3993,#3994,#3995,#3996,#3997,#3998,#3999,#4000,#4001,#4002,#4003,#4004,
#4005,#4006,#4007,#4008,#4009,#4010,#4011,#4012,#4013,#4014,#4015,#4016,
#4017,#4018,#4019,#4020,#4021,#4022,#4023,#4024,#4025,#4026,#4027));
#4029=DERIVED_UNIT_ELEMENT(#4031,1.);
#4030=DERIVED_UNIT_ELEMENT(#6793,-3.);
#4031=(
MASS_UNIT()
NAMED_UNIT(*)
SI_UNIT(.KILO.,.GRAM.)
);
#4032=DERIVED_UNIT((#4029,#4030));
#4033=MEASURE_REPRESENTATION_ITEM('density measure',
POSITIVE_RATIO_MEASURE(7850.),#4032);
#4034=PROPERTY_DEFINITION_REPRESENTATION(#4039,#4036);
#4035=PROPERTY_DEFINITION_REPRESENTATION(#4040,#4037);
#4036=REPRESENTATION('material name',(#4038),#6790);
#4037=REPRESENTATION('density',(#4033),#6790);
#4038=DESCRIPTIVE_REPRESENTATION_ITEM('Steel','Steel');
#4039=PROPERTY_DEFINITION('material property','material name',#6805);
#4040=PROPERTY_DEFINITION('material property','density of part',#6805);
#4041=AXIS2_PLACEMENT_3D('',#5479,#4377,#4378);
#4042=AXIS2_PLACEMENT_3D('',#5480,#4379,#4380);
#4043=AXIS2_PLACEMENT_3D('',#5481,#4381,#4382);
#4044=AXIS2_PLACEMENT_3D('',#5490,#4387,#4388);
#4045=AXIS2_PLACEMENT_3D('',#5496,#4392,#4393);
#4046=AXIS2_PLACEMENT_3D('',#5499,#4396,#4397);
#4047=AXIS2_PLACEMENT_3D('',#5508,#4402,#4403);
#4048=AXIS2_PLACEMENT_3D('',#5514,#4407,#4408);
#4049=AXIS2_PLACEMENT_3D('',#5517,#4411,#4412);
#4050=AXIS2_PLACEMENT_3D('',#5518,#4413,#4414);
#4051=AXIS2_PLACEMENT_3D('',#5527,#4419,#4420);
#4052=AXIS2_PLACEMENT_3D('',#5533,#4424,#4425);
#4053=AXIS2_PLACEMENT_3D('',#5536,#4428,#4429);
#4054=AXIS2_PLACEMENT_3D('',#5545,#4434,#4435);
#4055=AXIS2_PLACEMENT_3D('',#5551,#4439,#4440);
#4056=AXIS2_PLACEMENT_3D('',#5554,#4443,#4444);
#4057=AXIS2_PLACEMENT_3D('',#5555,#4445,#4446);
#4058=AXIS2_PLACEMENT_3D('',#5564,#4451,#4452);
#4059=AXIS2_PLACEMENT_3D('',#5570,#4456,#4457);
#4060=AXIS2_PLACEMENT_3D('',#5573,#4460,#4461);
#4061=AXIS2_PLACEMENT_3D('',#5582,#4466,#4467);
#4062=AXIS2_PLACEMENT_3D('',#5588,#4471,#4472);
#4063=AXIS2_PLACEMENT_3D('',#5591,#4475,#4476);
#4064=AXIS2_PLACEMENT_3D('',#5687,#4482,#4483);
#4065=AXIS2_PLACEMENT_3D('',#5693,#4487,#4488);
#4066=AXIS2_PLACEMENT_3D('',#5699,#4492,#4493);
#4067=AXIS2_PLACEMENT_3D('',#5797,#4501,#4502);
#4068=AXIS2_PLACEMENT_3D('',#5803,#4506,#4507);
#4069=AXIS2_PLACEMENT_3D('',#5809,#4511,#4512);
#4070=AXIS2_PLACEMENT_3D('',#5815,#4516,#4517);
#4071=AXIS2_PLACEMENT_3D('',#5821,#4521,#4522);
#4072=AXIS2_PLACEMENT_3D('',#5827,#4526,#4527);
#4073=AXIS2_PLACEMENT_3D('',#5830,#4530,#4531);
#4074=AXIS2_PLACEMENT_3D('',#5831,#4532,#4533);
#4075=AXIS2_PLACEMENT_3D('',#5840,#4538,#4539);
#4076=AXIS2_PLACEMENT_3D('',#5846,#4543,#4544);
#4077=AXIS2_PLACEMENT_3D('',#5852,#4548,#4549);
#4078=AXIS2_PLACEMENT_3D('',#5858,#4553,#4554);
#4079=AXIS2_PLACEMENT_3D('',#5864,#4558,#4559);
#4080=AXIS2_PLACEMENT_3D('',#5870,#4563,#4564);
#4081=AXIS2_PLACEMENT_3D('',#5876,#4568,#4569);
#4082=AXIS2_PLACEMENT_3D('',#5882,#4573,#4574);
#4083=AXIS2_PLACEMENT_3D('',#5885,#4577,#4578);
#4084=AXIS2_PLACEMENT_3D('',#5886,#4579,#4580);
#4085=AXIS2_PLACEMENT_3D('',#5895,#4585,#4586);
#4086=AXIS2_PLACEMENT_3D('',#5901,#4590,#4591);
#4087=AXIS2_PLACEMENT_3D('',#5904,#4594,#4595);
#4088=AXIS2_PLACEMENT_3D('',#5913,#4600,#4601);
#4089=AXIS2_PLACEMENT_3D('',#5919,#4605,#4606);
#4090=AXIS2_PLACEMENT_3D('',#5922,#4609,#4610);
#4091=AXIS2_PLACEMENT_3D('',#5923,#4611,#4612);
#4092=AXIS2_PLACEMENT_3D('',#5928,#4614,#4615);
#4093=AXIS2_PLACEMENT_3D('',#5932,#4617,#4618);
#4094=AXIS2_PLACEMENT_3D('',#5936,#4620,#4621);
#4095=AXIS2_PLACEMENT_3D('',#5939,#4623,#4624);
#4096=AXIS2_PLACEMENT_3D('',#5949,#4629,#4630);
#4097=AXIS2_PLACEMENT_3D('',#5951,#4631,#4632);
#4098=AXIS2_PLACEMENT_3D('',#5953,#4633,#4634);
#4099=AXIS2_PLACEMENT_3D('',#5955,#4635,#4636);
#4100=AXIS2_PLACEMENT_3D('',#5956,#4637,#4638);
#4101=AXIS2_PLACEMENT_3D('',#5957,#4639,#4640);
#4102=AXIS2_PLACEMENT_3D('',#5958,#4641,#4642);
#4103=AXIS2_PLACEMENT_3D('',#5959,#4643,#4644);
#4104=AXIS2_PLACEMENT_3D('',#5961,#4645,#4646);
#4105=AXIS2_PLACEMENT_3D('',#5964,#4648,#4649);
#4106=AXIS2_PLACEMENT_3D('',#5965,#4650,#4651);
#4107=AXIS2_PLACEMENT_3D('',#5968,#4652,#4653);
#4108=AXIS2_PLACEMENT_3D('',#5972,#4655,#4656);
#4109=AXIS2_PLACEMENT_3D('',#5974,#4658,#4659);
#4110=AXIS2_PLACEMENT_3D('',#5984,#4665,#4666);
#4111=AXIS2_PLACEMENT_3D('',#5987,#4667,#4668);
#4112=AXIS2_PLACEMENT_3D('',#5991,#4670,#4671);
#4113=AXIS2_PLACEMENT_3D('',#5993,#4673,#4674);
#4114=AXIS2_PLACEMENT_3D('',#5997,#4676,#4677);
#4115=AXIS2_PLACEMENT_3D('',#6003,#4681,#4682);
#4116=AXIS2_PLACEMENT_3D('',#6007,#4685,#4686);
#4117=AXIS2_PLACEMENT_3D('',#6009,#4687,#4688);
#4118=AXIS2_PLACEMENT_3D('',#6011,#4690,#4691);
#4119=AXIS2_PLACEMENT_3D('',#6014,#4692,#4693);
#4120=AXIS2_PLACEMENT_3D('',#6018,#4695,#4696);
#4121=AXIS2_PLACEMENT_3D('',#6020,#4698,#4699);
#4122=AXIS2_PLACEMENT_3D('',#6024,#4701,#4702);
#4123=AXIS2_PLACEMENT_3D('',#6030,#4706,#4707);
#4124=AXIS2_PLACEMENT_3D('',#6034,#4710,#4711);
#4125=AXIS2_PLACEMENT_3D('',#6036,#4712,#4713);
#4126=AXIS2_PLACEMENT_3D('',#6038,#4715,#4716);
#4127=AXIS2_PLACEMENT_3D('',#6041,#4717,#4718);
#4128=AXIS2_PLACEMENT_3D('',#6045,#4720,#4721);
#4129=AXIS2_PLACEMENT_3D('',#6047,#4723,#4724);
#4130=AXIS2_PLACEMENT_3D('',#6051,#4726,#4727);
#4131=AXIS2_PLACEMENT_3D('',#6057,#4731,#4732);
#4132=AXIS2_PLACEMENT_3D('',#6061,#4735,#4736);
#4133=AXIS2_PLACEMENT_3D('',#6063,#4737,#4738);
#4134=AXIS2_PLACEMENT_3D('',#6065,#4740,#4741);
#4135=AXIS2_PLACEMENT_3D('',#6068,#4742,#4743);
#4136=AXIS2_PLACEMENT_3D('',#6072,#4745,#4746);
#4137=AXIS2_PLACEMENT_3D('',#6074,#4748,#4749);
#4138=AXIS2_PLACEMENT_3D('',#6078,#4751,#4752);
#4139=AXIS2_PLACEMENT_3D('',#6084,#4756,#4757);
#4140=AXIS2_PLACEMENT_3D('',#6088,#4760,#4761);
#4141=AXIS2_PLACEMENT_3D('',#6090,#4762,#4763);
#4142=AXIS2_PLACEMENT_3D('',#6092,#4765,#4766);
#4143=AXIS2_PLACEMENT_3D('',#6095,#4767,#4768);
#4144=AXIS2_PLACEMENT_3D('',#6099,#4770,#4771);
#4145=AXIS2_PLACEMENT_3D('',#6101,#4773,#4774);
#4146=AXIS2_PLACEMENT_3D('',#6105,#4776,#4777);
#4147=AXIS2_PLACEMENT_3D('',#6111,#4781,#4782);
#4148=AXIS2_PLACEMENT_3D('',#6115,#4785,#4786);
#4149=AXIS2_PLACEMENT_3D('',#6117,#4787,#4788);
#4150=AXIS2_PLACEMENT_3D('',#6119,#4790,#4791);
#4151=AXIS2_PLACEMENT_3D('',#6122,#4792,#4793);
#4152=AXIS2_PLACEMENT_3D('',#6126,#4795,#4796);
#4153=AXIS2_PLACEMENT_3D('',#6128,#4798,#4799);
#4154=AXIS2_PLACEMENT_3D('',#6132,#4801,#4802);
#4155=AXIS2_PLACEMENT_3D('',#6138,#4806,#4807);
#4156=AXIS2_PLACEMENT_3D('',#6142,#4810,#4811);
#4157=AXIS2_PLACEMENT_3D('',#6144,#4812,#4813);
#4158=AXIS2_PLACEMENT_3D('',#6146,#4815,#4816);
#4159=AXIS2_PLACEMENT_3D('',#6149,#4817,#4818);
#4160=AXIS2_PLACEMENT_3D('',#6153,#4820,#4821);
#4161=AXIS2_PLACEMENT_3D('',#6155,#4823,#4824);
#4162=AXIS2_PLACEMENT_3D('',#6165,#4830,#4831);
#4163=AXIS2_PLACEMENT_3D('',#6169,#4833,#4834);
#4164=AXIS2_PLACEMENT_3D('',#6173,#4837,#4838);
#4165=AXIS2_PLACEMENT_3D('',#6176,#4839,#4840);
#4166=AXIS2_PLACEMENT_3D('',#6180,#4842,#4843);
#4167=AXIS2_PLACEMENT_3D('',#6182,#4845,#4846);
#4168=AXIS2_PLACEMENT_3D('',#6185,#4849,#4850);
#4169=AXIS2_PLACEMENT_3D('',#6189,#4852,#4853);
#4170=AXIS2_PLACEMENT_3D('',#6191,#4855,#4856);
#4171=AXIS2_PLACEMENT_3D('',#6199,#4861,#4862);
#4172=AXIS2_PLACEMENT_3D('',#6201,#4863,#4864);
#4173=AXIS2_PLACEMENT_3D('',#6204,#4866,#4867);
#4174=AXIS2_PLACEMENT_3D('',#6205,#4868,#4869);
#4175=AXIS2_PLACEMENT_3D('',#6211,#4873,#4874);
#4176=AXIS2_PLACEMENT_3D('',#6213,#4875,#4876);
#4177=AXIS2_PLACEMENT_3D('',#6216,#4878,#4879);
#4178=AXIS2_PLACEMENT_3D('',#6217,#4880,#4881);
#4179=AXIS2_PLACEMENT_3D('',#6222,#4885,#4886);
#4180=AXIS2_PLACEMENT_3D('',#6225,#4887,#4888);
#4181=AXIS2_PLACEMENT_3D('',#6229,#4890,#4891);
#4182=AXIS2_PLACEMENT_3D('',#6231,#4893,#4894);
#4183=AXIS2_PLACEMENT_3D('',#6237,#4898,#4899);
#4184=AXIS2_PLACEMENT_3D('',#6240,#4900,#4901);
#4185=AXIS2_PLACEMENT_3D('',#6244,#4903,#4904);
#4186=AXIS2_PLACEMENT_3D('',#6246,#4906,#4907);
#4187=AXIS2_PLACEMENT_3D('',#6251,#4911,#4912);
#4188=AXIS2_PLACEMENT_3D('',#6254,#4913,#4914);
#4189=AXIS2_PLACEMENT_3D('',#6258,#4916,#4917);
#4190=AXIS2_PLACEMENT_3D('',#6260,#4919,#4920);
#4191=AXIS2_PLACEMENT_3D('',#6266,#4924,#4925);
#4192=AXIS2_PLACEMENT_3D('',#6268,#4926,#4927);
#4193=AXIS2_PLACEMENT_3D('',#6271,#4929,#4930);
#4194=AXIS2_PLACEMENT_3D('',#6272,#4931,#4932);
#4195=AXIS2_PLACEMENT_3D('',#6277,#4936,#4937);
#4196=AXIS2_PLACEMENT_3D('',#6280,#4938,#4939);
#4197=AXIS2_PLACEMENT_3D('',#6284,#4941,#4942);
#4198=AXIS2_PLACEMENT_3D('',#6286,#4944,#4945);
#4199=AXIS2_PLACEMENT_3D('',#6292,#4949,#4950);
#4200=AXIS2_PLACEMENT_3D('',#6295,#4951,#4952);
#4201=AXIS2_PLACEMENT_3D('',#6299,#4954,#4955);
#4202=AXIS2_PLACEMENT_3D('',#6301,#4957,#4958);
#4203=AXIS2_PLACEMENT_3D('',#6306,#4962,#4963);
#4204=AXIS2_PLACEMENT_3D('',#6309,#4964,#4965);
#4205=AXIS2_PLACEMENT_3D('',#6313,#4967,#4968);
#4206=AXIS2_PLACEMENT_3D('',#6315,#4970,#4971);
#4207=AXIS2_PLACEMENT_3D('',#6321,#4975,#4976);
#4208=AXIS2_PLACEMENT_3D('',#6323,#4977,#4978);
#4209=AXIS2_PLACEMENT_3D('',#6326,#4980,#4981);
#4210=AXIS2_PLACEMENT_3D('',#6327,#4982,#4983);
#4211=AXIS2_PLACEMENT_3D('',#6332,#4987,#4988);
#4212=AXIS2_PLACEMENT_3D('',#6335,#4989,#4990);
#4213=AXIS2_PLACEMENT_3D('',#6339,#4992,#4993);
#4214=AXIS2_PLACEMENT_3D('',#6341,#4995,#4996);
#4215=AXIS2_PLACEMENT_3D('',#6346,#5000,#5001);
#4216=AXIS2_PLACEMENT_3D('',#6349,#5002,#5003);
#4217=AXIS2_PLACEMENT_3D('',#6353,#5005,#5006);
#4218=AXIS2_PLACEMENT_3D('',#6355,#5008,#5009);
#4219=AXIS2_PLACEMENT_3D('',#6361,#5013,#5014);
#4220=AXIS2_PLACEMENT_3D('',#6363,#5015,#5016);
#4221=AXIS2_PLACEMENT_3D('',#6365,#5017,#5018);
#4222=AXIS2_PLACEMENT_3D('',#6367,#5020,#5021);
#4223=AXIS2_PLACEMENT_3D('',#6372,#5023,#5024);
#4224=AXIS2_PLACEMENT_3D('',#6376,#5026,#5027);
#4225=AXIS2_PLACEMENT_3D('',#6380,#5029,#5030);
#4226=AXIS2_PLACEMENT_3D('',#6384,#5032,#5033);
#4227=AXIS2_PLACEMENT_3D('',#6388,#5035,#5036);
#4228=AXIS2_PLACEMENT_3D('',#6392,#5038,#5039);
#4229=AXIS2_PLACEMENT_3D('',#6396,#5041,#5042);
#4230=AXIS2_PLACEMENT_3D('',#6399,#5044,#5045);
#4231=AXIS2_PLACEMENT_3D('',#6403,#5047,#5048);
#4232=AXIS2_PLACEMENT_3D('',#6407,#5050,#5051);
#4233=AXIS2_PLACEMENT_3D('',#6410,#5053,#5054);
#4234=AXIS2_PLACEMENT_3D('',#6415,#5057,#5058);
#4235=AXIS2_PLACEMENT_3D('',#6419,#5061,#5062);
#4236=AXIS2_PLACEMENT_3D('',#6424,#5066,#5067);
#4237=AXIS2_PLACEMENT_3D('',#6429,#5071,#5072);
#4238=AXIS2_PLACEMENT_3D('',#6431,#5074,#5075);
#4239=AXIS2_PLACEMENT_3D('',#6435,#5078,#5079);
#4240=AXIS2_PLACEMENT_3D('',#6437,#5080,#5081);
#4241=AXIS2_PLACEMENT_3D('',#6439,#5083,#5084);
#4242=AXIS2_PLACEMENT_3D('',#6443,#5086,#5087);
#4243=AXIS2_PLACEMENT_3D('',#6445,#5089,#5090);
#4244=AXIS2_PLACEMENT_3D('',#6451,#5094,#5095);
#4245=AXIS2_PLACEMENT_3D('',#6454,#5097,#5098);
#4246=AXIS2_PLACEMENT_3D('',#6455,#5099,#5100);
#4247=AXIS2_PLACEMENT_3D('',#6458,#5101,#5102);
#4248=AXIS2_PLACEMENT_3D('',#6462,#5104,#5105);
#4249=AXIS2_PLACEMENT_3D('',#6476,#5112,#5113);
#4250=AXIS2_PLACEMENT_3D('',#6480,#5115,#5116);
#4251=AXIS2_PLACEMENT_3D('',#6486,#5119,#5120);
#4252=AXIS2_PLACEMENT_3D('',#6490,#5122,#5123);
#4253=AXIS2_PLACEMENT_3D('',#6494,#5125,#5126);
#4254=AXIS2_PLACEMENT_3D('',#6498,#5128,#5129);
#4255=AXIS2_PLACEMENT_3D('',#6502,#5131,#5132);
#4256=AXIS2_PLACEMENT_3D('',#6506,#5134,#5135);
#4257=AXIS2_PLACEMENT_3D('',#6510,#5137,#5138);
#4258=AXIS2_PLACEMENT_3D('',#6513,#5140,#5141);
#4259=AXIS2_PLACEMENT_3D('',#6514,#5142,#5143);
#4260=AXIS2_PLACEMENT_3D('',#6516,#5145,#5146);
#4261=AXIS2_PLACEMENT_3D('',#6520,#5149,#5150);
#4262=AXIS2_PLACEMENT_3D('',#6524,#5153,#5154);
#4263=AXIS2_PLACEMENT_3D('',#6526,#5156,#5157);
#4264=AXIS2_PLACEMENT_3D('',#6530,#5160,#5161);
#4265=AXIS2_PLACEMENT_3D('',#6532,#5163,#5164);
#4266=AXIS2_PLACEMENT_3D('',#6534,#5166,#5167);
#4267=AXIS2_PLACEMENT_3D('',#6538,#5169,#5170);
#4268=AXIS2_PLACEMENT_3D('',#6546,#5175,#5176);
#4269=AXIS2_PLACEMENT_3D('',#6549,#5178,#5179);
#4270=AXIS2_PLACEMENT_3D('',#6551,#5180,#5181);
#4271=AXIS2_PLACEMENT_3D('',#6552,#5182,#5183);
#4272=AXIS2_PLACEMENT_3D('',#6553,#5184,#5185);
#4273=AXIS2_PLACEMENT_3D('',#6558,#5188,#5189);
#4274=AXIS2_PLACEMENT_3D('',#6568,#5195,#5196);
#4275=AXIS2_PLACEMENT_3D('',#6571,#5198,#5199);
#4276=AXIS2_PLACEMENT_3D('',#6572,#5200,#5201);
#4277=AXIS2_PLACEMENT_3D('',#6574,#5203,#5204);
#4278=AXIS2_PLACEMENT_3D('',#6582,#5210,#5211);
#4279=AXIS2_PLACEMENT_3D('',#6584,#5213,#5214);
#4280=AXIS2_PLACEMENT_3D('',#6585,#5215,#5216);
#4281=AXIS2_PLACEMENT_3D('',#6589,#5219,#5220);
#4282=AXIS2_PLACEMENT_3D('',#6597,#5224,#5225);
#4283=AXIS2_PLACEMENT_3D('',#6599,#5227,#5228);
#4284=AXIS2_PLACEMENT_3D('',#6601,#5230,#5231);
#4285=AXIS2_PLACEMENT_3D('',#6602,#5232,#5233);
#4286=AXIS2_PLACEMENT_3D('',#6604,#5235,#5236);
#4287=AXIS2_PLACEMENT_3D('',#6606,#5238,#5239);
#4288=AXIS2_PLACEMENT_3D('',#6614,#5245,#5246);
#4289=AXIS2_PLACEMENT_3D('',#6616,#5248,#5249);
#4290=AXIS2_PLACEMENT_3D('',#6622,#5253,#5254);
#4291=AXIS2_PLACEMENT_3D('',#6624,#5256,#5257);
#4292=AXIS2_PLACEMENT_3D('',#6625,#5258,#5259);
#4293=AXIS2_PLACEMENT_3D('',#6626,#5260,#5261);
#4294=AXIS2_PLACEMENT_3D('',#6629,#5264,#5265);
#4295=AXIS2_PLACEMENT_3D('',#6631,#5267,#5268);
#4296=AXIS2_PLACEMENT_3D('',#6632,#5269,#5270);
#4297=AXIS2_PLACEMENT_3D('',#6634,#5272,#5273);
#4298=AXIS2_PLACEMENT_3D('',#6637,#5276,#5277);
#4299=AXIS2_PLACEMENT_3D('',#6638,#5278,#5279);
#4300=AXIS2_PLACEMENT_3D('',#6641,#5282,#5283);
#4301=AXIS2_PLACEMENT_3D('',#6642,#5284,#5285);
#4302=AXIS2_PLACEMENT_3D('',#6645,#5288,#5289);
#4303=AXIS2_PLACEMENT_3D('',#6646,#5290,#5291);
#4304=AXIS2_PLACEMENT_3D('',#6647,#5292,#5293);
#4305=AXIS2_PLACEMENT_3D('',#6648,#5294,#5295);
#4306=AXIS2_PLACEMENT_3D('',#6651,#5298,#5299);
#4307=AXIS2_PLACEMENT_3D('',#6653,#5301,#5302);
#4308=AXIS2_PLACEMENT_3D('',#6655,#5304,#5305);
#4309=AXIS2_PLACEMENT_3D('',#6657,#5307,#5308);
#4310=AXIS2_PLACEMENT_3D('',#6659,#5310,#5311);
#4311=AXIS2_PLACEMENT_3D('',#6660,#5312,#5313);
#4312=AXIS2_PLACEMENT_3D('',#6663,#5314,#5315);
#4313=AXIS2_PLACEMENT_3D('',#6664,#5316,#5317);
#4314=AXIS2_PLACEMENT_3D('',#6665,#5318,#5319);
#4315=AXIS2_PLACEMENT_3D('',#6666,#5320,#5321);
#4316=AXIS2_PLACEMENT_3D('',#6669,#5322,#5323);
#4317=AXIS2_PLACEMENT_3D('',#6672,#5326,#5327);
#4318=AXIS2_PLACEMENT_3D('',#6673,#5328,#5329);
#4319=AXIS2_PLACEMENT_3D('',#6674,#5330,#5331);
#4320=AXIS2_PLACEMENT_3D('',#6675,#5332,#5333);
#4321=AXIS2_PLACEMENT_3D('',#6677,#5335,#5336);
#4322=AXIS2_PLACEMENT_3D('',#6681,#5338,#5339);
#4323=AXIS2_PLACEMENT_3D('',#6685,#5341,#5342);
#4324=AXIS2_PLACEMENT_3D('',#6688,#5345,#5346);
#4325=AXIS2_PLACEMENT_3D('',#6690,#5348,#5349);
#4326=AXIS2_PLACEMENT_3D('',#6700,#5355,#5356);
#4327=AXIS2_PLACEMENT_3D('',#6702,#5357,#5358);
#4328=AXIS2_PLACEMENT_3D('',#6704,#5359,#5360);
#4329=AXIS2_PLACEMENT_3D('',#6705,#5361,#5362);
#4330=AXIS2_PLACEMENT_3D('',#6707,#5363,#5364);
#4331=AXIS2_PLACEMENT_3D('',#6709,#5365,#5366);
#4332=AXIS2_PLACEMENT_3D('',#6710,#5367,#5368);
#4333=AXIS2_PLACEMENT_3D('',#6712,#5369,#5370);
#4334=AXIS2_PLACEMENT_3D('',#6713,#5371,#5372);
#4335=AXIS2_PLACEMENT_3D('',#6715,#5373,#5374);
#4336=AXIS2_PLACEMENT_3D('',#6717,#5375,#5376);
#4337=AXIS2_PLACEMENT_3D('',#6718,#5377,#5378);
#4338=AXIS2_PLACEMENT_3D('',#6720,#5380,#5381);
#4339=AXIS2_PLACEMENT_3D('',#6722,#5383,#5384);
#4340=AXIS2_PLACEMENT_3D('',#6724,#5386,#5387);
#4341=AXIS2_PLACEMENT_3D('',#6726,#5389,#5390);
#4342=AXIS2_PLACEMENT_3D('',#6732,#5394,#5395);
#4343=AXIS2_PLACEMENT_3D('',#6735,#5398,#5399);
#4344=AXIS2_PLACEMENT_3D('',#6737,#5401,#5402);
#4345=AXIS2_PLACEMENT_3D('',#6739,#5404,#5405);
#4346=AXIS2_PLACEMENT_3D('',#6741,#5407,#5408);
#4347=AXIS2_PLACEMENT_3D('',#6742,#5409,#5410);
#4348=AXIS2_PLACEMENT_3D('',#6744,#5411,#5412);
#4349=AXIS2_PLACEMENT_3D('',#6746,#5414,#5415);
#4350=AXIS2_PLACEMENT_3D('',#6747,#5416,#5417);
#4351=AXIS2_PLACEMENT_3D('',#6748,#5418,#5419);
#4352=AXIS2_PLACEMENT_3D('',#6749,#5420,#5421);
#4353=AXIS2_PLACEMENT_3D('',#6750,#5422,#5423);
#4354=AXIS2_PLACEMENT_3D('',#6752,#5424,#5425);
#4355=AXIS2_PLACEMENT_3D('',#6755,#5427,#5428);
#4356=AXIS2_PLACEMENT_3D('',#6756,#5429,#5430);
#4357=AXIS2_PLACEMENT_3D('',#6758,#5431,#5432);
#4358=AXIS2_PLACEMENT_3D('',#6759,#5433,#5434);
#4359=AXIS2_PLACEMENT_3D('',#6760,#5435,#5436);
#4360=AXIS2_PLACEMENT_3D('',#6762,#5438,#5439);
#4361=AXIS2_PLACEMENT_3D('',#6763,#5440,#5441);
#4362=AXIS2_PLACEMENT_3D('',#6764,#5442,#5443);
#4363=AXIS2_PLACEMENT_3D('',#6765,#5444,#5445);
#4364=AXIS2_PLACEMENT_3D('',#6766,#5446,#5447);
#4365=AXIS2_PLACEMENT_3D('',#6769,#5450,#5451);
#4366=AXIS2_PLACEMENT_3D('',#6771,#5453,#5454);
#4367=AXIS2_PLACEMENT_3D('',#6772,#5455,#5456);
#4368=AXIS2_PLACEMENT_3D('',#6774,#5458,#5459);
#4369=AXIS2_PLACEMENT_3D('',#6776,#5461,#5462);
#4370=AXIS2_PLACEMENT_3D('',#6778,#5464,#5465);
#4371=AXIS2_PLACEMENT_3D('',#6779,#5466,#5467);
#4372=AXIS2_PLACEMENT_3D('',#6781,#5469,#5470);
#4373=AXIS2_PLACEMENT_3D('',#6782,#5471,#5472);
#4374=AXIS2_PLACEMENT_3D('',#6783,#5473,#5474);
#4375=AXIS2_PLACEMENT_3D('',#6784,#5475,#5476);
#4376=AXIS2_PLACEMENT_3D('',#6785,#5477,#5478);
#4377=DIRECTION('axis',(0.,0.,1.));
#4378=DIRECTION('refdir',(1.,0.,0.));
#4379=DIRECTION('axis',(0.,0.,1.));
#4380=DIRECTION('refdir',(1.,0.,0.));
#4381=DIRECTION('center_axis',(-0.499363720811806,0.,0.866392448222507));
#4382=DIRECTION('ref_axis',(0.866392448222507,4.85397828846475E-16,0.499363720811805));
#4383=DIRECTION('',(0.866392448222507,0.,0.499363720811805));
#4384=DIRECTION('',(0.,1.,0.));
#4385=DIRECTION('',(0.866392448222507,4.85397828846475E-16,0.499363720811805));
#4386=DIRECTION('',(0.,1.,0.));
#4387=DIRECTION('center_axis',(1.,0.,2.22044604925033E-16));
#4388=DIRECTION('ref_axis',(2.22044604925033E-16,-1.42857061043361E-16,
-1.));
#4389=DIRECTION('',(2.22044604925033E-16,0.,-1.));
#4390=DIRECTION('',(0.,1.,0.));
#4391=DIRECTION('',(2.22044604925033E-16,-1.42857061043361E-16,-1.));
#4392=DIRECTION('center_axis',(-0.499912248978867,0.,-0.866076060932809));
#4393=DIRECTION('ref_axis',(-0.866076060932809,-3.42492995039013E-16,0.499912248978867));
#4394=DIRECTION('',(-0.866076060932809,0.,0.499912248978867));
#4395=DIRECTION('',(-0.866076060932809,-3.42492995039013E-16,0.499912248978867));
#4396=DIRECTION('center_axis',(0.499790002928065,0.,-0.866146611707951));
#4397=DIRECTION('ref_axis',(-0.866146611707951,-4.85341237795936E-16,-0.499790002928065));
#4398=DIRECTION('',(-0.866146611707951,0.,-0.499790002928065));
#4399=DIRECTION('',(0.,1.,0.));
#4400=DIRECTION('',(-0.866146611707951,-4.85341237795936E-16,-0.499790002928065));
#4401=DIRECTION('',(0.,1.,0.));
#4402=DIRECTION('center_axis',(0.500228930642049,0.,0.865893190265816));
#4403=DIRECTION('ref_axis',(0.865893190265816,3.4236035856222E-16,-0.500228930642048));
#4404=DIRECTION('',(0.865893190265816,0.,-0.500228930642048));
#4405=DIRECTION('',(0.,1.,0.));
#4406=DIRECTION('',(0.865893190265816,3.4236035856222E-16,-0.500228930642048));
#4407=DIRECTION('center_axis',(-1.,0.,-2.22044604925033E-16));
#4408=DIRECTION('ref_axis',(-2.22044604925033E-16,1.42857061043361E-16,
1.));
#4409=DIRECTION('',(-2.22044604925033E-16,0.,1.));
#4410=DIRECTION('',(-2.22044604925033E-16,1.42857061043361E-16,1.));
#4411=DIRECTION('center_axis',(0.,1.,0.));
#4412=DIRECTION('ref_axis',(0.,0.,1.));
#4413=DIRECTION('center_axis',(0.867794348113082,6.02153291196701E-16,-0.496923504558791));
#4414=DIRECTION('ref_axis',(-0.496923504558791,-1.06794522706798E-17,-0.867794348113082));
#4415=DIRECTION('',(-0.496923504558791,0.,-0.867794348113082));
#4416=DIRECTION('',(-6.93889390390722E-16,1.,0.));
#4417=DIRECTION('',(-0.496923504558791,-1.06794522706798E-17,-0.867794348113082));
#4418=DIRECTION('',(-6.93889390390722E-16,1.,0.));
#4419=DIRECTION('center_axis',(-0.864298293455222,-5.99727415961385E-16,
-0.502979582021369));
#4420=DIRECTION('ref_axis',(-0.502979582021369,-1.25915728299125E-17,0.864298293455222));
#4421=DIRECTION('',(-0.502979582021369,0.,0.864298293455222));
#4422=DIRECTION('',(-6.93889390390722E-16,1.,0.));
#4423=DIRECTION('',(-0.502979582021369,-1.25915728299125E-17,0.864298293455222));
#4424=DIRECTION('center_axis',(-0.00381319019459683,-2.64593221957268E-18,
0.999992729763842));
#4425=DIRECTION('ref_axis',(0.999992729763842,2.32727874246023E-17,0.00381319019459683));
#4426=DIRECTION('',(0.999992729763842,0.,0.00381319019459683));
#4427=DIRECTION('',(0.999992729763842,2.32727874246023E-17,0.00381319019459683));
#4428=DIRECTION('center_axis',(-0.86779440686711,-6.02153331965497E-16,
0.496923401954628));
#4429=DIRECTION('ref_axis',(0.496923401954628,1.06794498222985E-17,0.86779440686711));
#4430=DIRECTION('',(0.496923401954628,0.,0.86779440686711));
#4431=DIRECTION('',(-6.93889390390722E-16,1.,0.));
#4432=DIRECTION('',(0.496923401954628,1.06794498222985E-17,0.86779440686711));
#4433=DIRECTION('',(-6.93889390390722E-16,1.,0.));
#4434=DIRECTION('center_axis',(0.00381319019459658,2.6459322195725E-18,
-0.999992729763842));
#4435=DIRECTION('ref_axis',(-0.999992729763842,-2.32727874246023E-17,-0.00381319019459658));
#4436=DIRECTION('',(-0.999992729763842,0.,-0.00381319019459658));
#4437=DIRECTION('',(-6.93889390390722E-16,1.,0.));
#4438=DIRECTION('',(-0.999992729763842,-2.32727874246023E-17,-0.00381319019459658));
#4439=DIRECTION('center_axis',(0.864234529475068,5.99683170812067E-16,0.50308913530607));
#4440=DIRECTION('ref_axis',(0.50308913530607,1.25940576839672E-17,-0.864234529475067));
#4441=DIRECTION('',(0.50308913530607,0.,-0.864234529475067));
#4442=DIRECTION('',(0.50308913530607,1.25940576839672E-17,-0.864234529475067));
#4443=DIRECTION('center_axis',(-6.93889390390722E-16,1.,0.));
#4444=DIRECTION('ref_axis',(0.,0.,1.));
#4445=DIRECTION('center_axis',(0.49361177060916,0.,-0.869682367256052));
#4446=DIRECTION('ref_axis',(-0.869682367256052,-5.93956713811166E-16,-0.49361177060916));
#4447=DIRECTION('',(-0.869682367256052,0.,-0.49361177060916));
#4448=DIRECTION('',(0.,1.,0.));
#4449=DIRECTION('',(-0.869682367256052,-5.93956713811166E-16,-0.49361177060916));
#4450=DIRECTION('',(0.,1.,0.));
#4451=DIRECTION('center_axis',(-0.999972131913861,0.,0.00746561421767882));
#4452=DIRECTION('ref_axis',(0.00746561421767882,4.43466271340611E-18,0.999972131913861));
#4453=DIRECTION('',(0.00746561421767882,0.,0.999972131913861));
#4454=DIRECTION('',(0.,1.,0.));
#4455=DIRECTION('',(0.00746561421767882,4.43466271340611E-18,0.999972131913861));
#4456=DIRECTION('center_axis',(0.506133150808124,0.,0.862455351686707));
#4457=DIRECTION('ref_axis',(0.862455351686707,5.89684942792258E-16,-0.506133150808124));
#4458=DIRECTION('',(0.862455351686707,0.,-0.506133150808124));
#4459=DIRECTION('',(0.862455351686707,5.89684942792258E-16,-0.506133150808124));
#4460=DIRECTION('center_axis',(-0.493611868307495,0.,0.86968231180471));
#4461=DIRECTION('ref_axis',(0.86968231180471,5.93956675854073E-16,0.493611868307495));
#4462=DIRECTION('',(0.86968231180471,0.,0.493611868307495));
#4463=DIRECTION('',(0.,1.,0.));
#4464=DIRECTION('',(0.86968231180471,5.93956675854073E-16,0.493611868307495));
#4465=DIRECTION('',(0.,1.,0.));
#4466=DIRECTION('center_axis',(-0.506133150808121,0.,-0.862455351686708));
#4467=DIRECTION('ref_axis',(-0.862455351686708,-5.89684942792258E-16,0.506133150808121));
#4468=DIRECTION('',(-0.862455351686708,0.,0.506133150808121));
#4469=DIRECTION('',(0.,1.,0.));
#4470=DIRECTION('',(-0.862455351686708,-5.89684942792258E-16,0.506133150808121));
#4471=DIRECTION('center_axis',(0.999973070049974,0.,-0.00733888103383865));
#4472=DIRECTION('ref_axis',(-0.00733888103383865,-4.34806064970241E-18,
-0.999973070049974));
#4473=DIRECTION('',(-0.00733888103383865,0.,-0.999973070049974));
#4474=DIRECTION('',(-0.00733888103383865,-4.34806064970241E-18,-0.999973070049974));
#4475=DIRECTION('center_axis',(0.,1.,0.));
#4476=DIRECTION('ref_axis',(0.,0.,1.));
#4477=DIRECTION('',(0.,1.,0.));
#4478=DIRECTION('',(0.,1.,0.));
#4479=DIRECTION('',(0.,1.,0.));
#4480=DIRECTION('',(0.,1.,0.));
#4481=DIRECTION('',(0.,1.,0.));
#4482=DIRECTION('center_axis',(-0.999988809444492,0.,-0.0047308546572721));
#4483=DIRECTION('ref_axis',(-0.0047308546572721,-1.37874144357233E-18,0.999988809444492));
#4484=DIRECTION('',(-0.0047308546572721,0.,0.999988809444492));
#4485=DIRECTION('',(0.,1.,0.));
#4486=DIRECTION('',(-0.0047308546572721,-1.37874144357233E-18,0.999988809444492));
#4487=DIRECTION('center_axis',(0.00473085465727299,0.,-0.999988809444492));
#4488=DIRECTION('ref_axis',(-0.999988809444492,1.21758794329647E-16,-0.00473085465727299));
#4489=DIRECTION('',(-0.999988809444492,0.,-0.00473085465727299));
#4490=DIRECTION('',(0.,1.,0.));
#4491=DIRECTION('',(-0.999988809444492,1.21758794329647E-16,-0.00473085465727299));
#4492=DIRECTION('center_axis',(0.999988809444492,0.,0.0047308546572721));
#4493=DIRECTION('ref_axis',(0.0047308546572721,1.37874144357233E-18,-0.999988809444492));
#4494=DIRECTION('',(0.0047308546572721,0.,-0.999988809444492));
#4495=DIRECTION('',(0.,1.,0.));
#4496=DIRECTION('',(0.0047308546572721,1.37874144357233E-18,-0.999988809444492));
#4497=DIRECTION('',(0.,1.,0.));
#4498=DIRECTION('',(0.,1.,0.));
#4499=DIRECTION('',(0.,1.,0.));
#4500=DIRECTION('',(0.,1.,0.));
#4501=DIRECTION('center_axis',(-0.999988809444492,0.,-0.0047308546572721));
#4502=DIRECTION('ref_axis',(-0.0047308546572721,-1.37874144357233E-18,0.999988809444492));
#4503=DIRECTION('',(-0.0047308546572721,0.,0.999988809444492));
#4504=DIRECTION('',(0.,1.,0.));
#4505=DIRECTION('',(-0.0047308546572721,-1.37874144357233E-18,0.999988809444492));
#4506=DIRECTION('center_axis',(-0.00473085465728573,0.,0.999988809444492));
#4507=DIRECTION('ref_axis',(0.999988809444492,-1.21758794329653E-16,0.00473085465728573));
#4508=DIRECTION('',(0.999988809444492,0.,0.00473085465728573));
#4509=DIRECTION('',(0.,1.,0.));
#4510=DIRECTION('',(0.999988809444492,-1.21758794329653E-16,0.00473085465728573));
#4511=DIRECTION('center_axis',(-0.703753701792102,0.,-0.710444035244095));
#4512=DIRECTION('ref_axis',(-0.710444035244095,8.51215452280177E-17,0.703753701792102));
#4513=DIRECTION('',(-0.710444035244095,0.,0.703753701792102));
#4514=DIRECTION('',(0.,1.,0.));
#4515=DIRECTION('',(-0.710444035244095,8.51215452280177E-17,0.703753701792102));
#4516=DIRECTION('center_axis',(0.710444035244105,0.,-0.703753701792092));
#4517=DIRECTION('ref_axis',(-0.703753701792092,8.70713929058952E-17,-0.710444035244105));
#4518=DIRECTION('',(-0.703753701792092,0.,-0.710444035244105));
#4519=DIRECTION('',(0.,1.,0.));
#4520=DIRECTION('',(-0.703753701792092,8.70713929058952E-17,-0.710444035244105));
#4521=DIRECTION('center_axis',(-0.00473085465728573,0.,0.999988809444492));
#4522=DIRECTION('ref_axis',(0.999988809444492,-1.21758794329653E-16,0.00473085465728573));
#4523=DIRECTION('',(0.999988809444492,0.,0.00473085465728573));
#4524=DIRECTION('',(0.,1.,0.));
#4525=DIRECTION('',(0.999988809444492,-1.21758794329653E-16,0.00473085465728573));
#4526=DIRECTION('center_axis',(0.999988809444492,0.,0.0047308546572721));
#4527=DIRECTION('ref_axis',(0.0047308546572721,1.37874144357233E-18,-0.999988809444492));
#4528=DIRECTION('',(0.0047308546572721,0.,-0.999988809444492));
#4529=DIRECTION('',(0.0047308546572721,1.37874144357233E-18,-0.999988809444492));
#4530=DIRECTION('center_axis',(-1.21750909155725E-16,-1.,-1.95474917390791E-18));
#4531=DIRECTION('ref_axis',(-1.,1.21750909155725E-16,-2.22044604925033E-16));
#4532=DIRECTION('center_axis',(2.22044604925033E-16,0.,-1.));
#4533=DIRECTION('ref_axis',(-1.,-2.91433526593332E-16,-2.22044604925033E-16));
#4534=DIRECTION('',(-1.,0.,-2.22044604925033E-16));
#4535=DIRECTION('',(0.,1.,0.));
#4536=DIRECTION('',(-1.,-2.91433526593332E-16,-2.22044604925033E-16));
#4537=DIRECTION('',(0.,1.,0.));
#4538=DIRECTION('center_axis',(-1.,0.,-2.22044604925033E-16));
#4539=DIRECTION('ref_axis',(-2.22044604925033E-16,-1.17871344022634E-23,
1.));
#4540=DIRECTION('',(-2.22044604925033E-16,0.,1.));
#4541=DIRECTION('',(0.,1.,0.));
#4542=DIRECTION('',(-2.22044604925033E-16,-1.17871344022634E-23,1.));
#4543=DIRECTION('center_axis',(-2.22044604925033E-16,0.,1.));
#4544=DIRECTION('ref_axis',(1.,2.91433526593332E-16,2.22044604925033E-16));
#4545=DIRECTION('',(1.,0.,2.22044604925033E-16));
#4546=DIRECTION('',(0.,1.,0.));
#4547=DIRECTION('',(1.,2.91433526593332E-16,2.22044604925033E-16));
#4548=DIRECTION('center_axis',(-1.,0.,-2.22044604925033E-16));
#4549=DIRECTION('ref_axis',(-2.22044604925033E-16,-1.17871344022634E-23,
1.));
#4550=DIRECTION('',(-2.22044604925033E-16,0.,1.));
#4551=DIRECTION('',(0.,1.,0.));
#4552=DIRECTION('',(-2.22044604925033E-16,-1.17871344022634E-23,1.));
#4553=DIRECTION('center_axis',(2.22044604925033E-16,0.,-1.));
#4554=DIRECTION('ref_axis',(-1.,-2.91433526593332E-16,-2.22044604925033E-16));
#4555=DIRECTION('',(-1.,0.,-2.22044604925033E-16));
#4556=DIRECTION('',(0.,1.,0.));
#4557=DIRECTION('',(-1.,-2.91433526593332E-16,-2.22044604925033E-16));
#4558=DIRECTION('center_axis',(1.,0.,2.22044604925033E-16));
#4559=DIRECTION('ref_axis',(2.22044604925033E-16,1.17871344022634E-23,-1.));
#4560=DIRECTION('',(2.22044604925033E-16,0.,-1.));
#4561=DIRECTION('',(0.,1.,0.));
#4562=DIRECTION('',(2.22044604925033E-16,1.17871344022634E-23,-1.));
#4563=DIRECTION('center_axis',(2.22044604925033E-16,0.,-1.));
#4564=DIRECTION('ref_axis',(-1.,-2.91433526593332E-16,-2.22044604925033E-16));
#4565=DIRECTION('',(-1.,0.,-2.22044604925033E-16));
#4566=DIRECTION('',(0.,1.,0.));
#4567=DIRECTION('',(-1.,-2.91433526593332E-16,-2.22044604925033E-16));
#4568=DIRECTION('center_axis',(0.707106886553652,0.,0.707106675819428));
#4569=DIRECTION('ref_axis',(0.707106675819428,2.06074600546508E-16,-0.707106886553651));
#4570=DIRECTION('',(0.707106675819428,0.,-0.707106886553651));
#4571=DIRECTION('',(0.,1.,0.));
#4572=DIRECTION('',(0.707106675819428,2.06074600546508E-16,-0.707106886553651));
#4573=DIRECTION('center_axis',(-0.707106781186548,0.,0.707106781186547));
#4574=DIRECTION('ref_axis',(0.707106781186547,2.06074614584493E-16,0.707106781186548));
#4575=DIRECTION('',(0.707106781186547,0.,0.707106781186548));
#4576=DIRECTION('',(0.707106781186547,2.06074614584493E-16,0.707106781186548));
#4577=DIRECTION('center_axis',(0.,1.,0.));
#4578=DIRECTION('ref_axis',(0.,0.,1.));
#4579=DIRECTION('center_axis',(0.863748018569287,7.99127448074983E-16,0.503923962932534));
#4580=DIRECTION('ref_axis',(0.503923962932534,2.14167566670294E-16,-0.863748018569287));
#4581=DIRECTION('',(0.503923962932534,0.,-0.863748018569287));
#4582=DIRECTION('',(-9.25185853854296E-16,1.,0.));
#4583=DIRECTION('',(0.503923962932534,2.14167566670294E-16,-0.863748018569287));
#4584=DIRECTION('',(-9.25185853854296E-16,1.,0.));
#4585=DIRECTION('center_axis',(0.00432397827787137,4.00048353505986E-18,
-0.99999065156223));
#4586=DIRECTION('ref_axis',(-0.99999065156223,-4.25995605712099E-16,-0.00432397827787137));
#4587=DIRECTION('',(-0.99999065156223,0.,-0.00432397827787137));
#4588=DIRECTION('',(-9.25185853854296E-16,1.,0.));
#4589=DIRECTION('',(-0.99999065156223,-4.25995605712099E-16,-0.00432397827787137));
#4590=DIRECTION('center_axis',(-0.868387960383482,-8.03420256604183E-16,
0.495885420496526));
#4591=DIRECTION('ref_axis',(0.495885420496526,2.11751003189114E-16,0.868387960383482));
#4592=DIRECTION('',(0.495885420496526,0.,0.868387960383482));
#4593=DIRECTION('',(0.495885420496526,2.11751003189114E-16,0.868387960383482));
#4594=DIRECTION('center_axis',(-0.863722128376013,-7.99103494834412E-16,
-0.503968337253056));
#4595=DIRECTION('ref_axis',(-0.503968337253056,-2.14186485064961E-16,0.863722128376013));
#4596=DIRECTION('',(-0.503968337253056,0.,0.863722128376013));
#4597=DIRECTION('',(-9.25185853854296E-16,1.,0.));
#4598=DIRECTION('',(-0.503968337253055,-2.14186485064961E-16,0.863722128376013));
#4599=DIRECTION('',(-9.25185853854296E-16,1.,0.));
#4600=DIRECTION('center_axis',(0.868299572776123,8.03338481640198E-16,-0.496040171676451));
#4601=DIRECTION('ref_axis',(-0.496040171676451,-2.11816875310932E-16,-0.868299572776123));
#4602=DIRECTION('',(-0.496040171676451,0.,-0.868299572776123));
#4603=DIRECTION('',(-9.25185853854296E-16,1.,0.));
#4604=DIRECTION('',(-0.496040171676451,-2.11816875310932E-16,-0.868299572776123));
#4605=DIRECTION('center_axis',(-0.00432397827787057,-4.00048353505912E-18,
0.99999065156223));
#4606=DIRECTION('ref_axis',(0.99999065156223,4.25995605712098E-16,0.00432397827787057));
#4607=DIRECTION('',(0.99999065156223,0.,0.00432397827787057));
#4608=DIRECTION('',(0.99999065156223,4.25995605712098E-16,0.00432397827787057));
#4609=DIRECTION('center_axis',(-9.25185853854296E-16,1.,0.));
#4610=DIRECTION('ref_axis',(0.,0.,1.));
#4611=DIRECTION('center_axis',(0.,-1.,0.));
#4612=DIRECTION('ref_axis',(0.,0.,-1.));
#4613=DIRECTION('',(1.,0.,0.));
#4614=DIRECTION('center_axis',(0.,1.,0.));
#4615=DIRECTION('ref_axis',(-0.707106781186547,0.,0.707106781186547));
#4616=DIRECTION('',(0.,0.,1.));
#4617=DIRECTION('center_axis',(0.,1.,0.));
#4618=DIRECTION('ref_axis',(-0.707106781186547,0.,-0.707106781186547));
#4619=DIRECTION('',(-1.,0.,0.));
#4620=DIRECTION('center_axis',(0.,1.,0.));
#4621=DIRECTION('ref_axis',(0.707106781186548,0.,-0.707106781186547));
#4622=DIRECTION('',(0.,0.,-1.));
#4623=DIRECTION('center_axis',(0.,1.,0.));
#4624=DIRECTION('ref_axis',(0.707106781186547,0.,0.707106781186547));
#4625=DIRECTION('',(1.,0.,0.));
#4626=DIRECTION('',(0.,0.,-1.));
#4627=DIRECTION('',(-1.,0.,0.));
#4628=DIRECTION('',(0.,0.,1.));
#4629=DIRECTION('center_axis',(0.,1.,0.));
#4630=DIRECTION('ref_axis',(1.,0.,0.));
#4631=DIRECTION('center_axis',(0.,1.,0.));
#4632=DIRECTION('ref_axis',(1.,0.,0.));
#4633=DIRECTION('center_axis',(0.,1.,0.));
#4634=DIRECTION('ref_axis',(1.,0.,0.));
#4635=DIRECTION('center_axis',(0.,1.,0.));
#4636=DIRECTION('ref_axis',(1.,0.,0.));
#4637=DIRECTION('center_axis',(0.,-1.,0.));
#4638=DIRECTION('ref_axis',(0.,0.,-1.));
#4639=DIRECTION('center_axis',(0.,-1.,0.));
#4640=DIRECTION('ref_axis',(0.,0.,-1.));
#4641=DIRECTION('center_axis',(0.,-1.,0.));
#4642=DIRECTION('ref_axis',(0.,0.,-1.));
#4643=DIRECTION('center_axis',(-2.3373116307898E-16,1.,0.));
#4644=DIRECTION('ref_axis',(-1.,-2.3373116307898E-16,-2.22044565220362E-16));
#4645=DIRECTION('center_axis',(0.,1.,0.));
#4646=DIRECTION('ref_axis',(-1.,-2.3373116307898E-16,-2.22044565220362E-16));
#4647=DIRECTION('',(-2.3373116307898E-16,1.,0.));
#4648=DIRECTION('center_axis',(0.,-1.,0.));
#4649=DIRECTION('ref_axis',(-1.,-2.3373116307898E-16,-2.22044565220362E-16));
#4650=DIRECTION('center_axis',(0.,1.,0.));
#4651=DIRECTION('ref_axis',(0.707106781186546,0.,-0.707106781186549));
#4652=DIRECTION('center_axis',(0.,-1.,0.));
#4653=DIRECTION('ref_axis',(0.707106781186546,0.,-0.707106781186549));
#4654=DIRECTION('',(0.,-1.,0.));
#4655=DIRECTION('center_axis',(0.,-1.,0.));
#4656=DIRECTION('ref_axis',(0.707106781186546,0.,-0.707106781186549));
#4657=DIRECTION('',(0.,1.,0.));
#4658=DIRECTION('center_axis',(0.,0.,1.));
#4659=DIRECTION('ref_axis',(1.,0.,0.));
#4660=DIRECTION('',(1.,0.,0.));
#4661=DIRECTION('',(0.,-1.,0.));
#4662=DIRECTION('',(1.,0.,0.));
#4663=DIRECTION('',(0.,-1.,0.));
#4664=DIRECTION('',(-1.,0.,0.));
#4665=DIRECTION('center_axis',(0.,-1.,0.));
#4666=DIRECTION('ref_axis',(0.707106781186546,0.,0.707106781186549));
#4667=DIRECTION('center_axis',(0.,-1.,0.));
#4668=DIRECTION('ref_axis',(0.707106781186546,0.,0.707106781186549));
#4669=DIRECTION('',(0.,-1.,0.));
#4670=DIRECTION('center_axis',(0.,-1.,0.));
#4671=DIRECTION('ref_axis',(0.707106781186546,0.,0.707106781186549));
#4672=DIRECTION('',(0.,1.,0.));
#4673=DIRECTION('center_axis',(0.,1.,0.));
#4674=DIRECTION('ref_axis',(0.,0.,1.));
#4675=DIRECTION('',(0.,0.,-1.));
#4676=DIRECTION('center_axis',(0.,-1.,0.));
#4677=DIRECTION('ref_axis',(0.707106781186548,0.,-0.707106781186548));
#4678=DIRECTION('',(-1.,0.,0.));
#4679=DIRECTION('',(0.,0.,1.));
#4680=DIRECTION('',(1.,0.,0.));
#4681=DIRECTION('center_axis',(-1.,0.,0.));
#4682=DIRECTION('ref_axis',(0.,0.,-1.));
#4683=DIRECTION('',(0.,0.,-1.));
#4684=DIRECTION('',(0.,-1.,0.));
#4685=DIRECTION('center_axis',(0.,1.,0.));
#4686=DIRECTION('ref_axis',(0.707106781186548,0.,-0.707106781186548));
#4687=DIRECTION('center_axis',(0.,-1.,0.));
#4688=DIRECTION('ref_axis',(0.707106781186548,0.,-0.707106781186548));
#4689=DIRECTION('',(0.,1.,0.));
#4690=DIRECTION('center_axis',(0.,-1.,0.));
#4691=DIRECTION('ref_axis',(0.707106781186551,0.,-0.707106781186544));
#4692=DIRECTION('center_axis',(0.,-1.,0.));
#4693=DIRECTION('ref_axis',(0.707106781186551,0.,-0.707106781186544));
#4694=DIRECTION('',(0.,-1.,0.));
#4695=DIRECTION('center_axis',(0.,-1.,0.));
#4696=DIRECTION('ref_axis',(0.707106781186551,0.,-0.707106781186544));
#4697=DIRECTION('',(0.,1.,0.));
#4698=DIRECTION('center_axis',(0.,1.,0.));
#4699=DIRECTION('ref_axis',(0.,0.,1.));
#4700=DIRECTION('',(-1.,0.,0.));
#4701=DIRECTION('center_axis',(0.,-1.,0.));
#4702=DIRECTION('ref_axis',(-0.707106781186555,0.,-0.70710678118654));
#4703=DIRECTION('',(0.,0.,1.));
#4704=DIRECTION('',(1.,0.,0.));
#4705=DIRECTION('',(0.,0.,-1.));
#4706=DIRECTION('center_axis',(0.,0.,1.));
#4707=DIRECTION('ref_axis',(-1.,0.,0.));
#4708=DIRECTION('',(-1.,0.,0.));
#4709=DIRECTION('',(0.,-1.,0.));
#4710=DIRECTION('center_axis',(0.,1.,0.));
#4711=DIRECTION('ref_axis',(-0.707106781186555,0.,-0.70710678118654));
#4712=DIRECTION('center_axis',(0.,-1.,0.));
#4713=DIRECTION('ref_axis',(-0.707106781186555,0.,-0.70710678118654));
#4714=DIRECTION('',(0.,1.,0.));
#4715=DIRECTION('center_axis',(0.,-1.,0.));
#4716=DIRECTION('ref_axis',(0.707106781186548,0.,-0.707106781186547));
#4717=DIRECTION('center_axis',(0.,-1.,0.));
#4718=DIRECTION('ref_axis',(0.707106781186548,0.,-0.707106781186547));
#4719=DIRECTION('',(0.,-1.,0.));
#4720=DIRECTION('center_axis',(0.,-1.,0.));
#4721=DIRECTION('ref_axis',(0.707106781186548,0.,-0.707106781186547));
#4722=DIRECTION('',(0.,1.,0.));
#4723=DIRECTION('center_axis',(0.,1.,0.));
#4724=DIRECTION('ref_axis',(0.,0.,1.));
#4725=DIRECTION('',(-1.,0.,0.));
#4726=DIRECTION('center_axis',(0.,-1.,0.));
#4727=DIRECTION('ref_axis',(-0.707106781186541,0.,-0.707106781186554));
#4728=DIRECTION('',(0.,0.,1.));
#4729=DIRECTION('',(1.,0.,0.));
#4730=DIRECTION('',(0.,0.,-1.));
#4731=DIRECTION('center_axis',(0.,0.,1.));
#4732=DIRECTION('ref_axis',(-1.,0.,0.));
#4733=DIRECTION('',(-1.,0.,0.));
#4734=DIRECTION('',(0.,-1.,0.));
#4735=DIRECTION('center_axis',(0.,1.,0.));
#4736=DIRECTION('ref_axis',(-0.707106781186541,0.,-0.707106781186554));
#4737=DIRECTION('center_axis',(0.,-1.,0.));
#4738=DIRECTION('ref_axis',(-0.707106781186541,0.,-0.707106781186554));
#4739=DIRECTION('',(0.,1.,0.));
#4740=DIRECTION('center_axis',(0.,-1.,0.));
#4741=DIRECTION('ref_axis',(-0.707106781186544,0.,-0.707106781186551));
#4742=DIRECTION('center_axis',(0.,-1.,0.));
#4743=DIRECTION('ref_axis',(-0.707106781186544,0.,-0.707106781186551));
#4744=DIRECTION('',(0.,-1.,0.));
#4745=DIRECTION('center_axis',(0.,-1.,0.));
#4746=DIRECTION('ref_axis',(-0.707106781186544,0.,-0.707106781186551));
#4747=DIRECTION('',(0.,1.,0.));
#4748=DIRECTION('center_axis',(0.,1.,0.));
#4749=DIRECTION('ref_axis',(0.,0.,1.));
#4750=DIRECTION('',(0.,0.,1.));
#4751=DIRECTION('center_axis',(0.,-1.,0.));
#4752=DIRECTION('ref_axis',(-0.70710678118655,0.,0.707106781186545));
#4753=DIRECTION('',(1.,0.,0.));
#4754=DIRECTION('',(0.,0.,-1.));
#4755=DIRECTION('',(-1.,0.,0.));
#4756=DIRECTION('center_axis',(1.,0.,0.));
#4757=DIRECTION('ref_axis',(0.,0.,1.));
#4758=DIRECTION('',(0.,0.,1.));
#4759=DIRECTION('',(0.,-1.,0.));
#4760=DIRECTION('center_axis',(0.,-1.,0.));
#4761=DIRECTION('ref_axis',(-0.70710678118655,0.,0.707106781186545));
#4762=DIRECTION('center_axis',(0.,-1.,0.));
#4763=DIRECTION('ref_axis',(-0.70710678118655,0.,0.707106781186545));
#4764=DIRECTION('',(0.,1.,0.));
#4765=DIRECTION('center_axis',(0.,-1.,0.));
#4766=DIRECTION('ref_axis',(-0.707106781186546,0.,-0.707106781186549));
#4767=DIRECTION('center_axis',(0.,-1.,0.));
#4768=DIRECTION('ref_axis',(-0.707106781186546,0.,-0.707106781186549));
#4769=DIRECTION('',(0.,-1.,0.));
#4770=DIRECTION('center_axis',(0.,-1.,0.));
#4771=DIRECTION('ref_axis',(-0.707106781186546,0.,-0.707106781186549));
#4772=DIRECTION('',(0.,1.,0.));
#4773=DIRECTION('center_axis',(0.,1.,0.));
#4774=DIRECTION('ref_axis',(0.,0.,1.));
#4775=DIRECTION('',(0.,0.,1.));
#4776=DIRECTION('center_axis',(0.,-1.,0.));
#4777=DIRECTION('ref_axis',(-0.707106781186551,0.,0.707106781186544));
#4778=DIRECTION('',(1.,0.,0.));
#4779=DIRECTION('',(0.,0.,-1.));
#4780=DIRECTION('',(-1.,0.,0.));
#4781=DIRECTION('center_axis',(1.,0.,0.));
#4782=DIRECTION('ref_axis',(0.,0.,1.));
#4783=DIRECTION('',(0.,0.,1.));
#4784=DIRECTION('',(0.,-1.,0.));
#4785=DIRECTION('center_axis',(0.,1.,0.));
#4786=DIRECTION('ref_axis',(-0.707106781186551,0.,0.707106781186544));
#4787=DIRECTION('center_axis',(0.,-1.,0.));
#4788=DIRECTION('ref_axis',(-0.707106781186551,0.,0.707106781186544));
#4789=DIRECTION('',(0.,1.,0.));
#4790=DIRECTION('center_axis',(0.,-1.,0.));
#4791=DIRECTION('ref_axis',(-0.707106781186557,0.,0.707106781186538));
#4792=DIRECTION('center_axis',(0.,-1.,0.));
#4793=DIRECTION('ref_axis',(-0.707106781186557,0.,0.707106781186538));
#4794=DIRECTION('',(0.,-1.,0.));
#4795=DIRECTION('center_axis',(0.,-1.,0.));
#4796=DIRECTION('ref_axis',(-0.707106781186557,0.,0.707106781186538));
#4797=DIRECTION('',(0.,1.,0.));
#4798=DIRECTION('center_axis',(0.,1.,0.));
#4799=DIRECTION('ref_axis',(0.,0.,1.));
#4800=DIRECTION('',(1.,0.,0.));
#4801=DIRECTION('center_axis',(0.,-1.,0.));
#4802=DIRECTION('ref_axis',(0.707106781186555,0.,0.70710678118654));
#4803=DIRECTION('',(0.,0.,-1.));
#4804=DIRECTION('',(-1.,0.,0.));
#4805=DIRECTION('',(0.,0.,1.));
#4806=DIRECTION('center_axis',(0.,0.,-1.));
#4807=DIRECTION('ref_axis',(1.,0.,0.));
#4808=DIRECTION('',(1.,0.,0.));
#4809=DIRECTION('',(0.,-1.,0.));
#4810=DIRECTION('center_axis',(0.,1.,0.));
#4811=DIRECTION('ref_axis',(0.707106781186555,0.,0.70710678118654));
#4812=DIRECTION('center_axis',(0.,-1.,0.));
#4813=DIRECTION('ref_axis',(0.707106781186555,0.,0.70710678118654));
#4814=DIRECTION('',(0.,1.,0.));
#4815=DIRECTION('center_axis',(0.,-1.,0.));
#4816=DIRECTION('ref_axis',(-0.707106781186548,0.,0.707106781186548));
#4817=DIRECTION('center_axis',(0.,-1.,0.));
#4818=DIRECTION('ref_axis',(-0.707106781186548,0.,0.707106781186548));
#4819=DIRECTION('',(0.,-1.,0.));
#4820=DIRECTION('center_axis',(0.,-1.,0.));
#4821=DIRECTION('ref_axis',(-0.707106781186548,0.,0.707106781186548));
#4822=DIRECTION('',(0.,1.,0.));
#4823=DIRECTION('center_axis',(1.,0.,0.));
#4824=DIRECTION('ref_axis',(0.,0.,-1.));
#4825=DIRECTION('',(0.,0.,1.));
#4826=DIRECTION('',(0.,1.,0.));
#4827=DIRECTION('',(0.,0.,1.));
#4828=DIRECTION('',(0.,1.,0.));
#4829=DIRECTION('',(0.,0.,-1.));
#4830=DIRECTION('center_axis',(0.,1.,0.));
#4831=DIRECTION('ref_axis',(0.,0.,1.));
#4832=DIRECTION('',(1.,0.,0.));
#4833=DIRECTION('center_axis',(0.,-1.,0.));
#4834=DIRECTION('ref_axis',(0.707106781186554,0.,0.707106781186541));
#4835=DIRECTION('',(0.,0.,-1.));
#4836=DIRECTION('',(-1.,0.,0.));
#4837=DIRECTION('center_axis',(0.,-1.,0.));
#4838=DIRECTION('ref_axis',(0.707106781186548,0.,0.707106781186548));
#4839=DIRECTION('center_axis',(0.,-1.,0.));
#4840=DIRECTION('ref_axis',(0.707106781186548,0.,0.707106781186548));
#4841=DIRECTION('',(0.,-1.,0.));
#4842=DIRECTION('center_axis',(0.,-1.,0.));
#4843=DIRECTION('ref_axis',(0.707106781186548,0.,0.707106781186548));
#4844=DIRECTION('',(0.,1.,0.));
#4845=DIRECTION('center_axis',(-1.,0.,0.));
#4846=DIRECTION('ref_axis',(0.,0.,-1.));
#4847=DIRECTION('',(0.,0.,-1.));
#4848=DIRECTION('',(0.,0.,-1.));
#4849=DIRECTION('center_axis',(0.,1.,0.));
#4850=DIRECTION('ref_axis',(0.707106781186554,0.,0.707106781186541));
#4851=DIRECTION('',(0.,-1.,0.));
#4852=DIRECTION('center_axis',(0.,-1.,0.));
#4853=DIRECTION('ref_axis',(0.707106781186554,0.,0.707106781186541));
#4854=DIRECTION('',(0.,1.,0.));
#4855=DIRECTION('center_axis',(-1.,0.,0.));
#4856=DIRECTION('ref_axis',(0.,0.,1.));
#4857=DIRECTION('',(0.,0.,1.));
#4858=DIRECTION('',(0.,-1.,0.));
#4859=DIRECTION('',(0.,0.,1.));
#4860=DIRECTION('',(0.,-1.,0.));
#4861=DIRECTION('center_axis',(0.,-1.,0.));
#4862=DIRECTION('ref_axis',(-0.70710678118654,0.,0.707106781186555));
#4863=DIRECTION('center_axis',(0.,1.,0.));
#4864=DIRECTION('ref_axis',(-0.70710678118654,0.,0.707106781186555));
#4865=DIRECTION('',(0.,1.,0.));
#4866=DIRECTION('center_axis',(0.,1.,0.));
#4867=DIRECTION('ref_axis',(-0.70710678118654,0.,0.707106781186555));
#4868=DIRECTION('center_axis',(1.,0.,0.));
#4869=DIRECTION('ref_axis',(0.,1.,0.));
#4870=DIRECTION('',(0.,0.,1.));
#4871=DIRECTION('',(0.,-1.,0.));
#4872=DIRECTION('',(0.,0.,-1.));
#4873=DIRECTION('center_axis',(0.,1.,0.));
#4874=DIRECTION('ref_axis',(-0.70710678118654,0.,-0.707106781186555));
#4875=DIRECTION('center_axis',(0.,1.,0.));
#4876=DIRECTION('ref_axis',(-0.70710678118654,0.,-0.707106781186555));
#4877=DIRECTION('',(0.,1.,0.));
#4878=DIRECTION('center_axis',(0.,1.,0.));
#4879=DIRECTION('ref_axis',(-0.70710678118654,0.,-0.707106781186555));
#4880=DIRECTION('center_axis',(0.,0.,-1.));
#4881=DIRECTION('ref_axis',(-1.,0.,0.));
#4882=DIRECTION('',(0.,1.,0.));
#4883=DIRECTION('',(-1.,0.,0.));
#4884=DIRECTION('',(-1.,0.,0.));
#4885=DIRECTION('center_axis',(0.,-1.,0.));
#4886=DIRECTION('ref_axis',(-0.70710678118654,0.,0.707106781186555));
#4887=DIRECTION('center_axis',(0.,1.,0.));
#4888=DIRECTION('ref_axis',(-0.70710678118654,0.,0.707106781186555));
#4889=DIRECTION('',(0.,1.,0.));
#4890=DIRECTION('center_axis',(0.,1.,0.));
#4891=DIRECTION('ref_axis',(-0.70710678118654,0.,0.707106781186555));
#4892=DIRECTION('',(0.,-1.,0.));
#4893=DIRECTION('center_axis',(-1.,0.,0.));
#4894=DIRECTION('ref_axis',(0.,-1.,0.));
#4895=DIRECTION('',(0.,0.,1.));
#4896=DIRECTION('',(0.,-1.,0.));
#4897=DIRECTION('',(0.,0.,1.));
#4898=DIRECTION('center_axis',(0.,1.,0.));
#4899=DIRECTION('ref_axis',(-0.707106781186548,0.,0.707106781186548));
#4900=DIRECTION('center_axis',(0.,1.,0.));
#4901=DIRECTION('ref_axis',(-0.707106781186548,0.,0.707106781186548));
#4902=DIRECTION('',(0.,1.,0.));
#4903=DIRECTION('center_axis',(0.,1.,0.));
#4904=DIRECTION('ref_axis',(-0.707106781186548,0.,0.707106781186548));
#4905=DIRECTION('',(0.,-1.,0.));
#4906=DIRECTION('center_axis',(-1.,0.,0.));
#4907=DIRECTION('ref_axis',(0.,0.,1.));
#4908=DIRECTION('',(0.,1.,0.));
#4909=DIRECTION('',(0.,0.,1.));
#4910=DIRECTION('',(0.,0.,1.));
#4911=DIRECTION('center_axis',(0.,-1.,0.));
#4912=DIRECTION('ref_axis',(0.707106781186548,0.,0.707106781186548));
#4913=DIRECTION('center_axis',(0.,1.,0.));
#4914=DIRECTION('ref_axis',(0.707106781186548,0.,0.707106781186548));
#4915=DIRECTION('',(0.,1.,0.));
#4916=DIRECTION('center_axis',(0.,1.,0.));
#4917=DIRECTION('ref_axis',(0.707106781186548,0.,0.707106781186548));
#4918=DIRECTION('',(0.,-1.,0.));
#4919=DIRECTION('center_axis',(0.,0.,1.));
#4920=DIRECTION('ref_axis',(1.,0.,0.));
#4921=DIRECTION('',(1.,0.,0.));
#4922=DIRECTION('',(0.,-1.,0.));
#4923=DIRECTION('',(-1.,0.,0.));
#4924=DIRECTION('center_axis',(0.,1.,0.));
#4925=DIRECTION('ref_axis',(-0.707106781186548,0.,0.707106781186548));
#4926=DIRECTION('center_axis',(0.,1.,0.));
#4927=DIRECTION('ref_axis',(-0.707106781186548,0.,0.707106781186548));
#4928=DIRECTION('',(0.,1.,0.));
#4929=DIRECTION('center_axis',(0.,1.,0.));
#4930=DIRECTION('ref_axis',(-0.707106781186548,0.,0.707106781186548));
#4931=DIRECTION('center_axis',(-1.,0.,0.));
#4932=DIRECTION('ref_axis',(0.,0.,1.));
#4933=DIRECTION('',(0.,1.,0.));
#4934=DIRECTION('',(0.,0.,-1.));
#4935=DIRECTION('',(0.,0.,1.));
#4936=DIRECTION('center_axis',(0.,-1.,0.));
#4937=DIRECTION('ref_axis',(0.707106781186555,0.,0.70710678118654));
#4938=DIRECTION('center_axis',(0.,1.,0.));
#4939=DIRECTION('ref_axis',(0.707106781186555,0.,0.70710678118654));
#4940=DIRECTION('',(0.,1.,0.));
#4941=DIRECTION('center_axis',(0.,1.,0.));
#4942=DIRECTION('ref_axis',(0.707106781186555,0.,0.70710678118654));
#4943=DIRECTION('',(0.,-1.,0.));
#4944=DIRECTION('center_axis',(0.,0.,1.));
#4945=DIRECTION('ref_axis',(0.,-1.,0.));
#4946=DIRECTION('',(1.,0.,0.));
#4947=DIRECTION('',(0.,-1.,0.));
#4948=DIRECTION('',(1.,0.,0.));
#4949=DIRECTION('center_axis',(0.,1.,0.));
#4950=DIRECTION('ref_axis',(0.707106781186555,0.,0.70710678118654));
#4951=DIRECTION('center_axis',(0.,1.,0.));
#4952=DIRECTION('ref_axis',(0.707106781186555,0.,0.70710678118654));
#4953=DIRECTION('',(0.,1.,0.));
#4954=DIRECTION('center_axis',(0.,1.,0.));
#4955=DIRECTION('ref_axis',(0.707106781186555,0.,0.70710678118654));
#4956=DIRECTION('',(0.,-1.,0.));
#4957=DIRECTION('center_axis',(0.,0.,1.));
#4958=DIRECTION('ref_axis',(1.,0.,0.));
#4959=DIRECTION('',(0.,1.,0.));
#4960=DIRECTION('',(1.,0.,0.));
#4961=DIRECTION('',(1.,0.,0.));
#4962=DIRECTION('center_axis',(0.,-1.,0.));
#4963=DIRECTION('ref_axis',(0.707106781186555,0.,-0.70710678118654));
#4964=DIRECTION('center_axis',(0.,1.,0.));
#4965=DIRECTION('ref_axis',(0.707106781186555,0.,-0.70710678118654));
#4966=DIRECTION('',(0.,1.,0.));
#4967=DIRECTION('center_axis',(0.,1.,0.));
#4968=DIRECTION('ref_axis',(0.707106781186555,0.,-0.70710678118654));
#4969=DIRECTION('',(0.,-1.,0.));
#4970=DIRECTION('center_axis',(-1.,0.,0.));
#4971=DIRECTION('ref_axis',(0.,-1.,0.));
#4972=DIRECTION('',(0.,0.,-1.));
#4973=DIRECTION('',(0.,-1.,0.));
#4974=DIRECTION('',(0.,0.,-1.));
#4975=DIRECTION('center_axis',(0.,1.,0.));
#4976=DIRECTION('ref_axis',(0.70710678118654,0.,0.707106781186555));
#4977=DIRECTION('center_axis',(0.,1.,0.));
#4978=DIRECTION('ref_axis',(0.70710678118654,0.,0.707106781186555));
#4979=DIRECTION('',(0.,1.,0.));
#4980=DIRECTION('center_axis',(0.,1.,0.));
#4981=DIRECTION('ref_axis',(0.70710678118654,0.,0.707106781186555));
#4982=DIRECTION('center_axis',(0.,0.,1.));
#4983=DIRECTION('ref_axis',(1.,0.,0.));
#4984=DIRECTION('',(0.,1.,0.));
#4985=DIRECTION('',(1.,0.,0.));
#4986=DIRECTION('',(1.,0.,0.));
#4987=DIRECTION('center_axis',(0.,1.,0.));
#4988=DIRECTION('ref_axis',(0.707106781186555,0.,-0.70710678118654));
#4989=DIRECTION('center_axis',(0.,1.,0.));
#4990=DIRECTION('ref_axis',(0.707106781186555,0.,-0.70710678118654));
#4991=DIRECTION('',(0.,1.,0.));
#4992=DIRECTION('center_axis',(0.,1.,0.));
#4993=DIRECTION('ref_axis',(0.707106781186555,0.,-0.70710678118654));
#4994=DIRECTION('',(0.,-1.,0.));
#4995=DIRECTION('center_axis',(1.,0.,0.));
#4996=DIRECTION('ref_axis',(0.,0.,-1.));
#4997=DIRECTION('',(0.,1.,0.));
#4998=DIRECTION('',(0.,0.,-1.));
#4999=DIRECTION('',(0.,0.,-1.));
#5000=DIRECTION('center_axis',(0.,-1.,0.));
#5001=DIRECTION('ref_axis',(0.70710678118654,0.,-0.707106781186555));
#5002=DIRECTION('center_axis',(0.,1.,0.));
#5003=DIRECTION('ref_axis',(0.70710678118654,0.,-0.707106781186555));
#5004=DIRECTION('',(0.,1.,0.));
#5005=DIRECTION('center_axis',(0.,1.,0.));
#5006=DIRECTION('ref_axis',(0.70710678118654,0.,-0.707106781186555));
#5007=DIRECTION('',(0.,-1.,0.));
#5008=DIRECTION('center_axis',(1.,0.,0.));
#5009=DIRECTION('ref_axis',(0.,-1.,0.));
#5010=DIRECTION('',(0.,0.,-1.));
#5011=DIRECTION('',(0.,1.,0.));
#5012=DIRECTION('',(0.,0.,-1.));
#5013=DIRECTION('center_axis',(0.,1.,0.));
#5014=DIRECTION('ref_axis',(0.70710678118654,0.,-0.707106781186555));
#5015=DIRECTION('center_axis',(0.,1.,0.));
#5016=DIRECTION('ref_axis',(0.70710678118654,0.,-0.707106781186555));
#5017=DIRECTION('center_axis',(0.,1.,0.));
#5018=DIRECTION('ref_axis',(0.70710678118654,0.,-0.707106781186555));
#5019=DIRECTION('',(0.,-1.,0.));
#5020=DIRECTION('center_axis',(0.,-1.,0.));
#5021=DIRECTION('ref_axis',(0.,0.,-1.));
#5022=DIRECTION('',(0.,0.,-1.));
#5023=DIRECTION('center_axis',(0.,-1.,0.));
#5024=DIRECTION('ref_axis',(-0.707106781186547,0.,0.707106781186548));
#5025=DIRECTION('',(-1.,0.,0.));
#5026=DIRECTION('center_axis',(0.,-1.,0.));
#5027=DIRECTION('ref_axis',(0.707106781186548,0.,0.707106781186547));
#5028=DIRECTION('',(0.,0.,1.));
#5029=DIRECTION('center_axis',(0.,1.,0.));
#5030=DIRECTION('ref_axis',(-0.707106781186546,0.,-0.707106781186549));
#5031=DIRECTION('',(0.,0.,1.));
#5032=DIRECTION('center_axis',(0.,1.,0.));
#5033=DIRECTION('ref_axis',(-0.707106781186549,0.,0.707106781186546));
#5034=DIRECTION('',(0.,0.,1.));
#5035=DIRECTION('center_axis',(0.,-1.,0.));
#5036=DIRECTION('ref_axis',(0.707106781186547,0.,-0.707106781186548));
#5037=DIRECTION('',(1.,0.,0.));
#5038=DIRECTION('center_axis',(0.,1.,0.));
#5039=DIRECTION('ref_axis',(-0.707106781186548,0.,-0.707106781186548));
#5040=DIRECTION('',(0.,0.,1.));
#5041=DIRECTION('center_axis',(0.,-1.,0.));
#5042=DIRECTION('ref_axis',(0.707106781186549,0.,0.707106781186546));
#5043=DIRECTION('',(0.,0.,-1.));
#5044=DIRECTION('center_axis',(0.,1.,0.));
#5045=DIRECTION('ref_axis',(0.70710678118655,0.,-0.707106781186545));
#5046=DIRECTION('',(-1.,0.,0.));
#5047=DIRECTION('center_axis',(0.,1.,0.));
#5048=DIRECTION('ref_axis',(-0.707106781186532,0.,-0.707106781186563));
#5049=DIRECTION('',(0.,0.,-1.));
#5050=DIRECTION('center_axis',(0.,1.,0.));
#5051=DIRECTION('ref_axis',(-0.998158573315544,0.,-0.0606585733155507));
#5052=DIRECTION('',(-1.,0.,0.));
#5053=DIRECTION('center_axis',(0.,1.,0.));
#5054=DIRECTION('ref_axis',(-0.707106781186555,0.,-0.70710678118654));
#5055=DIRECTION('',(1.,0.,0.));
#5056=DIRECTION('',(-1.,0.,0.));
#5057=DIRECTION('center_axis',(0.,1.,0.));
#5058=DIRECTION('ref_axis',(-0.70710678118654,0.,-0.707106781186555));
#5059=DIRECTION('',(0.,0.,1.));
#5060=DIRECTION('',(1.,0.,0.));
#5061=DIRECTION('center_axis',(0.,1.,0.));
#5062=DIRECTION('ref_axis',(0.0606585733155441,0.,-0.998158573315544));
#5063=DIRECTION('',(-1.,0.,0.));
#5064=DIRECTION('',(-1.,0.,0.));
#5065=DIRECTION('',(0.,0.,1.));
#5066=DIRECTION('center_axis',(0.,1.,0.));
#5067=DIRECTION('ref_axis',(0.998158573315544,0.,0.0606585733155433));
#5068=DIRECTION('',(0.,0.,-1.));
#5069=DIRECTION('',(0.,0.,-1.));
#5070=DIRECTION('',(-1.,0.,0.));
#5071=DIRECTION('center_axis',(0.,1.,0.));
#5072=DIRECTION('ref_axis',(-0.060658573315544,0.,0.998158573315544));
#5073=DIRECTION('',(1.,0.,0.));
#5074=DIRECTION('center_axis',(0.,0.,-1.));
#5075=DIRECTION('ref_axis',(-1.,0.,0.));
#5076=DIRECTION('',(1.,0.,0.));
#5077=DIRECTION('',(0.,1.,0.));
#5078=DIRECTION('center_axis',(0.,-1.,0.));
#5079=DIRECTION('ref_axis',(-0.70710678118654,0.,-0.707106781186555));
#5080=DIRECTION('center_axis',(0.,1.,0.));
#5081=DIRECTION('ref_axis',(-0.70710678118654,0.,-0.707106781186555));
#5082=DIRECTION('',(0.,-1.,0.));
#5083=DIRECTION('center_axis',(0.,1.,0.));
#5084=DIRECTION('ref_axis',(-0.707106781186532,0.,-0.707106781186563));
#5085=DIRECTION('',(0.,1.,0.));
#5086=DIRECTION('center_axis',(0.,1.,0.));
#5087=DIRECTION('ref_axis',(-0.707106781186532,0.,-0.707106781186563));
#5088=DIRECTION('',(0.,-1.,0.));
#5089=DIRECTION('center_axis',(0.,0.,-1.));
#5090=DIRECTION('ref_axis',(-1.,0.,0.));
#5091=DIRECTION('',(1.,0.,0.));
#5092=DIRECTION('',(0.,1.,0.));
#5093=DIRECTION('',(-1.,0.,0.));
#5094=DIRECTION('center_axis',(0.,-1.,0.));
#5095=DIRECTION('ref_axis',(-0.707106781186555,0.,-0.70710678118654));
#5096=DIRECTION('',(0.,1.,0.));
#5097=DIRECTION('center_axis',(0.,1.,0.));
#5098=DIRECTION('ref_axis',(-0.707106781186555,0.,-0.70710678118654));
#5099=DIRECTION('center_axis',(0.,-1.,0.));
#5100=DIRECTION('ref_axis',(1.,0.,0.));
#5101=DIRECTION('center_axis',(0.,1.,0.));
#5102=DIRECTION('ref_axis',(-0.707106781186548,0.,-0.707106781186547));
#5103=DIRECTION('',(0.,0.,1.));
#5104=DIRECTION('center_axis',(0.,1.,0.));
#5105=DIRECTION('ref_axis',(-0.707106781186548,0.,0.707106781186547));
#5106=DIRECTION('',(1.,0.,0.));
#5107=DIRECTION('',(0.99999985660657,-5.94551992672453E-20,-0.000535524825929241));
#5108=DIRECTION('',(0.99999953882414,1.06624856700293E-19,0.000960391330405174));
#5109=DIRECTION('',(0.999999912965157,-4.63203459972948E-20,-0.000417216585355901));
#5110=DIRECTION('',(0.99999998806158,1.71553134846145E-20,0.00015452132742978));
#5111=DIRECTION('',(1.,0.,0.));
#5112=DIRECTION('center_axis',(0.,1.,0.));
#5113=DIRECTION('ref_axis',(0.707106781186548,0.,0.707106781186547));
#5114=DIRECTION('',(0.,0.,-1.));
#5115=DIRECTION('center_axis',(0.,1.,0.));
#5116=DIRECTION('ref_axis',(0.707106781186548,0.,-0.707106781186547));
#5117=DIRECTION('',(-1.,0.,0.));
#5118=DIRECTION('',(1.,0.,0.));
#5119=DIRECTION('center_axis',(0.,-1.,0.));
#5120=DIRECTION('ref_axis',(0.707106781186547,0.,-0.707106781186548));
#5121=DIRECTION('',(0.,0.,1.));
#5122=DIRECTION('center_axis',(0.,1.,0.));
#5123=DIRECTION('ref_axis',(-0.707106781186549,0.,0.707106781186546));
#5124=DIRECTION('',(0.,0.,1.));
#5125=DIRECTION('center_axis',(0.,1.,0.));
#5126=DIRECTION('ref_axis',(-0.707106781186546,0.,-0.707106781186549));
#5127=DIRECTION('',(0.,0.,1.));
#5128=DIRECTION('center_axis',(0.,-1.,0.));
#5129=DIRECTION('ref_axis',(0.707106781186548,0.,0.707106781186547));
#5130=DIRECTION('',(-1.,0.,0.));
#5131=DIRECTION('center_axis',(0.,-1.,0.));
#5132=DIRECTION('ref_axis',(-0.707106781186547,0.,0.707106781186548));
#5133=DIRECTION('',(0.,0.,-1.));
#5134=DIRECTION('center_axis',(0.,1.,0.));
#5135=DIRECTION('ref_axis',(0.70710678118655,0.,-0.707106781186545));
#5136=DIRECTION('',(0.,0.,-1.));
#5137=DIRECTION('center_axis',(0.,1.,0.));
#5138=DIRECTION('ref_axis',(0.707106781186549,0.,0.707106781186546));
#5139=DIRECTION('',(0.,0.,-1.));
#5140=DIRECTION('center_axis',(0.,-1.,0.));
#5141=DIRECTION('ref_axis',(-0.707106781186548,0.,-0.707106781186548));
#5142=DIRECTION('center_axis',(0.,1.,0.));
#5143=DIRECTION('ref_axis',(0.,0.,1.));
#5144=DIRECTION('',(0.,0.,1.));
#5145=DIRECTION('center_axis',(0.,0.,-1.));
#5146=DIRECTION('ref_axis',(-1.,0.,0.));
#5147=DIRECTION('',(-1.,0.,0.));
#5148=DIRECTION('',(0.,-1.,0.));
#5149=DIRECTION('center_axis',(0.,0.,1.));
#5150=DIRECTION('ref_axis',(-1.,0.,0.));
#5151=DIRECTION('',(0.,-1.,0.));
#5152=DIRECTION('',(1.,0.,0.));
#5153=DIRECTION('center_axis',(1.,0.,0.));
#5154=DIRECTION('ref_axis',(0.,0.,-1.));
#5155=DIRECTION('',(0.,0.,1.));
#5156=DIRECTION('center_axis',(0.,0.,-1.));
#5157=DIRECTION('ref_axis',(1.,0.,0.));
#5158=DIRECTION('',(0.,-1.,0.));
#5159=DIRECTION('',(-1.,0.,0.));
#5160=DIRECTION('center_axis',(0.,0.,-1.));
#5161=DIRECTION('ref_axis',(1.,0.,0.));
#5162=DIRECTION('',(-1.,0.,0.));
#5163=DIRECTION('center_axis',(-1.,0.,0.));
#5164=DIRECTION('ref_axis',(0.,0.,1.));
#5165=DIRECTION('',(0.,0.,-1.));
#5166=DIRECTION('center_axis',(0.,1.,0.));
#5167=DIRECTION('ref_axis',(0.,0.,1.));
#5168=DIRECTION('',(-1.,0.,0.));
#5169=DIRECTION('center_axis',(0.,-1.,0.));
#5170=DIRECTION('ref_axis',(-0.998158573315544,0.,-0.0606585733155507));
#5171=DIRECTION('',(0.,0.,-1.));
#5172=DIRECTION('',(0.,0.,1.));
#5173=DIRECTION('',(-1.,0.,0.));
#5174=DIRECTION('',(0.,0.,-1.));
#5175=DIRECTION('center_axis',(0.,-1.,0.));
#5176=DIRECTION('ref_axis',(0.0606585733155441,0.,-0.998158573315544));
#5177=DIRECTION('',(1.,0.,0.));
#5178=DIRECTION('center_axis',(0.,-1.,0.));
#5179=DIRECTION('ref_axis',(-1.,0.,1.57772181044202E-29));
#5180=DIRECTION('center_axis',(0.,-1.,0.));
#5181=DIRECTION('ref_axis',(-1.,0.,1.57772181044202E-29));
#5182=DIRECTION('center_axis',(0.,0.,-1.));
#5183=DIRECTION('ref_axis',(1.,0.,0.));
#5184=DIRECTION('center_axis',(0.,1.,0.));
#5185=DIRECTION('ref_axis',(0.,0.,1.));
#5186=DIRECTION('',(-1.,0.,0.));
#5187=DIRECTION('',(0.,0.,-1.));
#5188=DIRECTION('center_axis',(0.,-1.,0.));
#5189=DIRECTION('ref_axis',(0.998158573315544,0.,0.0606585733155433));
#5190=DIRECTION('',(0.,0.,1.));
#5191=DIRECTION('',(0.,0.,-1.));
#5192=DIRECTION('',(1.,0.,0.));
#5193=DIRECTION('',(0.,0.,-1.));
#5194=DIRECTION('',(1.,0.,0.));
#5195=DIRECTION('center_axis',(0.,-1.,0.));
#5196=DIRECTION('ref_axis',(-0.060658573315544,0.,0.998158573315544));
#5197=DIRECTION('',(-1.,0.,0.));
#5198=DIRECTION('center_axis',(0.,-1.,0.));
#5199=DIRECTION('ref_axis',(-1.,0.,1.57772181044202E-29));
#5200=DIRECTION('center_axis',(-1.,0.,0.));
#5201=DIRECTION('ref_axis',(0.,1.,0.));
#5202=DIRECTION('',(0.,-1.,0.));
#5203=DIRECTION('center_axis',(-1.,0.,0.));
#5204=DIRECTION('ref_axis',(0.,0.,-1.));
#5205=DIRECTION('',(0.,-1.,0.));
#5206=DIRECTION('',(0.,-1.,0.));
#5207=DIRECTION('',(0.,0.,-1.));
#5208=DIRECTION('',(0.,1.,0.));
#5209=DIRECTION('',(0.,0.,-1.));
#5210=DIRECTION('center_axis',(0.,0.,-1.));
#5211=DIRECTION('ref_axis',(0.,-1.,0.));
#5212=DIRECTION('',(0.,1.,0.));
#5213=DIRECTION('center_axis',(0.,-1.,0.));
#5214=DIRECTION('ref_axis',(0.,0.,-1.));
#5215=DIRECTION('center_axis',(0.,0.,1.));
#5216=DIRECTION('ref_axis',(1.,0.,0.));
#5217=DIRECTION('',(-1.,0.,0.));
#5218=DIRECTION('',(0.,1.,0.));
#5219=DIRECTION('center_axis',(0.,-1.,0.));
#5220=DIRECTION('ref_axis',(0.,0.,-1.));
#5221=DIRECTION('',(0.,0.,1.));
#5222=DIRECTION('',(-1.,0.,0.));
#5223=DIRECTION('',(0.,0.,1.));
#5224=DIRECTION('center_axis',(0.,-1.,0.));
#5225=DIRECTION('ref_axis',(0.994443440787718,0.,-0.105272233159011));
#5226=DIRECTION('',(0.,0.,1.));
#5227=DIRECTION('center_axis',(0.,0.,1.));
#5228=DIRECTION('ref_axis',(0.,1.,0.));
#5229=DIRECTION('',(0.,1.,0.));
#5230=DIRECTION('center_axis',(0.,0.,1.));
#5231=DIRECTION('ref_axis',(1.,0.,0.));
#5232=DIRECTION('center_axis',(1.,0.,0.));
#5233=DIRECTION('ref_axis',(0.,0.,-1.));
#5234=DIRECTION('',(0.,-1.,0.));
#5235=DIRECTION('center_axis',(1.,0.,0.));
#5236=DIRECTION('ref_axis',(0.,1.,0.));
#5237=DIRECTION('',(0.,1.,0.));
#5238=DIRECTION('center_axis',(1.,0.,0.));
#5239=DIRECTION('ref_axis',(0.,0.,1.));
#5240=DIRECTION('',(0.,-1.,0.));
#5241=DIRECTION('',(0.,0.,1.));
#5242=DIRECTION('',(0.,1.,0.));
#5243=DIRECTION('',(0.,-1.,0.));
#5244=DIRECTION('',(0.,1.,0.));
#5245=DIRECTION('center_axis',(0.,0.,-1.));
#5246=DIRECTION('ref_axis',(0.,1.,0.));
#5247=DIRECTION('',(0.,-1.,0.));
#5248=DIRECTION('center_axis',(1.,0.,0.));
#5249=DIRECTION('ref_axis',(0.,1.,0.));
#5250=DIRECTION('',(0.,1.,0.));
#5251=DIRECTION('',(0.,0.,1.));
#5252=DIRECTION('',(0.,-1.,0.));
#5253=DIRECTION('center_axis',(0.,0.,1.));
#5254=DIRECTION('ref_axis',(1.,0.,0.));
#5255=DIRECTION('',(1.,0.,0.));
#5256=DIRECTION('center_axis',(0.,-1.,0.));
#5257=DIRECTION('ref_axis',(0.994443440787718,0.,-0.105272233159011));
#5258=DIRECTION('center_axis',(0.,1.,0.));
#5259=DIRECTION('ref_axis',(0.994443440787718,0.,-0.105272233159011));
#5260=DIRECTION('center_axis',(0.,-1.,0.));
#5261=DIRECTION('ref_axis',(-0.707106781186548,0.,-0.707106781186548));
#5262=DIRECTION('',(0.,1.,0.));
#5263=DIRECTION('',(0.,-1.,0.));
#5264=DIRECTION('center_axis',(0.,0.,-1.));
#5265=DIRECTION('ref_axis',(1.,0.,0.));
#5266=DIRECTION('',(0.,-1.,0.));
#5267=DIRECTION('center_axis',(0.,-1.,0.));
#5268=DIRECTION('ref_axis',(-0.707800886006588,0.,-0.706411994354774));
#5269=DIRECTION('center_axis',(-1.,0.,0.));
#5270=DIRECTION('ref_axis',(0.,0.,-1.));
#5271=DIRECTION('',(0.,1.,0.));
#5272=DIRECTION('center_axis',(-1.,0.,0.));
#5273=DIRECTION('ref_axis',(0.,0.,-1.));
#5274=DIRECTION('',(0.,1.,0.));
#5275=DIRECTION('',(0.,1.,0.));
#5276=DIRECTION('center_axis',(0.,1.,0.));
#5277=DIRECTION('ref_axis',(0.707106781186549,0.,0.707106781186546));
#5278=DIRECTION('center_axis',(-1.,0.,0.));
#5279=DIRECTION('ref_axis',(0.,0.,-1.));
#5280=DIRECTION('',(0.,-1.,0.));
#5281=DIRECTION('',(0.,1.,0.));
#5282=DIRECTION('center_axis',(0.,-1.,0.));
#5283=DIRECTION('ref_axis',(0.70710678118655,0.,-0.707106781186545));
#5284=DIRECTION('center_axis',(0.,0.,1.));
#5285=DIRECTION('ref_axis',(-1.,0.,0.));
#5286=DIRECTION('',(0.,-1.,0.));
#5287=DIRECTION('',(0.,1.,0.));
#5288=DIRECTION('center_axis',(0.,-1.,0.));
#5289=DIRECTION('ref_axis',(0.,0.,-1.));
#5290=DIRECTION('center_axis',(0.,-1.,0.));
#5291=DIRECTION('ref_axis',(-0.707106781186547,0.,0.707106781186548));
#5292=DIRECTION('center_axis',(0.,-1.,0.));
#5293=DIRECTION('ref_axis',(0.707106781186545,0.,0.70710678118655));
#5294=DIRECTION('center_axis',(0.,1.,0.));
#5295=DIRECTION('ref_axis',(-0.707106781186546,0.,-0.707106781186549));
#5296=DIRECTION('',(0.,1.,0.));
#5297=DIRECTION('',(0.,1.,0.));
#5298=DIRECTION('center_axis',(1.,0.,0.));
#5299=DIRECTION('ref_axis',(0.,0.,1.));
#5300=DIRECTION('',(0.,-1.,0.));
#5301=DIRECTION('center_axis',(0.,1.,0.));
#5302=DIRECTION('ref_axis',(0.707106781186547,0.,-0.707106781186548));
#5303=DIRECTION('',(0.,1.,0.));
#5304=DIRECTION('center_axis',(1.,0.,0.));
#5305=DIRECTION('ref_axis',(0.,0.,1.));
#5306=DIRECTION('',(0.,-1.,0.));
#5307=DIRECTION('center_axis',(0.,-1.,0.));
#5308=DIRECTION('ref_axis',(-0.707106781186549,0.,0.707106781186546));
#5309=DIRECTION('',(0.,-1.,0.));
#5310=DIRECTION('center_axis',(1.,0.,0.));
#5311=DIRECTION('ref_axis',(0.,0.,1.));
#5312=DIRECTION('center_axis',(0.,-1.,0.));
#5313=DIRECTION('ref_axis',(0.,0.,-1.));
#5314=DIRECTION('center_axis',(0.,-1.,0.));
#5315=DIRECTION('ref_axis',(-0.707106781186547,0.,0.707106781186547));
#5316=DIRECTION('center_axis',(0.,0.,1.));
#5317=DIRECTION('ref_axis',(-1.,0.,0.));
#5318=DIRECTION('center_axis',(1.,0.,0.));
#5319=DIRECTION('ref_axis',(0.,0.,1.));
#5320=DIRECTION('center_axis',(0.,-1.,0.));
#5321=DIRECTION('ref_axis',(0.707106781186548,0.,0.707106781186547));
#5322=DIRECTION('center_axis',(0.,-1.,0.));
#5323=DIRECTION('ref_axis',(0.707106781186547,0.,0.707106781186547));
#5324=DIRECTION('',(0.,-1.,0.));
#5325=DIRECTION('',(0.,-1.,0.));
#5326=DIRECTION('center_axis',(0.,-1.,0.));
#5327=DIRECTION('ref_axis',(0.,0.,-1.));
#5328=DIRECTION('center_axis',(0.,0.,-1.));
#5329=DIRECTION('ref_axis',(1.,0.,0.));
#5330=DIRECTION('center_axis',(1.,0.,5.55111512312575E-15));
#5331=DIRECTION('ref_axis',(-5.55111512312575E-15,0.,1.));
#5332=DIRECTION('center_axis',(-1.,0.,0.));
#5333=DIRECTION('ref_axis',(0.,-0.707106781186548,0.707106781186548));
#5334=DIRECTION('',(-1.,0.,0.));
#5335=DIRECTION('center_axis',(0.,0.,-1.));
#5336=DIRECTION('ref_axis',(-1.,0.,0.));
#5337=DIRECTION('',(0.,1.,0.));
#5338=DIRECTION('center_axis',(0.,0.,1.));
#5339=DIRECTION('ref_axis',(0.000476095744990566,-0.999999886666414,0.));
#5340=DIRECTION('',(0.999999565867205,0.000931807598895702,0.));
#5341=DIRECTION('center_axis',(0.,0.,1.));
#5342=DIRECTION('ref_axis',(-0.999845182193437,-0.0175957848524205,0.));
#5343=DIRECTION('',(0.,1.,0.));
#5344=DIRECTION('',(0.,-1.,0.));
#5345=DIRECTION('center_axis',(0.,1.,0.));
#5346=DIRECTION('ref_axis',(-0.707106781186548,0.,0.707106781186547));
#5347=DIRECTION('',(0.,-1.,0.));
#5348=DIRECTION('center_axis',(0.000931807598895702,-0.999999565867205,
0.));
#5349=DIRECTION('ref_axis',(-0.999999565867205,-0.000931807598895702,0.));
#5350=DIRECTION('',(-0.9999995539288,-0.000931807587771401,-0.000154521260347006));
#5351=DIRECTION('',(-0.999999478832475,-0.000931807517796044,0.00041721640422853));
#5352=DIRECTION('',(-0.999999104691946,-0.000931807169168904,-0.000960390913468186));
#5353=DIRECTION('',(-0.999999422473962,-0.000931807465280731,0.000535524593440418));
#5354=DIRECTION('',(0.,0.,-1.));
#5355=DIRECTION('center_axis',(0.,-1.,0.));
#5356=DIRECTION('ref_axis',(1.,0.,0.));
#5357=DIRECTION('center_axis',(0.,1.,0.));
#5358=DIRECTION('ref_axis',(1.,0.,0.));
#5359=DIRECTION('center_axis',(0.,1.,0.));
#5360=DIRECTION('ref_axis',(-1.,0.,1.57772181044202E-29));
#5361=DIRECTION('center_axis',(0.,-1.,0.));
#5362=DIRECTION('ref_axis',(1.,0.,0.));
#5363=DIRECTION('center_axis',(0.,1.,0.));
#5364=DIRECTION('ref_axis',(1.,0.,0.));
#5365=DIRECTION('center_axis',(0.,1.,0.));
#5366=DIRECTION('ref_axis',(-1.,0.,1.57772181044202E-29));
#5367=DIRECTION('center_axis',(0.,-1.,0.));
#5368=DIRECTION('ref_axis',(1.,0.,0.));
#5369=DIRECTION('center_axis',(0.,1.,0.));
#5370=DIRECTION('ref_axis',(1.,0.,0.));
#5371=DIRECTION('center_axis',(0.,-1.,0.));
#5372=DIRECTION('ref_axis',(1.,0.,0.));
#5373=DIRECTION('center_axis',(0.,1.,0.));
#5374=DIRECTION('ref_axis',(1.,0.,0.));
#5375=DIRECTION('center_axis',(0.,1.,0.));
#5376=DIRECTION('ref_axis',(-1.,0.,1.57772181044202E-29));
#5377=DIRECTION('center_axis',(0.,1.,0.));
#5378=DIRECTION('ref_axis',(1.,0.,0.));
#5379=DIRECTION('',(0.,1.,0.));
#5380=DIRECTION('center_axis',(0.,1.,0.));
#5381=DIRECTION('ref_axis',(1.,0.,0.));
#5382=DIRECTION('',(0.,1.,0.));
#5383=DIRECTION('center_axis',(0.,1.,0.));
#5384=DIRECTION('ref_axis',(1.,0.,0.));
#5385=DIRECTION('',(0.,1.,0.));
#5386=DIRECTION('center_axis',(0.,1.,0.));
#5387=DIRECTION('ref_axis',(1.,0.,0.));
#5388=DIRECTION('',(0.,1.,0.));
#5389=DIRECTION('center_axis',(1.,0.,0.));
#5390=DIRECTION('ref_axis',(0.,0.,-1.));
#5391=DIRECTION('',(0.,1.,0.));
#5392=DIRECTION('',(0.,0.,1.));
#5393=DIRECTION('',(0.,-1.,0.));
#5394=DIRECTION('center_axis',(0.,1.,0.));
#5395=DIRECTION('ref_axis',(0.,0.,1.));
#5396=DIRECTION('',(1.,0.,0.));
#5397=DIRECTION('',(-1.,0.,3.16610098410403E-16));
#5398=DIRECTION('center_axis',(0.,-1.,0.));
#5399=DIRECTION('ref_axis',(-1.,0.,1.57772181044202E-29));
#5400=DIRECTION('',(0.,-1.,0.));
#5401=DIRECTION('center_axis',(0.,-1.,0.));
#5402=DIRECTION('ref_axis',(-1.,0.,1.57772181044202E-29));
#5403=DIRECTION('',(0.,-1.,0.));
#5404=DIRECTION('center_axis',(0.,-1.,0.));
#5405=DIRECTION('ref_axis',(-1.,0.,1.57772181044202E-29));
#5406=DIRECTION('',(0.,-1.,0.));
#5407=DIRECTION('center_axis',(0.,0.,1.));
#5408=DIRECTION('ref_axis',(-1.,0.,0.));
#5409=DIRECTION('center_axis',(0.,0.,-1.));
#5410=DIRECTION('ref_axis',(-0.707106781186548,-0.707106781186548,0.));
#5411=DIRECTION('center_axis',(0.,0.,1.));
#5412=DIRECTION('ref_axis',(-1.,0.,0.));
#5413=DIRECTION('',(0.,0.,-1.));
#5414=DIRECTION('center_axis',(0.,-1.,0.));
#5415=DIRECTION('ref_axis',(0.706411994354774,0.,-0.707800886006587));
#5416=DIRECTION('center_axis',(0.,0.,-1.));
#5417=DIRECTION('ref_axis',(-1.,0.,0.));
#5418=DIRECTION('center_axis',(0.,0.,1.));
#5419=DIRECTION('ref_axis',(1.,0.,0.));
#5420=DIRECTION('center_axis',(0.,-1.,0.));
#5421=DIRECTION('ref_axis',(1.,0.,0.));
#5422=DIRECTION('center_axis',(1.,0.,0.));
#5423=DIRECTION('ref_axis',(0.,-0.707106781186548,-0.707106781186548));
#5424=DIRECTION('center_axis',(1.,0.,0.));
#5425=DIRECTION('ref_axis',(0.,-1.,0.));
#5426=DIRECTION('',(1.,0.,0.));
#5427=DIRECTION('center_axis',(-1.,0.,0.));
#5428=DIRECTION('ref_axis',(0.,0.,-1.));
#5429=DIRECTION('center_axis',(0.,-1.,0.));
#5430=DIRECTION('ref_axis',(0.,0.,-1.));
#5431=DIRECTION('center_axis',(0.,-1.,0.));
#5432=DIRECTION('ref_axis',(0.707106781186548,0.,-0.707106781186547));
#5433=DIRECTION('center_axis',(0.,0.,-1.));
#5434=DIRECTION('ref_axis',(1.,0.,0.));
#5435=DIRECTION('center_axis',(0.,0.,1.));
#5436=DIRECTION('ref_axis',(0.707106781186548,-0.707106781186548,0.));
#5437=DIRECTION('',(0.,0.,1.));
#5438=DIRECTION('center_axis',(0.,0.,-1.));
#5439=DIRECTION('ref_axis',(-0.999845182193437,-0.0175957848524205,0.));
#5440=DIRECTION('center_axis',(-0.000535524825929241,0.,-0.99999985660657));
#5441=DIRECTION('ref_axis',(-0.99999985660657,7.14123239265042E-13,0.000535524825929241));
#5442=DIRECTION('center_axis',(0.,-1.,0.));
#5443=DIRECTION('ref_axis',(0.,0.,-1.));
#5444=DIRECTION('center_axis',(0.,-1.,0.));
#5445=DIRECTION('ref_axis',(-0.707106781186547,0.,-0.707106781186547));
#5446=DIRECTION('center_axis',(0.,0.,1.));
#5447=DIRECTION('ref_axis',(1.,0.,0.));
#5448=DIRECTION('',(0.,-1.,0.));
#5449=DIRECTION('',(0.,-1.,0.));
#5450=DIRECTION('center_axis',(0.,1.,0.));
#5451=DIRECTION('ref_axis',(0.707106781186548,0.,-0.707106781186547));
#5452=DIRECTION('',(0.,-1.,0.));
#5453=DIRECTION('center_axis',(1.,0.,0.));
#5454=DIRECTION('ref_axis',(0.,0.,1.));
#5455=DIRECTION('center_axis',(-0.00015452132742978,0.,0.99999998806158));
#5456=DIRECTION('ref_axis',(-0.99999998806158,-1.71553134846145E-20,-0.00015452132742978));
#5457=DIRECTION('',(0.,1.,0.));
#5458=DIRECTION('center_axis',(0.000417216585355901,0.,0.999999912965157));
#5459=DIRECTION('ref_axis',(-0.999999912965157,4.63203459972948E-20,0.000417216585355901));
#5460=DIRECTION('',(0.,1.,0.));
#5461=DIRECTION('center_axis',(-0.000960391330405174,0.,0.99999953882414));
#5462=DIRECTION('ref_axis',(-0.99999953882414,-1.06624856700293E-19,-0.000960391330405174));
#5463=DIRECTION('',(0.,-1.,0.));
#5464=DIRECTION('center_axis',(0.000535524825929241,0.,0.99999985660657));
#5465=DIRECTION('ref_axis',(-0.99999985660657,5.94551992672453E-20,0.000535524825929241));
#5466=DIRECTION('center_axis',(-1.,0.,0.));
#5467=DIRECTION('ref_axis',(0.,0.,-1.));
#5468=DIRECTION('',(0.,-1.,0.));
#5469=DIRECTION('center_axis',(0.,-1.,0.));
#5470=DIRECTION('ref_axis',(-0.707106781186548,0.,-0.707106781186547));
#5471=DIRECTION('center_axis',(0.,1.,0.));
#5472=DIRECTION('ref_axis',(-0.707106781186547,0.,0.707106781186548));
#5473=DIRECTION('center_axis',(0.,1.,0.));
#5474=DIRECTION('ref_axis',(0.707106781186548,0.,0.707106781186547));
#5475=DIRECTION('',(-1.38777818521108E-16,-4.44089208671348E-15,-0.999999999999996));
#5476=DIRECTION('',(0.999999999999999,2.85882427103902E-15,2.22044604925015E-16));
#5477=DIRECTION('center_axis',(0.,0.,1.));
#5478=DIRECTION('ref_axis',(1.,0.,0.));
#5479=CARTESIAN_POINT('',(0.,0.,0.));
#5480=CARTESIAN_POINT('',(0.,0.,0.));
#5481=CARTESIAN_POINT('Origin',(20.4353975975731,-7.99999999999998,2.07658416805977));
#5482=CARTESIAN_POINT('',(20.4353975975731,-7.99999999999998,2.07658416805977));
#5483=CARTESIAN_POINT('',(23.6381005966881,-7.99999999999998,3.92253018198723));
#5484=CARTESIAN_POINT('',(13.5283588511256,-8.,-1.90443456691832));
#5485=CARTESIAN_POINT('',(20.4353975975731,-7.69999999999998,2.07658416805977));
#5486=CARTESIAN_POINT('',(20.4353975975731,-7.99999999999998,2.07658416805977));
#5487=CARTESIAN_POINT('',(23.6381005966881,-7.69999999999998,3.92253018198723));
#5488=CARTESIAN_POINT('',(20.4353975975731,-7.69999999999998,2.07658416805977));
#5489=CARTESIAN_POINT('',(23.6381005966881,-7.99999999999998,3.92253018198723));
#5490=CARTESIAN_POINT('Origin',(20.4353975975731,-7.99999999999998,5.77117896853203));
#5491=CARTESIAN_POINT('',(20.4353975975731,-7.99999999999998,5.77117896853203));
#5492=CARTESIAN_POINT('',(20.4353975975731,-8.,4.38558950661776));
#5493=CARTESIAN_POINT('',(20.4353975975731,-7.69999999999998,5.77117896853203));
#5494=CARTESIAN_POINT('',(20.4353975975731,-7.99999999999998,5.77117896853203));
#5495=CARTESIAN_POINT('',(20.4353975975731,-7.69999999999998,5.77117896853203));
#5496=CARTESIAN_POINT('Origin',(23.6381005966881,-7.99999999999998,3.92253018198723));
#5497=CARTESIAN_POINT('',(15.5350519072172,-8.,8.59973288584177));
#5498=CARTESIAN_POINT('',(23.6381005966881,-7.69999999999998,3.92253018198723));
#5499=CARTESIAN_POINT('Origin',(24.1705327952126,-7.99999999999998,3.92253018198723));
#5500=CARTESIAN_POINT('',(24.1705327952126,-7.99999999999998,3.92253018198723));
#5501=CARTESIAN_POINT('',(20.1705327356079,-7.99999999999998,1.61442204592937));
#5502=CARTESIAN_POINT('',(15.4670254430558,-8.,-1.09962877611486));
#5503=CARTESIAN_POINT('',(24.1705327952126,-7.69999999999997,3.92253018198723));
#5504=CARTESIAN_POINT('',(24.1705327952126,-7.99999999999998,3.92253018198723));
#5505=CARTESIAN_POINT('',(20.1705327356079,-7.69999999999998,1.61442204592937));
#5506=CARTESIAN_POINT('',(24.1705327952126,-7.69999999999997,3.92253018198723));
#5507=CARTESIAN_POINT('',(20.1705327356079,-7.99999999999998,1.61442204592937));
#5508=CARTESIAN_POINT('Origin',(20.1705327356079,-7.99999999999998,6.23334146319145));
#5509=CARTESIAN_POINT('',(20.1705327356079,-7.99999999999998,6.23334146319145));
#5510=CARTESIAN_POINT('',(13.8714731367305,-8.,9.87232590448225));
#5511=CARTESIAN_POINT('',(20.1705327356079,-7.69999999999998,6.23334146319145));
#5512=CARTESIAN_POINT('',(20.1705327356079,-7.99999999999998,6.23334146319145));
#5513=CARTESIAN_POINT('',(20.1705327356079,-7.69999999999998,6.23334146319145));
#5514=CARTESIAN_POINT('Origin',(20.1705327356079,-7.99999999999998,1.61442204592937));
#5515=CARTESIAN_POINT('',(20.1705327356079,-8.,2.30721104531643));
#5516=CARTESIAN_POINT('',(20.1705327356079,-7.69999999999998,1.61442204592937));
#5517=CARTESIAN_POINT('Origin',(22.1705327654102,-7.69999999999998,3.92388175456041));
#5518=CARTESIAN_POINT('Origin',(0.0758507559795962,-7.99999999999998,25.4327380119421));
#5519=CARTESIAN_POINT('',(0.0758507559795962,-7.99999999999998,25.4327380119421));
#5520=CARTESIAN_POINT('',(-1.76058268012304,-7.99999999999998,22.2257120976603));
#5521=CARTESIAN_POINT('',(-4.58512027226211,-8.,17.2931264260135));
#5522=CARTESIAN_POINT('',(0.075850755979596,-7.69999999999998,25.4327380119421));
#5523=CARTESIAN_POINT('',(0.0758507559795962,-7.99999999999998,25.4327380119421));
#5524=CARTESIAN_POINT('',(-1.76058268012304,-7.69999999999998,22.2257120976603));
#5525=CARTESIAN_POINT('',(0.075850755979596,-7.69999999999998,25.4327380119421));
#5526=CARTESIAN_POINT('',(-1.76058268012304,-7.99999999999998,22.2257120976603));
#5527=CARTESIAN_POINT('Origin',(1.9339852597725,-7.99999999999998,22.2398002903265));
#5528=CARTESIAN_POINT('',(1.9339852597725,-7.99999999999998,22.2398002903265));
#5529=CARTESIAN_POINT('',(6.06109388627144,-8.,15.1479558690239));
#5530=CARTESIAN_POINT('',(1.9339852597725,-7.69999999999998,22.2398002903265));
#5531=CARTESIAN_POINT('',(1.9339852597725,-7.99999999999998,22.2398002903265));
#5532=CARTESIAN_POINT('',(1.9339852597725,-7.69999999999998,22.2398002903265));
#5533=CARTESIAN_POINT('Origin',(-1.76058268012304,-7.99999999999998,22.2257120976603));
#5534=CARTESIAN_POINT('',(-0.166970415852758,-8.,22.2317888885001));
#5535=CARTESIAN_POINT('',(-1.76058268012304,-7.69999999999998,22.2257120976603));
#5536=CARTESIAN_POINT('Origin',(-2.22172093242929,-7.99999999999998,21.9563840971376));
#5537=CARTESIAN_POINT('',(-2.22172093242929,-7.99999999999998,21.9563840971376));
#5538=CARTESIAN_POINT('',(0.0738204884680549,-7.99999999999998,25.9651669356008));
#5539=CARTESIAN_POINT('',(-5.84946893832586,-8.,15.6211231360774));
#5540=CARTESIAN_POINT('',(-2.22172093242929,-7.69999999999998,21.9563840971376));
#5541=CARTESIAN_POINT('',(-2.22172093242929,-7.99999999999998,21.9563840971376));
#5542=CARTESIAN_POINT('',(0.0738204884680547,-7.69999999999998,25.9651669356008));
#5543=CARTESIAN_POINT('',(-2.22172093242929,-7.69999999999998,21.9563840971376));
#5544=CARTESIAN_POINT('',(0.0738204884680549,-7.99999999999998,25.9651669356008));
#5545=CARTESIAN_POINT('Origin',(2.39716468068203,-7.99999999999998,21.9739969145168));
#5546=CARTESIAN_POINT('',(2.39716468068203,-7.99999999999998,21.9739969145168));
#5547=CARTESIAN_POINT('',(1.91241340769007,-8.,21.972148452277));
#5548=CARTESIAN_POINT('',(2.39716468068203,-7.69999999999998,21.9739969145168));
#5549=CARTESIAN_POINT('',(2.39716468068203,-7.99999999999998,21.9739969145168));
#5550=CARTESIAN_POINT('',(2.39716468068203,-7.69999999999998,21.9739969145168));
#5551=CARTESIAN_POINT('Origin',(0.0738204884680549,-7.99999999999998,25.9651669356008));
#5552=CARTESIAN_POINT('',(5.24678059883589,-8.,17.0787680189214));
#5553=CARTESIAN_POINT('',(0.0738204884680547,-7.69999999999998,25.9651669356008));
#5554=CARTESIAN_POINT('Origin',(0.0877218741263695,-7.69999999999998,23.9607755163692));
#5555=CARTESIAN_POINT('Origin',(-18.2769659455419,-7.99999999999999,5.15005307322205));
#5556=CARTESIAN_POINT('',(-18.2769659455419,-7.99999999999999,5.15005307322205));
#5557=CARTESIAN_POINT('',(-21.4909688804317,-7.99999999999999,3.32585870161546));
#5558=CARTESIAN_POINT('',(-11.2593305980919,-8.,9.13310198828));
#5559=CARTESIAN_POINT('',(-18.2769659455419,-7.69999999999999,5.15005307322205));
#5560=CARTESIAN_POINT('',(-18.2769659455419,-7.99999999999999,5.15005307322205));
#5561=CARTESIAN_POINT('',(-21.4909688804317,-7.69999999999999,3.32585870161546));
#5562=CARTESIAN_POINT('',(-18.2769659455419,-7.69999999999999,5.15005307322205));
#5563=CARTESIAN_POINT('',(-21.4909688804317,-7.99999999999999,3.32585870161546));
#5564=CARTESIAN_POINT('Origin',(-18.3045458224506,-7.99999999999999,1.45590179429313));
#5565=CARTESIAN_POINT('',(-18.3045458224506,-7.99999999999999,1.45590179429313));
#5566=CARTESIAN_POINT('',(-18.2982302550522,-8.,2.30183237836022));
#5567=CARTESIAN_POINT('',(-18.3045458224506,-7.69999999999999,1.45590179429313));
#5568=CARTESIAN_POINT('',(-18.3045458224506,-7.99999999999999,1.45590179429313));
#5569=CARTESIAN_POINT('',(-18.3045458224506,-7.69999999999999,1.45590179429313));
#5570=CARTESIAN_POINT('Origin',(-21.4909688804317,-7.99999999999999,3.32585870161546));
#5571=CARTESIAN_POINT('',(-12.8691700289636,-8.,-1.73385622715525));
#5572=CARTESIAN_POINT('',(-21.4909688804317,-7.69999999999999,3.32585870161546));
#5573=CARTESIAN_POINT('Origin',(-22.0249877331817,-7.99999999999999,3.32900902116005));
#5574=CARTESIAN_POINT('',(-22.0249877331817,-7.99999999999999,3.32900902116005));
#5575=CARTESIAN_POINT('',(-18.0074840576322,-7.99999999999999,5.60925258631324));
#5576=CARTESIAN_POINT('',(-13.1990763646999,-8.,8.33839525447576));
#5577=CARTESIAN_POINT('',(-22.0249877331817,-7.69999999999999,3.32900902116005));
#5578=CARTESIAN_POINT('',(-22.0249877331817,-7.99999999999999,3.32900902116005));
#5579=CARTESIAN_POINT('',(-18.0074840576322,-7.69999999999999,5.60925258631324));
#5580=CARTESIAN_POINT('',(-22.0249877331817,-7.69999999999999,3.32900902116005));
#5581=CARTESIAN_POINT('',(-18.0074840576322,-7.99999999999999,5.60925258631324));
#5582=CARTESIAN_POINT('Origin',(-18.0413761555282,-7.99999999999999,0.991220896301961));
#5583=CARTESIAN_POINT('',(-18.0413761555282,-7.99999999999999,0.991220896301961));
#5584=CARTESIAN_POINT('',(-11.2120860914846,-8.,-3.01655769900392));
#5585=CARTESIAN_POINT('',(-18.0413761555282,-7.69999999999999,0.991220896301961));
#5586=CARTESIAN_POINT('',(-18.0413761555282,-7.99999999999999,0.991220896301961));
#5587=CARTESIAN_POINT('',(-18.0413761555282,-7.69999999999999,0.991220896301961));
#5588=CARTESIAN_POINT('Origin',(-18.0074840576322,-7.99999999999999,5.60925258631324));
#5589=CARTESIAN_POINT('',(-18.0165329682887,-8.,4.37627620638139));
#5590=CARTESIAN_POINT('',(-18.0074840576322,-7.69999999999999,5.60925258631325));
#5591=CARTESIAN_POINT('Origin',(-20.016235895407,-7.69999999999999,3.30023674130761));
#5592=CARTESIAN_POINT('Ctrl Pts',(-19.700005325086,-7.99999999999999,26.1003891696004));
#5593=CARTESIAN_POINT('Ctrl Pts',(-19.700005325086,-7.69999999999999,26.1003891696004));
#5594=CARTESIAN_POINT('Ctrl Pts',(-19.8018986492557,-7.99999999999999,25.976688259622));
#5595=CARTESIAN_POINT('Ctrl Pts',(-19.8018986492557,-7.69999999999999,25.976688259622));
#5596=CARTESIAN_POINT('Ctrl Pts',(-20.0057326648048,-7.99999999999999,25.7292289347505));
#5597=CARTESIAN_POINT('Ctrl Pts',(-20.0057326648048,-7.69999999999999,25.7292289347505));
#5598=CARTESIAN_POINT('Ctrl Pts',(-20.0334672478482,-7.99999999999999,25.4098263372148));
#5599=CARTESIAN_POINT('Ctrl Pts',(-20.0334672478482,-7.69999999999999,25.4098263372148));
#5600=CARTESIAN_POINT('Ctrl Pts',(-20.0473377618688,-7.99999999999999,25.2500879268547));
#5601=CARTESIAN_POINT('Ctrl Pts',(-20.0473377618688,-7.69999999999999,25.2500879268547));
#5602=CARTESIAN_POINT('',(-19.700005325086,-7.99999999999999,26.1003891696004));
#5603=CARTESIAN_POINT('',(-20.0473377618688,-7.99999999999999,25.2500879268547));
#5604=CARTESIAN_POINT('Ctrl Pts',(-19.700005325086,-7.99999999999999,26.1003891696004));
#5605=CARTESIAN_POINT('Ctrl Pts',(-19.8018986492557,-7.99999999999999,25.976688259622));
#5606=CARTESIAN_POINT('Ctrl Pts',(-20.0057326648048,-7.99999999999999,25.7292289347505));
#5607=CARTESIAN_POINT('Ctrl Pts',(-20.0334672478482,-7.99999999999999,25.4098263372148));
#5608=CARTESIAN_POINT('Ctrl Pts',(-20.0473377618688,-7.99999999999999,25.2500879268547));
#5609=CARTESIAN_POINT('',(-19.700005325086,-7.69999999999999,26.1003891696004));
#5610=CARTESIAN_POINT('',(-19.700005325086,-7.99999999999999,26.1003891696004));
#5611=CARTESIAN_POINT('',(-20.0473377618688,-7.69999999999999,25.2500879268547));
#5612=CARTESIAN_POINT('Ctrl Pts',(-19.700005325086,-7.69999999999999,26.1003891696004));
#5613=CARTESIAN_POINT('Ctrl Pts',(-19.8018986492557,-7.69999999999999,25.976688259622));
#5614=CARTESIAN_POINT('Ctrl Pts',(-20.0057326648048,-7.69999999999999,25.7292289347505));
#5615=CARTESIAN_POINT('Ctrl Pts',(-20.0334672478482,-7.69999999999999,25.4098263372148));
#5616=CARTESIAN_POINT('Ctrl Pts',(-20.0473377618688,-7.69999999999999,25.2500879268547));
#5617=CARTESIAN_POINT('',(-20.0473377618688,-7.99999999999999,25.2500879268547));
#5618=CARTESIAN_POINT('Ctrl Pts',(-18.8530281686666,-7.99999999999999,26.4557515716856));
#5619=CARTESIAN_POINT('Ctrl Pts',(-18.8530281686666,-7.69999999999999,26.4557515716856));
#5620=CARTESIAN_POINT('Ctrl Pts',(-19.0126282934365,-7.99999999999999,26.4403701941495));
#5621=CARTESIAN_POINT('Ctrl Pts',(-19.0126282934365,-7.69999999999999,26.4403701941495));
#5622=CARTESIAN_POINT('Ctrl Pts',(-19.3317542655163,-7.99999999999999,26.409614597528));
#5623=CARTESIAN_POINT('Ctrl Pts',(-19.3317542655163,-7.69999999999999,26.409614597528));
#5624=CARTESIAN_POINT('Ctrl Pts',(-19.5772740203653,-7.99999999999999,26.203448316984));
#5625=CARTESIAN_POINT('Ctrl Pts',(-19.5772740203653,-7.69999999999999,26.203448316984));
#5626=CARTESIAN_POINT('Ctrl Pts',(-19.700005325086,-7.99999999999999,26.1003891696004));
#5627=CARTESIAN_POINT('Ctrl Pts',(-19.700005325086,-7.69999999999999,26.1003891696004));
#5628=CARTESIAN_POINT('',(-18.8530281686666,-7.99999999999999,26.4557515716856));
#5629=CARTESIAN_POINT('Ctrl Pts',(-18.8530281686666,-7.99999999999999,26.4557515716856));
#5630=CARTESIAN_POINT('Ctrl Pts',(-19.0126282934365,-7.99999999999999,26.4403701941495));
#5631=CARTESIAN_POINT('Ctrl Pts',(-19.3317542655163,-7.99999999999999,26.409614597528));
#5632=CARTESIAN_POINT('Ctrl Pts',(-19.5772740203653,-7.99999999999999,26.203448316984));
#5633=CARTESIAN_POINT('Ctrl Pts',(-19.700005325086,-7.99999999999999,26.1003891696004));
#5634=CARTESIAN_POINT('',(-18.8530281686666,-7.69999999999999,26.4557515716856));
#5635=CARTESIAN_POINT('',(-18.8530281686666,-7.99999999999999,26.4557515716856));
#5636=CARTESIAN_POINT('Ctrl Pts',(-18.8530281686666,-7.69999999999999,26.4557515716856));
#5637=CARTESIAN_POINT('Ctrl Pts',(-19.0126282934365,-7.69999999999999,26.4403701941495));
#5638=CARTESIAN_POINT('Ctrl Pts',(-19.3317542655163,-7.69999999999999,26.409614597528));
#5639=CARTESIAN_POINT('Ctrl Pts',(-19.5772740203653,-7.69999999999999,26.203448316984));
#5640=CARTESIAN_POINT('Ctrl Pts',(-19.700005325086,-7.69999999999999,26.1003891696004));
#5641=CARTESIAN_POINT('Ctrl Pts',(-18.0027266264911,-7.99999999999999,26.1084188382928));
#5642=CARTESIAN_POINT('Ctrl Pts',(-18.0027266264911,-7.69999999999999,26.1084188382928));
#5643=CARTESIAN_POINT('Ctrl Pts',(-18.1264276056578,-7.99999999999999,26.2103124353067));
#5644=CARTESIAN_POINT('Ctrl Pts',(-18.1264276056578,-7.69999999999999,26.2103124353067));
#5645=CARTESIAN_POINT('Ctrl Pts',(-18.3738869007405,-7.99999999999999,26.4141468581249));
#5646=CARTESIAN_POINT('Ctrl Pts',(-18.3738869007405,-7.69999999999999,26.4141468581249));
#5647=CARTESIAN_POINT('Ctrl Pts',(-18.6932897439597,-7.99999999999999,26.4418811918009));
#5648=CARTESIAN_POINT('Ctrl Pts',(-18.6932897439597,-7.69999999999999,26.4418811918009));
#5649=CARTESIAN_POINT('Ctrl Pts',(-18.8530281686666,-7.99999999999999,26.4557515716856));
#5650=CARTESIAN_POINT('Ctrl Pts',(-18.8530281686666,-7.69999999999999,26.4557515716856));
#5651=CARTESIAN_POINT('',(-18.0027266264911,-7.99999999999999,26.1084188382928));
#5652=CARTESIAN_POINT('Ctrl Pts',(-18.0027266264911,-7.99999999999999,26.1084188382928));
#5653=CARTESIAN_POINT('Ctrl Pts',(-18.1264276056578,-7.99999999999999,26.2103124353067));
#5654=CARTESIAN_POINT('Ctrl Pts',(-18.3738869007405,-7.99999999999999,26.4141468581249));
#5655=CARTESIAN_POINT('Ctrl Pts',(-18.6932897439597,-7.99999999999999,26.4418811918009));
#5656=CARTESIAN_POINT('Ctrl Pts',(-18.8530281686666,-7.99999999999999,26.4557515716856));
#5657=CARTESIAN_POINT('',(-18.0027266264911,-7.69999999999999,26.1084188382928));
#5658=CARTESIAN_POINT('',(-18.0027266264911,-7.99999999999999,26.1084188382928));
#5659=CARTESIAN_POINT('Ctrl Pts',(-18.0027266264911,-7.69999999999999,26.1084188382928));
#5660=CARTESIAN_POINT('Ctrl Pts',(-18.1264276056578,-7.69999999999999,26.2103124353067));
#5661=CARTESIAN_POINT('Ctrl Pts',(-18.3738869007405,-7.69999999999999,26.4141468581249));
#5662=CARTESIAN_POINT('Ctrl Pts',(-18.6932897439597,-7.69999999999999,26.4418811918009));
#5663=CARTESIAN_POINT('Ctrl Pts',(-18.8530281686666,-7.69999999999999,26.4557515716856));
#5664=CARTESIAN_POINT('Ctrl Pts',(-17.6473648218556,-7.99999999999999,25.2614419770734));
#5665=CARTESIAN_POINT('Ctrl Pts',(-17.6473648218556,-7.69999999999999,25.2614419770734));
#5666=CARTESIAN_POINT('Ctrl Pts',(-17.6627459758176,-7.99999999999999,25.4210420039818));
#5667=CARTESIAN_POINT('Ctrl Pts',(-17.6627459758176,-7.69999999999999,25.4210420039818));
#5668=CARTESIAN_POINT('Ctrl Pts',(-17.6935011386467,-7.99999999999999,25.740167917891));
#5669=CARTESIAN_POINT('Ctrl Pts',(-17.6935011386467,-7.69999999999999,25.740167917891));
#5670=CARTESIAN_POINT('Ctrl Pts',(-17.8996674295178,-7.99999999999999,25.9856875446796));
#5671=CARTESIAN_POINT('Ctrl Pts',(-17.8996674295178,-7.69999999999999,25.9856875446796));
#5672=CARTESIAN_POINT('Ctrl Pts',(-18.0027266264911,-7.99999999999999,26.1084188382928));
#5673=CARTESIAN_POINT('Ctrl Pts',(-18.0027266264911,-7.69999999999999,26.1084188382928));
#5674=CARTESIAN_POINT('',(-17.6473648218556,-7.99999999999999,25.2614419770734));
#5675=CARTESIAN_POINT('Ctrl Pts',(-17.6473648218556,-7.99999999999999,25.2614419770734));
#5676=CARTESIAN_POINT('Ctrl Pts',(-17.6627459758176,-7.99999999999999,25.4210420039818));
#5677=CARTESIAN_POINT('Ctrl Pts',(-17.6935011386467,-7.99999999999999,25.740167917891));
#5678=CARTESIAN_POINT('Ctrl Pts',(-17.8996674295178,-7.99999999999999,25.9856875446796));
#5679=CARTESIAN_POINT('Ctrl Pts',(-18.0027266264911,-7.99999999999999,26.1084188382928));
#5680=CARTESIAN_POINT('',(-17.6473648218556,-7.69999999999999,25.2614419770734));
#5681=CARTESIAN_POINT('',(-17.6473648218556,-7.99999999999999,25.2614419770734));
#5682=CARTESIAN_POINT('Ctrl Pts',(-17.6473648218556,-7.69999999999999,25.2614419770734));
#5683=CARTESIAN_POINT('Ctrl Pts',(-17.6627459758176,-7.69999999999999,25.4210420039818));
#5684=CARTESIAN_POINT('Ctrl Pts',(-17.6935011386467,-7.69999999999999,25.740167917891));
#5685=CARTESIAN_POINT('Ctrl Pts',(-17.8996674295178,-7.69999999999999,25.9856875446796));
#5686=CARTESIAN_POINT('Ctrl Pts',(-18.0027266264911,-7.69999999999999,26.1084188382928));
#5687=CARTESIAN_POINT('Origin',(-17.6407416253072,-7.99999999999999,23.8614576378908));
#5688=CARTESIAN_POINT('',(-17.6407416253072,-7.99999999999999,23.8614576378908));
#5689=CARTESIAN_POINT('',(-17.5911817212798,-8.,13.3856867645703));
#5690=CARTESIAN_POINT('',(-17.6407416253072,-7.69999999999999,23.8614576378908));
#5691=CARTESIAN_POINT('',(-17.6407416253072,-7.99999999999999,23.8614576378908));
#5692=CARTESIAN_POINT('',(-17.6407416253072,-7.69999999999999,23.8614576378908));
#5693=CARTESIAN_POINT('Origin',(-17.2407458869551,-7.99999999999999,23.8633499807688));
#5694=CARTESIAN_POINT('',(-17.2407458869551,-7.99999999999999,23.8633499807688));
#5695=CARTESIAN_POINT('',(-7.9199328363291,-8.,23.9074458860566));
#5696=CARTESIAN_POINT('',(-17.2407458869551,-7.69999999999999,23.8633499807688));
#5697=CARTESIAN_POINT('',(-17.2407458869551,-7.99999999999999,23.8633499807688));
#5698=CARTESIAN_POINT('',(-17.2407458869551,-7.69999999999999,23.8633499807688));
#5699=CARTESIAN_POINT('Origin',(-17.2473690835035,-7.99999999999999,25.2633343199515));
#5700=CARTESIAN_POINT('',(-17.2473690835035,-7.99999999999999,25.2633343199515));
#5701=CARTESIAN_POINT('',(-17.1944975812019,-8.,14.0875712770397));
#5702=CARTESIAN_POINT('',(-17.2473690835035,-7.69999999999999,25.2633343199515));
#5703=CARTESIAN_POINT('',(-17.2473690835035,-7.99999999999999,25.2633343199515));
#5704=CARTESIAN_POINT('',(-17.2473690835035,-7.69999999999999,25.2633343199515));
#5705=CARTESIAN_POINT('Ctrl Pts',(-17.7216334969336,-7.99999999999999,26.3921842614696));
#5706=CARTESIAN_POINT('Ctrl Pts',(-17.7216334969336,-7.69999999999999,26.3921842614696));
#5707=CARTESIAN_POINT('Ctrl Pts',(-17.5840898253094,-7.99999999999999,26.2285214127908));
#5708=CARTESIAN_POINT('Ctrl Pts',(-17.5840898253094,-7.69999999999999,26.2285214127908));
#5709=CARTESIAN_POINT('Ctrl Pts',(-17.309117637888,-7.99999999999999,25.9013327390453));
#5710=CARTESIAN_POINT('Ctrl Pts',(-17.309117637888,-7.69999999999999,25.9013327390453));
#5711=CARTESIAN_POINT('Ctrl Pts',(-17.2679461875565,-7.99999999999999,25.4759410762754));
#5712=CARTESIAN_POINT('Ctrl Pts',(-17.2679461875565,-7.69999999999999,25.4759410762754));
#5713=CARTESIAN_POINT('Ctrl Pts',(-17.2473690835035,-7.99999999999999,25.2633343199515));
#5714=CARTESIAN_POINT('Ctrl Pts',(-17.2473690835035,-7.69999999999999,25.2633343199515));
#5715=CARTESIAN_POINT('',(-17.7216334969336,-7.99999999999999,26.3921842614696));
#5716=CARTESIAN_POINT('Ctrl Pts',(-17.7216334969336,-7.99999999999999,26.3921842614696));
#5717=CARTESIAN_POINT('Ctrl Pts',(-17.5840898253094,-7.99999999999999,26.2285214127908));
#5718=CARTESIAN_POINT('Ctrl Pts',(-17.309117637888,-7.99999999999999,25.9013327390453));
#5719=CARTESIAN_POINT('Ctrl Pts',(-17.2679461875565,-7.99999999999999,25.4759410762754));
#5720=CARTESIAN_POINT('Ctrl Pts',(-17.2473690835035,-7.99999999999999,25.2633343199515));
#5721=CARTESIAN_POINT('',(-17.7216334969336,-7.69999999999999,26.3921842614696));
#5722=CARTESIAN_POINT('',(-17.7216334969336,-7.99999999999999,26.3921842614696));
#5723=CARTESIAN_POINT('Ctrl Pts',(-17.7216334969336,-7.69999999999999,26.3921842614696));
#5724=CARTESIAN_POINT('Ctrl Pts',(-17.5840898253094,-7.69999999999999,26.2285214127908));
#5725=CARTESIAN_POINT('Ctrl Pts',(-17.309117637888,-7.69999999999999,25.9013327390453));
#5726=CARTESIAN_POINT('Ctrl Pts',(-17.2679461875565,-7.69999999999999,25.4759410762754));
#5727=CARTESIAN_POINT('Ctrl Pts',(-17.2473690835035,-7.69999999999999,25.2633343199515));
#5728=CARTESIAN_POINT('Ctrl Pts',(-18.8549205115446,-7.99999999999999,26.8557473100377));
#5729=CARTESIAN_POINT('Ctrl Pts',(-18.8549205115446,-7.69999999999999,26.8557473100377));
#5730=CARTESIAN_POINT('Ctrl Pts',(-18.6421286832895,-7.99999999999999,26.8371827070403));
#5731=CARTESIAN_POINT('Ctrl Pts',(-18.6421286832895,-7.69999999999999,26.8371827070403));
#5732=CARTESIAN_POINT('Ctrl Pts',(-18.2163663398749,-7.99999999999999,26.8000379118593));
#5733=CARTESIAN_POINT('Ctrl Pts',(-18.2163663398749,-7.69999999999999,26.8000379118593));
#5734=CARTESIAN_POINT('Ctrl Pts',(-17.8865905787765,-7.99999999999999,26.5281735109143));
#5735=CARTESIAN_POINT('Ctrl Pts',(-17.8865905787765,-7.69999999999999,26.5281735109143));
#5736=CARTESIAN_POINT('Ctrl Pts',(-17.7216334969336,-7.99999999999999,26.3921842614696));
#5737=CARTESIAN_POINT('Ctrl Pts',(-17.7216334969336,-7.69999999999999,26.3921842614696));
#5738=CARTESIAN_POINT('',(-18.8549205115446,-7.99999999999999,26.8557473100377));
#5739=CARTESIAN_POINT('Ctrl Pts',(-18.8549205115446,-7.99999999999999,26.8557473100377));
#5740=CARTESIAN_POINT('Ctrl Pts',(-18.6421286832895,-7.99999999999999,26.8371827070403));
#5741=CARTESIAN_POINT('Ctrl Pts',(-18.2163663398749,-7.99999999999999,26.8000379118593));
#5742=CARTESIAN_POINT('Ctrl Pts',(-17.8865905787765,-7.99999999999999,26.5281735109143));
#5743=CARTESIAN_POINT('Ctrl Pts',(-17.7216334969336,-7.99999999999999,26.3921842614696));
#5744=CARTESIAN_POINT('',(-18.8549205115446,-7.69999999999999,26.8557473100377));
#5745=CARTESIAN_POINT('',(-18.8549205115446,-7.99999999999999,26.8557473100377));
#5746=CARTESIAN_POINT('Ctrl Pts',(-18.8549205115446,-7.69999999999999,26.8557473100377));
#5747=CARTESIAN_POINT('Ctrl Pts',(-18.6421286832895,-7.69999999999999,26.8371827070403));
#5748=CARTESIAN_POINT('Ctrl Pts',(-18.2163663398749,-7.69999999999999,26.8000379118593));
#5749=CARTESIAN_POINT('Ctrl Pts',(-17.8865905787765,-7.69999999999999,26.5281735109143));
#5750=CARTESIAN_POINT('Ctrl Pts',(-17.7216334969336,-7.69999999999999,26.3921842614696));
#5751=CARTESIAN_POINT('Ctrl Pts',(-19.9837771435899,-7.99999999999999,26.3828341173736));
#5752=CARTESIAN_POINT('Ctrl Pts',(-19.9837771435899,-7.69999999999999,26.3828341173736));
#5753=CARTESIAN_POINT('Ctrl Pts',(-19.8200676455525,-7.99999999999999,26.5199839757787));
#5754=CARTESIAN_POINT('Ctrl Pts',(-19.8200676455525,-7.69999999999999,26.5199839757787));
#5755=CARTESIAN_POINT('Ctrl Pts',(-19.4926533731987,-7.99999999999999,26.7942797352275));
#5756=CARTESIAN_POINT('Ctrl Pts',(-19.4926533731987,-7.69999999999999,26.7942797352275));
#5757=CARTESIAN_POINT('Ctrl Pts',(-19.0674960874647,-7.99999999999999,26.8352583155051));
#5758=CARTESIAN_POINT('Ctrl Pts',(-19.0674960874647,-7.69999999999999,26.8352583155051));
#5759=CARTESIAN_POINT('Ctrl Pts',(-18.8549205115446,-7.99999999999999,26.8557473100377));
#5760=CARTESIAN_POINT('Ctrl Pts',(-18.8549205115446,-7.69999999999999,26.8557473100377));
#5761=CARTESIAN_POINT('',(-19.9837771435899,-7.99999999999999,26.3828341173736));
#5762=CARTESIAN_POINT('Ctrl Pts',(-19.9837771435899,-7.99999999999999,26.3828341173736));
#5763=CARTESIAN_POINT('Ctrl Pts',(-19.8200676455525,-7.99999999999999,26.5199839757787));
#5764=CARTESIAN_POINT('Ctrl Pts',(-19.4926533731987,-7.99999999999999,26.7942797352275));
#5765=CARTESIAN_POINT('Ctrl Pts',(-19.0674960874647,-7.99999999999999,26.8352583155051));
#5766=CARTESIAN_POINT('Ctrl Pts',(-18.8549205115446,-7.99999999999999,26.8557473100377));
#5767=CARTESIAN_POINT('',(-19.9837771435899,-7.69999999999999,26.3828341173736));
#5768=CARTESIAN_POINT('',(-19.9837771435899,-7.99999999999999,26.3828341173736));
#5769=CARTESIAN_POINT('Ctrl Pts',(-19.9837771435899,-7.69999999999999,26.3828341173736));
#5770=CARTESIAN_POINT('Ctrl Pts',(-19.8200676455525,-7.69999999999999,26.5199839757787));
#5771=CARTESIAN_POINT('Ctrl Pts',(-19.4926533731987,-7.69999999999999,26.7942797352275));
#5772=CARTESIAN_POINT('Ctrl Pts',(-19.0674960874647,-7.69999999999999,26.8352583155051));
#5773=CARTESIAN_POINT('Ctrl Pts',(-18.8549205115446,-7.69999999999999,26.8557473100377));
#5774=CARTESIAN_POINT('Ctrl Pts',(-20.4473332022011,-7.99999999999999,25.2481955853866));
#5775=CARTESIAN_POINT('Ctrl Pts',(-20.4473332022011,-7.69999999999999,25.2481955853866));
#5776=CARTESIAN_POINT('Ctrl Pts',(-20.4288926843829,-7.99999999999999,25.4615979006776));
#5777=CARTESIAN_POINT('Ctrl Pts',(-20.4288926843829,-7.69999999999999,25.4615979006776));
#5778=CARTESIAN_POINT('Ctrl Pts',(-20.3920532788107,-7.99999999999999,25.887920768646));
#5779=CARTESIAN_POINT('Ctrl Pts',(-20.3920532788107,-7.69999999999999,25.887920768646));
#5780=CARTESIAN_POINT('Ctrl Pts',(-20.1197666235729,-7.99999999999999,26.2179873307895));
#5781=CARTESIAN_POINT('Ctrl Pts',(-20.1197666235729,-7.69999999999999,26.2179873307895));
#5782=CARTESIAN_POINT('Ctrl Pts',(-19.9837771435899,-7.99999999999999,26.3828341173736));
#5783=CARTESIAN_POINT('Ctrl Pts',(-19.9837771435899,-7.69999999999999,26.3828341173736));
#5784=CARTESIAN_POINT('',(-20.4473332022011,-7.99999999999999,25.2481955853866));
#5785=CARTESIAN_POINT('Ctrl Pts',(-20.4473332022011,-7.99999999999999,25.2481955853866));
#5786=CARTESIAN_POINT('Ctrl Pts',(-20.4288926843829,-7.99999999999999,25.4615979006776));
#5787=CARTESIAN_POINT('Ctrl Pts',(-20.3920532788107,-7.99999999999999,25.887920768646));
#5788=CARTESIAN_POINT('Ctrl Pts',(-20.1197666235729,-7.99999999999999,26.2179873307895));
#5789=CARTESIAN_POINT('Ctrl Pts',(-19.9837771435899,-7.99999999999999,26.3828341173736));
#5790=CARTESIAN_POINT('',(-20.4473332022011,-7.69999999999999,25.2481955853866));
#5791=CARTESIAN_POINT('',(-20.4473332022011,-7.99999999999999,25.2481955853866));
#5792=CARTESIAN_POINT('Ctrl Pts',(-20.4473332022011,-7.69999999999999,25.2481955853866));
#5793=CARTESIAN_POINT('Ctrl Pts',(-20.4288926843829,-7.69999999999999,25.4615979006776));
#5794=CARTESIAN_POINT('Ctrl Pts',(-20.3920532788107,-7.69999999999999,25.887920768646));
#5795=CARTESIAN_POINT('Ctrl Pts',(-20.1197666235729,-7.69999999999999,26.2179873307895));
#5796=CARTESIAN_POINT('Ctrl Pts',(-19.9837771435899,-7.69999999999999,26.3828341173736));
#5797=CARTESIAN_POINT('Origin',(-20.4407100056527,-7.99999999999999,23.8482112462039));
#5798=CARTESIAN_POINT('',(-20.4407100056527,-7.99999999999999,23.8482112462039));
#5799=CARTESIAN_POINT('',(-20.3911501016253,-8.,13.3724403728834));
#5800=CARTESIAN_POINT('',(-20.4407100056527,-7.69999999999999,23.8482112462039));
#5801=CARTESIAN_POINT('',(-20.4407100056527,-7.99999999999999,23.8482112462039));
#5802=CARTESIAN_POINT('',(-20.4407100056527,-7.69999999999999,23.8482112462039));
#5803=CARTESIAN_POINT('Origin',(-21.240701184337,-7.99999999999999,23.8444265618577));
#5804=CARTESIAN_POINT('',(-21.240701184337,-7.99999999999999,23.8444265618577));
#5805=CARTESIAN_POINT('',(-9.9199104850202,-8.,23.8979841766012));
#5806=CARTESIAN_POINT('',(-21.240701184337,-7.69999999999999,23.8444265618577));
#5807=CARTESIAN_POINT('',(-21.240701184337,-7.99999999999999,23.8444265618577));
#5808=CARTESIAN_POINT('',(-21.240701184337,-7.69999999999999,23.8444265618577));
#5809=CARTESIAN_POINT('Origin',(-20.2359815794163,-7.99999999999999,22.8491685173825));
#5810=CARTESIAN_POINT('',(-20.2359815794163,-7.99999999999999,22.8491685173825));
#5811=CARTESIAN_POINT('',(-9.78850267594472,-8.,12.5000747281908));
#5812=CARTESIAN_POINT('',(-20.2359815794163,-7.69999999999999,22.8491685173825));
#5813=CARTESIAN_POINT('',(-20.2359815794163,-7.99999999999999,22.8491685173825));
#5814=CARTESIAN_POINT('',(-20.2359815794163,-7.69999999999999,22.8491685173825));
#5815=CARTESIAN_POINT('Origin',(-19.2407233866361,-7.99999999999999,23.8538882720182));
#5816=CARTESIAN_POINT('',(-19.2407233866361,-7.99999999999999,23.8538882720182));
#5817=CARTESIAN_POINT('',(-19.3178405856139,-8.,23.7760379475524));
#5818=CARTESIAN_POINT('',(-19.2407233866361,-7.69999999999999,23.8538882720182));
#5819=CARTESIAN_POINT('',(-19.2407233866361,-7.99999999999999,23.8538882720182));
#5820=CARTESIAN_POINT('',(-19.2407233866361,-7.69999999999999,23.8538882720182));
#5821=CARTESIAN_POINT('Origin',(-20.0407145653205,-7.99999999999999,23.850103587672));
#5822=CARTESIAN_POINT('',(-20.0407145653205,-7.99999999999999,23.850103587672));
#5823=CARTESIAN_POINT('',(-9.31991717551192,-8.,23.9008226895083));
#5824=CARTESIAN_POINT('',(-20.0407145653205,-7.69999999999999,23.850103587672));
#5825=CARTESIAN_POINT('',(-20.0407145653205,-7.99999999999999,23.850103587672));
#5826=CARTESIAN_POINT('',(-20.0407145653205,-7.69999999999999,23.850103587672));
#5827=CARTESIAN_POINT('Origin',(-20.0473377618688,-7.99999999999999,25.2500879268547));
#5828=CARTESIAN_POINT('',(-19.9944662595672,-8.,14.0743248839429));
#5829=CARTESIAN_POINT('',(-20.0473377618688,-7.69999999999999,25.2500879268547));
#5830=CARTESIAN_POINT('Origin',(-19.240723535646,-7.69999999999999,24.8524579137101));
#5831=CARTESIAN_POINT('Origin',(22.0927466586038,-7.99999999999998,25.3329636992768));
#5832=CARTESIAN_POINT('',(22.0927466586038,-7.99999999999998,25.3329636992768));
#5833=CARTESIAN_POINT('',(21.2927465274735,-7.99999999999998,25.3329636992768));
#5834=CARTESIAN_POINT('',(11.7963733404777,-8.,25.3329636992768));
#5835=CARTESIAN_POINT('',(22.0927466586038,-7.69999999999998,25.3329636992768));
#5836=CARTESIAN_POINT('',(22.0927466586038,-7.99999999999998,25.3329636992768));
#5837=CARTESIAN_POINT('',(21.2927465274735,-7.69999999999998,25.3329636992768));
#5838=CARTESIAN_POINT('',(22.0927466586038,-7.69999999999998,25.3329636992768));
#5839=CARTESIAN_POINT('',(21.2927465274735,-7.99999999999998,25.3329636992768));
#5840=CARTESIAN_POINT('Origin',(22.0927466586038,-7.99999999999998,22.7329637201384));
#5841=CARTESIAN_POINT('',(22.0927466586038,-7.99999999999998,22.7329637201384));
#5842=CARTESIAN_POINT('',(22.0927466586038,-8.,12.866481882421));
#5843=CARTESIAN_POINT('',(22.0927466586038,-7.69999999999998,22.7329637201384));
#5844=CARTESIAN_POINT('',(22.0927466586038,-7.99999999999998,22.7329637201384));
#5845=CARTESIAN_POINT('',(22.0927466586038,-7.69999999999998,22.7329637201384));
#5846=CARTESIAN_POINT('Origin',(20.2927465870782,-7.99999999999998,22.7329637201384));
#5847=CARTESIAN_POINT('',(20.2927465870782,-7.99999999999998,22.7329637201384));
#5848=CARTESIAN_POINT('',(10.896373304715,-8.,22.7329637201384));
#5849=CARTESIAN_POINT('',(20.2927465870782,-7.69999999999998,22.7329637201384));
#5850=CARTESIAN_POINT('',(20.2927465870782,-7.99999999999998,22.7329637201384));
#5851=CARTESIAN_POINT('',(20.2927465870782,-7.69999999999998,22.7329637201384));
#5852=CARTESIAN_POINT('Origin',(20.2927465870782,-7.99999999999998,22.3329637290791));
#5853=CARTESIAN_POINT('',(20.2927465870782,-7.99999999999998,22.3329637290791));
#5854=CARTESIAN_POINT('',(20.2927465870782,-8.,12.6664818868913));
#5855=CARTESIAN_POINT('',(20.2927465870782,-7.69999999999998,22.3329637290791));
#5856=CARTESIAN_POINT('',(20.2927465870782,-7.99999999999998,22.3329637290791));
#5857=CARTESIAN_POINT('',(20.2927465870782,-7.69999999999998,22.3329637290791));
#5858=CARTESIAN_POINT('Origin',(22.4927465751573,-7.99999999999998,22.3329637290791));
#5859=CARTESIAN_POINT('',(22.4927465751573,-7.99999999999998,22.3329637290791));
#5860=CARTESIAN_POINT('',(11.9963732987545,-8.,22.3329637290791));
#5861=CARTESIAN_POINT('',(22.4927465751573,-7.69999999999998,22.3329637290791));
#5862=CARTESIAN_POINT('',(22.4927465751573,-7.99999999999998,22.3329637290791));
#5863=CARTESIAN_POINT('',(22.4927465751573,-7.69999999999998,22.3329637290791));
#5864=CARTESIAN_POINT('Origin',(22.4927465751573,-7.99999999999998,25.3329636992768));
#5865=CARTESIAN_POINT('',(22.4927465751573,-7.99999999999998,25.3329636992768));
#5866=CARTESIAN_POINT('',(22.4927465751573,-8.,14.1664818719902));
#5867=CARTESIAN_POINT('',(22.4927465751573,-7.69999999999998,25.3329636992768));
#5868=CARTESIAN_POINT('',(22.4927465751573,-7.99999999999998,25.3329636992768));
#5869=CARTESIAN_POINT('',(22.4927465751573,-7.69999999999998,25.3329636992768));
#5870=CARTESIAN_POINT('Origin',(23.2927467062875,-7.99999999999998,25.3329636992768));
#5871=CARTESIAN_POINT('',(23.2927467062875,-7.99999999999998,25.3329636992768));
#5872=CARTESIAN_POINT('',(12.3963733643196,-8.,25.3329636992768));
#5873=CARTESIAN_POINT('',(23.2927467062875,-7.69999999999997,25.3329636992768));
#5874=CARTESIAN_POINT('',(23.2927467062875,-7.99999999999998,25.3329636992768));
#5875=CARTESIAN_POINT('',(23.2927467062875,-7.69999999999997,25.3329636992768));
#5876=CARTESIAN_POINT('Origin',(22.2927467658921,-7.99999999999998,26.3329639376954));
#5877=CARTESIAN_POINT('',(22.2927467658921,-7.99999999999998,26.3329639376954));
#5878=CARTESIAN_POINT('',(22.927802602435,-8.,25.6979079118912));
#5879=CARTESIAN_POINT('',(22.2927467658921,-7.69999999999998,26.3329639376954));
#5880=CARTESIAN_POINT('',(22.2927467658921,-7.99999999999998,26.3329639376954));
#5881=CARTESIAN_POINT('',(22.2927467658921,-7.69999999999998,26.3329639376954));
#5882=CARTESIAN_POINT('Origin',(21.2927465274735,-7.99999999999998,25.3329636992768));
#5883=CARTESIAN_POINT('',(10.7613189875498,-8.,14.801536159353));
#5884=CARTESIAN_POINT('',(21.2927465274735,-7.69999999999998,25.3329636992768));
#5885=CARTESIAN_POINT('Origin',(21.7927466466828,-7.69999999999998,24.3329638333873));
#5886=CARTESIAN_POINT('Origin',(-1.2771481555366,-7.99999999999998,-16.2001966261366));
#5887=CARTESIAN_POINT('',(-1.2771481555366,-7.99999999999998,-16.2001966261366));
#5888=CARTESIAN_POINT('',(0.585322020253987,-7.99999999999998,-19.392553097184));
#5889=CARTESIAN_POINT('',(-5.10310525642804,-8.,-9.64233649621756));
#5890=CARTESIAN_POINT('',(-1.2771481555366,-7.69999999999998,-16.2001966261366));
#5891=CARTESIAN_POINT('',(-1.2771481555366,-7.99999999999998,-16.2001966261366));
#5892=CARTESIAN_POINT('',(0.585322020253986,-7.69999999999998,-19.392553097184));
#5893=CARTESIAN_POINT('',(-1.2771481555366,-7.69999999999998,-16.2001966261366));
#5894=CARTESIAN_POINT('',(0.585322020253987,-7.99999999999998,-19.392553097184));
#5895=CARTESIAN_POINT('Origin',(2.41741210624608,-7.99999999999998,-16.1842212784738));
#5896=CARTESIAN_POINT('',(2.41741210624608,-7.99999999999998,-16.1842212784738));
#5897=CARTESIAN_POINT('',(2.00019033103171,-8.,-16.1860253532322));
#5898=CARTESIAN_POINT('',(2.41741210624608,-7.69999999999998,-16.1842212784738));
#5899=CARTESIAN_POINT('',(2.41741210624608,-7.99999999999998,-16.1842212784738));
#5900=CARTESIAN_POINT('',(2.41741210624608,-7.69999999999998,-16.1842212784738));
#5901=CARTESIAN_POINT('Origin',(0.58532202025399,-7.99999999999998,-19.392553097184));
#5902=CARTESIAN_POINT('',(5.51913377255457,-8.,-10.7525275037589));
#5903=CARTESIAN_POINT('',(0.585322020253986,-7.69999999999998,-19.392553097184));
#5904=CARTESIAN_POINT('Origin',(0.587622602491256,-7.99999999999998,-19.924600342241));
#5905=CARTESIAN_POINT('',(0.58762260249126,-7.99999999999998,-19.924600342241));
#5906=CARTESIAN_POINT('',(-1.74046269029763,-7.99999999999998,-15.9346298709039));
#5907=CARTESIAN_POINT('',(-4.28592138545578,-8.,-11.5721157219818));
#5908=CARTESIAN_POINT('',(0.58762260249126,-7.69999999999998,-19.924600342241));
#5909=CARTESIAN_POINT('',(0.58762260249126,-7.99999999999998,-19.924600342241));
#5910=CARTESIAN_POINT('',(-1.74046269029763,-7.69999999999998,-15.9346298709039));
#5911=CARTESIAN_POINT('',(0.58762260249126,-7.69999999999998,-19.924600342241));
#5912=CARTESIAN_POINT('',(-1.74046269029763,-7.99999999999998,-15.9346298709039));
#5913=CARTESIAN_POINT('Origin',(2.87841332376838,-7.99999999999998,-15.9146577646429));
#5914=CARTESIAN_POINT('',(2.87841332376838,-7.99999999999998,-15.9146577646429));
#5915=CARTESIAN_POINT('',(6.78221002091467,-8.,-9.08120918953859));
#5916=CARTESIAN_POINT('',(2.87841332376838,-7.69999999999998,-15.9146577646429));
#5917=CARTESIAN_POINT('',(2.87841332376838,-7.99999999999998,-15.9146577646429));
#5918=CARTESIAN_POINT('',(2.87841332376838,-7.69999999999998,-15.9146577646429));
#5919=CARTESIAN_POINT('Origin',(-1.74046269029763,-7.99999999999998,-15.9346298709039));
#5920=CARTESIAN_POINT('',(-0.0793255455600472,-8.,-15.9274470828257));
#5921=CARTESIAN_POINT('',(-1.74046269029763,-7.69999999999998,-15.9346298709039));
#5922=CARTESIAN_POINT('Origin',(0.568975316735383,-7.69999999999998,-17.919629053442));
#5923=CARTESIAN_POINT('Origin',(1.50000002235174,-8.,3.00000004470348));
#5924=CARTESIAN_POINT('',(-17.0000002682209,-8.,29.2000003874302));
#5925=CARTESIAN_POINT('',(20.0000003129244,-8.,29.2000003874302));
#5926=CARTESIAN_POINT('',(1.3750000204891,-8.,29.2000003874302));
#5927=CARTESIAN_POINT('',(-22.2000002682209,-8.,24.0000003874302));
#5928=CARTESIAN_POINT('Origin',(-17.0000002682209,-8.,24.0000003874302));
#5929=CARTESIAN_POINT('',(-22.2000002682209,-8.,-18.0000002980232));
#5930=CARTESIAN_POINT('',(-22.2000002682209,-8.,17.0000002160668));
#5931=CARTESIAN_POINT('',(-17.0000002682209,-8.,-23.2000002980232));
#5932=CARTESIAN_POINT('Origin',(-17.0000002682209,-8.,-18.0000002980232));
#5933=CARTESIAN_POINT('',(20.0000003129244,-8.,-23.2000002980232));
#5934=CARTESIAN_POINT('',(1.4287562224204,-8.,-23.2000002980232));
#5935=CARTESIAN_POINT('',(25.2000003129244,-8.,-18.0000002980232));
#5936=CARTESIAN_POINT('Origin',(20.0000003129244,-8.,-18.0000002980232));
#5937=CARTESIAN_POINT('',(25.2000003129244,-8.,24.0000003874302));
#5938=CARTESIAN_POINT('',(25.2000003129244,-8.,-11.0000001266599));
#5939=CARTESIAN_POINT('Origin',(20.0000003129244,-8.,24.0000003874302));
#5940=CARTESIAN_POINT('',(-17.5300008231308,-8.,20.2335190011058));
#5941=CARTESIAN_POINT('',(17.9668132541314,-8.,20.2335190011058));
#5942=CARTESIAN_POINT('',(10.9400004904252,-8.,20.2335190011058));
#5943=CARTESIAN_POINT('',(17.9668132541314,-8.,-14.0599465214616));
#5944=CARTESIAN_POINT('',(17.9668132541314,-8.,-5.47997323837905));
#5945=CARTESIAN_POINT('',(-17.5300008231308,-8.,-14.0599465214616));
#5946=CARTESIAN_POINT('',(-8.01500040038954,-8.,-14.0599465214616));
#5947=CARTESIAN_POINT('',(-17.5300008231308,-8.,11.5667595229046));
#5948=CARTESIAN_POINT('',(-16.4507192578631,-8.,22.8865731325318));
#5949=CARTESIAN_POINT('Origin',(-14.5507192578631,-8.,22.8865731325318));
#5950=CARTESIAN_POINT('',(-16.4507192578626,-8.,-16.6134268674682));
#5951=CARTESIAN_POINT('Origin',(-14.5507192578626,-8.,-16.6134268674682));
#5952=CARTESIAN_POINT('',(15.4992807421369,-8.,22.8865731325323));
#5953=CARTESIAN_POINT('Origin',(17.3992807421369,-8.,22.8865731325323));
#5954=CARTESIAN_POINT('',(15.4992807421374,-8.,-16.6134268674678));
#5955=CARTESIAN_POINT('Origin',(17.3992807421374,-8.,-16.6134268674678));
#5956=CARTESIAN_POINT('Origin',(1.50000002235174,-8.,3.00000004470348));
#5957=CARTESIAN_POINT('Origin',(1.50000002235174,-8.,3.00000004470348));
#5958=CARTESIAN_POINT('Origin',(1.50000002235174,-8.,3.00000004470348));
#5959=CARTESIAN_POINT('Origin',(-14.5507192578625,-7.99999999999998,-16.6134268674682));
#5960=CARTESIAN_POINT('',(-13.4951618804002,-6.6,-16.6134268674682));
#5961=CARTESIAN_POINT('Origin',(-14.5507192578625,-6.6,-16.6134268674682));
#5962=CARTESIAN_POINT('',(-13.4951618804002,-6.1,-16.6134268674682));
#5963=CARTESIAN_POINT('',(-13.4951618804002,-7.99999999999998,-16.6134268674682));
#5964=CARTESIAN_POINT('Origin',(-14.5507192578625,-6.1,-16.6134268674682));
#5965=CARTESIAN_POINT('Origin',(21.8800009584986,-4.3,8.14249925344484));
#5966=CARTESIAN_POINT('',(21.8800009584986,-4.,7.64249925344484));
#5967=CARTESIAN_POINT('',(22.3800009584986,-4.,8.14249925344484));
#5968=CARTESIAN_POINT('Origin',(21.8800009584986,-4.,8.14249925344484));
#5969=CARTESIAN_POINT('',(22.3800009584986,-7.18,8.14249925344484));
#5970=CARTESIAN_POINT('',(22.3800009584986,-4.3,8.14249925344484));
#5971=CARTESIAN_POINT('',(21.8800009584986,-7.18,7.64249925344484));
#5972=CARTESIAN_POINT('Origin',(21.8800009584986,-7.18,8.14249925344484));
#5973=CARTESIAN_POINT('',(21.8800009584986,-4.3,7.64249925344484));
#5974=CARTESIAN_POINT('Origin',(24.3800009584986,-4.3,7.64249925344484));
#5975=CARTESIAN_POINT('',(21.0800009584986,-7.18,7.64249925344484));
#5976=CARTESIAN_POINT('',(24.3800009584986,-7.18,7.64249925344484));
#5977=CARTESIAN_POINT('',(21.0800009584986,-5.8,7.64249925344484));
#5978=CARTESIAN_POINT('',(21.0800009584986,-5.89,7.64249925344484));
#5979=CARTESIAN_POINT('',(20.3800009584986,-5.8,7.64249925344484));
#5980=CARTESIAN_POINT('',(22.5050009584986,-5.8,7.64249925344484));
#5981=CARTESIAN_POINT('',(20.3800009584986,-4.,7.64249925344484));
#5982=CARTESIAN_POINT('',(20.3800009584986,-4.3,7.64249925344484));
#5983=CARTESIAN_POINT('',(12.9400004904252,-4.,7.64249925344484));
#5984=CARTESIAN_POINT('Origin',(21.8800009584986,-4.3,-1.85750074655516));
#5985=CARTESIAN_POINT('',(22.3800009584986,-4.,-1.85750074655516));
#5986=CARTESIAN_POINT('',(21.8800009584986,-4.,-1.35750074655516));
#5987=CARTESIAN_POINT('Origin',(21.8800009584986,-4.,-1.85750074655516));
#5988=CARTESIAN_POINT('',(21.8800009584986,-7.18,-1.35750074655516));
#5989=CARTESIAN_POINT('',(21.8800009584986,-4.3,-1.35750074655516));
#5990=CARTESIAN_POINT('',(22.3800009584986,-7.18,-1.85750074655516));
#5991=CARTESIAN_POINT('Origin',(21.8800009584986,-7.18,-1.85750074655516));
#5992=CARTESIAN_POINT('',(22.3800009584986,-4.3,-1.85750074655516));
#5993=CARTESIAN_POINT('Origin',(1.50000002235174,-4.,3.00000004470348));
#5994=CARTESIAN_POINT('',(22.3800009584986,-4.,-14.1150009197881));
#5995=CARTESIAN_POINT('',(22.3800009584986,-4.,1.57124964907416));
#5996=CARTESIAN_POINT('',(21.8800009584986,-4.,-14.6150009197881));
#5997=CARTESIAN_POINT('Origin',(21.8800009584986,-4.,-14.1150009197881));
#5998=CARTESIAN_POINT('',(20.3800009584986,-4.,-14.6150009197881));
#5999=CARTESIAN_POINT('',(12.4400004904252,-4.,-14.6150009197881));
#6000=CARTESIAN_POINT('',(20.3800009584986,-4.,-1.35750074655516));
#6001=CARTESIAN_POINT('',(20.3800009584986,-4.,14.3249997356907));
#6002=CARTESIAN_POINT('',(10.9400004904252,-4.,-1.35750074655516));
#6003=CARTESIAN_POINT('Origin',(22.3800009584986,-4.3,0.142499253444841));
#6004=CARTESIAN_POINT('',(22.3800009584986,-7.18,-14.1150009197881));
#6005=CARTESIAN_POINT('',(22.3800009584986,-7.18,-9.71125083317165));
#6006=CARTESIAN_POINT('',(22.3800009584986,-4.3,-14.1150009197881));
#6007=CARTESIAN_POINT('Origin',(21.8800009584986,-4.3,-14.1150009197881));
#6008=CARTESIAN_POINT('',(21.8800009584986,-7.18,-14.6150009197881));
#6009=CARTESIAN_POINT('Origin',(21.8800009584986,-7.18,-14.1150009197881));
#6010=CARTESIAN_POINT('',(21.8800009584986,-4.3,-14.6150009197881));
#6011=CARTESIAN_POINT('Origin',(14.8800009584986,-4.3,-21.0650009197881));
#6012=CARTESIAN_POINT('',(14.8800009584986,-4.,-21.5650009197881));
#6013=CARTESIAN_POINT('',(15.3800009584986,-4.,-21.0650009197881));
#6014=CARTESIAN_POINT('Origin',(14.8800009584986,-4.,-21.0650009197881));
#6015=CARTESIAN_POINT('',(15.3800009584986,-7.18,-21.0650009197881));
#6016=CARTESIAN_POINT('',(15.3800009584986,-4.3,-21.0650009197881));
#6017=CARTESIAN_POINT('',(14.8800009584986,-7.18,-21.5650009197881));
#6018=CARTESIAN_POINT('Origin',(14.8800009584986,-7.18,-21.0650009197881));
#6019=CARTESIAN_POINT('',(14.8800009584986,-4.3,-21.5650009197881));
#6020=CARTESIAN_POINT('Origin',(1.50000002235174,-4.,3.00000004470348));
#6021=CARTESIAN_POINT('',(6.50000002235174,-4.,-21.5650009197881));
#6022=CARTESIAN_POINT('',(9.44000049042515,-4.,-21.5650009197881));
#6023=CARTESIAN_POINT('',(6.00000002235174,-4.,-21.0650009197881));
#6024=CARTESIAN_POINT('Origin',(6.50000002235174,-4.,-21.0650009197881));
#6025=CARTESIAN_POINT('',(6.00000002235174,-4.,-19.5650009197881));
#6026=CARTESIAN_POINT('',(6.00000002235174,-4.,-8.78250043754233));
#6027=CARTESIAN_POINT('',(15.3800009584986,-4.,-19.5650009197881));
#6028=CARTESIAN_POINT('',(10.8400004904252,-4.,-19.5650009197881));
#6029=CARTESIAN_POINT('',(15.3800009584986,-4.,-8.28250043754233));
#6030=CARTESIAN_POINT('Origin',(17.3800009584986,-4.3,-21.5650009197881));
#6031=CARTESIAN_POINT('',(6.50000002235174,-7.18,-21.5650009197881));
#6032=CARTESIAN_POINT('',(18.8800009584986,-7.18,-21.5650009197881));
#6033=CARTESIAN_POINT('',(6.50000002235174,-5.74,-21.5650009197881));
#6034=CARTESIAN_POINT('Origin',(6.50000002235174,-5.74,-21.0650009197881));
#6035=CARTESIAN_POINT('',(6.00000002235174,-7.18,-21.0650009197881));
#6036=CARTESIAN_POINT('Origin',(6.50000002235174,-7.18,-21.0650009197881));
#6037=CARTESIAN_POINT('',(6.00000002235174,-5.74,-21.0650009197881));
#6038=CARTESIAN_POINT('Origin',(-3.50000002235174,-4.3,-21.0650009197881));
#6039=CARTESIAN_POINT('',(-3.50000002235174,-4.,-21.5650009197881));
#6040=CARTESIAN_POINT('',(-3.00000002235174,-4.,-21.0650009197881));
#6041=CARTESIAN_POINT('Origin',(-3.50000002235174,-4.,-21.0650009197881));
#6042=CARTESIAN_POINT('',(-3.00000002235174,-7.18,-21.0650009197881));
#6043=CARTESIAN_POINT('',(-3.00000002235174,-4.3,-21.0650009197881));
#6044=CARTESIAN_POINT('',(-3.50000002235174,-7.18,-21.5650009197881));
#6045=CARTESIAN_POINT('Origin',(-3.50000002235174,-7.18,-21.0650009197881));
#6046=CARTESIAN_POINT('',(-3.50000002235174,-4.3,-21.5650009197881));
#6047=CARTESIAN_POINT('Origin',(1.50000002235174,-4.,3.00000004470348));
#6048=CARTESIAN_POINT('',(-12.1300008231308,-4.,-21.5650009197881));
#6049=CARTESIAN_POINT('',(2.23517415687269E-8,-4.,-21.5650009197881));
#6050=CARTESIAN_POINT('',(-12.6300008231308,-4.,-21.0650009197881));
#6051=CARTESIAN_POINT('Origin',(-12.1300008231308,-4.,-21.0650009197881));
#6052=CARTESIAN_POINT('',(-12.6300008231308,-4.,-19.5650009197881));
#6053=CARTESIAN_POINT('',(-12.6300008231308,-4.,-9.78250043754233));
#6054=CARTESIAN_POINT('',(-2.99999997764826,-4.,-19.5650009197881));
#6055=CARTESIAN_POINT('',(10.8400004904252,-4.,-19.5650009197881));
#6056=CARTESIAN_POINT('',(-3.00000002235174,-4.,-8.28250043754233));
#6057=CARTESIAN_POINT('Origin',(-1.49999997764826,-4.3,-21.5650009197881));
#6058=CARTESIAN_POINT('',(-12.1300008231308,-7.18,-21.5650009197881));
#6059=CARTESIAN_POINT('',(-9.51500040038954,-7.18,-21.5650009197881));
#6060=CARTESIAN_POINT('',(-12.1300008231308,-4.3,-21.5650009197881));
#6061=CARTESIAN_POINT('Origin',(-12.1300008231308,-4.3,-21.0650009197881));
#6062=CARTESIAN_POINT('',(-12.6300008231308,-7.18,-21.0650009197881));
#6063=CARTESIAN_POINT('Origin',(-12.1300008231308,-7.18,-21.0650009197881));
#6064=CARTESIAN_POINT('',(-12.6300008231308,-4.3,-21.0650009197881));
#6065=CARTESIAN_POINT('Origin',(-19.0300008231308,-4.3,-14.0650009197881));
#6066=CARTESIAN_POINT('',(-19.5300008231308,-4.,-14.0650009197881));
#6067=CARTESIAN_POINT('',(-19.0300008231308,-4.,-14.5650009197881));
#6068=CARTESIAN_POINT('Origin',(-19.0300008231308,-4.,-14.0650009197881));
#6069=CARTESIAN_POINT('',(-19.0300008231308,-7.18,-14.5650009197881));
#6070=CARTESIAN_POINT('',(-19.0300008231308,-4.3,-14.5650009197881));
#6071=CARTESIAN_POINT('',(-19.5300008231308,-7.18,-14.0650009197881));
#6072=CARTESIAN_POINT('Origin',(-19.0300008231308,-7.18,-14.0650009197881));
#6073=CARTESIAN_POINT('',(-19.5300008231308,-4.3,-14.0650009197881));
#6074=CARTESIAN_POINT('Origin',(1.50000002235174,-4.,3.00000004470348));
#6075=CARTESIAN_POINT('',(-19.5300008231308,-4.,-1.85750074655516));
#6076=CARTESIAN_POINT('',(-19.5300008231308,-4.,-6.78250043754233));
#6077=CARTESIAN_POINT('',(-19.0300008231308,-4.,-1.35750074655516));
#6078=CARTESIAN_POINT('Origin',(-19.0300008231308,-4.,-1.85750074655516));
#6079=CARTESIAN_POINT('',(-17.5300008231308,-4.,-1.35750074655516));
#6080=CARTESIAN_POINT('',(-10.0150004003895,-4.,-1.35750074655516));
#6081=CARTESIAN_POINT('',(-17.5300008231308,-4.,-14.5650009197881));
#6082=CARTESIAN_POINT('',(-17.5300008231308,-4.,-8.18250043754233));
#6083=CARTESIAN_POINT('',(-8.01500040038954,-4.,-14.5650009197881));
#6084=CARTESIAN_POINT('Origin',(-19.5300008231308,-4.3,-16.5650009197881));
#6085=CARTESIAN_POINT('',(-19.5300008231308,-7.18,-1.85750074655516));
#6086=CARTESIAN_POINT('',(-19.5300008231308,-7.18,-6.71125083317165));
#6087=CARTESIAN_POINT('',(-19.5300008231308,-4.3,-1.85750074655516));
#6088=CARTESIAN_POINT('Origin',(-19.0300008231308,-4.3,-1.85750074655516));
#6089=CARTESIAN_POINT('',(-19.0300008231308,-7.18,-1.35750074655516));
#6090=CARTESIAN_POINT('Origin',(-19.0300008231308,-7.18,-1.85750074655516));
#6091=CARTESIAN_POINT('',(-19.0300008231308,-4.3,-1.35750074655516));
#6092=CARTESIAN_POINT('Origin',(-19.0300008231308,-4.3,8.64249925344484));
#6093=CARTESIAN_POINT('',(-19.5300008231308,-4.,8.64249925344484));
#6094=CARTESIAN_POINT('',(-19.0300008231308,-4.,8.14249925344484));
#6095=CARTESIAN_POINT('Origin',(-19.0300008231308,-4.,8.64249925344484));
#6096=CARTESIAN_POINT('',(-19.0300008231308,-7.18,8.14249925344484));
#6097=CARTESIAN_POINT('',(-19.0300008231308,-4.3,8.14249925344484));
#6098=CARTESIAN_POINT('',(-19.5300008231308,-7.18,8.64249925344484));
#6099=CARTESIAN_POINT('Origin',(-19.0300008231308,-7.18,8.64249925344484));
#6100=CARTESIAN_POINT('',(-19.5300008231308,-4.3,8.64249925344484));
#6101=CARTESIAN_POINT('Origin',(1.50000002235174,-4.,3.00000004470348));
#6102=CARTESIAN_POINT('',(-19.5300008231308,-4.,20.3499994266778));
#6103=CARTESIAN_POINT('',(-19.5300008231308,-4.,4.57124964907416));
#6104=CARTESIAN_POINT('',(-19.0300008231308,-4.,20.8499994266778));
#6105=CARTESIAN_POINT('Origin',(-19.0300008231308,-4.,20.3499994266778));
#6106=CARTESIAN_POINT('',(-17.5300008231308,-4.,20.8499994266778));
#6107=CARTESIAN_POINT('',(-9.51500040038955,-4.,20.8499994266778));
#6108=CARTESIAN_POINT('',(-17.5300008231308,-4.,8.14249925344484));
#6109=CARTESIAN_POINT('',(-17.5300008231308,-4.,-8.18250043754233));
#6110=CARTESIAN_POINT('',(-8.01500040038954,-4.,8.14249925344484));
#6111=CARTESIAN_POINT('Origin',(-19.5300008231308,-4.3,6.14249925344484));
#6112=CARTESIAN_POINT('',(-19.5300008231308,-7.18,20.3499994266778));
#6113=CARTESIAN_POINT('',(-19.5300008231308,-7.18,10.3193742967531));
#6114=CARTESIAN_POINT('',(-19.5300008231308,-4.3,20.3499994266778));
#6115=CARTESIAN_POINT('Origin',(-19.0300008231308,-4.3,20.3499994266778));
#6116=CARTESIAN_POINT('',(-19.0300008231308,-7.18,20.8499994266778));
#6117=CARTESIAN_POINT('Origin',(-19.0300008231308,-7.18,20.3499994266778));
#6118=CARTESIAN_POINT('',(-19.0300008231308,-4.3,20.8499994266778));
#6119=CARTESIAN_POINT('Origin',(-12.0300008231308,-4.3,27.3499994266778));
#6120=CARTESIAN_POINT('',(-12.0300008231308,-4.,27.8499994266778));
#6121=CARTESIAN_POINT('',(-12.5300008231308,-4.,27.3499994266778));
#6122=CARTESIAN_POINT('Origin',(-12.0300008231308,-4.,27.3499994266778));
#6123=CARTESIAN_POINT('',(-12.5300008231308,-7.18,27.3499994266778));
#6124=CARTESIAN_POINT('',(-12.5300008231308,-4.3,27.3499994266778));
#6125=CARTESIAN_POINT('',(-12.0300008231308,-7.18,27.8499994266778));
#6126=CARTESIAN_POINT('Origin',(-12.0300008231308,-7.18,27.3499994266778));
#6127=CARTESIAN_POINT('',(-12.0300008231308,-4.3,27.8499994266778));
#6128=CARTESIAN_POINT('Origin',(1.50000002235174,-4.,3.00000004470348));
#6129=CARTESIAN_POINT('',(-3.49999997764826,-4.,27.8499994266778));
#6130=CARTESIAN_POINT('',(-9.16104384882842,-4.,27.8499994266778));
#6131=CARTESIAN_POINT('',(-2.99999997764826,-4.,27.3499994266778));
#6132=CARTESIAN_POINT('Origin',(-3.49999997764826,-4.,27.3499994266778));
#6133=CARTESIAN_POINT('',(-2.99999997764826,-4.,25.8499994266778));
#6134=CARTESIAN_POINT('',(-2.99999997764826,-4.,28.8499994266778));
#6135=CARTESIAN_POINT('',(-12.5300008231308,-4.,25.8499994266778));
#6136=CARTESIAN_POINT('',(-10.5610438488284,-4.,25.8499994266778));
#6137=CARTESIAN_POINT('',(-12.5300008231308,-4.,14.4249997356907));
#6138=CARTESIAN_POINT('Origin',(-14.5300008231308,-4.3,27.8499994266778));
#6139=CARTESIAN_POINT('',(-3.49999997764826,-7.18,27.8499994266778));
#6140=CARTESIAN_POINT('',(-6.51500040038954,-7.18,27.8499994266778));
#6141=CARTESIAN_POINT('',(-3.49999997764826,-4.3,27.8499994266778));
#6142=CARTESIAN_POINT('Origin',(-3.49999997764826,-4.3,27.3499994266778));
#6143=CARTESIAN_POINT('',(-2.99999997764826,-7.18,27.3499994266778));
#6144=CARTESIAN_POINT('Origin',(-3.49999997764826,-7.18,27.3499994266778));
#6145=CARTESIAN_POINT('',(-2.99999997764826,-4.3,27.3499994266778));
#6146=CARTESIAN_POINT('Origin',(6.50000002235174,-4.3,27.3499994266778));
#6147=CARTESIAN_POINT('',(6.50000002235174,-4.,27.8499994266778));
#6148=CARTESIAN_POINT('',(6.00000002235174,-4.,27.3499994266778));
#6149=CARTESIAN_POINT('Origin',(6.50000002235174,-4.,27.3499994266778));
#6150=CARTESIAN_POINT('',(6.00000002235174,-7.18,27.3499994266778));
#6151=CARTESIAN_POINT('',(6.00000002235174,-4.3,27.3499994266778));
#6152=CARTESIAN_POINT('',(6.50000002235174,-7.18,27.8499994266778));
#6153=CARTESIAN_POINT('Origin',(6.50000002235174,-7.18,27.3499994266778));
#6154=CARTESIAN_POINT('',(6.50000002235174,-4.3,27.8499994266778));
#6155=CARTESIAN_POINT('Origin',(6.00000002235174,-4.3,25.8499994266778));
#6156=CARTESIAN_POINT('',(6.00000002235174,-4.,25.8499994266778));
#6157=CARTESIAN_POINT('',(6.00000002235174,-4.,26.8499994266778));
#6158=CARTESIAN_POINT('',(6.00000002235174,-6.1,25.8499994266778));
#6159=CARTESIAN_POINT('',(6.00000002235174,-4.9,25.8499994266778));
#6160=CARTESIAN_POINT('',(6.00000002235174,-6.1,23.0499994266778));
#6161=CARTESIAN_POINT('',(6.00000002235174,-6.1,24.4208793202848));
#6162=CARTESIAN_POINT('',(6.00000002235174,-7.18,23.0499994266778));
#6163=CARTESIAN_POINT('',(6.00000002235174,-4.3,23.0499994266778));
#6164=CARTESIAN_POINT('',(6.00000002235174,-7.18,24.3871607144034));
#6165=CARTESIAN_POINT('Origin',(-3.79208687452601,-4.,27.8499994266778));
#6166=CARTESIAN_POINT('',(14.8800009584986,-4.,27.8499994266778));
#6167=CARTESIAN_POINT('',(-9.16104384882842,-4.,27.8499994266778));
#6168=CARTESIAN_POINT('',(15.3800009584986,-4.,27.3499994266778));
#6169=CARTESIAN_POINT('Origin',(14.8800009584986,-4.,27.3499994266778));
#6170=CARTESIAN_POINT('',(15.3800009584986,-4.,25.8499994266778));
#6171=CARTESIAN_POINT('',(15.3800009584986,-4.,28.3499994266778));
#6172=CARTESIAN_POINT('',(-10.5610438488284,-4.,25.8499994266778));
#6173=CARTESIAN_POINT('Origin',(21.8800009584986,-4.3,20.3499994266778));
#6174=CARTESIAN_POINT('',(22.3800009584986,-4.,20.3499994266778));
#6175=CARTESIAN_POINT('',(21.8800009584986,-4.,20.8499994266778));
#6176=CARTESIAN_POINT('Origin',(21.8800009584986,-4.,20.3499994266778));
#6177=CARTESIAN_POINT('',(21.8800009584986,-7.18,20.8499994266778));
#6178=CARTESIAN_POINT('',(21.8800009584986,-4.3,20.8499994266778));
#6179=CARTESIAN_POINT('',(22.3800009584986,-7.18,20.3499994266778));
#6180=CARTESIAN_POINT('Origin',(21.8800009584986,-7.18,20.3499994266778));
#6181=CARTESIAN_POINT('',(22.3800009584986,-4.3,20.3499994266778));
#6182=CARTESIAN_POINT('Origin',(22.3800009584986,-4.3,22.8499994266778));
#6183=CARTESIAN_POINT('',(22.3800009584986,-4.,12.9249997356907));
#6184=CARTESIAN_POINT('',(22.3800009584986,-7.18,18.6731243833696));
#6185=CARTESIAN_POINT('Origin',(14.8800009584986,-4.3,27.3499994266778));
#6186=CARTESIAN_POINT('',(14.8800009584986,-7.18,27.8499994266778));
#6187=CARTESIAN_POINT('',(14.8800009584986,-4.3,27.8499994266778));
#6188=CARTESIAN_POINT('',(15.3800009584986,-7.18,27.3499994266778));
#6189=CARTESIAN_POINT('Origin',(14.8800009584986,-7.18,27.3499994266778));
#6190=CARTESIAN_POINT('',(15.3800009584986,-4.3,27.3499994266778));
#6191=CARTESIAN_POINT('Origin',(15.3800009584986,-4.3,28.8499994266778));
#6192=CARTESIAN_POINT('',(15.3800009584986,-7.18,26.055886205008));
#6193=CARTESIAN_POINT('',(15.3800009584986,-7.18,27.3499994266778));
#6194=CARTESIAN_POINT('',(15.3800009584986,-6.1,26.055886205008));
#6195=CARTESIAN_POINT('',(15.3800009584986,-5.2,26.055886205008));
#6196=CARTESIAN_POINT('',(15.3800009584986,-6.1,25.8499994266778));
#6197=CARTESIAN_POINT('',(15.3800009584986,-6.1,25.9208793202848));
#6198=CARTESIAN_POINT('',(15.3800009584986,-4.3,25.8499994266778));
#6199=CARTESIAN_POINT('Origin',(21.0800009584986,-5.89,7.44249925344484));
#6200=CARTESIAN_POINT('',(20.8800009584986,-7.18,7.44249925344484));
#6201=CARTESIAN_POINT('Origin',(21.0800009584986,-7.18,7.44249925344484));
#6202=CARTESIAN_POINT('',(20.8800009584986,-5.8,7.44249925344484));
#6203=CARTESIAN_POINT('',(20.8800009584986,-5.89,7.44249925344484));
#6204=CARTESIAN_POINT('Origin',(21.0800009584986,-5.8,7.44249925344484));
#6205=CARTESIAN_POINT('Origin',(20.8800009584986,-7.48,0.142499253444841));
#6206=CARTESIAN_POINT('',(20.8800009584986,-7.18,-1.15750074655516));
#6207=CARTESIAN_POINT('',(20.8800009584986,-7.18,6.14249925344484));
#6208=CARTESIAN_POINT('',(20.8800009584986,-5.8,-1.15750074655516));
#6209=CARTESIAN_POINT('',(20.8800009584986,-5.89,-1.15750074655516));
#6210=CARTESIAN_POINT('',(20.8800009584986,-5.8,1.64249925344484));
#6211=CARTESIAN_POINT('Origin',(21.0800009584986,-5.89,-1.15750074655516));
#6212=CARTESIAN_POINT('',(21.0800009584986,-7.18,-1.35750074655516));
#6213=CARTESIAN_POINT('Origin',(21.0800009584986,-7.18,-1.15750074655516));
#6214=CARTESIAN_POINT('',(21.0800009584986,-5.8,-1.35750074655516));
#6215=CARTESIAN_POINT('',(21.0800009584986,-5.89,-1.35750074655516));
#6216=CARTESIAN_POINT('Origin',(21.0800009584986,-5.8,-1.15750074655516));
#6217=CARTESIAN_POINT('Origin',(20.3800009584986,-4.3,-1.35750074655516));
#6218=CARTESIAN_POINT('',(20.3800009584986,-5.8,-1.35750074655516));
#6219=CARTESIAN_POINT('',(20.3800009584986,-4.9,-1.35750074655516));
#6220=CARTESIAN_POINT('',(20.5050009584986,-5.8,-1.35750074655516));
#6221=CARTESIAN_POINT('',(20.3800009584986,-7.18,-1.35750074655516));
#6222=CARTESIAN_POINT('Origin',(20.5858877368288,-5.2,-14.8150009197881));
#6223=CARTESIAN_POINT('',(20.3858877368288,-7.18,-14.8150009197881));
#6224=CARTESIAN_POINT('',(20.5858877368288,-7.18,-14.6150009197881));
#6225=CARTESIAN_POINT('Origin',(20.5858877368288,-7.18,-14.8150009197881));
#6226=CARTESIAN_POINT('',(20.3858877368288,-6.1,-14.8150009197881));
#6227=CARTESIAN_POINT('',(20.3858877368288,-5.2,-14.8150009197881));
#6228=CARTESIAN_POINT('',(20.5858877368288,-6.1,-14.6150009197881));
#6229=CARTESIAN_POINT('Origin',(20.5858877368288,-6.1,-14.8150009197881));
#6230=CARTESIAN_POINT('',(20.5858877368288,-5.2,-14.6150009197881));
#6231=CARTESIAN_POINT('Origin',(20.3858877368288,-6.1,-16.6150009197881));
#6232=CARTESIAN_POINT('',(20.3858877368288,-7.18,-16.5708934851784));
#6233=CARTESIAN_POINT('',(20.3858877368288,-7.18,-16.6150009197881));
#6234=CARTESIAN_POINT('',(20.3858877368288,-6.1,-16.5708934851784));
#6235=CARTESIAN_POINT('',(20.3858877368288,-5.95,-16.5708934851784));
#6236=CARTESIAN_POINT('',(20.3858877368288,-6.1,-16.6150009197881));
#6237=CARTESIAN_POINT('Origin',(15.5800009584986,-5.74,-19.7708876981183));
#6238=CARTESIAN_POINT('',(15.3800009584986,-7.18,-19.7708876981183));
#6239=CARTESIAN_POINT('',(15.5800009584986,-7.18,-19.5708876981183));
#6240=CARTESIAN_POINT('Origin',(15.5800009584986,-7.18,-19.7708876981183));
#6241=CARTESIAN_POINT('',(15.3800009584986,-6.1,-19.7708876981183));
#6242=CARTESIAN_POINT('',(15.3800009584986,-5.74,-19.7708876981183));
#6243=CARTESIAN_POINT('',(15.5800009584986,-6.1,-19.5708876981183));
#6244=CARTESIAN_POINT('Origin',(15.5800009584986,-6.1,-19.7708876981183));
#6245=CARTESIAN_POINT('',(15.5800009584986,-5.74,-19.5708876981183));
#6246=CARTESIAN_POINT('Origin',(15.3800009584986,-4.3,-19.5650009197881));
#6247=CARTESIAN_POINT('',(15.3800009584986,-6.1,-19.5650009197881));
#6248=CARTESIAN_POINT('',(15.3800009584986,-4.9,-19.5650009197881));
#6249=CARTESIAN_POINT('',(15.3800009584986,-6.1,-18.1637373202065));
#6250=CARTESIAN_POINT('',(15.3800009584986,-7.18,-19.5650009197881));
#6251=CARTESIAN_POINT('Origin',(5.80000002235174,-5.74,-16.7650009197881));
#6252=CARTESIAN_POINT('',(5.80000002235174,-7.18,-16.5650009197881));
#6253=CARTESIAN_POINT('',(6.00000002235174,-7.18,-16.7650009197881));
#6254=CARTESIAN_POINT('Origin',(5.80000002235174,-7.18,-16.7650009197881));
#6255=CARTESIAN_POINT('',(5.80000002235174,-6.1,-16.5650009197881));
#6256=CARTESIAN_POINT('',(5.80000002235174,-5.74,-16.5650009197881));
#6257=CARTESIAN_POINT('',(6.00000002235174,-6.1,-16.7650009197881));
#6258=CARTESIAN_POINT('Origin',(5.80000002235174,-6.1,-16.7650009197881));
#6259=CARTESIAN_POINT('',(6.00000002235174,-5.74,-16.7650009197881));
#6260=CARTESIAN_POINT('Origin',(-1.50000002235174,-4.3,-16.5650009197881));
#6261=CARTESIAN_POINT('',(-2.80000002235174,-7.18,-16.5650009197881));
#6262=CARTESIAN_POINT('',(4.50000002235174,-7.18,-16.5650009197881));
#6263=CARTESIAN_POINT('',(-2.80000002235174,-6.1,-16.5650009197881));
#6264=CARTESIAN_POINT('',(-2.80000002235174,-4.3,-16.5650009197881));
#6265=CARTESIAN_POINT('',(2.9625000450178,-6.1,-16.5650009197881));
#6266=CARTESIAN_POINT('Origin',(-2.80000002235174,-4.3,-16.7650009197881));
#6267=CARTESIAN_POINT('',(-3.00000002235174,-7.18,-16.7650009197881));
#6268=CARTESIAN_POINT('Origin',(-2.80000002235174,-7.18,-16.7650009197881));
#6269=CARTESIAN_POINT('',(-3.00000002235174,-6.1,-16.7650009197881));
#6270=CARTESIAN_POINT('',(-3.00000002235174,-4.3,-16.7650009197881));
#6271=CARTESIAN_POINT('Origin',(-2.80000002235174,-6.1,-16.7650009197881));
#6272=CARTESIAN_POINT('Origin',(-3.00000002235174,-4.3,-19.5650009197881));
#6273=CARTESIAN_POINT('',(-3.00000002235174,-6.1,-19.5650009197881));
#6274=CARTESIAN_POINT('',(-3.00000002235174,-4.3,-19.5650009197881));
#6275=CARTESIAN_POINT('',(-3.00000002235174,-6.1,-18.1637373202065));
#6276=CARTESIAN_POINT('',(-3.00000002235174,-7.18,-20.5650009197881));
#6277=CARTESIAN_POINT('Origin',(-12.8300008231308,-5.2,-19.7708876981183));
#6278=CARTESIAN_POINT('',(-12.8300008231308,-7.18,-19.5708876981183));
#6279=CARTESIAN_POINT('',(-12.6300008231308,-7.18,-19.7708876981183));
#6280=CARTESIAN_POINT('Origin',(-12.8300008231308,-7.18,-19.7708876981183));
#6281=CARTESIAN_POINT('',(-12.8300008231308,-6.1,-19.5708876981183));
#6282=CARTESIAN_POINT('',(-12.8300008231308,-5.2,-19.5708876981183));
#6283=CARTESIAN_POINT('',(-12.6300008231308,-6.1,-19.7708876981183));
#6284=CARTESIAN_POINT('Origin',(-12.8300008231308,-6.1,-19.7708876981183));
#6285=CARTESIAN_POINT('',(-12.6300008231308,-5.2,-19.7708876981183));
#6286=CARTESIAN_POINT('Origin',(-14.6300008231308,-6.1,-19.5708876981183));
#6287=CARTESIAN_POINT('',(-14.5358933885211,-7.18,-19.5708876981183));
#6288=CARTESIAN_POINT('',(-14.6300008231308,-7.18,-19.5708876981183));
#6289=CARTESIAN_POINT('',(-14.5358933885211,-6.1,-19.5708876981183));
#6290=CARTESIAN_POINT('',(-14.5358933885211,-5.95,-19.5708876981183));
#6291=CARTESIAN_POINT('',(-14.6300008231308,-6.1,-19.5708876981183));
#6292=CARTESIAN_POINT('Origin',(-17.735887601461,-5.74,-14.7650009197881));
#6293=CARTESIAN_POINT('',(-17.735887601461,-7.18,-14.5650009197881));
#6294=CARTESIAN_POINT('',(-17.535887601461,-7.18,-14.7650009197881));
#6295=CARTESIAN_POINT('Origin',(-17.735887601461,-7.18,-14.7650009197881));
#6296=CARTESIAN_POINT('',(-17.735887601461,-6.1,-14.5650009197881));
#6297=CARTESIAN_POINT('',(-17.735887601461,-5.74,-14.5650009197881));
#6298=CARTESIAN_POINT('',(-17.535887601461,-6.1,-14.7650009197881));
#6299=CARTESIAN_POINT('Origin',(-17.735887601461,-6.1,-14.7650009197881));
#6300=CARTESIAN_POINT('',(-17.535887601461,-5.74,-14.7650009197881));
#6301=CARTESIAN_POINT('Origin',(-17.5300008231308,-4.3,-14.5650009197881));
#6302=CARTESIAN_POINT('',(-17.5300008231308,-6.1,-14.5650009197881));
#6303=CARTESIAN_POINT('',(-17.5300008231308,-4.3,-14.5650009197881));
#6304=CARTESIAN_POINT('',(-8.05250037772348,-6.1,-14.5650009197881));
#6305=CARTESIAN_POINT('',(-17.5300008231308,-7.18,-14.5650009197881));
#6306=CARTESIAN_POINT('Origin',(-18.2288895112884,-4.3,-1.15750074655516));
#6307=CARTESIAN_POINT('',(-18.0288895112884,-7.18,-1.15750074655516));
#6308=CARTESIAN_POINT('',(-18.2288895112884,-7.18,-1.35750074655516));
#6309=CARTESIAN_POINT('Origin',(-18.2288895112884,-7.18,-1.15750074655516));
#6310=CARTESIAN_POINT('',(-18.0288895112884,-5.8,-1.15750074655516));
#6311=CARTESIAN_POINT('',(-18.0288895112884,-4.3,-1.15750074655516));
#6312=CARTESIAN_POINT('',(-18.2288895112884,-5.8,-1.35750074655516));
#6313=CARTESIAN_POINT('Origin',(-18.2288895112884,-5.8,-1.15750074655516));
#6314=CARTESIAN_POINT('',(-18.2288895112884,-4.3,-1.35750074655516));
#6315=CARTESIAN_POINT('Origin',(-18.0288895112884,-4.3,0.142499253444841));
#6316=CARTESIAN_POINT('',(-18.0288895112884,-7.18,7.94249925344484));
#6317=CARTESIAN_POINT('',(-18.0288895112884,-7.18,0.142499253444839));
#6318=CARTESIAN_POINT('',(-18.0288895112884,-5.8,7.94249925344484));
#6319=CARTESIAN_POINT('',(-18.0288895112884,-4.3,7.94249925344484));
#6320=CARTESIAN_POINT('',(-18.0288895112884,-5.8,1.64249925344484));
#6321=CARTESIAN_POINT('Origin',(-18.2288895112884,-4.3,7.94249925344484));
#6322=CARTESIAN_POINT('',(-18.2288895112884,-7.18,8.14249925344484));
#6323=CARTESIAN_POINT('Origin',(-18.2288895112884,-7.18,7.94249925344484));
#6324=CARTESIAN_POINT('',(-18.2288895112884,-5.8,8.14249925344484));
#6325=CARTESIAN_POINT('',(-18.2288895112884,-4.3,8.14249925344484));
#6326=CARTESIAN_POINT('Origin',(-18.2288895112884,-5.8,7.94249925344484));
#6327=CARTESIAN_POINT('Origin',(-17.5300008231308,-4.3,8.14249925344484));
#6328=CARTESIAN_POINT('',(-17.5300008231308,-5.8,8.14249925344484));
#6329=CARTESIAN_POINT('',(-17.5300008231308,-4.9,8.14249925344484));
#6330=CARTESIAN_POINT('',(-17.6470982218057,-5.8,8.14249925344484));
#6331=CARTESIAN_POINT('',(-20.2848170422768,-7.18,8.14249925344484));
#6332=CARTESIAN_POINT('Origin',(-12.7300008231308,-5.74,26.055886205008));
#6333=CARTESIAN_POINT('',(-12.5300008231308,-7.18,26.055886205008));
#6334=CARTESIAN_POINT('',(-12.7300008231308,-7.18,25.855886205008));
#6335=CARTESIAN_POINT('Origin',(-12.7300008231308,-7.18,26.055886205008));
#6336=CARTESIAN_POINT('',(-12.5300008231308,-6.1,26.055886205008));
#6337=CARTESIAN_POINT('',(-12.5300008231308,-5.74,26.055886205008));
#6338=CARTESIAN_POINT('',(-12.7300008231308,-6.1,25.855886205008));
#6339=CARTESIAN_POINT('Origin',(-12.7300008231308,-6.1,26.055886205008));
#6340=CARTESIAN_POINT('',(-12.7300008231308,-5.74,25.855886205008));
#6341=CARTESIAN_POINT('Origin',(-12.5300008231308,-4.3,25.8499994266778));
#6342=CARTESIAN_POINT('',(-12.5300008231308,-6.1,25.8499994266778));
#6343=CARTESIAN_POINT('',(-12.5300008231308,-4.3,25.8499994266778));
#6344=CARTESIAN_POINT('',(-12.5300008231308,-6.1,24.4208793202848));
#6345=CARTESIAN_POINT('',(-12.5300008231308,-7.18,28.0999994266778));
#6346=CARTESIAN_POINT('Origin',(-17.735887601461,-5.2,21.0499994266778));
#6347=CARTESIAN_POINT('',(-17.535887601461,-7.18,21.0499994266778));
#6348=CARTESIAN_POINT('',(-17.735887601461,-7.18,20.8499994266778));
#6349=CARTESIAN_POINT('Origin',(-17.735887601461,-7.18,21.0499994266778));
#6350=CARTESIAN_POINT('',(-17.535887601461,-6.1,21.0499994266778));
#6351=CARTESIAN_POINT('',(-17.535887601461,-5.2,21.0499994266778));
#6352=CARTESIAN_POINT('',(-17.735887601461,-6.1,20.8499994266778));
#6353=CARTESIAN_POINT('Origin',(-17.735887601461,-6.1,21.0499994266778));
#6354=CARTESIAN_POINT('',(-17.735887601461,-5.2,20.8499994266778));
#6355=CARTESIAN_POINT('Origin',(-17.535887601461,-6.1,22.8499994266778));
#6356=CARTESIAN_POINT('',(-17.535887601461,-7.18,22.8499994266778));
#6357=CARTESIAN_POINT('',(-17.535887601461,-7.18,22.8499994266778));
#6358=CARTESIAN_POINT('',(-17.535887601461,-6.1,22.8499994266778));
#6359=CARTESIAN_POINT('',(-17.535887601461,-5.95,22.8499994266778));
#6360=CARTESIAN_POINT('',(-17.535887601461,-6.1,22.8499994266778));
#6361=CARTESIAN_POINT('Origin',(5.80000002235174,-4.3,23.0499994266778));
#6362=CARTESIAN_POINT('',(5.80000002235174,-7.18,22.8499994266778));
#6363=CARTESIAN_POINT('Origin',(5.80000002235174,-7.18,23.0499994266778));
#6364=CARTESIAN_POINT('',(5.80000002235174,-6.1,22.8499994266778));
#6365=CARTESIAN_POINT('Origin',(5.80000002235174,-6.1,23.0499994266778));
#6366=CARTESIAN_POINT('',(5.80000002235174,-4.3,22.8499994266778));
#6367=CARTESIAN_POINT('Origin',(-19.5300008231308,-7.18,3.14249925344484));
#6368=CARTESIAN_POINT('',(-20.5300008231308,-7.18,24.8499994266778));
#6369=CARTESIAN_POINT('',(-20.5300008231308,-7.18,7.14249925344484));
#6370=CARTESIAN_POINT('',(-20.5300008231308,-7.18,21.6731243833696));
#6371=CARTESIAN_POINT('',(-16.5300008231308,-7.18,28.8499994266778));
#6372=CARTESIAN_POINT('Origin',(-16.5300008231308,-7.18,24.8499994266778));
#6373=CARTESIAN_POINT('',(19.3800009584986,-7.18,28.8499994266778));
#6374=CARTESIAN_POINT('',(13.9177905684538,-7.18,28.8499994266778));
#6375=CARTESIAN_POINT('',(23.3800009584986,-7.18,24.8499994266778));
#6376=CARTESIAN_POINT('Origin',(19.3800009584986,-7.18,24.8499994266778));
#6377=CARTESIAN_POINT('',(23.3800009584986,-7.18,7.14249925344484));
#6378=CARTESIAN_POINT('',(23.3800009584986,-7.18,24.3499994266778));
#6379=CARTESIAN_POINT('',(24.3800009584986,-7.18,6.14249925344484));
#6380=CARTESIAN_POINT('Origin',(24.3800009584986,-7.18,7.14249925344484));
#6381=CARTESIAN_POINT('',(24.3800009584986,-7.18,0.14249925344484));
#6382=CARTESIAN_POINT('',(24.3800009584986,-7.18,1.64249925344484));
#6383=CARTESIAN_POINT('',(23.3800009584986,-7.18,-0.85750074655516));
#6384=CARTESIAN_POINT('Origin',(24.3800009584986,-7.18,-0.85750074655516));
#6385=CARTESIAN_POINT('',(23.3800009584986,-7.18,-18.5650009197881));
#6386=CARTESIAN_POINT('',(23.3800009584986,-7.18,-21.0650009197881));
#6387=CARTESIAN_POINT('',(19.3800009584986,-7.18,-22.5650009197881));
#6388=CARTESIAN_POINT('Origin',(19.3800009584986,-7.18,-18.5650009197881));
#6389=CARTESIAN_POINT('',(-14.5300008231308,-7.18,-22.5650009197881));
#6390=CARTESIAN_POINT('',(-0.0749999323161321,-7.18,-22.5650009197881));
#6391=CARTESIAN_POINT('',(-20.5300008231308,-7.18,-16.5650009197881));
#6392=CARTESIAN_POINT('Origin',(-14.5300008231308,-7.18,-16.5650009197881));
#6393=CARTESIAN_POINT('',(-20.5300008231308,-7.18,-0.857500746555162));
#6394=CARTESIAN_POINT('',(-20.5300008231308,-7.18,-6.71125083317165));
#6395=CARTESIAN_POINT('',(-21.5300008231308,-7.18,0.142499253444838));
#6396=CARTESIAN_POINT('Origin',(-21.5300008231308,-7.18,-0.857500746555162));
#6397=CARTESIAN_POINT('',(-21.5300008231308,-7.18,6.14249925344484));
#6398=CARTESIAN_POINT('',(-21.5300008231308,-7.18,4.64249925344484));
#6399=CARTESIAN_POINT('Origin',(-21.5300008231308,-7.18,7.14249925344484));
#6400=CARTESIAN_POINT('',(20.5858877368288,-7.18,20.8499994266778));
#6401=CARTESIAN_POINT('',(20.3800009584986,-7.18,20.8499994266778));
#6402=CARTESIAN_POINT('',(20.3858877368288,-7.18,21.0499994266778));
#6403=CARTESIAN_POINT('Origin',(20.5858877368288,-7.18,21.0499994266778));
#6404=CARTESIAN_POINT('',(20.3858877368288,-7.18,22.8499994266778));
#6405=CARTESIAN_POINT('',(20.3858877368288,-7.18,22.8499994266778));
#6406=CARTESIAN_POINT('',(17.3800009584986,-7.18,25.855886205008));
#6407=CARTESIAN_POINT('Origin',(17.3858935238888,-7.18,22.8558919920681));
#6408=CARTESIAN_POINT('',(15.5800009584986,-7.18,25.855886205008));
#6409=CARTESIAN_POINT('',(17.3800009584986,-7.18,25.855886205008));
#6410=CARTESIAN_POINT('Origin',(15.5800009584986,-7.18,26.055886205008));
#6411=CARTESIAN_POINT('',(-6.51500040038954,-7.18,27.8499994266778));
#6412=CARTESIAN_POINT('',(-2.79999997764826,-7.18,22.8499994266778));
#6413=CARTESIAN_POINT('',(-1.49999997764826,-7.18,22.8499994266778));
#6414=CARTESIAN_POINT('',(-2.99999997764826,-7.18,23.0499994266778));
#6415=CARTESIAN_POINT('Origin',(-2.79999997764826,-7.18,23.0499994266778));
#6416=CARTESIAN_POINT('',(-2.99999997764826,-7.18,29.4834609068717));
#6417=CARTESIAN_POINT('',(-14.5300008231308,-7.18,25.855886205008));
#6418=CARTESIAN_POINT('',(-14.5300008231308,-7.18,25.855886205008));
#6419=CARTESIAN_POINT('Origin',(-14.5358933885211,-7.18,22.8558919920681));
#6420=CARTESIAN_POINT('',(-20.2800008231308,-7.18,20.8499994266778));
#6421=CARTESIAN_POINT('',(-20.5300008231308,-7.18,-1.35750074655516));
#6422=CARTESIAN_POINT('',(-17.535887601461,-7.18,-16.5650009197881));
#6423=CARTESIAN_POINT('',(-17.535887601461,-7.18,-16.5650009197881));
#6424=CARTESIAN_POINT('Origin',(-14.5358933885211,-7.18,-16.5708934851784));
#6425=CARTESIAN_POINT('',(-12.6300008231308,-7.18,-21.0650009197881));
#6426=CARTESIAN_POINT('',(6.00000002235174,-7.18,-20.5650009197881));
#6427=CARTESIAN_POINT('',(17.3800009584986,-7.18,-19.5708876981183));
#6428=CARTESIAN_POINT('',(17.3800009584986,-7.18,-19.5708876981183));
#6429=CARTESIAN_POINT('Origin',(17.3858935238888,-7.18,-16.5708934851784));
#6430=CARTESIAN_POINT('',(21.8800009584986,-7.18,-14.6150009197881));
#6431=CARTESIAN_POINT('Origin',(4.50000002235174,-4.3,22.8499994266778));
#6432=CARTESIAN_POINT('',(-2.79999997764826,-6.1,22.8499994266778));
#6433=CARTESIAN_POINT('',(-0.0374999549821953,-6.1,22.8499994266778));
#6434=CARTESIAN_POINT('',(-2.79999997764826,-4.3,22.8499994266778));
#6435=CARTESIAN_POINT('Origin',(-2.79999997764826,-4.3,23.0499994266778));
#6436=CARTESIAN_POINT('',(-2.99999997764826,-6.1,23.0499994266778));
#6437=CARTESIAN_POINT('Origin',(-2.79999997764826,-6.1,23.0499994266778));
#6438=CARTESIAN_POINT('',(-2.99999997764826,-4.3,23.0499994266778));
#6439=CARTESIAN_POINT('Origin',(20.5858877368288,-5.74,21.0499994266778));
#6440=CARTESIAN_POINT('',(20.5858877368288,-6.1,20.8499994266778));
#6441=CARTESIAN_POINT('',(20.5858877368288,-5.74,20.8499994266778));
#6442=CARTESIAN_POINT('',(20.3858877368288,-6.1,21.0499994266778));
#6443=CARTESIAN_POINT('Origin',(20.5858877368288,-6.1,21.0499994266778));
#6444=CARTESIAN_POINT('',(20.3858877368288,-5.74,21.0499994266778));
#6445=CARTESIAN_POINT('Origin',(20.3800009584986,-4.3,20.8499994266778));
#6446=CARTESIAN_POINT('',(20.3800009584986,-4.,20.8499994266778));
#6447=CARTESIAN_POINT('',(10.9400004904252,-4.,20.8499994266778));
#6448=CARTESIAN_POINT('',(20.3800009584986,-6.1,20.8499994266778));
#6449=CARTESIAN_POINT('',(20.3800009584986,-4.3,20.8499994266778));
#6450=CARTESIAN_POINT('',(10.9025005130912,-6.1,20.8499994266778));
#6451=CARTESIAN_POINT('Origin',(15.5800009584986,-5.2,26.055886205008));
#6452=CARTESIAN_POINT('',(15.5800009584986,-6.1,25.855886205008));
#6453=CARTESIAN_POINT('',(15.5800009584986,-5.2,25.855886205008));
#6454=CARTESIAN_POINT('Origin',(15.5800009584986,-6.1,26.055886205008));
#6455=CARTESIAN_POINT('Origin',(1.50000002235174,-4.,3.00000004470348));
#6456=CARTESIAN_POINT('',(-17.0000002682209,-4.,-24.0000002980232));
#6457=CARTESIAN_POINT('',(-23.0000002682209,-4.,-18.0000002980232));
#6458=CARTESIAN_POINT('Origin',(-17.0000002682209,-4.,-18.0000002980232));
#6459=CARTESIAN_POINT('',(-23.0000002682209,-4.,24.0000003874302));
#6460=CARTESIAN_POINT('',(-23.0000002682209,-4.,-25.0000002980232));
#6461=CARTESIAN_POINT('',(-17.0000002682209,-4.,30.0000003874302));
#6462=CARTESIAN_POINT('Origin',(-17.0000002682209,-4.,24.0000003874302));
#6463=CARTESIAN_POINT('',(-4.80161039143156,-4.,30.0000003874302));
#6464=CARTESIAN_POINT('',(1.3750000204891,-4.,30.0000003874302));
#6465=CARTESIAN_POINT('',(-3.00824500620319,-3.99999999999999,29.9990399956068));
#6466=CARTESIAN_POINT('',(-3.00824500620319,-3.99999999999999,29.9990399956068));
#6467=CARTESIAN_POINT('',(-2.50824498012618,-3.99999999999999,29.9995201915185));
#6468=CARTESIAN_POINT('',(-2.50824498012618,-3.99999999999999,29.9995201915185));
#6469=CARTESIAN_POINT('',(-1.35729392307571,-3.99999999999999,29.9990399956068));
#6470=CARTESIAN_POINT('',(-2.50824498012618,-3.99999999999999,29.9995201915185));
#6471=CARTESIAN_POINT('',(4.85797634417792,-4.,30.0000003874302));
#6472=CARTESIAN_POINT('',(-1.35729392307571,-3.99999999999999,29.9990399956068));
#6473=CARTESIAN_POINT('',(20.0000003129244,-4.,30.0000003874302));
#6474=CARTESIAN_POINT('',(1.3750000204891,-4.,30.0000003874302));
#6475=CARTESIAN_POINT('',(26.0000003129244,-4.,24.0000003874302));
#6476=CARTESIAN_POINT('Origin',(20.0000003129244,-4.,24.0000003874302));
#6477=CARTESIAN_POINT('',(26.0000003129244,-4.,-18.0000002980232));
#6478=CARTESIAN_POINT('',(26.0000003129244,-4.,31.0000003874302));
#6479=CARTESIAN_POINT('',(20.0000003129244,-4.,-24.0000002980232));
#6480=CARTESIAN_POINT('Origin',(20.0000003129244,-4.,-18.0000002980232));
#6481=CARTESIAN_POINT('',(1.4287562224204,-4.,-24.0000002980232));
#6482=CARTESIAN_POINT('',(-14.5300008231308,-4.,-22.5650009197881));
#6483=CARTESIAN_POINT('',(19.3800009584986,-4.,-22.5650009197881));
#6484=CARTESIAN_POINT('',(9.44000049042515,-4.,-22.5650009197881));
#6485=CARTESIAN_POINT('',(23.3800009584986,-4.,-18.5650009197881));
#6486=CARTESIAN_POINT('Origin',(19.3800009584986,-4.,-18.5650009197881));
#6487=CARTESIAN_POINT('',(23.3800009584986,-4.,-0.85750074655516));
#6488=CARTESIAN_POINT('',(23.3800009584986,-4.,-6.78250043754233));
#6489=CARTESIAN_POINT('',(24.3800009584986,-4.,0.142499253444841));
#6490=CARTESIAN_POINT('Origin',(24.3800009584986,-4.,-0.85750074655516));
#6491=CARTESIAN_POINT('',(24.3800009584986,-4.,6.14249925344484));
#6492=CARTESIAN_POINT('',(24.3800009584986,-4.,1.57124964907416));
#6493=CARTESIAN_POINT('',(23.3800009584986,-4.,7.14249925344484));
#6494=CARTESIAN_POINT('Origin',(24.3800009584986,-4.,7.14249925344484));
#6495=CARTESIAN_POINT('',(23.3800009584986,-4.,24.8499994266778));
#6496=CARTESIAN_POINT('',(23.3800009584986,-4.,4.57124964907416));
#6497=CARTESIAN_POINT('',(19.3800009584986,-4.,28.8499994266778));
#6498=CARTESIAN_POINT('Origin',(19.3800009584986,-4.,24.8499994266778));
#6499=CARTESIAN_POINT('',(-16.5300008231308,-4.,28.8499994266778));
#6500=CARTESIAN_POINT('',(-6.51500040038954,-4.,28.8499994266778));
#6501=CARTESIAN_POINT('',(-20.5300008231308,-4.,24.8499994266778));
#6502=CARTESIAN_POINT('Origin',(-16.5300008231308,-4.,24.8499994266778));
#6503=CARTESIAN_POINT('',(-20.5300008231308,-4.,7.14249925344484));
#6504=CARTESIAN_POINT('',(-20.5300008231308,-4.,12.9249997356907));
#6505=CARTESIAN_POINT('',(-21.5300008231308,-4.,6.14249925344484));
#6506=CARTESIAN_POINT('Origin',(-21.5300008231308,-4.,7.14249925344484));
#6507=CARTESIAN_POINT('',(-21.5300008231308,-4.,0.142499253444837));
#6508=CARTESIAN_POINT('',(-21.5300008231308,-4.,4.57124964907416));
#6509=CARTESIAN_POINT('',(-20.5300008231308,-4.,-0.85750074655516));
#6510=CARTESIAN_POINT('Origin',(-21.5300008231308,-4.,-0.857500746555162));
#6511=CARTESIAN_POINT('',(-20.5300008231308,-4.,-16.5650009197881));
#6512=CARTESIAN_POINT('',(-20.5300008231308,-4.,-6.78250043754233));
#6513=CARTESIAN_POINT('Origin',(-14.5300008231308,-4.,-16.5650009197881));
#6514=CARTESIAN_POINT('Origin',(1.50000002235174,-4.,3.00000004470348));
#6515=CARTESIAN_POINT('',(20.3800009584986,-4.,14.3249997356907));
#6516=CARTESIAN_POINT('Origin',(-20.5300008231308,-4.3,20.8499994266778));
#6517=CARTESIAN_POINT('',(-17.5300008231308,-6.1,20.8499994266778));
#6518=CARTESIAN_POINT('',(-9.55250037772348,-6.1,20.8499994266778));
#6519=CARTESIAN_POINT('',(-17.5300008231308,-4.3,20.8499994266778));
#6520=CARTESIAN_POINT('Origin',(20.1800009584986,-4.3,-19.5650009197881));
#6521=CARTESIAN_POINT('',(6.00000002235174,-6.1,-19.5650009197881));
#6522=CARTESIAN_POINT('',(6.00000002235174,-5.74,-19.5650009197881));
#6523=CARTESIAN_POINT('',(10.8025005130912,-6.1,-19.5650009197881));
#6524=CARTESIAN_POINT('Origin',(6.00000002235174,-7.18,-20.5650009197881));
#6525=CARTESIAN_POINT('',(6.00000002235174,-6.1,-18.6637373202065));
#6526=CARTESIAN_POINT('Origin',(-17.3300008231308,-4.3,25.8499994266778));
#6527=CARTESIAN_POINT('',(-2.99999997764826,-6.1,25.8499994266778));
#6528=CARTESIAN_POINT('',(-2.99999997764826,-4.3,25.8499994266778));
#6529=CARTESIAN_POINT('',(-7.95250037772348,-6.1,25.8499994266778));
#6530=CARTESIAN_POINT('Origin',(-17.3300008231308,-4.3,25.8499994266778));
#6531=CARTESIAN_POINT('',(-7.95250037772348,-6.1,25.8499994266778));
#6532=CARTESIAN_POINT('Origin',(-2.99999997764826,-4.3,29.8499994266778));
#6533=CARTESIAN_POINT('',(-2.99999997764826,-6.1,26.4208793202848));
#6534=CARTESIAN_POINT('Origin',(1.42500006768387,-6.1,22.9917592138918));
#6535=CARTESIAN_POINT('',(17.3800009584986,-6.1,25.855886205008));
#6536=CARTESIAN_POINT('',(17.3800009584986,-6.1,25.855886205008));
#6537=CARTESIAN_POINT('',(20.3858877368288,-6.1,22.8499994266778));
#6538=CARTESIAN_POINT('Origin',(17.3858935238888,-6.1,22.8558919920681));
#6539=CARTESIAN_POINT('',(20.3858877368288,-6.1,22.8499994266778));
#6540=CARTESIAN_POINT('',(20.3800009584986,-6.1,20.2335190011058));
#6541=CARTESIAN_POINT('',(20.3800009584986,-6.1,24.3208793202848));
#6542=CARTESIAN_POINT('',(-17.5300008231308,-6.1,20.2335190011058));
#6543=CARTESIAN_POINT('',(10.9025005130912,-6.1,20.2335190011058));
#6544=CARTESIAN_POINT('',(-17.5300008231308,-6.1,1.81337914705182));
#6545=CARTESIAN_POINT('',(-14.5300008231308,-6.1,25.855886205008));
#6546=CARTESIAN_POINT('Origin',(-14.5358933885211,-6.1,22.8558919920681));
#6547=CARTESIAN_POINT('',(-14.5300008231308,-6.1,25.855886205008));
#6548=CARTESIAN_POINT('',(18.4492807421369,-6.1,22.8865731325323));
#6549=CARTESIAN_POINT('Origin',(17.3992807421369,-6.1,22.8865731325323));
#6550=CARTESIAN_POINT('',(-13.5007192578631,-6.1,22.8865731325318));
#6551=CARTESIAN_POINT('Origin',(-14.5507192578631,-6.1,22.8865731325318));
#6552=CARTESIAN_POINT('Origin',(-14.5300008231308,-4.3,27.8499994266778));
#6553=CARTESIAN_POINT('Origin',(1.42500006768387,-6.1,-16.7624737206249));
#6554=CARTESIAN_POINT('',(-12.6300008231308,-6.1,-19.5650009197881));
#6555=CARTESIAN_POINT('',(-6.55250037772348,-6.1,-19.5650009197881));
#6556=CARTESIAN_POINT('',(-12.6300008231308,-6.1,-19.6637373202065));
#6557=CARTESIAN_POINT('',(-17.535887601461,-6.1,-16.5650009197881));
#6558=CARTESIAN_POINT('Origin',(-14.5358933885211,-6.1,-16.5708934851784));
#6559=CARTESIAN_POINT('',(-17.535887601461,-6.1,-16.5650009197881));
#6560=CARTESIAN_POINT('',(-17.5300008231308,-6.1,-14.0599465214616));
#6561=CARTESIAN_POINT('',(-17.5300008231308,-6.1,-18.0637373202065));
#6562=CARTESIAN_POINT('',(20.3800009584986,-6.1,-14.0599465214616));
#6563=CARTESIAN_POINT('',(-8.05250037772348,-6.1,-14.0599465214616));
#6564=CARTESIAN_POINT('',(20.3800009584986,-6.1,-14.6150009197881));
#6565=CARTESIAN_POINT('',(20.3800009584986,-6.1,-16.6637373202065));
#6566=CARTESIAN_POINT('',(12.4025005130912,-6.1,-14.6150009197881));
#6567=CARTESIAN_POINT('',(17.3800009584986,-6.1,-19.5708876981183));
#6568=CARTESIAN_POINT('Origin',(17.3858935238888,-6.1,-16.5708934851784));
#6569=CARTESIAN_POINT('',(17.3800009584986,-6.1,-19.5708876981183));
#6570=CARTESIAN_POINT('',(18.4492807421375,-6.1,-16.6134268674678));
#6571=CARTESIAN_POINT('Origin',(17.3992807421374,-6.1,-16.6134268674678));
#6572=CARTESIAN_POINT('Origin',(20.3858877368288,-7.18,22.8499994266778));
#6573=CARTESIAN_POINT('',(20.3858877368288,-5.95,22.8499994266778));
#6574=CARTESIAN_POINT('Origin',(20.3800009584986,-4.3,25.6499994266778));
#6575=CARTESIAN_POINT('',(20.3800009584986,-4.3,-14.6150009197881));
#6576=CARTESIAN_POINT('',(20.3800009584986,-7.5,-14.0599465214616));
#6577=CARTESIAN_POINT('',(20.3800009584986,-5.95,-14.0599465214616));
#6578=CARTESIAN_POINT('',(20.3800009584986,-7.5,20.2335190011058));
#6579=CARTESIAN_POINT('',(20.3800009584986,-7.5,-13.9599465214616));
#6580=CARTESIAN_POINT('',(20.3800009584986,-5.95,20.2335190011058));
#6581=CARTESIAN_POINT('',(20.3800009584986,-5.8,12.8962493400613));
#6582=CARTESIAN_POINT('Origin',(17.3800009584986,-6.1,25.855886205008));
#6583=CARTESIAN_POINT('',(17.3800009584986,-5.95,25.855886205008));
#6584=CARTESIAN_POINT('Origin',(20.6300009584986,-5.8,3.14249925344484));
#6585=CARTESIAN_POINT('Origin',(-21.5300008231308,-4.3,-1.35750074655516));
#6586=CARTESIAN_POINT('',(-17.5300008231308,-5.8,-1.35750074655516));
#6587=CARTESIAN_POINT('',(-19.6470982218057,-5.8,-1.35750074655516));
#6588=CARTESIAN_POINT('',(-17.5300008231308,-4.3,-1.35750074655516));
#6589=CARTESIAN_POINT('Origin',(-17.7641956204806,-5.8,3.14249925344484));
#6590=CARTESIAN_POINT('',(-17.5300008231308,-5.8,7.14249925344484));
#6591=CARTESIAN_POINT('',(-17.5300008231308,-5.8,-6.61125083317165));
#6592=CARTESIAN_POINT('',(-17.5288895112884,-5.8,7.14249925344484));
#6593=CARTESIAN_POINT('',(-17.9038895112884,-5.8,7.14249925344484));
#6594=CARTESIAN_POINT('',(-17.5288895112884,-5.8,0.163553700076641));
#6595=CARTESIAN_POINT('',(-17.5288895112884,-5.8,3.14249925344484));
#6596=CARTESIAN_POINT('',(-17.5300008231308,-5.8,0.142499253444839));
#6597=CARTESIAN_POINT('Origin',(-17.7288895112884,-5.8,0.163553700076641));
#6598=CARTESIAN_POINT('',(-17.5300008231308,-5.8,-9.61125083317165));
#6599=CARTESIAN_POINT('Origin',(17.3800009584986,-7.18,-19.5708876981183));
#6600=CARTESIAN_POINT('',(17.3800009584986,-5.95,-19.5708876981183));
#6601=CARTESIAN_POINT('Origin',(23.3800009584986,-4.3,-14.6150009197881));
#6602=CARTESIAN_POINT('Origin',(-12.6300008231308,-4.3,-22.5650009197881));
#6603=CARTESIAN_POINT('',(-12.6300008231308,-4.3,-19.5650009197881));
#6604=CARTESIAN_POINT('Origin',(-17.535887601461,-7.18,-16.5650009197881));
#6605=CARTESIAN_POINT('',(-17.535887601461,-5.95,-16.5650009197881));
#6606=CARTESIAN_POINT('Origin',(-17.5300008231308,-4.3,-19.3650009197881));
#6607=CARTESIAN_POINT('',(-17.5300008231308,-7.48,0.142499253444839));
#6608=CARTESIAN_POINT('',(-17.5300008231308,-4.3,0.142499253444839));
#6609=CARTESIAN_POINT('',(-17.5300008231308,-7.48,7.14249925344484));
#6610=CARTESIAN_POINT('',(-17.5300008231308,-7.48,-9.61125083317165));
#6611=CARTESIAN_POINT('',(-17.5300008231308,-5.095,7.14249925344484));
#6612=CARTESIAN_POINT('',(-17.5300008231308,-7.6,20.2335190011058));
#6613=CARTESIAN_POINT('',(-17.5300008231308,-5.95,-14.0599465214616));
#6614=CARTESIAN_POINT('Origin',(-14.5300008231308,-7.18,25.855886205008));
#6615=CARTESIAN_POINT('',(-14.5300008231308,-5.95,25.855886205008));
#6616=CARTESIAN_POINT('Origin',(-17.5288895112884,-7.48,0.142499253444841));
#6617=CARTESIAN_POINT('',(-17.5288895112884,-7.48,7.14249925344484));
#6618=CARTESIAN_POINT('',(-17.5288895112884,-7.48,7.14249925344484));
#6619=CARTESIAN_POINT('',(-17.5288895112884,-7.48,0.163553700076641));
#6620=CARTESIAN_POINT('',(-17.5288895112884,-7.48,0.142499253444841));
#6621=CARTESIAN_POINT('',(-17.5288895112884,-4.3,0.163553700076641));
#6622=CARTESIAN_POINT('Origin',(-17.7788895112884,-5.89,7.14249925344484));
#6623=CARTESIAN_POINT('',(-18.0288895112884,-7.48,7.14249925344484));
#6624=CARTESIAN_POINT('Origin',(-17.7288895112884,-4.3,0.163553700076641));
#6625=CARTESIAN_POINT('Origin',(-17.7288895112884,-7.48,0.163553700076641));
#6626=CARTESIAN_POINT('Origin',(-14.5300008231308,-4.3,-16.5650009197881));
#6627=CARTESIAN_POINT('',(-14.5300008231308,-4.3,-22.5650009197881));
#6628=CARTESIAN_POINT('',(-20.5300008231308,-4.3,-16.5650009197881));
#6629=CARTESIAN_POINT('Origin',(17.3800009584986,-4.3,-22.5650009197881));
#6630=CARTESIAN_POINT('',(19.3800009584986,-4.3,-22.5650009197881));
#6631=CARTESIAN_POINT('Origin',(-14.5358933885211,-5.95,-16.5708934851784));
#6632=CARTESIAN_POINT('Origin',(-20.5300008231308,-4.3,-16.5650009197881));
#6633=CARTESIAN_POINT('',(-20.5300008231308,-4.3,-0.857500746555162));
#6634=CARTESIAN_POINT('Origin',(-21.5300008231308,-4.3,6.14249925344484));
#6635=CARTESIAN_POINT('',(-21.5300008231308,-4.3,0.142499253444838));
#6636=CARTESIAN_POINT('',(-21.5300008231308,-4.3,6.14249925344484));
#6637=CARTESIAN_POINT('Origin',(-21.5300008231308,-4.3,-0.857500746555162));
#6638=CARTESIAN_POINT('Origin',(-20.5300008231308,-4.3,28.8499994266778));
#6639=CARTESIAN_POINT('',(-20.5300008231308,-4.3,7.14249925344484));
#6640=CARTESIAN_POINT('',(-20.5300008231308,-4.3,24.8499994266778));
#6641=CARTESIAN_POINT('Origin',(-21.5300008231308,-4.3,7.14249925344484));
#6642=CARTESIAN_POINT('Origin',(23.3800009584986,-4.3,28.8499994266778));
#6643=CARTESIAN_POINT('',(-16.5300008231308,-4.3,28.8499994266778));
#6644=CARTESIAN_POINT('',(19.3800009584986,-4.3,28.8499994266778));
#6645=CARTESIAN_POINT('Origin',(1.50000002235174,-8.,3.00000004470348));
#6646=CARTESIAN_POINT('Origin',(-14.5358933885211,-5.95,22.8558919920681));
#6647=CARTESIAN_POINT('Origin',(17.3858935238888,-5.95,22.8558919920681));
#6648=CARTESIAN_POINT('Origin',(24.3800009584986,-4.3,7.14249925344484));
#6649=CARTESIAN_POINT('',(23.3800009584986,-4.3,7.14249925344484));
#6650=CARTESIAN_POINT('',(24.3800009584986,-4.3,6.14249925344484));
#6651=CARTESIAN_POINT('Origin',(23.3800009584986,-4.3,22.8499994266778));
#6652=CARTESIAN_POINT('',(23.3800009584986,-4.3,24.8499994266778));
#6653=CARTESIAN_POINT('Origin',(19.3800009584986,-4.3,-18.5650009197881));
#6654=CARTESIAN_POINT('',(23.3800009584986,-4.3,-18.5650009197881));
#6655=CARTESIAN_POINT('Origin',(23.3800009584986,-4.3,-22.5650009197881));
#6656=CARTESIAN_POINT('',(23.3800009584986,-4.3,-0.85750074655516));
#6657=CARTESIAN_POINT('Origin',(24.3800009584986,-4.3,-0.85750074655516));
#6658=CARTESIAN_POINT('',(24.3800009584986,-5.89,0.142499253444841));
#6659=CARTESIAN_POINT('Origin',(24.3800009584986,-4.3,0.142499253444841));
#6660=CARTESIAN_POINT('Origin',(-17.0000002682209,-7.2,24.0000003874302));
#6661=CARTESIAN_POINT('',(-17.0000002682209,-7.2,30.0000003874302));
#6662=CARTESIAN_POINT('',(-23.0000002682209,-7.2,24.0000003874302));
#6663=CARTESIAN_POINT('Origin',(-17.0000002682209,-7.2,24.0000003874302));
#6664=CARTESIAN_POINT('Origin',(-22.2000002682209,-7.2,24.0000003874302));
#6665=CARTESIAN_POINT('Origin',(-17.0000002682209,-7.2,29.2000003874302));
#6666=CARTESIAN_POINT('Origin',(20.0000003129244,-2.15,24.0000003874302));
#6667=CARTESIAN_POINT('',(26.0000003129244,-7.2,24.0000003874302));
#6668=CARTESIAN_POINT('',(20.0000003129244,-7.2,30.0000003874302));
#6669=CARTESIAN_POINT('Origin',(20.0000003129244,-7.2,24.0000003874302));
#6670=CARTESIAN_POINT('',(26.0000003129244,-7.8,24.0000003874302));
#6671=CARTESIAN_POINT('',(20.0000003129244,-7.8,30.0000003874302));
#6672=CARTESIAN_POINT('Origin',(20.0000003129244,-7.2,24.0000003874302));
#6673=CARTESIAN_POINT('Origin',(25.2000003129244,-7.2,24.0000003874302));
#6674=CARTESIAN_POINT('Origin',(20.0000003129244,-7.2,29.2000003874302));
#6675=CARTESIAN_POINT('Origin',(1.3750000204891,-7.2,29.2000003874302));
#6676=CARTESIAN_POINT('',(1.3750000204891,-7.2,30.0000003874302));
#6677=CARTESIAN_POINT('Origin',(1.25000001862645,0.,30.0000003874302));
#6678=CARTESIAN_POINT('',(4.85797634417792,-4.3,30.0000003874302));
#6679=CARTESIAN_POINT('',(4.85797634417792,-4.3,30.0000003874302));
#6680=CARTESIAN_POINT('',(3.1753404955268,-4.8809593405252,30.0000003874302));
#6681=CARTESIAN_POINT('Origin',(3.17404029725768,-2.15,30.0000003874302));
#6682=CARTESIAN_POINT('',(-3.11548030332035,-4.88682117769367,30.0000003874302));
#6683=CARTESIAN_POINT('',(2.21494514944435,-4.88185424459513,30.0000003874302));
#6684=CARTESIAN_POINT('',(-4.80161039143156,-4.3,30.0000003874302));
#6685=CARTESIAN_POINT('Origin',(-3.10816903006128,-2.14999997357765,30.0000003874302));
#6686=CARTESIAN_POINT('',(-4.80161039143156,-4.3,30.0000003874302));
#6687=CARTESIAN_POINT('',(-17.0000002682209,-7.8,30.0000003874302));
#6688=CARTESIAN_POINT('Origin',(-17.0000002682209,-2.15,24.0000003874302));
#6689=CARTESIAN_POINT('',(-23.0000002682209,-7.6,24.0000003874302));
#6690=CARTESIAN_POINT('Origin',(3.1753404955268,-4.8809593405252,31.0000003874302));
#6691=CARTESIAN_POINT('',(-1.35729392307571,-4.88518288555305,29.9990399956068));
#6692=CARTESIAN_POINT('',(4.01700564108894,-4.88017507020636,29.9998704395193));
#6693=CARTESIAN_POINT('',(-2.50824498012618,-4.88625535095955,29.9995201915185));
#6694=CARTESIAN_POINT('',(0.909086722053806,-4.88307105392911,29.9980944239306));
#6695=CARTESIAN_POINT('',(-3.00824500620319,-4.88672125498557,29.9990399956068));
#6696=CARTESIAN_POINT('',(0.334298700410223,-4.88360664600795,30.0022501470845));
#6697=CARTESIAN_POINT('',(-3.11548030332035,-4.88682117769367,29.9990974227789));
#6698=CARTESIAN_POINT('',(0.0835521941432995,-4.88384029360932,29.9973842612118));
#6699=CARTESIAN_POINT('',(-3.11548030332035,-4.88682117769367,31.0000003874302));
#6700=CARTESIAN_POINT('Origin',(17.3992807421369,-6.6,22.8865731325323));
#6701=CARTESIAN_POINT('',(15.4992807421369,-6.6,22.8865731325323));
#6702=CARTESIAN_POINT('Origin',(17.3992807421369,-6.6,22.8865731325323));
#6703=CARTESIAN_POINT('',(18.4492807421369,-6.6,22.8865731325323));
#6704=CARTESIAN_POINT('Origin',(17.3992807421369,-6.6,22.8865731325323));
#6705=CARTESIAN_POINT('Origin',(-14.5507192578631,-6.6,22.8865731325318));
#6706=CARTESIAN_POINT('',(-16.4507192578631,-6.6,22.8865731325318));
#6707=CARTESIAN_POINT('Origin',(-14.5507192578631,-6.6,22.8865731325318));
#6708=CARTESIAN_POINT('',(-13.5007192578631,-6.6,22.8865731325318));
#6709=CARTESIAN_POINT('Origin',(-14.5507192578631,-6.6,22.8865731325318));
#6710=CARTESIAN_POINT('Origin',(-14.5507192578626,-6.6,-16.6134268674682));
#6711=CARTESIAN_POINT('',(-16.4507192578626,-6.6,-16.6134268674682));
#6712=CARTESIAN_POINT('Origin',(-14.5507192578626,-6.6,-16.6134268674682));
#6713=CARTESIAN_POINT('Origin',(17.3992807421374,-6.6,-16.6134268674678));
#6714=CARTESIAN_POINT('',(15.4992807421374,-6.6,-16.6134268674678));
#6715=CARTESIAN_POINT('Origin',(17.3992807421374,-6.6,-16.6134268674678));
#6716=CARTESIAN_POINT('',(18.4492807421375,-6.6,-16.6134268674678));
#6717=CARTESIAN_POINT('Origin',(17.3992807421374,-6.6,-16.6134268674678));
#6718=CARTESIAN_POINT('Origin',(-14.5507192578631,-7.6,22.8865731325318));
#6719=CARTESIAN_POINT('',(-16.4507192578631,-7.6,22.8865731325318));
#6720=CARTESIAN_POINT('Origin',(-14.5507192578626,-7.6,-16.6134268674682));
#6721=CARTESIAN_POINT('',(-16.4507192578626,-7.6,-16.6134268674682));
#6722=CARTESIAN_POINT('Origin',(17.3992807421369,-7.6,22.8865731325323));
#6723=CARTESIAN_POINT('',(15.4992807421369,-7.6,22.8865731325323));
#6724=CARTESIAN_POINT('Origin',(17.3992807421374,-7.6,-16.6134268674678));
#6725=CARTESIAN_POINT('',(15.4992807421374,-7.6,-16.6134268674678));
#6726=CARTESIAN_POINT('Origin',(17.9668132541314,-7.6,-13.9599465214616));
#6727=CARTESIAN_POINT('',(17.9668132541314,-7.5,20.2335190011058));
#6728=CARTESIAN_POINT('',(17.9668132541314,-7.6,20.2335190011058));
#6729=CARTESIAN_POINT('',(17.9668132541314,-7.5,-14.0599465214616));
#6730=CARTESIAN_POINT('',(17.9668132541314,-7.5,-5.43658014081974));
#6731=CARTESIAN_POINT('',(17.9668132541314,-7.6,-14.0599465214616));
#6732=CARTESIAN_POINT('Origin',(16.873407106315,-7.5,3.08678623982209));
#6733=CARTESIAN_POINT('',(18.6267040324068,-7.5,20.2335190011058));
#6734=CARTESIAN_POINT('',(-0.328296858407921,-7.5,-14.0599465214616));
#6735=CARTESIAN_POINT('Origin',(17.3992807421369,-4.315,22.8865731325323));
#6736=CARTESIAN_POINT('',(18.4492807421369,-4.315,22.8865731325323));
#6737=CARTESIAN_POINT('Origin',(-14.5507192578631,-4.315,22.8865731325318));
#6738=CARTESIAN_POINT('',(-13.5007192578631,-4.315,22.8865731325318));
#6739=CARTESIAN_POINT('Origin',(17.3992807421374,-4.315,-16.6134268674678));
#6740=CARTESIAN_POINT('',(18.4492807421375,-4.315,-16.6134268674678));
#6741=CARTESIAN_POINT('Origin',(20.1800009584986,-4.3,-19.5650009197881));
#6742=CARTESIAN_POINT('Origin',(-22.2000002682209,-7.2,17.0000002160668));
#6743=CARTESIAN_POINT('',(-23.0000002682209,-7.2,-18.0000002980232));
#6744=CARTESIAN_POINT('Origin',(-22.2000002682209,-7.2,-18.0000002980232));
#6745=CARTESIAN_POINT('',(-23.0000002682209,-7.2,17.0000002160668));
#6746=CARTESIAN_POINT('Origin',(17.3858935238888,-5.95,-16.5708934851784));
#6747=CARTESIAN_POINT('Origin',(-17.5300008231308,-7.6,-14.0599465214616));
#6748=CARTESIAN_POINT('Origin',(20.3800009584986,-7.6,20.2335190011058));
#6749=CARTESIAN_POINT('Origin',(-18.0288895112884,-7.48,0.142499253444841));
#6750=CARTESIAN_POINT('Origin',(1.4287562224204,-7.2,-23.2000002980232));
#6751=CARTESIAN_POINT('',(-17.0000002682209,-7.2,-24.0000002980232));
#6752=CARTESIAN_POINT('Origin',(-17.0000002682209,-7.2,-23.2000002980232));
#6753=CARTESIAN_POINT('',(20.0000003129244,-7.2,-24.0000002980232));
#6754=CARTESIAN_POINT('',(1.4287562224204,-7.2,-24.0000002980232));
#6755=CARTESIAN_POINT('Origin',(20.0000003129244,-7.2,-23.2000002980232));
#6756=CARTESIAN_POINT('Origin',(20.0000003129244,-7.2,-18.0000002980232));
#6757=CARTESIAN_POINT('',(26.0000003129244,-7.2,-18.0000002980232));
#6758=CARTESIAN_POINT('Origin',(20.0000003129244,-7.2,-18.0000002980232));
#6759=CARTESIAN_POINT('Origin',(25.2000003129244,-7.2,-18.0000002980232));
#6760=CARTESIAN_POINT('Origin',(25.2000003129244,-7.2,-11.0000001266599));
#6761=CARTESIAN_POINT('',(26.0000003129244,-7.2,-11.0000001266599));
#6762=CARTESIAN_POINT('Origin',(-3.10816903006128,-2.14999997357765,31.0000003874302));
#6763=CARTESIAN_POINT('Origin',(-3.10816903006128,-2.14999997357765,29.99909350741));
#6764=CARTESIAN_POINT('Origin',(-17.0000002682209,-7.2,-18.0000002980232));
#6765=CARTESIAN_POINT('Origin',(-17.0000002682209,-7.2,-18.0000002980232));
#6766=CARTESIAN_POINT('Origin',(1.35751242248907,-0.25000000372529,-24.0000002980232));
#6767=CARTESIAN_POINT('',(-17.0000002682209,-7.8,-24.0000002980232));
#6768=CARTESIAN_POINT('',(20.0000003129244,-7.8,-24.0000002980232));
#6769=CARTESIAN_POINT('Origin',(20.0000003129244,-2.27500000186264,-18.0000002980232));
#6770=CARTESIAN_POINT('',(26.0000003129244,-7.8,-18.0000002980232));
#6771=CARTESIAN_POINT('Origin',(26.0000003129244,-4.3,-25.0000002980232));
#6772=CARTESIAN_POINT('Origin',(4.85797634417792,-4.29999999999999,30.0000003874303));
#6773=CARTESIAN_POINT('',(-1.35729392307571,-4.29999999999999,29.9990399956068));
#6774=CARTESIAN_POINT('Origin',(-1.35729392307571,-4.29999999999999,29.9990399956067));
#6775=CARTESIAN_POINT('',(-2.50824498012618,-4.29999999999999,29.9995201915185));
#6776=CARTESIAN_POINT('Origin',(-2.50824498012618,-4.29999999999999,29.9995201915185));
#6777=CARTESIAN_POINT('',(-3.00824500620319,-4.29999999999999,29.9990399956068));
#6778=CARTESIAN_POINT('Origin',(-3.00824500620319,-4.29999999999999,29.9990399956068));
#6779=CARTESIAN_POINT('Origin',(-23.0000002682209,-4.3,31.0000003874302));
#6780=CARTESIAN_POINT('',(-23.0000002682209,-7.6,-18.0000002980232));
#6781=CARTESIAN_POINT('Origin',(-17.0000002682209,-2.27500000186264,-18.0000002980232));
#6782=CARTESIAN_POINT('Origin',(-16.5300008231308,-4.3,24.8499994266778));
#6783=CARTESIAN_POINT('Origin',(19.3800009584986,-4.3,24.8499994266778));
#6784=CARTESIAN_POINT('',(-64.2464047907761,-0.687625766232023,-85.4886083273912));
#6785=CARTESIAN_POINT('Origin',(0.,0.,0.));
#6786=UNCERTAINTY_MEASURE_WITH_UNIT(LENGTH_MEASURE(0.01),#6792,
'DISTANCE_ACCURACY_VALUE',
'Maximum model space distance between geometric entities at asserted c
onnectivities');
#6787=UNCERTAINTY_MEASURE_WITH_UNIT(LENGTH_MEASURE(0.01),#6792,
'DISTANCE_ACCURACY_VALUE',
'Maximum model space distance between geometric entities at asserted c
onnectivities');
#6788=UNCERTAINTY_MEASURE_WITH_UNIT(LENGTH_MEASURE(0.01),#6792,
'DISTANCE_ACCURACY_VALUE',
'Maximum model space distance between geometric entities at asserted c
onnectivities');
#6789=(
GEOMETRIC_REPRESENTATION_CONTEXT(3)
GLOBAL_UNCERTAINTY_ASSIGNED_CONTEXT((#6786))
GLOBAL_UNIT_ASSIGNED_CONTEXT((#6792,#6794,#6795))
REPRESENTATION_CONTEXT('','3D')
);
#6790=(
GEOMETRIC_REPRESENTATION_CONTEXT(3)
GLOBAL_UNCERTAINTY_ASSIGNED_CONTEXT((#6787))
GLOBAL_UNIT_ASSIGNED_CONTEXT((#6792,#6794,#6795))
REPRESENTATION_CONTEXT('','3D')
);
#6791=(
GEOMETRIC_REPRESENTATION_CONTEXT(3)
GLOBAL_UNCERTAINTY_ASSIGNED_CONTEXT((#6788))
GLOBAL_UNIT_ASSIGNED_CONTEXT((#6792,#6794,#6795))
REPRESENTATION_CONTEXT('','3D')
);
#6792=(
LENGTH_UNIT()
NAMED_UNIT(*)
SI_UNIT(.MILLI.,.METRE.)
);
#6793=(
LENGTH_UNIT()
NAMED_UNIT(*)
SI_UNIT($,.METRE.)
);
#6794=(
NAMED_UNIT(*)
PLANE_ANGLE_UNIT()
SI_UNIT($,.RADIAN.)
);
#6795=(
NAMED_UNIT(*)
SI_UNIT($,.STERADIAN.)
SOLID_ANGLE_UNIT()
);
#6796=SHAPE_DEFINITION_REPRESENTATION(#6798,#6801);
#6797=SHAPE_DEFINITION_REPRESENTATION(#6799,#6802);
#6798=PRODUCT_DEFINITION_SHAPE('',$,#6804);
#6799=PRODUCT_DEFINITION_SHAPE('',$,#6805);
#6800=PRODUCT_DEFINITION_SHAPE($,$,#17);
#6801=SHAPE_REPRESENTATION('',(#4041,#4375),#6789);
#6802=SHAPE_REPRESENTATION('',(#4042),#6790);
#6803=PRODUCT_DEFINITION_CONTEXT('part definition',#6811,'design');
#6804=PRODUCT_DEFINITION('2025-09-09-16-37-31-994','esp_2.0',#6806,#6803);
#6805=PRODUCT_DEFINITION('2025-09-09-16-37-34-941','Component1',#6807,#6803);
#6806=PRODUCT_DEFINITION_FORMATION('',$,#6813);
#6807=PRODUCT_DEFINITION_FORMATION('',$,#6814);
#6808=PRODUCT_RELATED_PRODUCT_CATEGORY('esp_2.0','esp_2.0',(#6813));
#6809=PRODUCT_RELATED_PRODUCT_CATEGORY('Component1','Component1',(#6814));
#6810=APPLICATION_PROTOCOL_DEFINITION('international standard',
'automotive_design',2009,#6811);
#6811=APPLICATION_CONTEXT(
'Core Data for Automotive Mechanical Design Process');
#6812=PRODUCT_CONTEXT('part definition',#6811,'mechanical');
#6813=PRODUCT('2025-09-09-16-37-31-994','esp_2.0',$,(#6812));
#6814=PRODUCT('2025-09-09-16-37-34-941','Component1',$,(#6812));
#6815=PRESENTATION_STYLE_ASSIGNMENT((#6818));
#6816=PRESENTATION_STYLE_ASSIGNMENT((#6819));
#6817=PRESENTATION_STYLE_ASSIGNMENT((NULL_STYLE(.NULL.)));
#6818=SURFACE_STYLE_USAGE(.BOTH.,#6820);
#6819=SURFACE_STYLE_USAGE(.BOTH.,#6821);
#6820=SURFACE_SIDE_STYLE('',(#6822));
#6821=SURFACE_SIDE_STYLE('',(#6823));
#6822=SURFACE_STYLE_FILL_AREA(#6824);
#6823=SURFACE_STYLE_FILL_AREA(#6825);
#6824=FILL_AREA_STYLE('Steel - Satin',(#6826));
#6825=FILL_AREA_STYLE('Copper - Polished',(#6827));
#6826=FILL_AREA_STYLE_COLOUR('Steel - Satin',#6828);
#6827=FILL_AREA_STYLE_COLOUR('Copper - Polished',#6829);
#6828=COLOUR_RGB('Steel - Satin',0.627450980392157,0.627450980392157,0.627450980392157);
#6829=COLOUR_RGB('Copper - Polished',0.529411764705882,0.380392156862745,
0.290196078431373);
ENDSEC;
END-ISO-10303-21;
